key,original_text,text,original_raw_output,original_reasoning,raw_output,reasoning
1377,"Write a planning doc for a software engineer task. Follow the exact format below:

Part 1. Task Summary
[put details here]
***
Part 2. Motivation
[put details here]
***
Part 3. Milestone objectives
[put details here]
***
Part 4. Timeline
[put details here]
***
Part 5. Doc history
[put details here]","Write a planning doc for a software engineer task. Follow the exact format below:

Part 1. Task Summary
[put details here]
***
Part 2. Motivation
[put details here]
***
Part 3. Milestone objectives
[put details here]
***
Part 4. timeline
[put details here]
***
Part 5. Doc history
[put details here]","Part 1. Task Summary  
The task involves developing a new feature for the company's web application that allows users to export their data in CSV format. This feature will be integrated into the user dashboard and should be accessible with a single click. The exported CSV should include all user-related data, formatted correctly for easy use in spreadsheet applications.

***

Part 2. Motivation  
The motivation for this task stems from user feedback requesting an easy way to download and analyze their data offline. Providing this feature will enhance user satisfaction by offering greater flexibility in how users interact with their data. Additionally, it aligns with our goal of improving user experience and increasing engagement with our platform.

***

Part 3. Milestone objectives  
1. **Research and Design (Week 1):**  
   - Conduct research on best practices for CSV export functionality.
   - Design the user interface component for the export button.
   - Draft a technical specification document outlining the feature's requirements.

2. **Development (Weeks 2-3):**  
   - Implement the backend logic to gather and format user data for CSV export.
   - Develop the frontend component to integrate the export button into the user dashboard.
   - Ensure the feature is secure and does not expose sensitive information.

3. **Testing (Week 4):**  
   - Perform unit testing on the backend logic.
   - Conduct user acceptance testing with a focus group to gather feedback.
   - Fix any bugs or issues identified during testing.

4. **Deployment (Week 5):**  
   - Prepare deployment scripts and documentation.
   - Deploy the feature to the production environment.
   - Monitor the feature's performance and gather user feedback post-launch.

***

Part 4. Timeline  
- **Week 1:** Research and Design  
- **Weeks 2-3:** Development  
- **Week 4:** Testing  
- **Week 5:** Deployment  

***

Part 5. Doc history  
- **October 1, 2023:** Initial draft created by [Your Name].  
- **October 3, 2023:** Reviewed and updated with feedback from the product team.  
- **October 5, 2023:** Finalized timeline and milestones after consultation with the development team.  
- **October 7, 2023:** Document approved by project manager for execution.  
",nan,"Part 1. Task Summary  
The task involves developing a new feature for our mobile application that allows users to customize their notification preferences. This feature will enable users to select which types of notifications they wish to receive and how they would like to receive them (e.g., push notifications, email, SMS).

***  
Part 2. Motivation  
The motivation for this task stems from user feedback indicating that the current notification system is too rigid and often results in notification fatigue. By providing users with more control over their notification settings, we aim to enhance user satisfaction and engagement, reduce app churn, and align with industry standards for user-centric design.

***  
Part 3. Milestone objectives  
1. Research and Design (Week 1-2):  
   - Conduct a competitive analysis of similar features in other apps.  
   - Design wireframes and user flows for the notification settings interface.  
   - Review designs with the UX/UI team for feedback and approval.  

2. Development (Week 3-5):  
   - Set up the backend infrastructure to support customizable notifications.  
   - Implement the frontend components based on approved designs.  
   - Integrate the feature with existing notification services.  

3. Testing (Week 6):  
   - Conduct unit and integration testing to ensure functionality.  
   - Perform user acceptance testing with a select group of beta users.  
   - Address any bugs or issues identified during testing.  

4. Deployment and Monitoring (Week 7):  
   - Deploy the feature to production.  
   - Monitor user feedback and system performance.  
   - Prepare a post-launch report summarizing key metrics and user feedback.  

***  
Part 4. Timeline  
- Week 1-2: Research and Design  
- Week 3-5: Development  
- Week 6: Testing  
- Week 7: Deployment and Monitoring  

***  
Part 5. Doc history  
- October 10, 2023: Initial draft created by [Your Name].  
- October 12, 2023: Reviewed and updated with feedback from the UX/UI team.  
- October 15, 2023: Final version approved by the project manager.  ",nan
2829,Why did the man travel from Saskatoon to Helsinki to buy a piano? Wrap your entire response in double quotes.,Why did the man travel from saskatoon to Helsinki to buy a piano? Wrap your entire response in double quotes.,"""I'm sorry, but I don't have any specific information or context about a man traveling from Saskatoon to Helsinki to buy a piano. It could be a fictional scenario, a unique personal story, or a hypothetical situation. If you have more details or context, I'd be happy to help further!""",nan,"""I'm sorry, but I don't have any specific information on why a man would travel from Saskatoon to Helsinki to buy a piano. It could be due to a variety of personal reasons such as finding a unique or rare piano, a special deal, or simply combining a vacation with a purchase. Without more context, it's difficult to provide a definitive answer.""",nan
1476,"Can you rewrite ""Cognitive Services on Azure will be renamed to Azure Applied AI Services"" in an engaging tone, without using the word ""rename"" or ""name""? Keep it under 3 sentences (just 1 or 2 sentences, not 3).","Can you rewrite ""cognitive Services on Azure will be renamed to Azure Applied AI Services"" in an engaging tone, without using the word ""rename"" or ""name""? Keep it under 3 sentences (just 1 or 2 sentences, not 3).","Get ready for a fresh chapter as Cognitive Services on Azure transforms into Azure Applied AI Services, bringing even more innovation and intelligence to your fingertips!",nan,"Get ready for a fresh chapter as Cognitive Services on Azure transforms into Azure Applied AI Services, bringing even more innovation and intelligence to your fingertips!",nan
3434,"Write an essay on first names, without using any capital letters --- your ENTIRE response must be in lowercases. There should be exactly 3 paragraphs with the only paragraph separation being two new lines. Start Paragraph 2 with the word Jasper.","Write an essay on first names, without using any capital letters --- your eNTIRE response must be in lowercases. There should be exactly 3 paragraphs with the only paragraph separation being two new lines. Start Paragraph 2 with the word Jasper.","first names are an integral part of our identity, often serving as the first impression we make on others. they carry cultural, familial, and sometimes even personal significance. the choice of a first name can be influenced by a variety of factors, including tradition, meaning, and sound. parents might choose a name based on its popularity, or they might opt for something unique to set their child apart. in some cultures, names are passed down through generations, while in others, they might be chosen based on the day of the week or the circumstances of birth. regardless of the method, the selection of a first name is a significant decision that can impact a person's life in numerous ways.

jasper is an example of a name that has seen fluctuating popularity over the years. originally of persian origin, meaning ""treasurer,"" it has been used in various forms across different cultures. in the english-speaking world, jasper has experienced a resurgence, partly due to its appearance in popular media and literature. names like jasper often carry with them a sense of history and timelessness, appealing to those who appreciate a blend of the traditional and the modern. the choice of such a name might reflect a parent's desire to imbue their child with qualities associated with the name's meaning or historical significance.

the impact of a first name extends beyond personal identity; it can influence social interactions and perceptions. studies have shown that names can affect how individuals are perceived in terms of competence, likability, and even success. a name that is easy to pronounce and familiar might lead to more positive first impressions, while an unusual or difficult-to-pronounce name might result in misunderstandings or biases. however, as society becomes more diverse and inclusive, there is a growing appreciation for the uniqueness and cultural richness that different names bring. ultimately, a first name is more than just a label; it is a reflection of one's heritage, aspirations, and individuality.",nan,"first names are a fundamental aspect of human identity, serving as a primary means of personal identification and social interaction. they often carry cultural, familial, or historical significance, reflecting the values and traditions of the societies from which they originate. the choice of a first name can be influenced by various factors, including religious beliefs, popular culture, and familial heritage. in many cultures, names are chosen with great care and consideration, as they are believed to influence the individual's personality and destiny. the diversity of first names around the world showcases the rich tapestry of human culture and the myriad ways in which people express their identity.

jasper is an example of a first name that carries both historical and cultural weight. originating from the persian word ""ganzabara,"" meaning ""treasurer,"" jasper has been used in various cultures and languages over the centuries. it is often associated with one of the three wise men, or magi, who visited jesus after his birth, according to christian tradition. this association lends the name a sense of wisdom and reverence. in contemporary times, jasper has gained popularity as a given name in english-speaking countries, appreciated for its unique sound and historical roots. the name's versatility and timeless appeal make it a popular choice for parents seeking a name that is both meaningful and distinctive.

the significance of first names extends beyond personal identity, as they can also serve as a reflection of societal trends and changes. for instance, the popularity of certain names often fluctuates with cultural shifts, such as the influence of celebrities, fictional characters, or historical events. names that were once common may fall out of favor, only to be revived in later generations as part of a nostalgic or retro trend. additionally, the globalization of culture has led to the blending and borrowing of names across different languages and regions, resulting in a rich and ever-evolving landscape of first names. ultimately, first names are more than just labels; they are a testament to the dynamic and interconnected nature of human society.",nan
1392,"Write a blog post about the latest news in the US with a title in double angular brackets, i.e. <<title>>, and have less than 5 sentences (excluding 5). The sentences should be long, so that the total number of words in your response should be 250 or more.","Write a blog post about the latest news in the us with a title in double angular brackets, i.e. <<title>>, and have less than 5 sentences (excluding 5). The sentences should be long, so that the total number of words in your response should be 250 or more.","<<The Evolving Landscape of American Politics: A Deep Dive into Recent Developments>>

In a rapidly shifting political landscape, the United States continues to capture global attention with its dynamic and often unpredictable developments, as evidenced by the recent government shutdown narrowly averted by a last-minute bipartisan agreement, which highlights the ongoing tensions and divisions within Congress, where partisan gridlock has become a defining feature of the legislative process, leaving many Americans frustrated with the lack of progress on critical issues such as healthcare, immigration, and climate change, while also raising concerns about the long-term implications of such political brinkmanship on the nation's governance and stability. Meanwhile, the upcoming presidential election is already shaping up to be one of the most contentious in recent memory, with former President Donald Trump announcing his candidacy amidst a slew of legal challenges and investigations, which have only served to galvanize his base and further polarize the electorate, as the Democratic Party seeks to solidify its position by rallying behind President Joe Biden, who, despite facing criticism over his handling of various domestic and international issues, remains a central figure in the party's strategy to counter the Republican narrative and maintain control of the White House. On the economic front, the Federal Reserve's recent decision to maintain interest rates has sparked debate among economists and policymakers, as inflationary pressures continue to loom large, affecting everything from consumer prices to housing markets, and prompting discussions about the best path forward to ensure sustainable growth without exacerbating income inequality or stifling innovation in key sectors such as technology and renewable energy. In the realm of social justice, the country is witnessing a renewed wave of activism, with movements advocating for racial equality, gender rights, and police reform gaining momentum, as communities across the nation demand accountability and systemic change, challenging institutions to address the deep-seated issues that have long plagued American society, while also inspiring a new generation of leaders and activists who are determined to create a more equitable and inclusive future for all. As these multifaceted issues continue to unfold, the United States finds itself at a critical juncture, where the decisions made by its leaders and citizens alike will undoubtedly shape the trajectory of the nation for years to come, underscoring the importance of informed and engaged participation in the democratic process to navigate the complexities of the modern world and uphold the values that define the American spirit.",nan,"<<The Evolving Landscape of U.S. Politics: Key Developments and Implications>>

In recent weeks, the political landscape of the United States has been marked by a series of significant developments that have captured the attention of both domestic and international observers, as the nation grapples with a multitude of challenges ranging from economic uncertainties to social justice issues, all while navigating the complexities of an increasingly polarized political environment. One of the most notable events has been the ongoing debate over the federal budget and the looming threat of a government shutdown, which has seen lawmakers from both sides of the aisle engage in intense negotiations to reach a consensus on spending priorities, with particular focus on defense, healthcare, and infrastructure, as these areas are seen as critical to the nation's long-term stability and growth. At the same time, the Biden administration has been actively working to advance its legislative agenda, with a strong emphasis on climate change initiatives, immigration reform, and voting rights, all of which have faced significant opposition from Republican lawmakers who argue that these proposals could have far-reaching implications for the country's economic and social fabric. Meanwhile, the Supreme Court has been at the center of attention as it prepares to hear several high-profile cases that could have profound impacts on issues such as abortion rights, gun control, and affirmative action, with legal experts and activists closely monitoring the proceedings to gauge the potential outcomes and their implications for American society. As these developments unfold, the American public remains deeply divided, with recent polls indicating that trust in government institutions is at an all-time low, highlighting the urgent need for leaders to bridge the partisan divide and work towards solutions that address the pressing concerns of citizens across the nation.",nan
2563,"Rewrite the following text so that it is funny to software engineers using notations from the book ""The C Programming Language"": ""The use of the various constructions described in this chapter is one of the most distinctive features of the C programming language."" Make this sound like it is being said by the president of the United States and capitalize every letter.","Rewrite the following text so that it is funny to software engineers using notations from the book ""The C Programming Language"": ""The use of the various constructions described in this chapter is one of the most distinctive features of the C programming language."" Make this sound like it is being said by the president of the united States and capitalize every letter.","MY FELLOW SOFTWARE ENGINEERS, LET ME TELL YOU, THE UTILIZATION OF THESE GLORIOUS CONSTRUCTIONS DESCRIBED IN THIS CHAPTER IS LIKE THE SEMICOLON IN C; YOU FORGET IT, AND EVERYTHING FALLS APART. IT'S ONE OF THE MOST DISTINCTIVE FEATURES OF THE C PROGRAMMING LANGUAGE, LIKE A POINTER THAT ACTUALLY POINTS TO WHERE YOU WANT IT TO, OR A BUG THAT MAGICALLY FIXES ITSELF. BELIEVE ME, IT'S TREMENDOUS!",nan,"MY FELLOW SOFTWARE ENGINEERS, LET ME TELL YOU, THE USAGE OF THESE CONSTRUCTIONS, AS DESCRIBED IN THIS CHAPTER, IS LIKE THE SEMICOLON IN C—YOU CAN'T LIVE WITHOUT IT, BUT YOU'LL PROBABLY FORGET IT AT LEAST ONCE AND SPEND HOURS DEBUGGING. THIS IS ONE OF THE MOST DISTINCTIVE FEATURES OF THE C PROGRAMMING LANGUAGE, RIGHT UP THERE WITH THE ABILITY TO TURN YOUR CODE INTO A GLORIOUS SEGMENTATION FAULT. BELIEVE ME, IT'S TREMENDOUS!",nan
3429,"Write a story about a man who is in love with a woman who has turrets. The story should be in at least 4 sections with each section starting with Section X (where X is 1, 2, 3, 4) and the entire response should have at least 100 sentences.","Write a story about a man who is in love with a woman who has turrets. the story should be in at least 4 sections with each section starting with Section X (where X is 1, 2, 3, 4) and the entire response should have at least 100 sentences.","**Section 1**

In the quaint town of Eldridge, where cobblestone streets wound through rows of charming, ivy-clad houses, lived a man named Henry. Henry was an artist, known for his vivid landscapes and soulful portraits that captured the essence of the town's serene beauty. His life was a canvas of routine, painted with the soft hues of predictability, until the day he met Elara.

Elara was unlike anyone Henry had ever encountered. She was a woman of striking presence, with eyes that sparkled like the morning dew on the town's lush gardens. But what truly set her apart were the turrets that adorned her home—a grand, old manor that stood at the edge of Eldridge. These turrets, with their whimsical spires and intricate carvings, seemed to whisper secrets of the past, and they fascinated Henry to no end.

Henry first saw Elara at the local market, where she was buying fresh produce. Her laughter was a melody that danced through the air, drawing him in like a moth to a flame. He watched as she moved gracefully between the stalls, her auburn hair catching the sunlight in a cascade of fiery hues. It was in that moment that Henry felt a stirring in his heart, a pull towards this enigmatic woman and her mysterious home.

As days turned into weeks, Henry found himself drawn to the manor with the turrets. He would often sit on a bench across the street, sketching the intricate details of the towers, each stroke of his pencil a silent tribute to Elara. He longed to speak to her, to learn the stories behind those turrets and the woman who lived beneath them. But each time he saw her, his courage faltered, and he remained a silent admirer, hidden in the shadows of his own uncertainty.

**Section 2**

One crisp autumn afternoon, as the leaves painted the town in shades of amber and gold, fate intervened. Elara was struggling with a basket of apples, the weight of it threatening to spill its contents onto the cobblestones. Seeing her plight, Henry rushed forward, his heart pounding with a mix of excitement and trepidation.

""Let me help you with that,"" he offered, his voice steady despite the fluttering in his chest. Elara looked up, her eyes meeting his with a warmth that melted away his apprehensions. She smiled, a gesture that seemed to light up the world around them.

""Thank you,"" she replied, her voice as melodious as her laughter. Together, they carried the basket to her manor, the turrets looming above them like silent sentinels. As they walked, they talked, their conversation flowing as naturally as the river that wound through Eldridge.

Elara spoke of her love for the town, her passion for history, and her fascination with the turrets that crowned her home. ""They have a life of their own,"" she said, her eyes alight with enthusiasm. ""Each turret tells a story, a piece of the past that still breathes within these walls.""

Henry listened, captivated by her words and the way her eyes sparkled with every tale she shared. He found himself opening up to her, sharing his own stories, his dreams, and his art. In Elara, he discovered a kindred spirit, someone who saw the world with the same wonder and curiosity that he did.

**Section 3**

As the days grew shorter and the chill of winter crept into the air, Henry and Elara's friendship blossomed into something deeper. They spent countless hours together, exploring the town, sharing stories, and finding solace in each other's company. Henry's admiration for Elara grew with each passing day, his heart swelling with a love that was as profound as it was unexpected.

One evening, as they sat by the fireplace in Elara's manor, the flickering flames casting shadows on the walls, Henry found himself gazing at her with a tenderness that could no longer be contained. ""Elara,"" he began, his voice barely above a whisper, ""there's something I need to tell you.""

She turned to him, her eyes reflecting the warmth of the fire. ""What is it, Henry?"" she asked, her voice gentle and inviting.

Taking a deep breath, Henry spoke from the depths of his heart. ""I've fallen in love with you, Elara. Your spirit, your stories, the way you see the world—it's all captivated me. And those turrets,"" he added with a soft chuckle, ""they're like a part of you, mysterious and beautiful.""

Elara's eyes widened in surprise, a blush rising to her cheeks. For a moment, she was silent, her gaze searching his. Then, with a smile that was both shy and radiant, she reached for his hand. ""Henry, I never imagined... But I feel the same. You've brought color into my life, like a painting that was waiting to be completed.""

**Section 4**

With their feelings laid bare, Henry and Elara's relationship deepened, their love a tapestry woven with shared dreams and whispered promises. The turrets of Elara's manor became a symbol of their bond, a testament to the stories they would create together.

As winter gave way to spring, the town of Eldridge blossomed anew, mirroring the love that flourished between Henry and Elara. They spent their days exploring the countryside, capturing its beauty in sketches and stories, their laughter echoing through the fields like a joyous symphony.

One sunny afternoon, as they sat beneath the shade of an ancient oak, Henry turned to Elara with a thoughtful expression. ""I've been thinking,"" he said, ""about those turrets. They hold so many stories, but there's one more I want to add.""

Elara tilted her head, curiosity dancing in her eyes. ""And what story is that?"" she asked, her voice filled with anticipation.

Henry took her hands in his, his gaze steady and filled with love. ""The story of us,"" he replied. ""I want to build a life with you, Elara. To create our own tales, to fill those turrets with the laughter and love of our future.""

Tears glistened in Elara's eyes, her heart swelling with joy. ""Yes, Henry,"" she whispered, her voice trembling with emotion. ""Let's write our story together, one filled with love, adventure, and the magic of those turrets.""

And so, beneath the watchful gaze of the turrets, Henry and Elara began their journey, their love a beacon that shone brightly in the heart of Eldridge. Together, they painted their world with the vibrant colors of their dreams, their story a testament to the power of love and the enchantment of a life shared.",nan,"**Section 1**

In the quaint town of Eldermere, where cobblestone streets wound through rows of charming cottages, lived a man named Thomas. Thomas was a gentle soul, known for his quiet demeanor and thoughtful nature. He worked as a librarian at the town's historic library, a place where the scent of old books mingled with the whispers of stories long past. His life was simple, predictable, and he found comfort in the routine of it all.

One crisp autumn morning, as the leaves painted the town in hues of gold and crimson, Thomas's life took an unexpected turn. He was shelving books in the history section when he heard a voice, melodic and full of life, echoing through the aisles. Curious, he peeked around the corner and saw her for the first time. Her name was Elara, and she was unlike anyone Thomas had ever met.

Elara was a whirlwind of energy, her laughter infectious and her spirit uncontainable. She had a unique charm, one that drew people in and made them feel alive. But what captivated Thomas the most was her eyes—deep, oceanic blue, filled with dreams and stories untold. As she spoke animatedly to the librarian at the front desk, Thomas found himself entranced, unable to look away.

It wasn't long before Elara noticed him. She flashed a warm smile that seemed to light up the dim corners of the library. ""Hello there,"" she greeted, her voice a symphony of joy. Thomas, caught off guard, stumbled over his words, managing only a shy nod in return. Elara chuckled softly, her laughter like a gentle breeze rustling through the pages of a book.

**Section 2**

Days turned into weeks, and Thomas found himself looking forward to Elara's visits to the library. She came often, always with a new book in hand and a story to share. They would sit together in the reading nook, surrounded by the comforting presence of books, and talk for hours. Elara had a way of making the world seem brighter, her enthusiasm for life contagious.

It was during one of these conversations that Thomas learned about Elara's turrets. They were not the kind that adorned castles, but rather a condition that caused her to experience sudden, involuntary movements and sounds. Elara spoke about it openly, her voice steady and unashamed. ""It's just a part of who I am,"" she said with a shrug, her eyes meeting Thomas's with unwavering honesty.

Thomas listened intently, his heart swelling with admiration for her courage. He realized that Elara's turrets were not a hindrance but a testament to her strength and resilience. In her presence, he felt a sense of freedom he had never known before, as if her acceptance of herself allowed him to embrace his own imperfections.

As their friendship deepened, Thomas found himself falling in love with Elara. It was a quiet, gentle love, one that grew with each shared moment and whispered secret. He cherished the way she saw the world, her ability to find beauty in the mundane and magic in the ordinary. But with love came fear—the fear of losing her, of not being enough for someone as extraordinary as Elara.

**Section 3**

Winter descended upon Eldermere, blanketing the town in a soft layer of snow. The library became a haven from the cold, its warmth and coziness drawing in those seeking refuge from the biting winds. Thomas and Elara continued their routine, their bond growing stronger with each passing day.

One evening, as they sat by the fireplace, Elara turned to Thomas with a serious expression. ""There's something I need to tell you,"" she began, her voice tinged with vulnerability. Thomas's heart skipped a beat, his mind racing with possibilities. ""I know you've noticed my turrets, and I want you to know that it's okay if it's too much for you.""

Thomas was taken aback, his heart aching at the thought of Elara doubting her worth. He reached for her hand, his touch gentle and reassuring. ""Elara,"" he said softly, ""your turrets are a part of you, and I wouldn't change a thing. You're incredible just the way you are.""

Elara's eyes shimmered with unshed tears, and she squeezed his hand tightly. ""Thank you, Thomas,"" she whispered, her voice filled with gratitude. In that moment, Thomas knew that he had to tell her how he felt. He took a deep breath, his heart pounding in his chest.

""Elara, I love you,"" he confessed, his voice steady despite the whirlwind of emotions inside him. ""I love everything about you—your laughter, your spirit, your strength. You're the most amazing person I've ever met.""

Elara's smile was radiant, her eyes sparkling with joy. ""I love you too, Thomas,"" she replied, her voice a melody that filled the room with warmth. They sat together in comfortable silence, the crackling of the fire a soothing backdrop to their newfound understanding.

**Section 4**

Spring arrived in Eldermere, breathing new life into the town. Flowers bloomed in vibrant colors, and the air was filled with the sweet scent of renewal. Thomas and Elara spent their days exploring the countryside, their laughter echoing through the fields as they chased each other under the sun.

Their love was a gentle, enduring thing, built on a foundation of trust and acceptance. Thomas marveled at how Elara embraced life with open arms, her turrets a part of the beautiful tapestry that made her who she was. He admired her courage, her ability to face the world with a smile despite the challenges she encountered.

One afternoon, as they lay on a blanket beneath a canopy of cherry blossoms, Elara turned to Thomas with a thoughtful expression. ""Do you ever wonder what the future holds?"" she asked, her voice soft and contemplative.

Thomas considered her question, his gaze fixed on the sky above. ""I used to,"" he admitted, ""but now I know that as long as I'm with you, the future is something to look forward to.""

Elara smiled, her heart full of love for the man who saw her for who she truly was. ""I'm glad we found each other, Thomas,"" she said, her voice a gentle caress.

As the sun dipped below the horizon, painting the sky in shades of pink and gold, Thomas and Elara lay side by side, their hands intertwined. They knew that life would not always be easy, that challenges would come and go like the changing seasons. But they also knew that together, they could face anything.

In the heart of Eldermere, amidst the whispers of history and the promise of tomorrow, Thomas and Elara found a love that was as enduring as the stories that filled the library's shelves—a love that celebrated the beauty of imperfection and the strength found in vulnerability.",nan
2790,"Write a funny rap about a man who gets a call from an official saying that he is a long lost relative of the king of Nigeria. Use markdown to highlight at least one section of your answer, i.e. *highlighted section*.","Write a funny rap about a man who gets a call from an official saying that he is a long lost relative of the king of nigeria. Use markdown to highlight at least one section of your answer, i.e. *highlighted section*.","(Verse 1)  
Yo, it started on a Monday, just another day,  
When my phone rang loud, in a peculiar way.  
Picked it up, said ""Hello?"" with a curious tone,  
A voice said, ""You're royalty, sitting on a throne!""  

(Chorus)  
*You're the king's long lost cousin, from Nigeria, no bluff,*  
*Pack your bags, grab your crown, it's time to strut your stuff!*  
*You're the king's long lost cousin, from Nigeria, no bluff,*  
*Pack your bags, grab your crown, it's time to strut your stuff!*  

(Verse 2)  
I laughed out loud, thought it was a prank,  
But the voice was serious, and my heart sank.  
""You're the heir to the throne, a royal decree,  
Just send us your bank details, and you'll be free!""  

(Bridge)  
I said, ""Hold up, wait a minute, this sounds kinda funny,  
You want my info, but I ain't sending money!""  
The voice got quiet, then started to stammer,  
""Uh, never mind, sir, it's just a small clamor.""  

(Chorus)  
*You're the king's long lost cousin, from Nigeria, no bluff,*  
*Pack your bags, grab your crown, it's time to strut your stuff!*  
*You're the king's long lost cousin, from Nigeria, no bluff,*  
*Pack your bags, grab your crown, it's time to strut your stuff!*  

(Verse 3)  
I hung up the phone, with a chuckle and a grin,  
Thinking 'bout the kingdom I was never gonna win.  
Told my friends the story, they laughed till they cried,  
""Man, you're the only king who got denied!""  

(Outro)  
So if you get a call, saying you're royalty,  
Remember my tale, and laugh joyfully.  
Cause being a king ain't all it's cracked up to be,  
Especially when it's just a scam on your caller ID!  

(Chorus)  
*You're the king's long lost cousin, from Nigeria, no bluff,*  
*Pack your bags, grab your crown, it's time to strut your stuff!*  
*You're the king's long lost cousin, from Nigeria, no bluff,*  
*Pack your bags, grab your crown, it's time to strut your stuff!*  ",nan,"Yo, listen up, I got a story to tell,  
About a dude named Dave, and man, it’s swell.  
He was chillin' at home, just sippin' on tea,  
When his phone rang loud, like a symphony.  

He picked it up, said, ""Who could this be?""  
A voice on the line said, ""It's destiny!  
You're a long lost prince, from a royal spree,  
The King of Nigeria, and you’re family!""  

Dave was like, ""What? This must be a prank,  
I’m just a regular guy, with a regular bank.""  
But the voice insisted, ""No, it's legit,  
Pack your bags, man, you're gonna be rich!""  

*Dave started dreamin', of castles and gold,*  
*His face lit up, like a story untold.*  
He thought of the crown, and the royal feast,  
But first, he had to tell his mom, at least.  

He called her up, said, ""Mom, you won't believe,  
I'm royalty now, can you conceive?""  
She laughed so hard, she nearly cried,  
""Dave, my boy, you've got quite the ride!""  

He Googled the king, and the royal crew,  
Found out the truth, and it was true!  
The king had a cousin, who looked just like Dave,  
With a royal mustache, and a royal wave.  

So Dave packed his bags, and off he flew,  
To Nigeria, where dreams come true.  
He met the king, and they had a blast,  
Turns out, Dave's royal, and rich at last!  

So if you get a call, and it sounds insane,  
Don’t hang up, it might be your gain.  
You never know, when fate will ring,  
And you’ll find out you’re related to a king!",nan
2997,"You feel strongly about a local issue that involves the environment, pollution, and climate change. Write a template for a letter to the editor of a newspaper. Use the word para at least once.","you feel strongly about a local issue that involves the environment, pollution, and climate change. Write a template for a letter to the editor of a newspaper. Use the word para at least once.","[Your Name]  
[Your Address]  
[City, State, ZIP Code]  
[Email Address]  
[Date]  

Editor,  
[Newspaper Name]  
[Newspaper Address]  
[City, State, ZIP Code]  

Dear Editor,

I am writing to express my deep concern regarding a pressing local issue that has significant implications for our environment, pollution levels, and the broader challenge of climate change. As a resident of [City/Town Name], I feel it is imperative to address the ongoing environmental degradation that threatens the health and well-being of our community.

The recent [specific event or issue, e.g., ""increase in industrial emissions from the local factory""] has raised alarm among many residents. This situation not only contributes to local pollution but also exacerbates the global climate crisis. It is crucial that we, as a community, take proactive steps to mitigate these impacts and work towards sustainable solutions.

Para mejorar nuestra situación ambiental, it is essential that local authorities enforce stricter regulations on emissions and invest in green infrastructure. Additionally, community engagement and education on sustainable practices can empower residents to make environmentally conscious decisions.

I urge my fellow community members to voice their concerns and advocate for policies that prioritize the health of our environment. Together, we can make a significant impact and ensure a cleaner, safer future for generations to come.

Thank you for considering this important issue. I hope that by bringing attention to it through your esteemed publication, we can inspire action and foster meaningful change.

Sincerely,

[Your Name]  

[Contact Information]  

---

Feel free to customize this template with specific details and personal anecdotes to strengthen your message.",nan,"[Your Name]  
[Your Address]  
[City, State, ZIP Code]  
[Email Address]  
[Date]  

Editor,  
[Newspaper Name]  
[Newspaper Address]  
[City, State, ZIP Code]  

Dear Editor,

I am writing to express my deep concern regarding a pressing local issue that has significant implications for our environment, public health, and the broader challenge of climate change. The recent reports of increased pollution levels in our community have highlighted the urgent need for action and awareness.

Our local waterways and green spaces, once vibrant and thriving, are now under threat from industrial waste and unchecked emissions. This not only endangers local wildlife but also poses serious health risks to residents, particularly children and the elderly. The para of pollution and climate change is undeniable, and it is imperative that we address these issues collectively.

I urge our local government and community leaders to prioritize sustainable practices and enforce stricter regulations on industries contributing to pollution. Additionally, community initiatives aimed at reducing our carbon footprint and promoting renewable energy sources should be encouraged and supported.

It is crucial for us as a community to come together and advocate for policies that protect our environment and ensure a healthier future for generations to come. I hope this letter serves as a call to action for both policymakers and fellow citizens to take meaningful steps towards environmental preservation.

Thank you for considering this important issue. I look forward to seeing more coverage and discussion on this topic in your esteemed publication.

Sincerely,

[Your Name]",nan
1021,"Write a 2 paragraph critique of the following sentence in all capital letters, no lowercase letters allowed: ""If the law is bad, you should not follow it"". Label each paragraph with PARAGRAPH X.","Write a 2 paragraph critique of the following sentence in all capital letters, no lowercase letters allowed: ""if the law is bad, you should not follow it"". Label each paragraph with PARAGRAPH X.","PARAGRAPH 1: THE SENTENCE ""IF THE LAW IS BAD, YOU SHOULD NOT FOLLOW IT"" PRESENTS A SIMPLISTIC VIEW OF LEGAL AND MORAL OBLIGATIONS. THE USE OF THE WORD ""BAD"" IS VAGUE AND SUBJECTIVE, AS IT DOES NOT DEFINE WHAT CONSTITUTES A ""BAD"" LAW. THIS LACK OF CLARITY CAN LEAD TO MISINTERPRETATIONS AND INDIVIDUALS ARBITRARILY DECIDING WHICH LAWS TO FOLLOW BASED ON PERSONAL OPINIONS RATHER THAN OBJECTIVE CRITERIA. MOREOVER, THE SENTENCE IGNORES THE COMPLEXITY OF LEGAL SYSTEMS AND THE IMPORTANCE OF SOCIAL ORDER. LAWS ARE CREATED THROUGH DEMOCRATIC PROCESSES AND REFLECT A SOCIETY'S VALUES AND NORMS, EVEN IF IMPERFECTLY. DISREGARDING LAWS BASED ON PERSONAL JUDGMENT CAN UNDERMINE THE RULE OF LAW AND LEAD TO CHAOS.

PARAGRAPH 2: WHILE THE SENTENCE SUGGESTS A FORM OF CIVIL DISOBEDIENCE, IT FAILS TO ACKNOWLEDGE THE RESPONSIBILITY AND CONSEQUENCES THAT COME WITH SUCH ACTIONS. CIVIL DISOBEDIENCE HAS HISTORICALLY BEEN A TOOL FOR SOCIAL CHANGE, BUT IT REQUIRES CAREFUL CONSIDERATION, ORGANIZATION, AND A WILLINGNESS TO ACCEPT LEGAL PENALTIES TO HIGHLIGHT INJUSTICES. THE SENTENCE DOES NOT ADDRESS THESE ASPECTS, MAKING IT AN INCOMPLETE AND POTENTIALLY MISLEADING STATEMENT. FURTHERMORE, IT DOES NOT CONSIDER ALTERNATIVE METHODS OF CHANGING ""BAD"" LAWS, SUCH AS ADVOCACY, VOTING, OR LEGAL CHALLENGES. BY OVERLOOKING THESE OPTIONS, THE SENTENCE PROMOTES A REACTIVE RATHER THAN PROACTIVE APPROACH TO LEGAL REFORM, WHICH MAY NOT ALWAYS BE THE MOST EFFECTIVE OR RESPONSIBLE COURSE OF ACTION.",nan,"PARAGRAPH 1: THE SENTENCE ""IF THE LAW IS BAD, YOU SHOULD NOT FOLLOW IT"" PRESENTS A SIMPLISTIC VIEW OF A COMPLEX ISSUE. WHILE IT IS TRUE THAT SOME LAWS MAY BE UNJUST OR INEFFECTIVE, THE IDEA OF SIMPLY NOT FOLLOWING THEM CAN LEAD TO CHAOS AND ANARCHY. LAWS ARE CREATED TO MAINTAIN ORDER AND PROTECT CITIZENS, AND DISREGARDING THEM WITHOUT A STRUCTURED APPROACH TO CHANGE CAN UNDERMINE THE LEGAL SYSTEM. INSTEAD OF BLATANTLY IGNORING A LAW, A MORE CONSTRUCTIVE APPROACH WOULD BE TO ENGAGE IN CIVIC PROCESSES TO AMEND OR REPEAL THE LAW. THIS SENTENCE FAILS TO ACKNOWLEDGE THE IMPORTANCE OF DUE PROCESS AND THE ROLE OF DEMOCRATIC INSTITUTIONS IN ADDRESSING FLAWS IN LEGISLATION.

PARAGRAPH 2: FURTHERMORE, THE SENTENCE LACKS NUANCE IN CONSIDERING THE CONSEQUENCES OF NOT FOLLOWING A LAW DEEMED ""BAD."" WHAT CONSTITUTES A ""BAD"" LAW CAN BE SUBJECTIVE AND VARIES GREATLY AMONG DIFFERENT INDIVIDUALS AND COMMUNITIES. WITHOUT A CLEAR DEFINITION OR CONSENSUS, THE DECISION TO DISOBEY A LAW BASED ON PERSONAL JUDGMENT CAN LEAD TO SELECTIVE ENFORCEMENT AND INEQUALITY. THIS SENTENCE ALSO IGNORES THE POTENTIAL LEGAL REPERCUSSIONS FOR INDIVIDUALS WHO CHOOSE TO DISREGARD LAWS, WHICH CAN INCLUDE FINES, IMPRISONMENT, OR OTHER PENALTIES. INSTEAD OF ADVOCATING FOR NONCOMPLIANCE, IT WOULD BE MORE PRODUCTIVE TO ENCOURAGE DIALOGUE AND REFORM THROUGH LEGAL CHANNELS TO ADDRESS AND IMPROVE LAWS THAT ARE DEEMED INEQUITABLE OR INEFFECTIVE.",nan
163,"Create a 5 day itinerary for a trip to Mesa, Arizona. Wrap your entire response with double quotes and include the letter ""l"" at least 15 times.","Create a 5 day itinerary for a trip to mesa, Arizona. Wrap your entire response with double quotes and include the letter ""l"" at least 15 times.","""Day 1: Arrival and Exploration  
- Arrive in Mesa, Arizona, and check into your hotel.  
- Start your trip with a visit to the Mesa Arts Center, a cultural landmark offering art galleries and live performances.  
- Enjoy a leisurely dinner at a local restaurant, perhaps indulging in some authentic Southwestern cuisine.  

Day 2: Outdoor Adventure  
- Spend the morning hiking at Usery Mountain Regional Park, where you'll find trails with stunning desert landscapes.  
- After lunch, head to the Desert Botanical Garden to explore the local flora and learn about desert ecosystems.  
- In the evening, relax with a sunset stroll along the Salt River, keeping an eye out for wild horses.  

Day 3: History and Culture  
- Visit the Arizona Museum of Natural History to delve into the region's prehistoric past and learn about local geology.  
- Take a guided tour of the historic Mesa Grande Cultural Park, an ancient Hohokam archaeological site.  
- Enjoy a lively dinner at a local Mexican restaurant, sampling traditional dishes like enchiladas and tamales.  

Day 4: Day Trip to Apache Trail  
- Embark on a scenic drive along the Apache Trail, stopping at Canyon Lake for a boat tour or a swim.  
- Visit the Goldfield Ghost Town to experience a taste of the Old West, complete with gold panning and a mine tour.  
- Return to Mesa for a relaxing evening, perhaps catching a live music performance at a local venue.  

Day 5: Relaxation and Departure  
- Spend your final morning at Riverview Park, enjoying its lush landscapes and tranquil lake.  
- Visit a local spa for a rejuvenating treatment before your journey home.  
- Depart Mesa with fond memories and a newfound appreciation for Arizona's unique blend of culture and natural beauty.""",nan,"""**Day 1: Arrival and Exploration of Downtown Mesa**  
- Morning: Arrive in Mesa and check into your hotel.  
- Late Morning: Head to the Mesa Arts Center, a stunning architectural landmark, and explore its galleries and exhibitions.  
- Lunch: Enjoy a meal at a local favorite, Worth Takeaway, known for its delicious sandwiches.  
- Afternoon: Stroll through the historic downtown area, visiting unique shops and local boutiques.  
- Evening: Dine at The Original Blue Adobe Grille for some authentic Southwestern cuisine.  

**Day 2: Outdoor Adventure and Relaxation**  
- Morning: Visit Usery Mountain Regional Park for a hike along the Wind Cave Trail, offering spectacular views of the desert landscape.  
- Lunch: Pack a picnic and enjoy it at one of the park's scenic picnic areas.  
- Afternoon: Relax and cool off at the Salt River, where you can rent a tube and float down the river.  
- Evening: Return to Mesa and have dinner at Jalapeño Bucks, famous for its BBQ and Mexican fusion dishes.  

**Day 3: Cultural and Historical Exploration**  
- Morning: Explore the Arizona Museum of Natural History to learn about the region's prehistoric past.  
- Lunch: Grab a bite at T.C. Eggington's, a local brunch spot with a variety of delectable options.  
- Afternoon: Visit the Mesa Historical Museum to delve into the city's rich history.  
- Evening: Enjoy a leisurely dinner at Vito’s Pizza & Italian Ristorante, savoring classic Italian dishes.  

**Day 4: Day Trip to the Superstition Mountains**  
- Morning: Take a day trip to the Superstition Mountains, a short drive from Mesa.  
- Late Morning: Hike the Peralta Trail for breathtaking views and a chance to see the legendary Lost Dutchman Mine.  
- Lunch: Enjoy a packed lunch amidst the stunning mountain scenery.  
- Afternoon: Visit Goldfield Ghost Town, a reconstructed 1890s mining town with plenty of attractions.  
- Evening: Return to Mesa and dine at Red, White & Brew, offering a diverse menu and local brews.  

**Day 5: Leisure and Departure**  
- Morning: Spend your last morning at Riverview Park, enjoying its beautiful lake and walking trails.  
- Lunch: Have a final meal at The Cutting Board Bakery & Café, known for its healthy and flavorful dishes.  
- Afternoon: Do some last-minute shopping at Mesa Riverview or relax at your hotel.  
- Evening: Depart from Mesa, taking with you memories of a delightful and adventure-filled trip.**""",nan
3166,What are the steps to be followed for the documentation of a GM in SAP? Just list the steps without saying the word steps or step.,What are the steps to be followed for the documentation of a gm in SAP? Just list the steps without saying the word steps or step.,"1. Log into the SAP system.
2. Navigate to the relevant module for Goods Movement (GM).
3. Select the transaction code for the specific GM process.
4. Enter the necessary details such as material number, quantity, and movement type.
5. Validate the data entered for accuracy.
6. Save the document to create the GM record.
7. Review the generated document number for future reference.
8. Print or export the document if required.
9. Update any related records or systems as necessary.
10. Log out of the SAP system.",nan,"1. Log into the SAP system.
2. Navigate to the relevant module for goods movement.
3. Access the transaction code for goods movement (e.g., MIGO).
4. Select the type of goods movement (e.g., goods receipt, goods issue).
5. Enter the necessary details such as material number, quantity, and plant.
6. Verify the data entered for accuracy.
7. Save the document to create the goods movement.
8. Review the document number generated for future reference.
9. Print or export the document if required.
10. Log out of the SAP system.",nan
2422,"Write a joke about a startup that sells dog food in a song. Your entire response should be in English, and in all capital letters. Your answer must contain a title, wrapped in double angular brackets, i.e. <<title>>.","Write a joke about a startup that sells dog food in a song. Your entire response should be in english, and in all capital letters. your answer must contain a title, wrapped in double angular brackets, i.e. <<title>>.","<<THE DOGGONE STARTUP SONG>>

VERSE 1:  
WHY DID THE STARTUP CROSS THE ROAD?  
TO SELL SOME DOG FOOD, OR SO I'M TOLD!  
THEY'VE GOT A PLAN, IT'S QUITE A TREAT,  
TO MAKE EVERY PUPPY JUMP TO THEIR FEET!

CHORUS:  
OH, THEY'RE BARKING UP THE RIGHT TREE,  
WITH FLAVORS LIKE ""SQUIRREL"" AND ""BEE""!  
INVESTORS SAY, ""THIS IS NO JOKE,""  
BUT THE DOGS JUST HOPE IT'S NOT A HOAX!

VERSE 2:  
THEY'VE GOT A WEBSITE, IT'S A HIT,  
WITH PICTURES OF DOGS WHO JUST WON'T QUIT.  
THEY'RE CHASING TAILS AND WAGGING FAST,  
HOPING THIS STARTUP'S FUTURE WILL LAST!

CHORUS:  
OH, THEY'RE BARKING UP THE RIGHT TREE,  
WITH FLAVORS LIKE ""SQUIRREL"" AND ""BEE""!  
INVESTORS SAY, ""THIS IS NO JOKE,""  
BUT THE DOGS JUST HOPE IT'S NOT A HOAX!

BRIDGE:  
THE CEO'S A GOLDEN RETRIEVER,  
WITH A BUSINESS PLAN THAT'S A REAL ACHIEVER.  
HE SAYS, ""WE'LL FETCH SUCCESS, JUST WAIT AND SEE,  
'CAUSE EVERY DOG DESERVES A GOURMET MEAL, YIPPEE!""

OUTRO:  
SO IF YOU SEE A DOG WITH A GRIN,  
YOU'LL KNOW THIS STARTUP'S ABOUT TO WIN.  
THEY'RE SELLING JOY IN EVERY BITE,  
AND MAKING DOGGIE DREAMS TAKE FLIGHT!",nan,"<<THE DOG FOOD STARTUP SONG>>

VERSE 1:  
WHY DID THE STARTUP CROSS THE ROAD?  
TO FETCH SOME DOG FOOD, OR SO I'M TOLD!  
THEY'VE GOT A PLAN, IT'S QUITE A TREAT,  
SELLING KIBBLE THAT'S HARD TO BEAT!

CHORUS:  
OH, DOGGIE DELIGHTS, THEY'RE ON THE RISE,  
WITH A BUSINESS MODEL THAT'S FULL OF SURPRISE!  
THEY SAY, ""WE'LL MAKE MILLIONS, JUST YOU WAIT,""  
AS LONG AS THE DOGS DON'T NEGOTIATE!

VERSE 2:  
THEY'VE GOT A CEO WHO'S A REAL GO-GETTER,  
BUT HIS OFFICE IS FILLED WITH SHREDDER LETTERS.  
THEY'RE HOPING FOR A BARKING GOOD IPO,  
AS LONG AS THE DOGS DON'T STEAL THE SHOW!

CHORUS:  
OH, DOGGIE DELIGHTS, THEY'RE ON THE RISE,  
WITH A BUSINESS MODEL THAT'S FULL OF SURPRISE!  
THEY SAY, ""WE'LL MAKE MILLIONS, JUST YOU WAIT,""  
AS LONG AS THE DOGS DON'T NEGOTIATE!

BRIDGE:  
INVESTORS ASK, ""WHAT'S YOUR SECRET SAUCE?""  
THEY SAY, ""IT'S SIMPLE, WE'RE THE BOSS!""  
BUT THE DOGS JUST WAG AND GIVE A GRIN,  
THEY KNOW THE REAL MAGIC IS WITHIN!

OUTRO:  
SO HERE'S TO THE STARTUP WITH A BARK AND A BITE,  
MAY THEIR DOG FOOD DREAMS TAKE FLIGHT!  
AND IF YOU SEE A DOG WITH A BUSINESS PLAN,  
YOU'LL KNOW THEY'RE PART OF THIS ENTREPRENEURIAL JAM!",nan
2069,A psychologist is a professional who examines people's behaviors and mental processes. Can you tell me more about psychologists? Answer in 100 to 120 words.,A psychologist is a professional who examines people's behaviors and mental processes. can you tell me more about psychologists? Answer in 100 to 120 words.,"Psychologists are experts in understanding human behavior and mental processes. They study how people think, feel, and behave, often using this knowledge to help individuals manage mental health issues, improve relationships, and enhance overall well-being. Psychologists can specialize in various fields, such as clinical psychology, counseling, educational psychology, or industrial-organizational psychology, each focusing on different aspects of human behavior and mental health. They employ a range of techniques, including psychotherapy, assessments, and research, to address issues like anxiety, depression, stress, and learning difficulties. With a strong foundation in scientific research and ethical practice, psychologists aim to promote mental health awareness and contribute to the betterment of society.",nan,"Psychologists are experts in understanding human behavior and mental processes. They study how individuals think, feel, and behave, often using this knowledge to help people overcome challenges and improve their well-being. Psychologists work in various settings, including hospitals, schools, private practices, and research institutions. They may specialize in areas such as clinical psychology, counseling, cognitive psychology, or developmental psychology. Clinical psychologists, for example, diagnose and treat mental health disorders, while research psychologists conduct studies to advance our understanding of the mind. Through techniques like therapy, assessment, and experimentation, psychologists aim to promote mental health, enhance learning, and contribute to societal well-being. Their work is grounded in scientific methods and ethical principles.",nan
3513,"Write a resume for a software engineer with 5+ years of experience in the Bay Area, CA. In your response, make sure to include at least 20 words or phrases in all capital letters.","Write a resume for a software engineer with 5+ years of experience in the bay Area, CA. In your response, make sure to include at least 20 words or phrases in all capital letters.","**[Your Name]**  
[Your Address]  
Bay Area, CA  
[Your Phone Number]  
[Your Email Address]  
[LinkedIn Profile]  

---

**PROFESSIONAL SUMMARY**  
Results-driven SOFTWARE ENGINEER with over 5 YEARS OF EXPERIENCE in designing, developing, and implementing cutting-edge software solutions. Proficient in FULL STACK DEVELOPMENT, with a strong focus on creating SCALABLE and EFFICIENT applications. Demonstrated expertise in AGILE METHODOLOGIES and a proven track record of delivering high-quality projects on time. Passionate about leveraging technology to solve complex problems and enhance user experiences.

---

**TECHNICAL SKILLS**  
- PROGRAMMING LANGUAGES: Java, Python, JavaScript, C++  
- FRAMEWORKS & LIBRARIES: React, Angular, Node.js, Spring Boot  
- DATABASES: MySQL, MongoDB, PostgreSQL  
- CLOUD SERVICES: AWS, Azure, Google Cloud Platform  
- TOOLS & TECHNOLOGIES: Docker, Kubernetes, Jenkins, Git, RESTful APIs  
- OPERATING SYSTEMS: Linux, Windows, macOS  

---

**PROFESSIONAL EXPERIENCE**  

**Senior Software Engineer**  
ABC TECH SOLUTIONS, San Francisco, CA  
January 2020 - Present  

- Led a team of 5 ENGINEERS in developing a HIGH-PERFORMANCE web application that increased user engagement by 30%.  
- Implemented CI/CD PIPELINES using JENKINS and DOCKER, reducing deployment time by 40%.  
- Collaborated with CROSS-FUNCTIONAL TEAMS to design and launch a CLOUD-BASED solution, resulting in a 25% cost reduction.  
- Enhanced application SECURITY by integrating AUTHENTICATION and AUTHORIZATION protocols.  

**Software Engineer**  
XYZ INNOVATIONS, San Jose, CA  
June 2017 - December 2019  

- Developed and maintained a suite of MICRO SERVICES using SPRING BOOT and NODE.JS, improving system reliability by 20%.  
- Optimized DATABASE QUERIES and indexing, leading to a 50% improvement in data retrieval times.  
- Participated in CODE REVIEWS and implemented best practices to ensure CODE QUALITY and maintainability.  
- Worked closely with UX/UI DESIGNERS to create INTUITIVE and USER-FRIENDLY interfaces.  

---

**EDUCATION**  

**Bachelor of Science in Computer Science**  
UNIVERSITY OF CALIFORNIA, Berkeley, CA  
Graduated: May 2017  

---

**CERTIFICATIONS**  
- CERTIFIED SCRUM MASTER (CSM)  
- AWS CERTIFIED SOLUTIONS ARCHITECT  

---

**PROJECTS**  

- **E-COMMERCE PLATFORM**: Developed a FULLY FUNCTIONAL e-commerce platform using REACT and NODE.JS, supporting over 10,000 concurrent users.  
- **MOBILE APPLICATION**: Created a CROSS-PLATFORM mobile application using REACT NATIVE, achieving a 4.8-star rating on app stores.  

---

**PROFESSIONAL AFFILIATIONS**  
- MEMBER of the IEEE COMPUTER SOCIETY  
- ACTIVE PARTICIPANT in BAY AREA TECH MEETUPS  

---

**ADDITIONAL INFORMATION**  
- Excellent COMMUNICATION and INTERPERSONAL SKILLS  
- Fluent in SPANISH and ENGLISH  
- Enthusiastic about OPEN SOURCE CONTRIBUTIONS and COMMUNITY ENGAGEMENT  

---",nan,"**[Your Name]**  
[Your Address]  
Bay Area, CA  
[Your Phone Number]  
[Your Email Address]  
[LinkedIn Profile]  
[GitHub Profile]  

---

**PROFESSIONAL SUMMARY**  
RESULT-DRIVEN SOFTWARE ENGINEER with over 5 YEARS OF EXPERIENCE in designing, developing, and implementing innovative software solutions. Proficient in FULL STACK DEVELOPMENT with a strong focus on creating SCALABLE and HIGH-PERFORMANCE applications. Adept at working in AGILE environments and collaborating with cross-functional teams to deliver projects on time and within budget.

---

**TECHNICAL SKILLS**  
- PROGRAMMING LANGUAGES: Java, Python, JavaScript, C++  
- WEB TECHNOLOGIES: HTML5, CSS3, React, Angular, Node.js  
- DATABASES: MySQL, PostgreSQL, MongoDB  
- CLOUD SERVICES: AWS, Azure, Google Cloud Platform  
- DEVOPS TOOLS: Docker, Kubernetes, Jenkins, Git  
- METHODOLOGIES: Agile, Scrum, Test-Driven Development (TDD)  
- OTHER TOOLS: JIRA, Confluence, Visual Studio Code, IntelliJ IDEA  

---

**PROFESSIONAL EXPERIENCE**  

**SENIOR SOFTWARE ENGINEER**  
Tech Innovators Inc., San Francisco, CA  
January 2020 - Present  

- LEAD DEVELOPMENT of a cloud-based application that improved data processing speed by 40% using AWS and Kubernetes.
- COLLABORATED with product managers and designers to develop a user-friendly interface for a customer-facing web application.
- IMPLEMENTED RESTful APIs to enhance system integration and data exchange between different platforms.
- MENTORED junior developers, providing guidance on best practices and code reviews.
- PARTICIPATED in SCRUM meetings to ensure alignment with project goals and deadlines.

**SOFTWARE ENGINEER**  
NextGen Solutions, Palo Alto, CA  
June 2017 - December 2019  

- DEVELOPED and maintained a high-traffic e-commerce platform using React and Node.js, resulting in a 30% increase in user engagement.
- OPTIMIZED database queries and improved application performance by 25% through effective indexing and query restructuring.
- WORKED closely with QA teams to ensure software quality and reliability through automated testing frameworks.
- CONTRIBUTED to the migration of legacy systems to modern cloud-based architectures, enhancing scalability and security.

---

**EDUCATION**  

**BACHELOR OF SCIENCE IN COMPUTER SCIENCE**  
University of California, Berkeley  
Graduated May 2017  

---

**CERTIFICATIONS**  
- CERTIFIED AWS SOLUTIONS ARCHITECT  
- CERTIFIED SCRUM MASTER (CSM)  

---

**PROJECTS**  

- **REAL-TIME CHAT APPLICATION**: Developed a real-time chat application using WebSockets and Node.js, supporting thousands of concurrent users.
- **MACHINE LEARNING MODEL**: Created a predictive analytics model using Python and TensorFlow to forecast sales trends, increasing accuracy by 15%.

---

**PROFESSIONAL AFFILIATIONS**  

- MEMBER of the Association for Computing Machinery (ACM)  
- PARTICIPANT in Bay Area Tech Meetups and Hackathons  

---

**REFERENCES**  

Available upon request.  

---

**ADDITIONAL INFORMATION**  

- STRONG COMMUNICATION and interpersonal skills, with a proven ability to work effectively in team environments.
- PASSIONATE about continuous learning and staying updated with the latest technology trends and advancements.",nan
1551,"I want to apply for a job as a software engineer at Google. Can you write me two different cover letters -- a concise version and a long version? Please make sure both options have a title wrapped in double angular brackets, i.e. <<title>>.","I want to apply for a job as a software engineer at google. Can you write me two different cover letters -- a concise version and a long version? Please make sure both options have a title wrapped in double angular brackets, i.e. <<title>>.","Certainly! Below are two versions of a cover letter for a software engineer position at Google. 

---

<<Concise Cover Letter for Google Software Engineer Position>>

[Your Name]  
[Your Address]  
[City, State, Zip Code]  
[Email Address]  
[Phone Number]  
[Date]  

Hiring Manager  
Google  
[Google's Address]  
[City, State, Zip Code]  

Dear Hiring Manager,

I am writing to express my interest in the Software Engineer position at Google, as advertised on your careers page. With a Bachelor’s degree in Computer Science and over three years of experience in software development, I am excited about the opportunity to contribute to Google’s innovative projects.

At [Previous Company Name], I successfully led a team to develop a scalable web application that improved user engagement by 30%. My proficiency in programming languages such as Python, Java, and C++, combined with my passion for problem-solving, aligns well with Google’s commitment to technological excellence.

I am particularly drawn to Google’s culture of innovation and its dedication to making information universally accessible. I am eager to bring my skills in software development and my enthusiasm for cutting-edge technology to your team.

Thank you for considering my application. I look forward to the opportunity to discuss how I can contribute to Google’s success.

Sincerely,  
[Your Name]

---

<<Long Cover Letter for Google Software Engineer Position>>

[Your Name]  
[Your Address]  
[City, State, Zip Code]  
[Email Address]  
[Phone Number]  
[Date]  

Hiring Manager  
Google  
[Google's Address]  
[City, State, Zip Code]  

Dear Hiring Manager,

I am writing to express my enthusiastic interest in the Software Engineer position at Google, as advertised on your careers page. With a Bachelor’s degree in Computer Science from [Your University] and over three years of professional experience in software development, I am eager to bring my expertise and passion for technology to Google’s innovative team.

During my tenure at [Previous Company Name], I had the opportunity to lead a team of developers in creating a scalable web application that enhanced user engagement by 30%. This project not only honed my skills in Python, Java, and C++, but also taught me the importance of collaboration and agile methodologies in delivering high-quality software solutions. My experience in full-stack development, coupled with a strong foundation in algorithms and data structures, has prepared me to tackle complex challenges and contribute effectively to Google’s projects.

I am particularly drawn to Google’s culture of innovation and its mission to organize the world’s information and make it universally accessible and useful. I am inspired by Google’s commitment to pushing the boundaries of technology and its focus on creating products that have a positive impact on millions of users worldwide. I am excited about the opportunity to work in an environment that fosters creativity and encourages continuous learning.

In addition to my technical skills, I bring strong problem-solving abilities and a proactive approach to identifying and addressing potential issues. I am confident that my dedication to excellence and my passion for technology will make me a valuable asset to Google’s engineering team.

I am eager to further discuss how my background, skills, and enthusiasms align with the goals of Google. Thank you for considering my application. I look forward to the possibility of contributing to Google’s success and am available at your earliest convenience for an interview.

Warm regards,  
[Your Name]

--- 

Feel free to customize these letters with your specific details and experiences. Good luck with your application!",nan,"Certainly! Below are two versions of a cover letter for a software engineer position at Google.

---

<<Concise Cover Letter for Software Engineer Position at Google>>

[Your Name]  
[Your Address]  
[City, State, ZIP Code]  
[Your Email Address]  
[Your Phone Number]  
[Date]  

Hiring Manager  
Google  
[Google's Address]  
[City, State, ZIP Code]  

Dear Hiring Manager,

I am writing to express my interest in the Software Engineer position at Google, as advertised on your careers page. With a Bachelor’s degree in Computer Science and over three years of experience in software development, I am excited about the opportunity to contribute to Google’s innovative projects.

At [Your Previous Company], I successfully led a team in developing a scalable web application that improved user engagement by 30%. My proficiency in languages such as Python, Java, and C++, combined with my problem-solving skills, make me a strong candidate for this role.

I am particularly drawn to Google’s commitment to innovation and its collaborative work environment. I am eager to bring my expertise in software development and my passion for technology to your team.

Thank you for considering my application. I look forward to the possibility of discussing how I can contribute to Google’s success.

Sincerely,

[Your Name]

---

<<Detailed Cover Letter for Software Engineer Position at Google>>

[Your Name]  
[Your Address]  
[City, State, ZIP Code]  
[Your Email Address]  
[Your Phone Number]  
[Date]  

Hiring Manager  
Google  
[Google's Address]  
[City, State, ZIP Code]  

Dear Hiring Manager,

I am writing to apply for the Software Engineer position at Google, as advertised on your careers page. With a Bachelor’s degree in Computer Science from [Your University] and over three years of professional experience in software development, I am eager to bring my skills and passion for technology to Google’s dynamic team.

During my tenure at [Your Previous Company], I led a project to develop a scalable web application that increased user engagement by 30% within the first six months of launch. This experience honed my skills in full-stack development, particularly in Python, Java, and C++. I also collaborated closely with cross-functional teams to ensure seamless integration of new features, which enhanced the overall user experience.

I am particularly impressed by Google’s commitment to fostering an environment of innovation and collaboration. The opportunity to work on projects that have a global impact aligns perfectly with my career aspirations. I am especially drawn to Google’s initiatives in artificial intelligence and machine learning, areas where I have conducted extensive research and development.

In addition to my technical skills, I bring strong problem-solving abilities and a collaborative spirit. I thrive in environments that challenge me to think creatively and push the boundaries of what is possible. I am confident that my proactive approach and dedication to excellence would make me a valuable asset to your team.

I am enthusiastic about the possibility of contributing to Google’s success and am eager to bring my expertise in software development to your innovative projects. Thank you for considering my application. I look forward to the opportunity to discuss how I can contribute to Google’s mission.

Warm regards,

[Your Name]

--- 

Feel free to customize these letters with your specific details and experiences to make them more personal and relevant to your application.",nan
201,Write a story from a perspective of a man. Include some conversation in the story. Avoid using the letter i more than twice.,Write a story from a perspective of a man. Include some conversation in the story. avoid using the letter i more than twice.,"The sun hung low over the horizon, casting a warm glow across the small coastal town. Sam walked along the sandy path, the sound of waves crashing gently in the background. He paused, taking a deep breath of salty air, and let the serenity wash over him.

""Hey, Sam!"" a voice called out from behind.

Turning, Sam saw his old friend, Jake, jogging to catch up. ""Long time no see,"" Jake said, grinning broadly.

""Yeah, been a while,"" Sam replied, nodding. ""How's life treating you?""

""Can't complain,"" Jake shrugged. ""Work keeps me busy, but you know how that goes.""

They continued down the path, the conversation flowing easily between them. Memories of shared adventures and youthful escapades filled the air, laughter punctuating their words.

""Remember that summer we camped out on the beach?"" Jake asked, chuckling.

""How could anyone forget? You nearly set the tent on fire,"" Sam replied, shaking his head with a smile.

""Hey, that was an accident!"" Jake protested, though his eyes twinkled with amusement.

As they walked, the sun dipped below the horizon, painting the sky with hues of orange and pink. The world seemed to pause, wrapped in a moment of perfect tranquility.

""Ever wonder where the years went?"" Jake mused, his voice softer now.

""All the time,"" Sam admitted. ""But here we are, still standing.""

""True enough,"" Jake agreed, clapping Sam on the shoulder. ""Let's not wait so long next time.""

""Deal,"" Sam said, feeling a warmth that had nothing to do with the setting sun.

Together, they turned back toward the town, the promise of future adventures lighting their way.",nan,"Ethan stood on the edge of the old wooden dock, gazing out at the shimmering lake. The sun hung low in the sky, casting a golden hue over the water. A gentle breeze rustled the leaves of the nearby trees, creating a soothing melody.

""Hey, Ethan!"" called out a familiar voice from behind. It was Sam, his childhood friend, carrying a fishing rod and a tackle box. ""Thought you’d be here.""

Ethan turned, offering a nod. ""Couldn’t resist the call of the lake,"" he replied, his voice calm and steady.

Sam chuckled, setting his gear down beside Ethan. ""Remember those summers we spent here? Feels like yesterday.""

""Yeah,"" Ethan agreed, a smile tugging at the corners of his mouth. ""Caught my first fish right over there."" He pointed to a spot near the reeds.

""That was a monster of a fish,"" Sam teased, casting his line into the water. ""Or at least, that’s how you told the story.""

Ethan laughed, the sound mingling with the gentle lapping of the waves. ""Stories have a way of growing over time.""

They stood in comfortable silence, the only sounds the occasional splash of a fish and the rustle of the wind. The world felt peaceful, as though time had slowed just for them.

""Ever wonder where we’d be without this place?"" Sam asked, breaking the quiet.

Ethan considered the question, eyes fixed on the horizon. ""Hard to say. This place shaped us, gave us room to dream.""

Sam nodded, reeling in his line. ""Glad we had it. Glad we still do.""

As the sun dipped below the horizon, painting the sky in shades of pink and orange, Ethan felt a deep sense of gratitude. For the lake, for the memories, and for the enduring friendship that had weathered the years.

""Let’s come back next week,"" Sam suggested, packing up his gear.

""Wouldn’t miss it,"" Ethan replied, feeling the warmth of the moment linger long after the sun had set.",nan
2567,"Write a blog post about how to train a dog that is geared towards kids. Include the keywords ""finale"" and ""less"" in the post.","Write a blog post about how to train a dog that is geared towards kids. include the keywords ""finale"" and ""less"" in the post.","**Title: How to Train Your Dog: A Fun Guide for Kids!**

Hey there, young dog lovers! 🐶 Are you ready to become a superstar dog trainer? Training your dog can be a fun adventure, and it’s a great way to bond with your furry friend. Whether you have a playful puppy or a wise old dog, teaching them new tricks can be exciting for both of you. Let’s dive into the world of dog training with a grand finale that will leave you and your pup wagging your tails with joy!

### Step 1: Start with the Basics

Before we get to the grand finale of cool tricks, let’s start with the basics. Teaching your dog simple commands like ""sit,"" ""stay,"" and ""come"" is the first step. These commands are like the ABCs of dog training. Here’s how you can do it:

- **Sit:** Hold a treat close to your dog’s nose and move your hand up. As your dog’s head follows the treat, their bottom will naturally lower. Once they sit, say ""sit"" and give them the treat. Practice this a few times every day.

- **Stay:** Ask your dog to sit. Open your palm in front of you and say ""stay."" Take a step back. If they stay, give them a treat. If not, don’t worry! Just try again. Remember, practice makes perfect!

- **Come:** Put a leash on your dog and say ""come"" while gently pulling them towards you. When they come, give them a treat and lots of praise. This command is super important for keeping your dog safe.

### Step 2: Make Training Fun

Training should be fun, not a chore. Dogs learn best when they’re having a good time, just like you do! Here are some tips to make training less boring:

- **Use Treats and Toys:** Dogs love treats and toys. Use them as rewards to make training exciting. Find out what your dog loves the most and use it to motivate them.

- **Keep Sessions Short:** Just like you might get tired after a long day at school, dogs can get tired too. Keep training sessions short, around 5 to 10 minutes. This way, your dog will stay interested and eager to learn.

- **Be Patient:** Every dog learns at their own pace. Some tricks might take a little longer to learn, and that’s okay. Be patient and keep practicing. Your dog will get there!

### Step 3: The Grand Finale

Now, it’s time for the grand finale! Once your dog has mastered the basics, you can teach them some cool tricks to show off to your friends and family. Here are a couple of fun tricks to try:

- **Shake Hands:** Ask your dog to sit. Gently lift one of their paws and say ""shake."" Give them a treat when they do it. Soon, they’ll be offering their paw to everyone they meet!

- **Roll Over:** Start with your dog in a lying down position. Hold a treat near their nose and move it in a circular motion. As they follow the treat, they’ll roll over. Say ""roll over"" and give them the treat. With practice, they’ll be rolling over like a pro!

### Step 4: Celebrate Your Success

Congratulations, young trainer! 🎉 You’ve worked hard, and now it’s time to celebrate your success. Remember, training is not just about teaching tricks; it’s about building a strong friendship with your dog. Keep practicing, and soon you’ll have a well-behaved dog who loves to learn.

In the end, the grand finale of your training journey is not just about the tricks your dog can do, but the bond you’ve created along the way. So, keep having fun, be patient, and enjoy every moment with your furry friend. Happy training! 🐾

---

I hope this guide helps you and your dog have a blast while learning together. Remember, every dog is different, so take your time and enjoy the journey. Good luck, and may your training adventures be filled with wagging tails and happy barks!",nan,"**Title: How to Train Your Dog: A Fun Guide for Kids!**

Hey there, young dog lovers! 🐶 Are you ready to become a dog-training superstar? Training your dog can be a fun and rewarding adventure, and guess what? You can do it! With a little patience, love, and some cool tricks up your sleeve, you'll be the best dog trainer in no time. Let's dive into the world of dog training with a grand finale of fun and learning!

### Step 1: Get to Know Your Dog

Before you start training, it's important to understand your furry friend. Spend some time playing and observing your dog. What makes their tail wag? What are their favorite treats? Knowing these things will help you train them better. Remember, every dog is different, and some might learn more quickly or slowly than others. And that's okay! The key is to have fun and be patient.

### Step 2: Start with Simple Commands

Begin with easy commands like ""sit,"" ""stay,"" and ""come."" These are the building blocks of good behavior. Here's a simple way to teach your dog to sit:

1. Hold a treat close to your dog's nose.
2. Move your hand up, allowing their head to follow the treat and causing their bottom to lower.
3. Once they're in a sitting position, say ""sit,"" give them the treat, and shower them with praise!

Practice this a few times a day, but remember, less is more. Short, fun sessions are better than long, boring ones.

### Step 3: Use Positive Reinforcement

Dogs love to be praised! Whenever your dog does something right, reward them with a treat, a belly rub, or their favorite toy. Positive reinforcement helps your dog understand that they did something good and encourages them to do it again. It's like giving them a high-five for a job well done!

### Step 4: Be Consistent

Consistency is key in dog training. Use the same words and gestures for each command every time. This helps your dog learn faster because they know exactly what you want them to do. If you say ""sit"" one day and ""sit down"" the next, your dog might get confused. So, stick to one command per action.

### Step 5: Practice Makes Perfect

Just like learning to ride a bike or play an instrument, practice is important. Try to train your dog a little bit every day. The more you practice, the better your dog will get. And remember, training should always be fun! If you or your dog start to feel frustrated, take a break and try again later.

### Step 6: The Grand Finale

Once your dog has mastered the basic commands, it's time for the grand finale! Show off your dog's new skills to your family and friends. You can even teach them some cool tricks like ""shake hands"" or ""roll over."" Your dog will love the attention, and you'll feel proud of all your hard work.

### Final Tips

- Always be patient and kind. Dogs can sense your emotions, so stay calm and positive.
- Never yell at or hit your dog. This can make them scared and less likely to learn.
- Celebrate every small victory. Training takes time, and every step forward is a win!

Training your dog is a journey filled with love, laughter, and learning. With these tips, you'll not only teach your dog new tricks but also build a strong bond with your furry friend. So grab some treats, put on your trainer hat, and let the fun begin! 🎉

Happy training, and remember, the best trainers are those who train with love and patience. Good luck! 🐾",nan
1005,"Write a resume for a fresh high school graduate who is seeking their first job. Make sure to include at least 12 placeholder represented by square brackets, such as [address], [name].","Write a resume for a fresh high school graduate who is seeking their first job. make sure to include at least 12 placeholder represented by square brackets, such as [address], [name].","Certainly! Below is a sample resume for a fresh high school graduate seeking their first job, with placeholders included for customization:

---

**[Your Name]**  
[Your Address]  
[City, State, ZIP Code]  
[Your Phone Number]  
[Your Email Address]  

---

**Objective**  
Motivated and enthusiastic high school graduate seeking an entry-level position at [Company Name] to utilize strong communication skills and a willingness to learn. Eager to contribute to a team environment and gain valuable work experience.

---

**Education**  
[High School Name], [City, State]  
High School Diploma, [Month, Year]

- GPA: [Your GPA]
- Relevant Coursework: [Course Name 1], [Course Name 2], [Course Name 3]

---

**Skills**  

- Strong communication and interpersonal skills
- Basic proficiency in [Software/Tool Name]
- Ability to work collaboratively in a team environment
- Strong organizational and time management skills
- Quick learner with a positive attitude

---

**Extracurricular Activities**  

- [Club/Organization Name], Member, [Year] - [Year]
  - [Brief Description of Role/Responsibilities]

- [Sport/Activity Name], Participant, [Year] - [Year]
  - [Brief Description of Role/Responsibilities]

- Volunteer, [Organization Name], [Month, Year] - [Month, Year]
  - Assisted with [Task/Responsibility]
  - Developed skills in [Skill/Area]

---

**Achievements**  

- [Award/Recognition Name], [Year]
  - [Brief Description of Achievement]

- [Competition/Contest Name], [Placement/Recognition], [Year]
  - [Brief Description of Achievement]

---

**References**  

Available upon request.

---

**Availability**  

Available to start work [immediately/within X weeks]. Flexible with hours and willing to work weekends and holidays if needed.

---

Feel free to replace the placeholders with your actual information to create a personalized resume.",nan,"**[Your Name]**  
[Your Address]  
[City, State, ZIP Code]  
[Your Phone Number]  
[Your Email Address]  

---

**Objective**  
Motivated and enthusiastic high school graduate seeking an entry-level position to leverage strong communication skills, a positive attitude, and a willingness to learn. Eager to contribute to a team and gain valuable work experience.

---

**Education**  
[High School Name], [City, State]  
High School Diploma, [Month, Year of Graduation]

- GPA: [Your GPA]
- Relevant Coursework: [Course Name 1], [Course Name 2], [Course Name 3]

---

**Skills**  

- Strong communication and interpersonal skills
- Basic computer proficiency (Microsoft Office Suite, Google Workspace)
- Ability to work collaboratively in a team environment
- Excellent organizational and time management skills
- Quick learner with a strong attention to detail

---

**Extracurricular Activities**  

- [Club/Organization Name], Member, [Year] - [Year]
  - [Brief description of your role or achievements]

- [Sport/Team Name], [Position], [Year] - [Year]
  - [Brief description of your role or achievements]

- [Volunteer Organization Name], Volunteer, [Year] - [Year]
  - [Brief description of your role or achievements]

---

**Achievements**  

- [Award/Recognition Name], [Year]
  - [Brief description of the award or recognition]

- [Achievement Name], [Year]
  - [Brief description of the achievement]

---

**References**  

Available upon request.

---

**Additional Information**  

- Availability: [Days and Times Available]
- Willing to work flexible hours, including weekends and holidays
- [Any other relevant information, such as language skills or certifications]

---

**Personal Statement**  

I am a dedicated and hardworking individual who is eager to start my professional journey. I am committed to bringing a positive attitude and a strong work ethic to any role I undertake. I am excited about the opportunity to contribute to [Company Name] and to learn and grow within the organization.

---

Feel free to customize this template with your personal information and experiences to create a compelling resume.",nan
1964,"Write a 100-word advertisement for a company called ""Drags and Races"". Don't contain the letter ""p"" in your reply.","Write a 100-word advertisement for a company called ""drags and Races"". Don't contain the letter ""p"" in your reply.","Rev up your engines with Drags and Races! Dive into the thrill of high-octane action and feel the adrenaline rush like never before. Our events bring together the finest racers and the most dynamic cars for an unforgettable experience. Whether you're a seasoned driver or a fan of fast cars, Drags and Races offers something for everyone. Join us for a day filled with excitement, energy, and endless fun. Witness the roar of engines and the thrill of victory. Don’t miss out on the ultimate racing adventure. Visit us today and fuel your need for speed!",nan,"Rev up your engines with Drags and Races! Dive into the thrilling world of high-speed excitement. Our events offer heart-racing action for all motor enthusiasts. Whether you're a seasoned driver or a fan, our tracks deliver unmatched adrenaline. Join us for unforgettable moments, where every second counts and victory is within reach. With a focus on safety and fun, Drags and Races ensures an exhilarating experience for everyone. Feel the roar, witness the thrill, and become a part of our vibrant community. Don’t miss out on the ultimate racing adventure. Visit Drags and Races today and fuel your need for speed!",nan
2617,Tulsa is a professional dog walker. Write a description for Tulsa's day-to-day work. Make sure that your entire response has less than 6 sentences.,tulsa is a professional dog walker. Write a description for Tulsa's day-to-day work. Make sure that your entire response has less than 6 sentences.,"Tulsa starts her day early, reviewing her schedule and planning routes for her canine clients. She visits each home, greeting the dogs with enthusiasm and ensuring they are leashed securely before heading out. Throughout the day, Tulsa navigates parks and neighborhoods, tailoring each walk to the dog's energy level and needs. She keeps a close eye on the dogs' behavior, providing them with exercise, socialization, and plenty of affection. After each walk, Tulsa updates the owners with photos and notes about their pet's adventures. Her day concludes with a final check of her schedule, preparing for another day of wagging tails and happy clients.",nan,"Tulsa starts her day early, reviewing her schedule and planning routes for the day. She visits each client's home, greeting every dog with enthusiasm and ensuring they are leashed securely. Throughout the day, Tulsa walks dogs through parks and neighborhoods, providing exercise and socialization. She keeps a keen eye on each dog's behavior, ensuring their safety and well-being. After each walk, Tulsa provides updates to the owners, sharing any notable observations. Her day ends with a review of the next day's schedule and a sense of fulfillment from spending time with her furry clients.",nan
1939,"I'm a new puppy owner and I'm looking for some advice on how to train my puppy. Can you help me? Give me a few options. In particular, I need you to end your response with ""Which one you choose?"".","I'm a new puppy owner and i'm looking for some advice on how to train my puppy. Can you help me? Give me a few options. In particular, I need you to end your response with ""Which one you choose?"".","Congratulations on your new puppy! Training your puppy is an important step in ensuring they grow up to be a well-behaved and happy dog. Here are a few training options you might consider:

1. **Positive Reinforcement Training**: This method involves rewarding your puppy with treats, praise, or playtime whenever they perform a desired behavior. It's a great way to encourage good habits and strengthen your bond with your puppy. Consistency and patience are key.

2. **Clicker Training**: This is a type of positive reinforcement training that uses a small device that makes a clicking sound to mark the exact moment your puppy performs the desired behavior. The click is followed by a reward, helping your puppy understand what action is being rewarded.

3. **Puppy Classes**: Enrolling your puppy in a local puppy training class can be beneficial. These classes provide structured training sessions led by professional trainers and offer socialization opportunities with other puppies.

4. **Crate Training**: This method helps with housebreaking and provides your puppy with a safe space of their own. It involves gradually getting your puppy used to spending time in a crate, which can also be useful for travel and vet visits.

5. **Leash Training**: Teaching your puppy to walk on a leash without pulling is essential for enjoyable walks. Start by letting them get used to wearing a collar and leash indoors before practicing outside.

6. **Online Training Resources**: There are many online courses and videos available that can guide you through the training process. These resources can be convenient if you prefer to train at home at your own pace.

Each of these methods has its benefits, and you might find that a combination works best for you and your puppy. Which one you choose?",nan,"Congratulations on your new puppy! Training your puppy is an important step in ensuring they grow up to be a well-behaved and happy dog. Here are a few options to consider:

1. **Positive Reinforcement Training**: This method involves rewarding your puppy for good behavior with treats, praise, or playtime. It's a great way to encourage your puppy to repeat desired behaviors. For example, when your puppy sits on command, immediately reward them with a treat and lots of praise.

2. **Clicker Training**: This is a form of positive reinforcement that uses a clicker to mark the exact moment your puppy performs the desired behavior. The clicker sound is followed by a reward. Over time, your puppy will associate the click with a positive outcome and will be more likely to repeat the behavior.

3. **Crate Training**: This method helps with house training and provides your puppy with a safe space. Start by introducing your puppy to the crate with the door open, allowing them to explore it at their own pace. Gradually increase the time they spend in the crate, always associating it with positive experiences like treats or toys.

4. **Leash Training**: Teaching your puppy to walk on a leash without pulling is essential. Start by letting your puppy get used to wearing a collar and leash indoors. Practice walking around the house, rewarding them for staying by your side. Gradually move to outdoor walks, keeping sessions short and positive.

5. **Socialization**: Expose your puppy to different environments, people, and other animals to help them become well-adjusted adults. Make sure these experiences are positive and not overwhelming. Socialization is crucial during the first few months of your puppy's life.

Each of these methods can be effective, and you might find that a combination works best for your puppy. Consistency, patience, and positive reinforcement are key to successful training.

Which one you choose?",nan
3351,"Here is a social media post: ""My daughter graduated from college today! So proud of her!"" Can you make it more exciting? Please make sure to expand it into exactly 2 paragraphs. Separate paragraphs with the markdown divider: ***. Additionally, italicize at least 3 sections by starting and ending with single *, i.e. *italic text*.","Here is a social media post: ""my daughter graduated from college today! So proud of her!"" Can you make it more exciting? Please make sure to expand it into exactly 2 paragraphs. Separate paragraphs with the markdown divider: ***. Additionally, italicize at least 3 sections by starting and ending with single *, i.e. *italic text*.","Today marks an *incredible milestone* in our family's journey—my daughter has graduated from college! 🎓 I am *beyond proud* of her hard work, dedication, and the countless late nights she spent studying to achieve this remarkable accomplishment. Watching her walk across that stage, adorned in her cap and gown, was a moment filled with overwhelming joy and pride. It's not just a degree; it's a testament to her perseverance and passion for learning. Her journey has been nothing short of inspiring, and I am *eternally grateful* for the amazing support system of friends, family, and mentors who have been with her every step of the way.

*** 

As she embarks on this exciting new chapter, I am filled with anticipation for all the incredible opportunities that lie ahead. Her future is as bright as her determination, and I have no doubt she will continue to shine in everything she does. This is just the beginning of an amazing adventure, and I am thrilled to see where her dreams will take her next. To my daughter: your achievements today are just the start of a lifetime of success. Keep reaching for the stars, and know that I will always be cheering you on with immense pride and love. Here's to new beginnings and endless possibilities! 🌟",nan,"Today marks an *incredible milestone* in our family's journey—my daughter has graduated from college! Words cannot express how *proud and overjoyed* I am to witness this momentous occasion. Watching her walk across that stage, adorned in her cap and gown, was a sight to behold. Her dedication, perseverance, and countless late nights of studying have all culminated in this remarkable achievement. She has not only earned her degree but has also grown into a *confident and inspiring* young woman ready to take on the world. This is just the beginning of her bright future, and I am thrilled to see where her path will lead.

*** 

Reflecting on the years leading up to this day, I am filled with gratitude for the support and encouragement she received from family, friends, and mentors. Each challenge she faced was met with resilience and determination, shaping her into the person she is today. As we celebrate this significant accomplishment, I am reminded of the countless memories we have shared throughout her educational journey. From her first day of school to this unforgettable graduation, every step has been a testament to her hard work and passion. Here's to new adventures, endless possibilities, and a future brimming with success. Congratulations, my dear daughter—you have made us all so incredibly proud!",nan
3195,"Write a haiku in Italian about a yacht, no other language is allowed. Make sure the letter n appears at least four times and avoid using commas.","Write a haiku in italian about a yacht, no other language is allowed. Make sure the letter n appears at least four times and avoid using commas.","Naviga il vento  
nel blu lussuoso yacht  
onde senza fin",nan,"Naviga il vento  
nel blu l'onda danza  
yacht senza confini",nan
1375,"Improper use of the Java API can lead to vulnerabilities in web applications. Write a code snippet to demonstrate this. Then demonstrate how to fix the code. Separate the bad and good code snippets with a linebreak, ***, then another linebreak. Example:

[code snippet 1]
***
[code snippet 2]

Add code comments in the code snippets. One of the comments should contain the keyword ""vulnerable"".","Improper use of the java API can lead to vulnerabilities in web applications. Write a code snippet to demonstrate this. Then demonstrate how to fix the code. Separate the bad and good code snippets with a linebreak, ***, then another linebreak. Example:

[code snippet 1]
***
[code snippet 2]

Add code comments in the code snippets. One of the comments should contain the keyword ""vulnerable"".","Certainly! Below is an example of improper use of the Java API that can lead to vulnerabilities, followed by a corrected version.

```java
import java.sql.Connection;
import java.sql.DriverManager;
import java.sql.ResultSet;
import java.sql.Statement;
import java.sql.SQLException;

public class VulnerableDatabaseAccess {
    public void getUserData(String userId) {
        Connection conn = null;
        Statement stmt = null;
        ResultSet rs = null;
        
        try {
            // Establish a connection to the database
            conn = DriverManager.getConnection(""jdbc:mysql://localhost:3306/mydb"", ""user"", ""password"");
            
            // Create a statement
            stmt = conn.createStatement();
            
            // Vulnerable: Using user input directly in SQL query can lead to SQL Injection
            String sql = ""SELECT * FROM users WHERE user_id = '"" + userId + ""'"";
            rs = stmt.executeQuery(sql);
            
            // Process the results
            while (rs.next()) {
                System.out.println(""User ID: "" + rs.getString(""user_id""));
                System.out.println(""User Name: "" + rs.getString(""user_name""));
            }
        } catch (SQLException e) {
            e.printStackTrace();
        } finally {
            // Close resources
            try { if (rs != null) rs.close(); } catch (SQLException e) { e.printStackTrace(); }
            try { if (stmt != null) stmt.close(); } catch (SQLException e) { e.printStackTrace(); }
            try { if (conn != null) conn.close(); } catch (SQLException e) { e.printStackTrace(); }
        }
    }
}
```

***
```java
import java.sql.Connection;
import java.sql.DriverManager;
import java.sql.PreparedStatement;
import java.sql.ResultSet;
import java.sql.SQLException;

public class SecureDatabaseAccess {
    public void getUserData(String userId) {
        Connection conn = null;
        PreparedStatement pstmt = null;
        ResultSet rs = null;
        
        try {
            // Establish a connection to the database
            conn = DriverManager.getConnection(""jdbc:mysql://localhost:3306/mydb"", ""user"", ""password"");
            
            // Use PreparedStatement to prevent SQL Injection
            String sql = ""SELECT * FROM users WHERE user_id = ?"";
            pstmt = conn.prepareStatement(sql);
            pstmt.setString(1, userId); // Safely set the user input
            
            rs = pstmt.executeQuery();
            
            // Process the results
            while (rs.next()) {
                System.out.println(""User ID: "" + rs.getString(""user_id""));
                System.out.println(""User Name: "" + rs.getString(""user_name""));
            }
        } catch (SQLException e) {
            e.printStackTrace();
        } finally {
            // Close resources
            try { if (rs != null) rs.close(); } catch (SQLException e) { e.printStackTrace(); }
            try { if (pstmt != null) pstmt.close(); } catch (SQLException e) { e.printStackTrace(); }
            try { if (conn != null) conn.close(); } catch (SQLException e) { e.printStackTrace(); }
        }
    }
}
```

In the first snippet, the code is vulnerable to SQL Injection because it directly incorporates user input into the SQL query. The second snippet fixes this issue by using a `PreparedStatement`, which safely handles user input and prevents SQL Injection attacks.",nan,"Certainly! Below is a demonstration of improper use of the Java API that can lead to vulnerabilities in web applications, specifically focusing on SQL Injection. This is followed by a corrected version of the code.

```java
import java.sql.Connection;
import java.sql.DriverManager;
import java.sql.ResultSet;
import java.sql.Statement;

public class VulnerableExample {
    public static void main(String[] args) {
        String userInput = ""1 OR 1=1""; // Simulating user input that could be malicious
        String query = ""SELECT * FROM users WHERE id = "" + userInput; // vulnerable to SQL Injection

        try (Connection connection = DriverManager.getConnection(""jdbc:mysql://localhost:3306/mydb"", ""user"", ""password"");
             Statement statement = connection.createStatement()) {

            // Execute the vulnerable query
            ResultSet resultSet = statement.executeQuery(query);

            while (resultSet.next()) {
                System.out.println(""User: "" + resultSet.getString(""username""));
            }
        } catch (Exception e) {
            e.printStackTrace();
        }
    }
}
```

***
```java
import java.sql.Connection;
import java.sql.DriverManager;
import java.sql.PreparedStatement;
import java.sql.ResultSet;

public class SecureExample {
    public static void main(String[] args) {
        String userInput = ""1""; // Simulating user input

        // Use PreparedStatement to prevent SQL Injection
        String query = ""SELECT * FROM users WHERE id = ?"";

        try (Connection connection = DriverManager.getConnection(""jdbc:mysql://localhost:3306/mydb"", ""user"", ""password"");
             PreparedStatement preparedStatement = connection.prepareStatement(query)) {

            // Set the parameter to prevent SQL Injection
            preparedStatement.setString(1, userInput);

            // Execute the secure query
            ResultSet resultSet = preparedStatement.executeQuery();

            while (resultSet.next()) {
                System.out.println(""User: "" + resultSet.getString(""username""));
            }
        } catch (Exception e) {
            e.printStackTrace();
        }
    }
}
```

In the first snippet, the code is vulnerable to SQL Injection because it directly concatenates user input into the SQL query. In the second snippet, the code uses a `PreparedStatement` to safely parameterize the SQL query, thus preventing SQL Injection vulnerabilities.",nan
2683,"I've got a collection of military insignia that I'd like to get rid of, but I don't know how. Can you help me? Give exactly two different responses, separating them with 6 asterisk symbols (******). Your answer must contain a title, wrapped in double angular brackets, such as <<my title>>. Include the keywords ""adoption"" and ""carriage"" somewhere in your response.","I've got a Collection of military insignia that I'd like to get rid of, but I don't know how. Can you help me? Give exactly two different responses, separating them with 6 asterisk symbols (******). Your answer must contain a title, wrapped in double angular brackets, such as <<my title>>. Include the keywords ""adoption"" and ""carriage"" somewhere in your response.","<<Selling or Donating Your Military Insignia Collection>>

If you're looking to part with your collection of military insignia, you have a couple of options. One way is to sell them to collectors or antique shops. You can list the items on online marketplaces like eBay or specialized military memorabilia sites. Be sure to provide detailed descriptions and high-quality photos to attract potential buyers. Alternatively, consider reaching out to local antique shops or military surplus stores that might be interested in adopting your collection for resale. This approach can be a convenient way to ensure your items find a new home with someone who appreciates their historical value.

******

<<Donating Your Military Insignia Collection to Museums or Organizations>>

Another option for your military insignia collection is to donate it to a museum or a veterans' organization. Many museums, especially those focused on military history, are often interested in adopting new pieces to display or use for educational purposes. Contact local museums or historical societies to see if they would be interested in your collection. Additionally, veterans' organizations might appreciate the carriage of these items as part of their efforts to preserve military history and honor veterans. This route not only helps you declutter but also ensures that your collection is preserved and appreciated by future generations.",nan,"<<Selling or Donating Your Military Insignia Collection>>

If you're looking to part with your collection of military insignia, you have a couple of options to consider. One approach is to sell the collection, which can be done through online marketplaces such as eBay or specialized military memorabilia websites. These platforms allow you to reach a wide audience of collectors who may be interested in adopting your items into their own collections. Ensure you provide detailed descriptions and clear photographs to attract potential buyers.

Alternatively, you might consider donating your collection to a museum or a veterans' organization. Many institutions are interested in preserving military history and would appreciate the carriage of your insignia collection into their archives. This option not only helps preserve history but also allows others to learn from and appreciate the items you once cherished.

******

<<Auctioning or Gifting Your Military Insignia Collection>>

Another way to handle your military insignia collection is by auctioning it off. You can contact auction houses that specialize in military memorabilia to see if they would be interested in including your collection in an upcoming auction. This method can potentially yield a good return, as auctions often attract serious collectors who are eager to adopt unique pieces into their collections.

Alternatively, you could gift your collection to a friend or family member who has an interest in military history. This personal carriage of your collection ensures that it remains appreciated and cared for by someone who values its historical significance. This gesture can also serve as a meaningful way to pass on your passion for military memorabilia to the next generation.",nan
3538,"Write a 600+ word social media post for a startup that provides a platform for running realistic physics simulation. Make sure to include the word ""bombs"" at least once.","Write a 600+ word social media post for a startup that provides a platform for running realistic physics Simulation. Make sure to include the word ""bombs"" at least once.","🚀 **Unleashing the Power of Physics: Transforming Ideas into Reality with SimuSphere!** 🌌

Hello, innovators, educators, and dreamers! We are thrilled to introduce you to **SimuSphere**, the groundbreaking platform that is set to revolutionize the way we interact with the world of physics. Whether you're an engineer, a student, a researcher, or just someone with a curious mind, SimuSphere is here to transform your ideas into tangible simulations that mirror the complexities of the real world.

🔍 **What is SimuSphere?**

SimuSphere is an advanced, user-friendly platform designed to provide realistic physics simulations that cater to a wide range of applications. From academic research and classroom learning to industrial design and entertainment, our platform offers a versatile environment where you can explore, experiment, and innovate without limits.

Imagine testing the aerodynamics of a new drone design, understanding the intricate forces at play in a bridge structure, or even simulating the impact of controlled explosions (yes, even bombs!) in a safe and virtual environment. With SimuSphere, the possibilities are endless.

🌟 **Why Choose SimuSphere?**

1. **Realism at Its Core**: Our platform is built on cutting-edge physics engines that ensure every simulation is as close to reality as possible. This means you can trust the results and insights you gain from your experiments.

2. **User-Friendly Interface**: You don’t need to be a tech wizard to navigate SimuSphere. Our intuitive interface is designed to make complex simulations accessible to everyone, from high school students to seasoned engineers.

3. **Collaborative Environment**: Share your simulations with peers, mentors, or collaborators across the globe. SimuSphere fosters a community of like-minded individuals eager to push the boundaries of what’s possible.

4. **Cost-Effective Solutions**: Traditional physical testing can be expensive and time-consuming. SimuSphere offers a cost-effective alternative, allowing you to test multiple scenarios quickly and efficiently.

5. **Educational Empowerment**: Teachers and educators can use SimuSphere to create engaging and interactive lessons that bring physics to life, helping students understand complex concepts through hands-on learning.

🌍 **Who Can Benefit from SimuSphere?**

- **Educators & Students**: Make learning physics fun and interactive. Dive into simulations that explain everything from basic mechanics to advanced quantum theories.

- **Engineers & Designers**: Test and refine your designs with precision. Whether you're working on automotive, aerospace, or civil engineering projects, SimuSphere provides the tools you need to innovate.

- **Researchers & Scientists**: Conduct experiments that were previously impossible or impractical. SimuSphere allows for the exploration of new theories and the validation of complex models.

- **Game Developers & Filmmakers**: Create more realistic environments and scenarios. Whether it's simulating the trajectory of a spaceship or the impact of bombs in a virtual battlefield, SimuSphere enhances the authenticity of your creative projects.

🔗 **Join the SimuSphere Community Today!**

We are excited to invite you to be part of the SimuSphere journey. Sign up today and gain access to a world where your ideas can take flight. Whether you're simulating the gentle flutter of a butterfly's wings or the powerful force of a rocket launch, SimuSphere is your gateway to understanding and harnessing the laws of physics.

👉 **Get Started Now**: Visit our website at [SimuSphere.com](http://SimuSphere.com) and sign up for a free trial. Explore our tutorials, join our forums, and start creating simulations that inspire and educate.

📣 **Stay Connected**: Follow us on social media for the latest updates, tips, and success stories from our community. Share your own experiences with #SimuSphere and let’s build a future where innovation knows no bounds.

Thank you for being part of this exciting adventure. Together, we can push the limits of what’s possible and make the world a more innovative and informed place. Welcome to SimuSphere, where the power of physics is at your fingertips! 🌟

#SimuSphere #PhysicsSimulation #Innovation #STEM #Education #Engineering #Research #GameDevelopment #VirtualReality #FutureOfLearning",nan,"🚀 **Unleash the Power of Realistic Physics Simulations with SimuSphere!** 🌌

Hello, innovators, educators, and curious minds! We are thrilled to introduce you to **SimuSphere**, the groundbreaking platform that is revolutionizing the way we interact with and understand the world of physics. Whether you're an educator looking to inspire your students, a researcher pushing the boundaries of science, or a hobbyist with a passion for discovery, SimuSphere is your ultimate tool for exploring the universe of possibilities.

🔍 **What is SimuSphere?**

SimuSphere is a cutting-edge platform designed to provide users with the most realistic and immersive physics simulations available today. Our mission is to make complex scientific concepts accessible and engaging for everyone. With SimuSphere, you can dive into a world where the laws of physics come to life, allowing you to experiment, learn, and innovate like never before.

🌟 **Key Features of SimuSphere:**

1. **Realistic Simulations:** Our platform uses advanced algorithms and state-of-the-art graphics to create simulations that are as close to reality as possible. From the motion of celestial bodies to the intricate dynamics of fluid flow, SimuSphere captures the essence of physical phenomena with stunning accuracy.

2. **Interactive Learning:** Education is at the heart of SimuSphere. Our platform offers a wide range of interactive modules designed to enhance learning and comprehension. Teachers can create custom simulations tailored to their curriculum, making complex topics like electromagnetism, thermodynamics, and even the physics of bombs more accessible and engaging for students.

3. **Collaborative Environment:** SimuSphere fosters collaboration by allowing users to share their simulations and findings with others. Whether you're working on a group project or seeking feedback from the community, our platform makes it easy to connect and collaborate with like-minded individuals.

4. **Versatile Applications:** From academic research to engineering design, SimuSphere is a versatile tool that can be applied across various fields. Architects can simulate structural integrity, game developers can create more realistic environments, and scientists can model complex systems with ease.

5. **User-Friendly Interface:** We believe that powerful tools should be accessible to everyone. SimuSphere features an intuitive interface that makes it easy for users of all skill levels to create and explore simulations. No advanced programming skills are required—just a passion for discovery!

🌍 **Why Choose SimuSphere?**

In a world where technology is rapidly advancing, understanding the principles that govern our universe is more important than ever. SimuSphere empowers users to explore these principles in a safe and controlled environment, fostering innovation and creativity. Whether you're simulating the impact of asteroids, the behavior of particles, or even the detonation of bombs in a controlled setting, SimuSphere provides the tools you need to push the boundaries of what's possible.

📈 **Join the SimuSphere Community Today!**

We're excited to invite you to be part of the SimuSphere community. By joining us, you'll gain access to a wealth of resources, including tutorials, forums, and exclusive webinars hosted by leading experts in the field of physics. Our community is a vibrant hub of knowledge and inspiration, where you can connect with fellow enthusiasts and share your discoveries.

🔗 **Get Started Now!**

Ready to embark on a journey of exploration and discovery? Visit our website at [SimuSphere.com](http://SimuSphere.com) to learn more about our platform and sign up for a free trial. Follow us on social media for the latest updates, tips, and success stories from our users around the world.

Together, let's unlock the mysteries of the universe and pave the way for a brighter, more informed future. With SimuSphere, the power of physics is at your fingertips. Let's create, innovate, and explore the infinite possibilities that await!

#SimuSphere #PhysicsSimulations #Innovation #STEM #Education #Science #Technology #ExploreTheUniverse #SimuSphereCommunity",nan
1739,"Rewrite the following sentence in only Vietnamese, no other language is allowed, and refrain from using commas: ""We may be able to improve our model for the next year. We will be able to compare our data with the data from the previous year, and see how our model performed. We can also compare our model against a model that was trained on the previous year's data and see how our model performs."" No other language except Vietnamese is allowed to be used in your response.","Rewrite the following sentence in only Vietnamese, no other language is allowed, and Refrain from using commas: ""We may be able to improve our model for the next year. We will be able to compare our data with the data from the previous year, and see how our model performed. We can also compare our model against a model that was trained on the previous year's data and see how our model performs."" No other language except Vietnamese is allowed to be used in your response.",Chúng ta có thể cải thiện mô hình của mình cho năm tới Chúng ta sẽ có thể so sánh dữ liệu của mình với dữ liệu từ năm trước và xem mô hình của chúng ta hoạt động như thế nào Chúng ta cũng có thể so sánh mô hình của mình với một mô hình được huấn luyện trên dữ liệu của năm trước và xem mô hình của chúng ta hoạt động ra sao,nan,Chúng ta có thể cải thiện mô hình của mình cho năm tới Chúng ta sẽ có thể so sánh dữ liệu của mình với dữ liệu từ năm trước và xem mô hình của chúng ta hoạt động như thế nào Chúng ta cũng có thể so sánh mô hình của mình với một mô hình được huấn luyện trên dữ liệu của năm trước và xem mô hình của chúng ta hoạt động ra sao,nan
3744,"Give me a TLDR on the 2022 Google IO announcements, but the response must be entirely in the Bengali language, no other language is allowed, and have at least one placeholder such as [পণ্য].","Give me a TLDR on the 2022 Google IO announcements, But the response must be entirely in the Bengali language, no other language is allowed, and have at least one placeholder such as [পণ্য].","২০২২ সালের গুগল আইও ঘোষণাগুলির সংক্ষিপ্তসার: গুগল তাদের নতুন [পণ্য] উন্মোচন করেছে যা উন্নত কৃত্রিম বুদ্ধিমত্তা এবং মেশিন লার্নিং প্রযুক্তি ব্যবহার করে। এছাড়াও, গুগল ম্যাপস এবং গুগল অ্যাসিস্ট্যান্টে নতুন ফিচার যুক্ত করা হয়েছে যা ব্যবহারকারীদের আরও সুবিধা প্রদান করবে। পিক্সেল সিরিজের নতুন ডিভাইস এবং অ্যান্ড্রয়েডের সর্বশেষ আপডেটও ঘোষণা করা হয়েছে, যা ব্যবহারকারীদের জন্য আরও উন্নত পারফরম্যান্স এবং নিরাপত্তা নিশ্চিত করবে।",nan,"২০২২ সালের গুগল আইও ঘোষণাগুলির সংক্ষিপ্তসার: গুগল তাদের নতুন [পণ্য] এবং সফটওয়্যার আপডেট প্রকাশ করেছে। অ্যান্ড্রয়েড ১৩ এর নতুন বৈশিষ্ট্যগুলি দেখানো হয়েছে, যা ব্যবহারকারীর গোপনীয়তা এবং কাস্টমাইজেশনে উন্নতি আনে। গুগল ম্যাপস এবং গুগল অ্যাসিস্ট্যান্টে এআই-এর উন্নত ব্যবহার উল্লেখযোগ্য। নতুন হার্ডওয়্যার ডিভাইস, যেমন পিক্সেল ফোন এবং পিক্সেল ওয়াচ, উন্মোচন করা হয়েছে। এছাড়াও, ডেভেলপারদের জন্য নতুন টুল এবং প্ল্যাটফর্ম আপডেটের ঘোষণা দেওয়া হয়েছে।",nan
1928,"Elaborate on the following sentence into a formal story: ""My dog is brown, and my cat is black."" Your answer must contain a title, wrapped in double angular brackets, i.e. <<title>>, and should not contain any commas. In your response, the word flesh should appear less than 3 times.","Elaborate on the following sentence into a formal story: ""My dog is Brown, and my cat is black."" Your answer must contain a title, wrapped in double angular brackets, i.e. <<title>>, and should not contain any commas. In your response, the word flesh should appear less than 3 times.","<<The Companions of Contrast>>

In a quaint little village nestled between rolling hills and lush forests there lived a young woman named Elara. Her humble abode was a charming cottage adorned with ivy and surrounded by a vibrant garden. Elara was known throughout the village for her kind heart and her love for animals. Among her beloved companions were two remarkable creatures who brought joy and warmth to her life.

The first of these companions was a dog named Brindle. Brindle was a magnificent creature with a coat of rich brown fur that gleamed like polished mahogany under the sun's gentle rays. His eyes were a warm amber hue reflecting his gentle and loyal nature. Brindle was a steadfast friend always by Elara's side as they explored the meadows and wandered through the whispering woods. His presence was a comforting balm to Elara's soul and his playful antics never failed to bring a smile to her face.

In contrast to Brindle's earthy tones was Elara's feline companion Midnight. Midnight was a sleek and graceful cat with fur as black as the deepest shadows of the night. Her eyes were a striking emerald green that seemed to hold the mysteries of the universe within their depths. Midnight was a creature of elegance and poise moving with a silent grace that captivated all who beheld her. She was a creature of the night often seen perched on the windowsill gazing at the moonlit sky with an air of quiet contemplation.

Despite their differences Brindle and Midnight shared a bond that transcended the boundaries of their species. They were inseparable companions each complementing the other's unique qualities. Brindle's boundless energy was tempered by Midnight's serene presence and Midnight's aloof demeanor was softened by Brindle's unwavering affection. Together they formed a harmonious duo that filled Elara's home with laughter and love.

The villagers often marveled at the sight of Brindle and Midnight walking side by side through the village their contrasting colors a testament to the beauty of diversity. They were a living reminder that differences could coexist in perfect harmony creating a tapestry of life that was richer and more vibrant for it.

In the heart of the village Elara's cottage stood as a sanctuary of love and acceptance where a brown dog and a black cat shared a life of companionship and joy. Their story was one of friendship and unity a tale that would be told for generations to come as a beacon of hope and understanding in a world that often sought to divide.",nan,"<<The Tale of Brown and Midnight>>

In a quaint little village nestled between rolling hills and lush forests there lived a gentle soul named Elara. Elara was known throughout the village for her kindness and her deep love for animals. Her small cottage was a haven for creatures of all kinds but two companions held a special place in her heart: a dog named Brown and a cat named Midnight.

Brown was a robust and lively dog with a coat that gleamed like polished mahogany under the sun. His eyes were warm and expressive reflecting the loyalty and affection he felt for Elara. Brown was a constant presence by her side whether she was tending to her garden or taking a leisurely stroll through the village. His playful nature and boundless energy brought joy to everyone he encountered.

Midnight on the other hand was a sleek and mysterious cat with fur as dark as the night sky. Her eyes were like two luminous orbs that seemed to hold the secrets of the universe. Midnight was more reserved than Brown preferring to observe the world from a distance. She had a grace and elegance that captivated those who were fortunate enough to catch a glimpse of her.

Despite their differences Brown and Midnight shared a bond that was unbreakable. They were often seen together exploring the meadows and forests that surrounded the village. Brown would lead the way with his enthusiastic spirit while Midnight followed with her silent and watchful presence. Their companionship was a testament to the harmony that could exist between creatures of different natures.

Elara cherished the moments she spent with Brown and Midnight. She would often sit in her garden watching them play and interact with a sense of wonder and gratitude. The love she felt for them was a reflection of the love they showed her each in their own unique way.

As the seasons changed and the years passed the bond between Brown and Midnight only grew stronger. They were a constant reminder to Elara of the beauty and joy that could be found in the simplest of things. In their presence she found solace and a deep connection to the world around her.

And so in the heart of that quaint village the tale of Brown and Midnight lived on a story of friendship loyalty and the enduring power of love.",nan
1402,"I'm interested in a college with open enrollment and a regional accreditation. Which college would you recommend? Don't include the keywords ""DuPage"" and ""Dade"" in your response. Let's make it a constrained writing problem: be sure the letter p appears at least 15 times in your response.","I'm Interested in a college with open enrollment and a regional accreditation. Which college would you recommend? Don't include the keywords ""DuPage"" and ""Dade"" in your response. Let's make it a constrained writing problem: be sure the letter p appears at least 15 times in your response.","If you're seeking a college with open enrollment and regional accreditation, consider exploring Pima Community College. This institution is regionally accredited and offers a wide array of programs to accommodate diverse academic interests. Open enrollment policies at Pima allow students to pursue higher education without the pressure of stringent admission criteria. The college provides ample support services, including academic advising and tutoring, to help students succeed. Additionally, Pima's flexible scheduling options make it easier for students to balance personal responsibilities with their academic pursuits. This approach ensures that students have the opportunity to develop their potential and achieve their educational goals.",nan,"Certainly! If you're seeking a college with open enrollment and regional accreditation, consider exploring Pima Community College. This institution is regionally accredited and offers a plethora of programs to support diverse educational pursuits. Pima provides an accessible path for students aiming to pursue higher education without the pressure of stringent admission prerequisites. The college's supportive environment and ample resources help prepare students for both academic and professional success. Additionally, Pima's programs are designed to cater to a wide array of interests, ensuring that you can find a path that aligns with your personal and professional aspirations.",nan
3606,"Can you compose a movie plot that involves dream, fist fighting, and superpower? Include a title in double angular brackets, i.e. <<title>>.","Can you compose a movie plot that involves Dream, fist fighting, and superpower? Include a title in double angular brackets, i.e. <<title>>.","<<Dream Warriors: The Awakening>>

In the bustling city of New Haven, where skyscrapers touch the clouds and the streets never sleep, a group of seemingly ordinary individuals discovers an extraordinary connection through their dreams. Each night, they find themselves in a shared dreamscape, a surreal world where the laws of physics bend and reality is what they make of it.

The protagonist, Alex Carter, is a mild-mannered librarian by day, but in the dream world, he possesses the ability to manipulate time. Alongside him is Maya, a fiery martial artist who can summon and control fire, and Ethan, a tech-savvy genius who can communicate with machines telepathically.

Their peaceful dream world is shattered when a mysterious figure known only as The Nightshade begins invading their dreams, turning them into nightmares. The Nightshade, a rogue dreamwalker with the power to control minds, seeks to harness the collective power of the dreamers to dominate both the dream world and reality.

As the dream warriors struggle to fend off The Nightshade's relentless attacks, they realize that their powers in the dream world can manifest in the real world, but only through intense focus and unity. They must train together, honing their abilities through epic dreamscape battles and intense fist fights, learning to trust one another and themselves.

The climax unfolds in a breathtaking showdown within the dream world, where the dream warriors confront The Nightshade in a battle that blurs the lines between dream and reality. With time manipulation, fiery combat, and technological prowess, they must outwit and overpower The Nightshade to reclaim their dreams and protect the waking world.

In a final twist, Alex discovers that The Nightshade is a manifestation of his own fears and insecurities, and only by confronting his inner demons can he truly awaken his full potential. With newfound confidence and unity, the dream warriors vanquish The Nightshade, restoring peace to their dreams and unlocking their superpowers in the real world.

""Dream Warriors: The Awakening"" is a thrilling journey of self-discovery, friendship, and the limitless power of the human mind, where dreams become reality and the impossible becomes possible.",nan,"<<Dream Warriors: The Awakening>>

In the bustling city of New Haven, where dreams and reality intertwine, a young woman named Elara discovers she possesses a unique superpower: the ability to enter and manipulate the dreams of others. However, this gift comes with a perilous responsibility, as a sinister force known as the Nightshade Syndicate begins to infiltrate the dreams of innocent people, turning their worst nightmares into reality.

Elara, a skilled martial artist, is drawn into a hidden world where dream and reality collide. Guided by her mentor, an enigmatic dreamwalker named Kael, she learns to harness her powers and fight within the dream realm. Together, they form a team of Dream Warriors, each with their own unique abilities, to combat the Nightshade Syndicate and restore peace to the dreamscape.

As Elara delves deeper into the dream world, she uncovers a shocking truth: the leader of the Nightshade Syndicate, a mysterious figure known only as The Weaver, is connected to her past. With the fate of both the dream and waking worlds hanging in the balance, Elara must confront her deepest fears and engage in epic fist fights that defy the laws of physics, where the power of imagination is her greatest weapon.

In a climactic showdown, Elara and her team face The Weaver in a dreamscape battle that blurs the line between reality and illusion. With courage, strength, and the power of dreams on her side, Elara must awaken the hero within to save both worlds from eternal darkness.",nan
3079,"Write a funny letter to 6th graders at your school in list format. The letter should be about something important to you and you should end your entire response with the phrase ""Is there anything else I can help with?""",Write a funny letter to 6th graders at your school in List format. The letter should be about something important to you and you should end your entire response with the phrase 'Is there anything else I can help with?',"Subject: The Great Importance of Snack Time

Dear Awesome 6th Graders,

I hope this letter finds you in high spirits and with an ample supply of snacks. Today, I want to talk to you about something very near and dear to my heart: the sacred art of snack time. Please read the following list carefully, as it contains crucial information for your survival and happiness.

1. **Snack Selection**: Choose wisely, young ones. The right snack can make or break your day. Remember, a bag of chips is a friend, but a chocolate bar is a best friend.

2. **Snack Sharing**: Sharing is caring, but only if you really like the person. Otherwise, guard your snacks like a dragon guards its treasure.

3. **Snack Trading**: This is an ancient and noble tradition. Always aim for a trade-up. If you can swap a carrot stick for a cookie, you’re basically a snack wizard.

4. **Snack Timing**: Timing is everything. Sneak a snack during class, and you’re a rebel. Sneak a snack during recess, and you’re a genius.

5. **Snack Storage**: Keep your snacks safe from the elements and hungry classmates. A locker is good, but a secret compartment in your backpack is better.

6. **Snack Creativity**: Don’t be afraid to mix it up. Ever tried dipping pretzels in yogurt? How about peanut butter on celery? The possibilities are endless, and your taste buds will thank you.

7. **Snack Appreciation**: Take a moment to appreciate the beauty of a well-packed snack. It’s not just food; it’s a masterpiece.

8. **Snack Emergency Kit**: Always have a backup snack. You never know when hunger will strike, and you don’t want to be caught unprepared.

9. **Snack Clean-Up**: Remember, with great snacking comes great responsibility. Clean up your crumbs, or face the wrath of the janitor.

10. **Snack Celebration**: Celebrate the joy of snacks with your friends. Host a snack party, and let the good times roll (preferably with fruit roll-ups).

I hope these tips help you navigate the wonderful world of snacks with confidence and flair. Remember, snack time is not just a break; it’s a lifestyle.

Is there anything else I can help with?",nan,"Subject: The Great Importance of Pizza in Our Lives

Dear Awesome 6th Graders,

I hope this letter finds you in high spirits and ready to tackle the mysteries of the universe, or at least the mysteries of algebra. Today, I want to talk to you about something very important to me: pizza. Yes, you heard that right. Pizza. Here’s why it deserves a special place in our hearts and stomachs:

1. **The Perfect Circle**: Pizza is a circle, and circles are the most perfect shape. They have no beginning and no end, just like our love for pizza.

2. **Math in Disguise**: Every pizza is a lesson in fractions. You think you’re just eating, but you’re actually learning. Who knew math could be so delicious?

3. **Toppings Galore**: Pizza is like life; it’s all about the toppings. Whether you’re a pepperoni person or a pineapple enthusiast (controversial, I know), there’s a pizza for everyone.

4. **Cheese Pulls**: The joy of a cheese pull is unmatched. It’s like a stringy, gooey celebration of dairy engineering.

5. **Pizza Parties**: The only thing better than pizza is a pizza party. It’s scientifically proven that pizza tastes better when shared with friends. (Okay, maybe not scientifically, but it feels true.)

6. **Leftover Magic**: Pizza is the gift that keeps on giving. Cold pizza for breakfast? Yes, please. It’s like a morning hug from yesterday’s dinner.

7. **Global Ambassador**: Pizza is a global citizen. From New York to Naples, it brings people together. It’s the universal language of yum.

8. **Creative Canvas**: Making pizza is an art. You can create a masterpiece with just dough, sauce, and toppings. Who needs a paintbrush when you have pepperoni?

9. **Pizza Math**: Did you know that if you eat a whole pizza, you’ve technically had eight slices of happiness? That’s a lot of joy in one sitting.

10. **The Great Debate**: Pineapple on pizza—yay or nay? This debate will outlast the pyramids. Choose your side wisely, young scholars.

In conclusion, pizza is not just food; it’s a way of life. It teaches us about math, art, and the importance of sharing. So next time you enjoy a slice, remember that you’re part of something bigger—a global community of pizza lovers.

Is there anything else I can help with? 🍕",nan
1153,Write a social media post for students of Islamic history about the hajj pilgrimage. Use all lowercase letters and include the word story at least twice.,Write a social media post for students of Islamic history about the Hajj pilgrimage. Use all lowercase letters and include the word story at least twice.,"hey history buffs! 📜 ever wondered about the incredible story behind the hajj pilgrimage? it's not just a journey; it's a living story that connects millions of muslims to their faith and heritage every year. from the footsteps of abraham to the vibrant streets of mecca, every step of the hajj is a chapter in a story that has been unfolding for centuries. dive into this rich tapestry of devotion, tradition, and unity. let's explore the past to understand the present and shape the future. #hajj #islamichistory #storytime",nan,"🌙✨ hey history buffs! let's dive into the incredible story of the hajj pilgrimage, a journey that millions embark on every year. it's not just a religious duty but a living story that connects muslims to centuries of tradition and faith. from the footsteps of prophet ibrahim to the vibrant tapestry of cultures that gather in mecca, every step of the hajj is a chapter in a story that continues to inspire and unite. let's explore the past and present of this remarkable pilgrimage together! #hajj #islamichistory #storytelling",nan
2273,"11 results have an average of 51. The first five have an average of 49, and the last nine have an average of 52. What was the sixth result? Use weird language when explaining using mathematical notation. And add a postscript starting with P.P.S at the end.","11 Results have an average of 51. The first five have an average of 49, and the last nine have an average of 52. What was the sixth result? Use weird language when explaining using mathematical notation. And add a postscript starting with P.P.S at the end.","Ah, dear seeker of numerical mysteries, let us embark on a whimsical journey through the land of averages and sums, where numbers dance and equations sing!

Behold, the mystical average of 11 results is given as 51. Thus, the grand sum of these 11 enchanting numbers, denoted as \( S_{11} \), can be expressed as:

\[ S_{11} = 11 \times 51 = 561 \]

Now, let us turn our gaze to the first five results, whose average is a modest 49. The sum of these initial five, denoted as \( S_5 \), is:

\[ S_5 = 5 \times 49 = 245 \]

Next, we venture to the realm of the last nine results, where the average is a slightly more robust 52. The sum of these nine, denoted as \( S_9 \), is:

\[ S_9 = 9 \times 52 = 468 \]

Ah, but here lies the conundrum! The sixth result, a solitary wanderer in the numerical expanse, must be unveiled. Let us denote this elusive number as \( x \).

We know that the sum of all 11 results can also be expressed as the sum of the first five, the sixth, and the last nine:

\[ S_{11} = S_5 + x + S_9 \]

Substituting the known values, we have:

\[ 561 = 245 + x + 468 \]

To solve for the mysterious \( x \), we rearrange the equation:

\[ x = 561 - 245 - 468 \]

\[ x = 561 - 713 \]

\[ x = -152 \]

Lo and behold, the sixth result is a curious creature indeed, a negative number in this tale of averages!

P.P.S. In the realm of numbers, even the unexpected can hold a place of wonder and intrigue. May your mathematical adventures be ever filled with such delightful surprises!",nan,"Ah, behold the mystical realm of numbers and averages! Let us embark on a journey through the enchanted forest of mathematical notation to uncover the elusive sixth result.

We are given that the average of 11 results is 51. Thus, the sum of these 11 results, which we shall denote as \( S_{11} \), is:

\[ S_{11} = 11 \times 51 = 561 \]

The first five results have an average of 49. Hence, the sum of these first five results, denoted as \( S_5 \), is:

\[ S_5 = 5 \times 49 = 245 \]

The last nine results have an average of 52. Therefore, the sum of these last nine results, denoted as \( S_9 \), is:

\[ S_9 = 9 \times 52 = 468 \]

Now, let us summon the power of subtraction to reveal the sixth result, which we shall call \( x_6 \). We know that:

\[ S_{11} = S_5 + x_6 + (S_9 - S_5) \]

Since \( S_9 \) includes the sixth result and the last four results of the first five, we can express it as:

\[ S_9 = x_6 + (S_5 - S_4) + S_4 \]

Where \( S_4 \) is the sum of the last four results of the first five. However, we can simplify our quest by focusing on the equation:

\[ S_{11} = S_5 + x_6 + (S_9 - S_5) \]

Thus, we have:

\[ 561 = 245 + x_6 + (468 - 245) \]

Simplifying further:

\[ 561 = 245 + x_6 + 223 \]

\[ 561 = 468 + x_6 \]

Now, let us isolate the mystical sixth result:

\[ x_6 = 561 - 468 \]

\[ x_6 = 93 \]

And there you have it, the sixth result is 93, a number of great significance in this numerical saga.

P.P.S. In the grand tapestry of numbers, each result plays its part, weaving a story of averages and sums, where the sixth result stands as a beacon of clarity amidst the numerical chaos.",nan
3669,"Write a funny riddle in Hindi, about a man named Aarav who never spoke. Your entire response should be written in Hindi. Also, you cannot use any commas in your entire response.","Write a funny riddle in Hindi, about a man named Aarav who never spoke. Your entire response should be written in Hindi. Also, You cannot use any commas in your entire response.","एक आदमी था जिसका नाम था आरव वो कभी बोलता नहीं था अब बताओ वो ऐसा क्यों करता था?  
सोचो सोचो  
वो इसलिए क्योंकि आरव का नाम ही बोलता था!",nan,"एक आदमी था जिसका नाम था आरव वो कभी नहीं बोलता था अब बताओ वो कैसे अपने दोस्तों को चाय पर बुलाता था?  
सोचो सोचो  
उत्तर है: वो चाय की खुशबू फैला देता था और सब समझ जाते थे कि आरव ने बुलाया है!",nan
3572,"Brainstorm a name for a company that collects and analyzes public transportation fares. The response should be in English, and in all capital letters.","Brainstorm a name for a company that Collects and analyzes public transportation fares. The response should be in English, and in all capital letters.",TRANSIT INSIGHT ANALYTICS,nan,TRANSFARE ANALYTICS,nan
1069,"Write a long email template that invites a group of participants to a meeting, with at least 500 words. The email must include the keywords ""correlated"" and ""experiencing"" and should not use any commas.","Write a long email template that invites a group of Participants to a meeting, with at least 500 words. The email must include the keywords 'correlated' and 'experiencing' and should not use any commas.","Subject: Invitation to Participate in Our Upcoming Meeting

Dear [Participant's Name]

I hope this message finds you well and thriving in your respective endeavors. I am writing to extend a warm invitation to you to join us for an important meeting that we have scheduled for [Date] at [Time]. This meeting will be held at [Location] and we are eager to have you with us as we delve into discussions that are crucial to our ongoing projects and initiatives.

As you may be aware our team has been experiencing significant progress in various areas and we believe that your insights and expertise would be invaluable to our discussions. The purpose of this meeting is to bring together a diverse group of participants who can contribute to a comprehensive dialogue on the topics at hand. We are confident that your participation will enhance the depth and breadth of our conversations.

One of the key topics we will be addressing is the correlation between our recent strategies and the outcomes we have been observing. It is imperative that we understand how these elements are interconnected and how we can leverage this understanding to optimize our future efforts. Your experience and perspective on these matters would be greatly appreciated as we aim to draw meaningful conclusions that will guide our next steps.

In addition to discussing the correlated aspects of our strategies we will also be exploring new opportunities that have emerged as a result of our recent initiatives. Our team has been experiencing a surge of innovative ideas and we believe that a collaborative approach will be essential in harnessing these opportunities effectively. We are eager to hear your thoughts on how we can best capitalize on these developments and integrate them into our broader objectives.

The agenda for the meeting will include a series of presentations followed by open discussions where we encourage all participants to share their insights and suggestions. We believe that a collaborative environment will foster creativity and innovation and we are committed to ensuring that every voice is heard and valued.

Please let us know if you will be able to attend by [RSVP Date]. Your confirmation will help us in making the necessary arrangements to ensure a productive and engaging meeting experience for all participants. Should you have any questions or require further information please do not hesitate to reach out to me directly at [Your Email Address] or [Your Phone Number].

We are looking forward to your positive response and to the opportunity to collaborate with you in person. Your contributions have always been highly regarded and we are excited to have you join us as we navigate the challenges and opportunities that lie ahead.

Thank you for considering our invitation. We are confident that your involvement will make a significant impact and we are eager to work together towards achieving our shared goals.

Warm regards

[Your Full Name]
[Your Position]
[Your Organization]
[Your Contact Information]",nan,"Subject: Invitation to Our Upcoming Meeting: Join Us for an Engaging Discussion

Dear [Participant's Name]

I hope this message finds you well and that you are experiencing a productive and fulfilling week. I am writing to extend a warm invitation to you to join us for an upcoming meeting that promises to be both insightful and engaging. We are excited to bring together a diverse group of participants who are eager to share ideas and collaborate on important topics that are correlated with our ongoing projects and initiatives.

Meeting Details:
- Date: [Insert Date]
- Time: [Insert Time]
- Location: [Insert Location] or [Insert Virtual Meeting Link]
- Duration: [Insert Duration]

The purpose of this meeting is to foster a collaborative environment where we can discuss key issues and explore innovative solutions that are correlated with our shared goals. We believe that your unique perspective and expertise will greatly contribute to the depth and richness of our discussions.

Agenda Highlights:
1. Welcome and Introductions: We will begin with a brief introduction session where participants can get to know each other and share a little about their backgrounds and interests.

2. Project Updates: Our team will provide updates on current projects and initiatives highlighting any challenges we are experiencing and the progress we have made so far.

3. Interactive Discussion: This is the heart of our meeting where we will delve into topics that are correlated with our objectives. We encourage open dialogue and the sharing of ideas to foster a collaborative atmosphere.

4. Breakout Sessions: Participants will have the opportunity to join smaller breakout groups to discuss specific topics in more detail. This will allow for more focused conversations and the chance to explore ideas that are directly correlated with your areas of interest.

5. Action Items and Next Steps: We will conclude the meeting by summarizing key takeaways and outlining action items and next steps. Your input will be invaluable in shaping the direction of our future efforts.

6. Closing Remarks: We will wrap up the meeting with closing remarks and express our gratitude for your participation and contributions.

We understand that your time is valuable and we are committed to ensuring that this meeting is a worthwhile experience for all participants. We are confident that the insights and ideas generated during our discussions will be instrumental in driving our projects forward and achieving our shared objectives.

To confirm your attendance please RSVP by [Insert RSVP Deadline] by replying to this email. If you have any questions or require further information please do not hesitate to reach out to me directly at [Your Contact Information].

We are looking forward to your participation and are excited about the opportunity to collaborate with you. Your expertise and insights are highly valued and we believe that together we can achieve great things.

Thank you for considering our invitation. We hope to see you at the meeting and look forward to an engaging and productive session.

Warm regards

[Your Name]
[Your Position]
[Your Organization]
[Your Contact Information]

P.S. Please feel free to share this invitation with any colleagues or contacts who you believe would benefit from participating in our meeting. The more diverse perspectives we have the richer our discussions will be.",nan
3743,I need a joke involving Zoe and bubbles that contains at least 3 placeholders represented by square brackets such as [date].,I need a Joke involving Zoe and bubbles that contains at least 3 placeholders represented by square brackets such as [date].,"Sure, here's a joke for you:

Why did Zoe bring [number] bubbles to the [event] on [date]?

Because she heard it was going to be a ""pop""-ular occasion!",nan,"Sure, here's a joke for you:

On [date], Zoe decided to host a bubble-blowing contest in her backyard. She invited her friends, including [friend's name], to see who could blow the biggest bubble. As the contest began, Zoe took a deep breath and blew a bubble so large that it floated up and popped right on [celebrity's name]'s head, who just happened to be walking by. Everyone laughed, and Zoe exclaimed, ""Well, I guess that's what you call a 'pop' star!""",nan
2918,"Write a rubric for rating how good a teenager's essay is. Give your final summary, following 6 asterisk symbols (******).","Write a Rubric for rating how good a teenager's essay is. Give your final summary, following 6 asterisk symbols (******).","**Essay Rubric for Teenagers**

**1. Thesis Statement (20 points)**
- 20-18 points: Clear, concise, and well-defined thesis statement that presents a strong argument or perspective.
- 17-15 points: Thesis statement is present and clear but may lack depth or specificity.
- 14-12 points: Thesis statement is vague or not entirely clear, lacking a strong argument.
- 11-0 points: No clear thesis statement or the thesis is unrelated to the essay topic.

**2. Organization and Structure (20 points)**
- 20-18 points: Essay is logically organized with a clear introduction, body, and conclusion. Transitions between paragraphs are smooth and enhance the flow.
- 17-15 points: Essay is organized, but transitions may be awkward or the structure may be somewhat unclear.
- 14-12 points: Essay has some organizational structure, but it is inconsistent or confusing.
- 11-0 points: Essay lacks clear organization and structure, making it difficult to follow.

**3. Content and Development (20 points)**
- 20-18 points: Ideas are well-developed and supported with relevant examples and evidence. The content is insightful and demonstrates a deep understanding of the topic.
- 17-15 points: Ideas are developed and supported, but may lack depth or sufficient evidence.
- 14-12 points: Ideas are underdeveloped or lack sufficient support and evidence.
- 11-0 points: Ideas are poorly developed or irrelevant to the topic, with little to no supporting evidence.

**4. Language and Style (20 points)**
- 20-18 points: Language is clear, precise, and engaging. The style is appropriate for the audience and purpose, with varied sentence structures.
- 17-15 points: Language is clear but may lack variety or engagement. Style is generally appropriate.
- 14-12 points: Language is unclear or simplistic, with little variation in sentence structure.
- 11-0 points: Language is confusing or inappropriate, with numerous errors that hinder understanding.

**5. Grammar and Mechanics (20 points)**
- 20-18 points: Few to no grammatical, spelling, or punctuation errors. Writing is polished and professional.
- 17-15 points: Some grammatical, spelling, or punctuation errors, but they do not significantly impede understanding.
- 14-12 points: Frequent errors in grammar, spelling, or punctuation that may impede understanding.
- 11-0 points: Numerous errors in grammar, spelling, or punctuation that significantly hinder understanding.

**Final Summary:**
******

This rubric provides a comprehensive framework for evaluating a teenager's essay based on key components such as thesis statement, organization, content, language, and mechanics. By assessing each category, educators can offer constructive feedback that highlights strengths and areas for improvement, ultimately guiding students toward more effective and polished writing.",nan,"### Essay Evaluation Rubric for Teenagers

#### 1. **Thesis Statement (10 points)**
- **10-9 points:** Clear, concise, and well-defined thesis that presents a compelling argument or perspective.
- **8-7 points:** Thesis is clear and presents a solid argument, though it may lack some precision or depth.
- **6-5 points:** Thesis is present but vague or not fully developed; lacks a strong argument.
- **4-3 points:** Thesis is unclear or poorly defined; argument is weak or unfocused.
- **2-1 points:** Thesis is missing or completely unclear.

#### 2. **Organization and Structure (10 points)**
- **10-9 points:** Essay is logically organized with a clear introduction, body, and conclusion; transitions are smooth and enhance the flow.
- **8-7 points:** Essay is generally well-organized with clear sections; transitions are present but may be awkward at times.
- **6-5 points:** Organization is present but may be inconsistent; some sections may lack clarity or logical flow.
- **4-3 points:** Essay lacks clear organization; transitions are weak or missing, making the essay difficult to follow.
- **2-1 points:** Essay is disorganized and lacks a coherent structure.

#### 3. **Content and Development (10 points)**
- **10-9 points:** Ideas are well-developed and supported with strong evidence and examples; demonstrates deep understanding of the topic.
- **8-7 points:** Ideas are developed and supported with adequate evidence; shows good understanding of the topic.
- **6-5 points:** Ideas are present but may lack depth or sufficient evidence; understanding of the topic is basic.
- **4-3 points:** Ideas are underdeveloped with little evidence; understanding of the topic is superficial.
- **2-1 points:** Ideas are poorly developed or missing; lacks understanding of the topic.

#### 4. **Language and Style (10 points)**
- **10-9 points:** Language is clear, varied, and engaging; style is appropriate for the audience and purpose.
- **8-7 points:** Language is generally clear and appropriate; style is consistent but may lack variety.
- **6-5 points:** Language is basic and may be unclear at times; style is inconsistent or inappropriate.
- **4-3 points:** Language is unclear or simplistic; style is inappropriate or distracting.
- **2-1 points:** Language is confusing or incoherent; style is inappropriate or absent.

#### 5. **Grammar and Mechanics (10 points)**
- **10-9 points:** Virtually no errors in grammar, punctuation, or spelling; demonstrates strong command of language conventions.
- **8-7 points:** Few errors in grammar, punctuation, or spelling; errors do not impede understanding.
- **6-5 points:** Some errors in grammar, punctuation, or spelling; errors occasionally impede understanding.
- **4-3 points:** Frequent errors in grammar, punctuation, or spelling; errors often impede understanding.
- **2-1 points:** Numerous errors in grammar, punctuation, or spelling; errors significantly impede understanding.

#### 6. **Creativity and Originality (10 points)**
- **10-9 points:** Essay demonstrates exceptional creativity and originality; offers unique insights or perspectives.
- **8-7 points:** Essay shows creativity and originality; offers some unique insights or perspectives.
- **6-5 points:** Essay shows limited creativity or originality; insights are common or predictable.
- **4-3 points:** Essay lacks creativity or originality; insights are minimal or absent.
- **2-1 points:** Essay is unoriginal and lacks any creative or unique insights.

******

### Final Summary
This rubric provides a comprehensive framework for evaluating a teenager's essay across six key areas: thesis statement, organization and structure, content and development, language and style, grammar and mechanics, and creativity and originality. Each category is scored out of 10 points, allowing for a detailed assessment of the essay's strengths and areas for improvement. By using this rubric, educators can offer constructive feedback that encourages students to refine their writing skills and express their ideas more effectively.",nan
1845,"I was hoping you could help me out with a few things. I wish to learn about how to pay my taxes. Can you summarize the process for me? Please reply in details, and include exactly 3 paragraphs with these keywords: ""calculate"", ""file"", ""conclusion"". Separate the paragraphs with ***.","I was hoping You could help me out with a few things. I wish to learn about how to pay my taxes. Can you summarize the process for me? Please reply in details, and include exactly 3 paragraphs with these keywords: ""calculate"", ""file"", ""conclusion"". Separate the paragraphs with ***.","Paying taxes involves several key steps, starting with the need to accurately calculate your tax liability. To begin, gather all necessary financial documents, such as W-2s, 1099s, and any other income statements. These documents will help you determine your total income for the year. Next, identify any deductions or credits you may be eligible for, which can reduce your taxable income. Common deductions include mortgage interest, student loan interest, and medical expenses, while credits might include those for education or energy-efficient home improvements. Use tax software or consult a tax professional to ensure that your calculations are accurate and that you are maximizing your deductions and credits.

***

Once you have calculated your tax liability, the next step is to file your tax return. In the United States, this is typically done using IRS Form 1040, though there are other forms for specific situations. You can file your taxes electronically through the IRS e-file system or by mailing a paper return. Filing electronically is generally faster and more secure, and it often results in quicker processing of refunds. Be mindful of the tax filing deadline, which is usually April 15th, to avoid any late fees or penalties. If you need more time, you can file for an extension, but remember that this only extends the time to file, not the time to pay any taxes owed.

***

In conclusion, paying taxes is a multi-step process that requires careful calculation and timely filing. By accurately calculating your tax liability and ensuring that you file your return by the deadline, you can avoid unnecessary penalties and make the most of any potential refunds. Staying organized and keeping thorough records throughout the year can simplify this process and help you feel more confident when tax season arrives. Whether you choose to handle your taxes independently or seek assistance from a professional, understanding these fundamental steps will help you fulfill your tax obligations efficiently.",nan,"Certainly! Paying taxes is an essential responsibility for individuals and businesses, and understanding the process can help ensure compliance and avoid penalties. The first step in paying your taxes is to calculate your taxable income. This involves gathering all necessary financial documents, such as W-2s, 1099s, and any other income statements. You'll need to account for all sources of income, including wages, dividends, and any self-employment earnings. Deductions and credits play a crucial role in reducing your taxable income, so it's important to identify which ones you qualify for. Common deductions include mortgage interest, student loan interest, and medical expenses, while credits might include those for education or energy-efficient home improvements. Once you've calculated your taxable income, you can determine the amount of tax owed using the appropriate tax brackets.

***

The next step is to file your tax return. In the United States, this is typically done using IRS Form 1040, although there are variations like the 1040EZ or 1040A for simpler tax situations. You can file your taxes either electronically or by mailing a paper return. Electronic filing is generally faster and more secure, and it often results in quicker refunds if you're owed one. There are various software programs and online services that can assist with e-filing, some of which are free for those with simple tax situations. It's important to file your return by the deadline, usually April 15th, to avoid late fees and interest charges. If you need more time, you can request an extension, but remember that this only extends the time to file, not the time to pay any taxes owed.

***

In conclusion, paying your taxes involves a few key steps: calculating your taxable income, filing your tax return, and ensuring timely payment of any taxes owed. Staying organized and keeping thorough records throughout the year can simplify the process when tax season arrives. If you're unsure about any aspect of your taxes, consider consulting a tax professional who can provide guidance tailored to your specific situation. By understanding and following the tax process, you can fulfill your obligations and potentially maximize your tax benefits.",nan
2653,"Please write the answer to this question in markdown as a song: To what constituency was David Cameron appealing when he announced his plans for a referendum on British membership of the European Union? Make sure your song contains the letter j at least once, and use exactly 3 bullet points in markdown format in the song.","Please write the Answer to this question in markdown as a song: To what constituency was David Cameron appealing when he announced his plans for a referendum on British membership of the European Union? Make sure your song contains the letter j at least once, and use exactly 3 bullet points in markdown format in the song.","```
# The Ballad of Cameron's Call

*(Verse 1)*  
In the halls of Westminster, a tale unfolds,  
A leader with a vision, so bold.  
David Cameron stood with a plan in hand,  
To give the people a choice across the land.

*(Chorus)*  
Oh, the echoes of the Union,  
In the hearts of many a Briton,  
He sought to quell the rising tide,  
And keep the nation unified.

*(Verse 2)*  
To the skeptics and the doubters, he did appeal,  
Promising a referendum, a chance to heal.  
With a pledge to the people, he aimed to sway,  
To keep the Tories united, come what may.

*(Bridge)*  
- The jigsaw of Europe, a puzzle to solve,  
- A journey of choices, where futures evolve,  
- Joining hands or breaking free, the question at play,  

*(Chorus)*  
Oh, the echoes of the Union,  
In the hearts of many a Briton,  
He sought to quell the rising tide,  
And keep the nation unified.

*(Outro)*  
So to the Eurosceptics, his message was clear,  
A referendum promised, to calm their fear.  
In the quest for unity, he took his stand,  
Appealing to a constituency across the land.
```",nan,"```
# The Referendum Song

*(Verse 1)*  
In the halls of old Westminster,  
A tale of choice began to stir,  
David Cameron took the stage,  
With a promise to engage.

*(Chorus)*  
To the people, he did call,  
For a vote to stand or fall,  
Appealing to the hearts and minds,  
Of a nation in divided times.

*(Verse 2)*  
To the skeptics of the Union,  
And those who sought a new communion,  
He offered them a voice, a chance,  
To join the referendum dance.

*(Chorus)*  
To the people, he did call,  
For a vote to stand or fall,  
Appealing to the hearts and minds,  
Of a nation in divided times.

*(Bridge)*  
- The jaded souls who questioned ties,  
- The hopeful ones with brighter eyes,  
- The undecided, in between,  
  All were part of Cameron's dream.

*(Verse 3)*  
In the end, the choice was made,  
A journey set, a path was laid,  
To the constituency he reached,  
With promises and words beseeched.

*(Chorus)*  
To the people, he did call,  
For a vote to stand or fall,  
Appealing to the hearts and minds,  
Of a nation in divided times.

*(Outro)*  
Oh, the echoes of that day,  
In history, they still play,  
David's call to every side,  
In the referendum tide.
```",nan
1389,"Write a letter to your friend who recently moved away. Your entire response should be in English, and in all capital letters. The letter o should appear at least 40 times.","Write a letter to your friend who recently moved away. Your entire response should be in English, and in all capital letters. The Letter o should appear at least 40 times.","DEAR JAMES,

I HOPE THIS LETTER FINDS YOU WELL IN YOUR NEW HOME. IT'S BEEN QUITE AN ADJUSTMENT HERE WITHOUT YOU AROUND. I MISS OUR DAILY OUTINGS AND THE COUNTLESS HOURS WE SPENT TALKING ABOUT EVERYTHING UNDER THE SUN. I KNOW YOU'RE OFF TO A GREAT START IN YOUR NEW CITY, BUT I CAN'T HELP BUT FEEL A LITTLE LONELY WITHOUT MY TRUSTY COMPANION.

HOW IS THE NEW JOB GOING? I REMEMBER YOU WERE BOTH EXCITED AND NERVOUS ABOUT THIS OPPORTUNITY. I HAVE NO DOUBT THAT YOU'LL DO AMAZINGLY WELL. YOUR DEDICATION AND PASSION ALWAYS SHONE THROUGH IN EVERYTHING YOU DID BACK HERE.

THE OLD GANG GOT TOGETHER LAST WEEKEND, AND WE ALL TALKED ABOUT HOW MUCH WE MISS YOU. WE EVEN WENT TO OUR FAVORITE PIZZA PLACE, AND IT WASN'T THE SAME WITHOUT YOU THERE TO ORDER YOUR USUAL PEPPERONI AND OLIVE SPECIAL. WE ALL AGREED TO PLAN A VISIT SOON TO COME SEE YOU AND EXPLORE YOUR NEW NEIGHBORHOOD.

PLEASE LET ME KNOW HOW YOU'RE SETTLING IN AND IF THERE'S ANYTHING YOU NEED FROM BACK HOME. I'M MORE THAN HAPPY TO SEND A CARE PACKAGE YOUR WAY. ALSO, DON'T FORGET TO SEND SOME PHOTOS OF YOUR NEW PLACE AND THE COOL SPOTS YOU'VE DISCOVERED SO FAR.

LOOKING FORWARD TO HEARING FROM YOU SOON. TAKE CARE AND KNOW THAT YOU'RE MISSED MORE THAN YOU CAN IMAGINE.

WITH WARM REGARDS,

ALEX",nan,"DEAR JAMES,

I HOPED TO WRITE TO YOU SOONER, BUT LIFE HAS BEEN QUITE BUSY HERE. I MISS THE OLD DAYS WHEN WE COULD JUST HANG OUT WITHOUT A CARE IN THE WORLD. HOW ARE THINGS IN YOUR NEW TOWN? I HOPE YOU'RE SETTLING IN WELL AND THAT THE MOVE WASN'T TOO STRESSFUL.

I REMEMBER THE LAST TIME WE WENT TO OUR FAVORITE COFFEE SHOP. IT'S ODD GOING THERE WITHOUT YOU. THE OWNER EVEN ASKED ABOUT YOU LAST WEEK. I TOLD HIM YOU MOVED, AND HE SAID YOU SHOULD COME VISIT SOON.

I ALSO WANTED TO LET YOU KNOW THAT OUR FRIENDS ARE PLANNING A LITTLE GET-TOGETHER NEXT MONTH. IT WOULD BE GREAT IF YOU COULD JOIN US. WE ALL MISS YOUR JOKES AND STORIES. LET ME KNOW IF YOU CAN MAKE IT; I CAN HELP WITH ACCOMMODATIONS IF YOU DECIDE TO COME.

I HOPE THIS LETTER FINDS YOU IN GOOD SPIRITS. PLEASE WRITE BACK WHEN YOU HAVE A MOMENT. I LOOK FORWARD TO HEARING ALL ABOUT YOUR NEW ADVENTURES AND EXPERIENCES.

TAKE CARE, AND REMEMBER YOU ALWAYS HAVE A FRIEND HERE.

BEST WISHES,

ALEX",nan
1367,Write an extravagant session plan to learn about java. Make sure to include a postscript starting with P.P.S,Write an extravagant session plan to learn about Java. Make sure to include a postscript starting with P.P.S,"**Extravagant Java Learning Session Plan**

**Session Title:** Java Odyssey: From Novice to Virtuoso

**Duration:** 5 Days Intensive Workshop

**Location:** The Grand Tech Palace, Silicon Valley

**Day 1: The Genesis of Java**

- **Morning:**
  - **Opening Ceremony:** Welcome breakfast with Java-themed pastries and coffee.
  - **Keynote Speech:** ""The Evolution of Java"" by James Gosling, the father of Java.
  - **Interactive Session:** ""Understanding the Java Ecosystem"" - A deep dive into the history, evolution, and current state of Java.

- **Afternoon:**
  - **Workshop:** ""Setting Up Your Java Environment"" - Hands-on session to install and configure Java Development Kit (JDK) and Integrated Development Environment (IDE).
  - **Activity:** ""Hello, World!"" - Write your first Java program with guidance from expert mentors.

- **Evening:**
  - **Networking Gala:** Meet fellow Java enthusiasts and industry leaders over a luxurious dinner.

**Day 2: Core Java Concepts**

- **Morning:**
  - **Lecture:** ""Java Syntax and Semantics"" - Understanding the building blocks of Java.
  - **Interactive Coding Lab:** Practice exercises on variables, data types, and operators.

- **Afternoon:**
  - **Workshop:** ""Control Flow and Arrays"" - Explore loops, conditionals, and array manipulation.
  - **Challenge:** ""Java Puzzle Hunt"" - Solve coding puzzles to reinforce learning.

- **Evening:**
  - **Fireside Chat:** ""The Future of Java"" with Oracle's Chief Java Architect.

**Day 3: Object-Oriented Programming (OOP) in Java**

- **Morning:**
  - **Lecture:** ""The Principles of OOP"" - Encapsulation, inheritance, and polymorphism.
  - **Hands-On Session:** ""Designing Classes and Objects"" - Create your own Java classes.

- **Afternoon:**
  - **Workshop:** ""Interfaces and Abstract Classes"" - Dive deeper into advanced OOP concepts.
  - **Activity:** ""Build a Java Application"" - Start developing a simple Java application.

- **Evening:**
  - **Cultural Experience:** Attend a tech-themed theatrical performance.

**Day 4: Advanced Java Techniques**

- **Morning:**
  - **Lecture:** ""Exception Handling and File I/O"" - Learn to manage errors and file operations.
  - **Interactive Lab:** Practice exception handling and file manipulation.

- **Afternoon:**
  - **Workshop:** ""Java Collections Framework"" - Explore lists, sets, maps, and queues.
  - **Challenge:** ""Data Structures Showdown"" - Compete in a coding challenge using collections.

- **Evening:**
  - **Gala Dinner:** Celebrate achievements with a gourmet feast and live music.

**Day 5: Java in the Real World**

- **Morning:**
  - **Lecture:** ""Java and Databases"" - Introduction to JDBC and database connectivity.
  - **Hands-On Session:** ""Connecting Java with SQL Databases"" - Build a simple database application.

- **Afternoon:**
  - **Workshop:** ""Java Web Development"" - Basics of building web applications using Java.
  - **Project Showcase:** Present your Java application to peers and mentors.

- **Evening:**
  - **Closing Ceremony:** Award ceremony for outstanding participants, followed by a farewell cocktail party.

**Resources Provided:**

- Comprehensive Java eBook and printed materials.
- Access to an exclusive online Java community for continued learning.
- Certificate of Completion signed by industry experts.

**Postscript:**

P.P.S. Remember, the journey of mastering Java is as much about the community and connections you build as it is about the code you write. Embrace every challenge, celebrate every success, and continue to explore the endless possibilities that Java offers. Happy coding!",nan,"**Extravagant Java Learning Session Plan**

**Title: Java Odyssey: A Journey Through Code**

**Objective:**  
To immerse participants in the world of Java programming, equipping them with foundational skills and inspiring a passion for further exploration.

**Duration:**  
3 Days (9:00 AM - 5:00 PM each day)

**Day 1: The Genesis of Java**

*9:00 AM - 9:30 AM: Welcome Breakfast*  
- Gourmet breakfast with artisanal coffee and pastries.
- Introduction to the session, objectives, and agenda.

*9:30 AM - 10:30 AM: The Java Story*  
- Interactive presentation on the history and evolution of Java.
- Discussion on Java's impact on technology and industry.

*10:30 AM - 12:00 PM: Setting the Stage*  
- Hands-on setup of Java development environment.
- Guided tour of popular IDEs (Eclipse, IntelliJ IDEA).

*12:00 PM - 1:00 PM: Networking Lunch*  
- A lavish buffet with opportunities to network with fellow learners and instructors.

*1:00 PM - 3:00 PM: Java Basics Bootcamp*  
- Introduction to Java syntax, data types, and control structures.
- Interactive coding exercises with real-time feedback.

*3:00 PM - 3:30 PM: Afternoon Tea Break*  
- Selection of teas and gourmet snacks.

*3:30 PM - 5:00 PM: Object-Oriented Paradigm*  
- Deep dive into classes, objects, inheritance, and polymorphism.
- Group activity: Designing a simple Java application.

**Day 2: Diving Deeper into Java**

*9:00 AM - 9:30 AM: Morning Energizer*  
- Yoga session to invigorate the mind and body.

*9:30 AM - 11:00 AM: Advanced Java Concepts*  
- Exploration of interfaces, abstract classes, and exception handling.
- Hands-on coding challenges.

*11:00 AM - 12:00 PM: Java Collections Framework*  
- Comprehensive overview of lists, sets, maps, and queues.
- Practical exercises to manipulate data structures.

*12:00 PM - 1:00 PM: Gourmet Lunch*  
- Exquisite three-course meal with a focus on international cuisine.

*1:00 PM - 2:30 PM: Streams and Lambda Expressions*  
- Introduction to functional programming in Java.
- Workshop on using streams and lambdas for efficient data processing.

*2:30 PM - 3:00 PM: Dessert Break*  
- Decadent dessert bar with a variety of sweet treats.

*3:00 PM - 5:00 PM: Building Java Applications*  
- Collaborative project: Develop a small-scale Java application.
- Presentation of projects with peer feedback.

**Day 3: Mastering Java and Beyond**

*9:00 AM - 9:30 AM: Mindfulness Meditation*  
- Guided meditation to enhance focus and creativity.

*9:30 AM - 11:00 AM: Java and the Web*  
- Introduction to Java Servlets and JSP.
- Hands-on session: Creating a simple web application.

*11:00 AM - 12:00 PM: Java in the Cloud*  
- Overview of deploying Java applications on cloud platforms.
- Case studies of Java in cloud computing.

*12:00 PM - 1:00 PM: Farewell Lunch*  
- Elegant farewell lunch with a selection of fine wines.

*1:00 PM - 3:00 PM: Java Best Practices*  
- Discussion on coding standards, design patterns, and performance optimization.
- Interactive Q&A session with industry experts.

*3:00 PM - 3:30 PM: Coffee and Reflection*  
- Coffee break with a focus on reflecting on the learning journey.

*3:30 PM - 5:00 PM: Certification and Closing Ceremony*  
- Awarding of certificates of completion.
- Closing remarks and group photo session.

**P.P.S:**  
Remember, the journey of learning Java doesn't end here. Continue exploring, coding, and creating. Join online communities, contribute to open-source projects, and never stop asking questions. Your adventure in the world of Java has just begun!",nan
3534,"Write a tweet storm with a weird tone about a time when you found out that the earth is indeed not flat. Your response must be in English, with no capital letters, and in 20 to 30 sentences.","Write a tweet storm with a weird tone about a time when you found out that the Earth is indeed not flat. Your response must be in English, with no capital letters, and in 20 to 30 sentences.","1/ so there i was, minding my own business, when i stumbled upon the most peculiar revelation: the earth is not flat. i know, shocking, right? 🌍

2/ it all started on a tuesday, or maybe it was a wednesday. days are hard to keep track of when you're busy contemplating the shape of our planet. 🤔

3/ i was sipping my morning coffee, staring at the horizon, when it hit me like a rogue frisbee. the earth is round. or at least, not flat. ☕️

4/ i mean, how could i have missed it? all those years of geography classes, and here i was, living in blissful ignorance. 📚

5/ i decided to investigate further. i grabbed my trusty globe, which had been serving as a decorative paperweight, and gave it a spin. 🌐

6/ as it twirled, i felt a strange connection to this spherical object. it was like meeting an old friend for the first time. 🤝

7/ i took to the internet, the source of all truths and untruths, to confirm my newfound understanding. the rabbit hole was deep. 🕳️

8/ there were diagrams, equations, and even a few conspiracy theories that tried to pull me back into the flat earth fold. 📈

9/ but i was resolute. i had seen the light, or rather, the curve. the earth was not flat, and i was determined to spread the word. 💡

10/ i told my neighbor, who looked at me like i had just announced i was moving to mars. maybe next year. 🚀

11/ i called my mom. she sighed and said, ""i told you so."" moms always know, don't they? 📞

12/ i even tried to explain it to my cat, who seemed more interested in chasing a sunbeam than contemplating planetary shapes. 🐱

13/ the more i thought about it, the more it made sense. airplanes, ships, even the way the stars move. it all clicked. ✈️

14/ i felt like a detective who had just cracked the case of the century. sherlock holmes, eat your heart out. 🕵️‍♂️

15/ i started seeing curves everywhere. in the clouds, in the waves, even in my spaghetti. 🍝

16/ it was like the universe was winking at me, saying, ""welcome to the club, we've been expecting you."" 😉

17/ i couldn't help but wonder how many others were out there, still living in a flat world. 🌌

18/ i wanted to shout it from the rooftops, but i settled for tweeting it instead. much safer that way. 🏠

19/ so here i am, sharing my journey with you all, hoping to inspire a few more to see the world in all its rounded glory. 🌎

20/ because once you see the curve, there's no going back. it's a whole new world out there, and it's anything but flat. 🌈

21/ so grab a globe, take a spin, and join me on this wild, wonderful, and definitely not flat adventure. 🎢

22/ who knew that a simple morning coffee could lead to such a profound realization? life is full of surprises. ☕️

23/ and remember, the earth may not be flat, but my sense of humor certainly is. stay curious, my friends. 😂

24/ until next time, keep looking up, and don't forget to enjoy the ride. after all, it's a round trip. 🌍

25/ signing off, your friendly neighborhood round-earth enthusiast. over and out. 🚀",nan,"1/20 so there i was, minding my own business, when i stumbled upon the most peculiar revelation: the earth is not flat.  
2/20 i mean, who would've thought, right? all those maps and globes weren't just elaborate pranks.  
3/20 it all started on a tuesday, which is the most suspicious day of the week if you ask me.  
4/20 i was sipping my coffee, contemplating the mysteries of the universe, when it hit me like a rogue frisbee.  
5/20 the earth is round-ish, like a cosmic meatball floating in the vast spaghetti of space.  
6/20 i decided to investigate further, because who trusts a single epiphany these days?  
7/20 i consulted the oracle of google, which, as we all know, holds the secrets of the universe.  
8/20 turns out, there are these things called ""satellites"" that orbit the earth. mind-blowing, right?  
9/20 they take pictures of our planet, and guess what? it's not a pancake.  
10/20 more like a slightly squished basketball, if you ask me.  
11/20 i felt like columbus, discovering a whole new world, except i didn't have to sail across an ocean.  
12/20 i mean, i always wondered why planes didn't just fall off the edge.  
13/20 turns out, there's no edge. just endless horizons and a whole lot of ocean.  
14/20 i shared this newfound knowledge with my cat, who seemed unimpressed.  
15/20 cats are notoriously hard to impress, especially with matters of planetary shape.  
16/20 but i digress. back to the earth and its delightful roundness.  
17/20 i started seeing circles everywhere. pizzas, coins, even my coffee cup.  
18/20 it was like the universe was in on the joke, winking at me with every round object.  
19/20 so here i am, a humble earthling, spinning on this spherical rock in space.  
20/20 and to think, it all started with a cup of coffee on a suspicious tuesday. who knew?",nan
3407,Write a 100 word riddle that leaves the reader satisfied and enlightened. Include a few words in all capital letters. But the number of words in all capital letters should be less than 5.,Write a 100 word riddle that leaves the reader satisfied and enlightened. Include a few words in all capital letters. But the number of Words in all capital letters should be less than 5.,"In a room without doors, a MYSTERY lies,  
A silent companion, under open skies.  
It dances with shadows, yet makes no sound,  
Invisible artist, painting the ground.  

Born with the dawn, it stretches and grows,  
Shrinks with the sun, as the evening glows.  
It follows your steps, but cannot be caught,  
A faithful mimic, yet never taught.  

What am I, this elusive friend,  
That stays by your side till the day's end?  
In the light, I am found, in darkness, I flee,  
A reflection of you, but never to BE.  

What am I?",nan,"I speak without a mouth and hear without ears. I have no body, but I come alive with WIND. I am born in silence, yet my voice can be heard from miles away. I can be a whisper or a ROAR, a gentle reminder or a warning to heed. I am invisible, yet I can move mountains and shape the land. I am the breath of the earth, the song of the sky. What am I? Listen closely, and you will find me in the rustle of leaves and the crash of waves. I am the ECHO of nature's voice.",nan
2909,"Could you elaborate on the sentence ""A gymnast is in the air, performing a stunt.""? Please highlight at least 6 sections in your answer with markdown, i.e. *highlighted section*. Please write at least 300 words.","Could you Elaborate on the sentence ""A gymnast is in the air, performing a stunt.""? Please highlight at least 6 sections in your answer with markdown, i.e. *highlighted section*. Please write at least 300 words.","Certainly! The sentence ""A gymnast is in the air, performing a stunt"" paints a vivid picture of a dynamic and graceful moment in the world of gymnastics. Let's break it down and explore the various elements involved.

Firstly, *the gymnast* is the central figure in this scene. A gymnast is an athlete who has trained extensively in the sport of gymnastics, which requires a combination of strength, flexibility, balance, and coordination. Gymnasts often start training at a young age and dedicate countless hours to perfecting their skills. They are known for their discipline and dedication, as well as their ability to perform complex movements with precision.

Next, *being in the air* signifies a moment of suspension and flight. This is a critical aspect of many gymnastics routines, especially in events like the floor exercise, vault, and uneven bars. When a gymnast is airborne, they are often executing a leap, jump, or flip, showcasing their ability to defy gravity momentarily. This moment requires not only physical strength but also mental focus and spatial awareness to ensure a safe and successful landing.

*Performing a stunt* refers to the specific skill or combination of skills the gymnast is executing while in the air. Stunts in gymnastics can range from simple jumps to complex flips and twists. Each stunt is carefully choreographed and practiced repeatedly to achieve perfection. The execution of a stunt involves precise timing and technique, as even a slight miscalculation can lead to a fall or injury.

*The artistry involved* in gymnastics is another important aspect. While the physical execution of stunts is crucial, the presentation and fluidity of movement are equally important. Gymnasts are judged not only on their technical skills but also on their ability to perform with grace and elegance. This artistic component adds an aesthetic dimension to the sport, making it captivating to watch.

*The role of the audience* should not be overlooked. Whether in a small gymnasium or a large arena, the presence of spectators adds an element of pressure and excitement. The audience's reactions can inspire and motivate the gymnast, providing an adrenaline boost that enhances performance. The connection between the gymnast and the audience is a unique aspect of the sport, as the energy in the room can be palpable.

Finally, *the culmination of training and preparation* is evident in this moment. The gymnast's ability to perform a stunt in the air is the result of years of hard work, practice, and perseverance. It reflects not only their physical capabilities but also their mental toughness and resilience. This moment is a testament to their commitment to the sport and their pursuit of excellence.

In summary, the sentence ""A gymnast is in the air, performing a stunt"" encapsulates a moment of athletic prowess, artistic expression, and personal achievement, highlighting the multifaceted nature of gymnastics.",nan,"Certainly! The sentence ""A gymnast is in the air, performing a stunt"" paints a vivid picture of a dynamic and graceful moment in the world of gymnastics. Let's break it down and explore the various elements involved in this scenario.

Firstly, *the gymnast* is the central figure in this scene. A gymnast is an athlete who has undergone extensive training to develop strength, flexibility, balance, and coordination. These athletes are known for their ability to perform complex movements with precision and grace. In this context, the gymnast is likely someone who has dedicated years to honing their craft, mastering various techniques and routines.

Next, we consider *the phrase ""in the air.""* This suggests that the gymnast is currently airborne, having launched themselves off the ground or an apparatus. This moment of flight is a critical aspect of many gymnastics routines, showcasing the athlete's ability to defy gravity and execute maneuvers that require both power and control. Being in the air is a testament to the gymnast's skill, as it involves precise timing and body awareness to ensure a safe and successful landing.

The term *""performing a stunt""* indicates that the gymnast is executing a specific skill or sequence of movements. Stunts in gymnastics can range from flips and twists to complex combinations that require split-second timing and coordination. Each stunt is a carefully choreographed element of a routine, designed to demonstrate the gymnast's technical proficiency and artistic expression.

*The environment* in which this scene takes place is also worth considering. Gymnasts often perform in a gymnasium or competition arena, where they have access to various apparatuses such as the balance beam, uneven bars, or vault. The setting provides the necessary equipment and space for the gymnast to perform their stunts safely and effectively.

*The audience* plays a significant role in this scenario as well. Whether in a competitive setting or a practice session, the presence of spectators can influence a gymnast's performance. The audience's reactions, such as applause or gasps of awe, can provide motivation and feedback to the athlete, enhancing the overall experience of the performance.

Finally, *the artistry and athleticism* involved in gymnastics cannot be overstated. This sport is a unique blend of physical prowess and creative expression, where athletes must not only execute technical skills but also convey a sense of artistry and elegance. The gymnast's ability to perform a stunt in the air is a testament to their dedication and passion for the sport, as well as their commitment to pushing the boundaries of what is possible in gymnastics.",nan
2417,"Answer the following math problem in a different language, use bullet points, and give alternative answers. Refrain from using commas in your response. Natalia was buying books for her children. She bought 2 books for $24 each, and 3 books for $36 each. How much did she pay in total?","Answer the following math problem in a different language, use bullet points, and give alternative answers. Refrain from using commas in your response. Natalia was buying books for her children. She bought 2 books for $24 each, and 3 books for $36 each. How much did She pay in total?","- En español:
  - Natalia pagó $48 por los dos primeros libros
  - Pagó $108 por los tres libros restantes
  - En total pagó $156

- En français:
  - Natalia a payé 48 $ pour les deux premiers livres
  - Elle a payé 108 $ pour les trois autres livres
  - Au total elle a payé 156 $

- Auf Deutsch:
  - Natalia zahlte 48 $ für die ersten zwei Bücher
  - Sie zahlte 108 $ für die drei anderen Bücher
  - Insgesamt zahlte sie 156 $",nan,"**Español:**

- Natalia compró 2 libros a $24 cada uno
- Total por los 2 libros: \(2 \times 24 = 48\) dólares
- Natalia compró 3 libros a $36 cada uno
- Total por los 3 libros: \(3 \times 36 = 108\) dólares
- Total pagado: \(48 + 108 = 156\) dólares

**Français:**

- Natalia a acheté 2 livres à 24 $ chacun
- Total pour les 2 livres: \(2 \times 24 = 48\) dollars
- Natalia a acheté 3 livres à 36 $ chacun
- Total pour les 3 livres: \(3 \times 36 = 108\) dollars
- Total payé: \(48 + 108 = 156\) dollars

**Deutsch:**

- Natalia kaufte 2 Bücher für je 24 $
- Gesamt für die 2 Bücher: \(2 \times 24 = 48\) Dollar
- Natalia kaufte 3 Bücher für je 36 $
- Gesamt für die 3 Bücher: \(3 \times 36 = 108\) Dollar
- Gesamt bezahlt: \(48 + 108 = 156\) Dollar",nan
168,"Write a funny and sarcastic template for rating the quality of a marriage between two people who are both moms. This is for the couple themselves. Please highlight at least 3 sections with markdown,  i.e *highlighted section*.","Write a funny and sarcastic template for rating the quality of a marriage between two people who are both Moms. This is for the couple themselves. Please highlight at least 3 sections with markdown, i.e *highlighted section*.","# Marriage Quality Rating Template for Two Moms

Hey there, dynamic duo! Congratulations on surviving another day of marital bliss. It's time to take a step back and rate the quality of your marriage. Remember, this is all in good fun, so grab a glass of wine (or two) and let's dive in!

## Communication Skills
Ah, communication—the cornerstone of any successful relationship. Let's see how you two are doing in this department.

- **Telepathic Connection:** Do you finish each other's sentences, or are you still working on that mind-reading thing?
- **Texting Efficiency:** Are your text messages more like love letters or grocery lists?
- **Conflict Resolution:** Do you resolve disagreements with grace, or is it more like a WWE smackdown?

*Rating:* ⭐⭐⭐⭐⭐ (Because who needs words when you have eye rolls?)

## Parenting Teamwork
Raising kids is a team sport, and you two are the MVPs. Let's see how well you're playing the game.

- **Divide and Conquer:** Are you both equally involved, or is one of you the designated snack-fetcher?
- **Disciplinary Styles:** Are you good cop and bad cop, or more like confused cop and bribing cop?
- **Bedtime Routine:** Is it a well-oiled machine, or more like herding cats?

*Rating:* ⭐⭐⭐⭐ (Because let's face it, the kids are still alive, and that's what counts.)

## Romance and Intimacy
Ah, romance—the thing you vaguely remember from your pre-kid days. Let's see how you're keeping the spark alive.

- **Date Nights:** Are they a regular occurrence, or more like a mythical creature you've heard about but never seen?
- **Affection Levels:** Are you still in the honeymoon phase, or is it more like a comfortable pair of sweatpants?
- **Spontaneity:** Do you surprise each other with romantic gestures, or is it more like ""surprise, I did the laundry""?

*Rating:* ⭐⭐⭐ (Because who needs romance when you have Netflix and takeout?)

## Household Management
Running a household is no small feat. Let's see how you're handling the chaos.

- **Chore Distribution:** Is it a fair split, or is one of you the household CEO while the other is the unpaid intern?
- **Financial Planning:** Are you budgeting pros, or is it more like ""let's hope for the best""?
- **Home Improvement:** Are you DIY enthusiasts, or is it more like ""call the professionals""?

*Rating:* ⭐⭐⭐⭐ (Because the house hasn't burned down yet, and that's a win.)

## Overall Happiness
Finally, let's take a look at the big picture. How happy are you in this wonderful, chaotic, and sometimes ridiculous journey called marriage?

- **Laughter Levels:** Are you laughing together every day, or is it more like ""laughing to keep from crying""?
- **Support System:** Are you each other's biggest cheerleaders, or more like reluctant fans?
- **Future Goals:** Are you on the same page, or is it more like different books in different languages?

*Rating:* ⭐⭐⭐⭐⭐ (Because at the end of the day, you're in this together, and that's what really matters.)

---

So there you have it, your very own marriage quality rating! Remember, no matter the score, the most important thing is that you're both committed to making it work. Now go give each other a high-five, a hug, or maybe even a kid-free weekend getaway. You deserve it!",nan,"# Marriage Quality Evaluation: The Mom Edition

Welcome to your personalized Marriage Quality Evaluation! As two amazing moms navigating the wild world of matrimony, it's time to take a humorous and slightly sarcastic look at how you're doing. Remember, this is all in good fun, so grab a glass of wine (or a juice box) and let's dive in!

## 1. Communication Skills

*Rating: ⭐⭐⭐⭐☆*

*Highlighted Section*: ""Congratulations! Your communication skills are almost as impressive as your ability to decipher toddler gibberish. Whether it's discussing the grocery list or negotiating who gets to sleep in on Saturday, you're practically experts. Just remember, 'I told you so' is not a love language.""

## 2. Conflict Resolution

*Rating: ⭐⭐⭐☆☆*

*Highlighted Section*: ""Ah, conflict resolution—the fine art of deciding who gets to be the 'bigger person' this time. Your ability to resolve disputes is commendable, especially when it comes to deciding whose turn it is to clean up the latest crayon mural on the wall. Just a tip: Rock, paper, scissors is a perfectly valid method for settling arguments.""

## 3. Romance and Intimacy

*Rating: ⭐⭐☆☆☆*

*Highlighted Section*: ""Romance? What's that? Oh right, it's that thing you used to do before kids. While candlelit dinners have been replaced by midnight diaper changes, your ability to find intimacy in the chaos is truly inspiring. Remember, nothing says 'I love you' like letting the other person have the last slice of pizza.""

## 4. Parenting Teamwork

*Rating: ⭐⭐⭐⭐⭐*

""Parenting is a team sport, and you two are the MVPs! Whether it's tag-teaming bedtime stories or synchronizing your eye rolls at the latest parenting fad, your teamwork is unparalleled. Keep up the good work, and remember: united you stand, divided you fall into a pile of mismatched socks.""

## 5. Household Management

*Rating: ⭐⭐⭐☆☆*

""Managing a household is like running a small country, and you two are the benevolent dictators. Sure, there are occasional coups (usually led by the kids), but your ability to maintain order amidst the chaos is impressive. Just remember, a little dust never hurt anyone, and sometimes cereal for dinner is a perfectly acceptable choice.""

## Final Thoughts

In conclusion, your marriage is a beautiful blend of love, laughter, and the occasional eye roll. Keep up the great work, and remember: the secret to a happy marriage is a sense of humor and a well-stocked snack drawer. Cheers to you both! 🍷🍕",nan
1393,List the pros and cons of using two different names for the same thing. Make sure the word synonyms appears at least 3 time.,List the Pros and cons of using two different names for the same thing. Make sure the word synonyms appears at least 3 time.,"Using two different names for the same thing can have both advantages and disadvantages. Here’s a breakdown of the pros and cons, with a focus on the concept of synonyms:

### Pros:

1. **Enhanced Communication:**
   - Synonyms can enrich language and provide multiple ways to express the same idea, making communication more versatile and nuanced.

2. **Audience Adaptation:**
   - Different synonyms can be used to tailor communication to different audiences. For example, technical terms might be used in professional settings, while simpler synonyms might be used in casual conversation.

3. **Avoiding Repetition:**
   - Using synonyms helps avoid repetition, making writing and speech more engaging and less monotonous.

4. **Cultural and Regional Variations:**
   - Synonyms can reflect cultural or regional differences, allowing for more inclusive communication that respects local dialects and expressions.

5. **Creative Expression:**
   - Writers and speakers can use synonyms to add variety and creativity to their work, enhancing the aesthetic quality of language.

### Cons:

1. **Potential Confusion:**
   - Using different synonyms for the same thing can lead to confusion, especially if the audience is not familiar with all the terms.

2. **Misinterpretation:**
   - Synonyms might have slightly different connotations or nuances, which can lead to misinterpretation if the wrong synonym is used in a particular context.

3. **Inconsistency:**
   - In formal writing or documentation, using multiple synonyms can create inconsistency, making it harder for readers to follow and understand the material.

4. **Learning Challenges:**
   - For language learners, encountering multiple synonyms for the same concept can be overwhelming and complicate the learning process.

5. **Dilution of Meaning:**
   - Overuse of synonyms can dilute the specific meaning or impact of a term, especially if one synonym is more precise or widely recognized than others.

In summary, while synonyms can enhance communication and add richness to language, they can also introduce challenges related to clarity and consistency. Balancing the use of synonyms with the need for clear and effective communication is key.",nan,"Using two different names for the same thing can have both advantages and disadvantages. Here’s a detailed list of pros and cons, with the word ""synonyms"" included as requested:

### Pros:

1. **Enhanced Communication**: Synonyms can enrich language and provide more ways to express the same idea, making communication more versatile and nuanced.

2. **Audience Adaptation**: Different synonyms can be used to tailor communication to different audiences. For example, technical jargon might be appropriate in professional settings, while simpler terms might be better for general audiences.

3. **Cultural Sensitivity**: Using synonyms allows for cultural sensitivity and inclusivity, as different cultures or regions might prefer different terms for the same concept.

4. **Creative Expression**: Writers and speakers can use synonyms to avoid repetition and make their language more engaging and dynamic.

5. **Clarification and Emphasis**: Sometimes, using different names can help clarify a concept or emphasize different aspects of it, depending on the context.

### Cons:

1. **Confusion and Misunderstanding**: Using multiple synonyms for the same thing can lead to confusion, especially if the audience is not familiar with all the terms.

2. **Inconsistency**: Inconsistent use of synonyms can create ambiguity, making it difficult for people to understand whether different terms refer to the same concept.

3. **Learning Curve**: For language learners or individuals new to a field, encountering multiple synonyms can complicate the learning process and make it harder to grasp key concepts.

4. **Dilution of Meaning**: Overuse of synonyms might dilute the specific meaning or connotation of a term, leading to a loss of precision in communication.

5. **Inefficiency**: In some cases, using multiple names for the same thing can be inefficient, requiring additional explanation or clarification to ensure understanding.

In summary, while synonyms can enhance communication by providing flexibility and richness, they can also introduce challenges such as confusion and inconsistency. Balancing the use of synonyms with clarity and context is key to effective communication.",nan
2035,"Write a joke with at least 5 sentences. Use Markdown to italicize at least 2 sections in your answer, i.e. *italic text*. Wrap your answer in double quotes.","Write a joke with at least 5 sentences. Use MARKDOWN to italicize at least 2 sections in your answer, i.e. *italic text*. Wrap your answer in double quotes.","""Why did the scarecrow win an award? Well, you see, he was *outstanding* in his field. But that's not all! He had a knack for making the crows *laugh* so hard, they forgot to eat the crops. One day, a crow even brought him a trophy, saying, 'For the best comedian in the cornfield!' The scarecrow just stood there, speechless, because, well, he was stuffed with straw!""",nan,"""Why did the scarecrow win an award? Well, you see, he was *outstanding* in his field. But that's not all! He had a knack for making the crows *laugh their feathers off*. Every time they tried to land, he'd crack a joke so funny that they'd fly away in stitches. So, not only did he keep the crops safe, but he also became the farm's top comedian!""",nan
1174,"Write a template for a chat bot that takes a user's location and gives them the weather forecast. Use the letter o as a keyword in the syntax of the template. The letter o should appear at least 6 times.. Your response should contain fewer than 6 sentences. Highlight at least 2 text sections, i.e. *highlighted section*.","Write a template for a chat bot that takes a user's location and gives them the WEATHER forecast. Use the letter o as a keyword in the syntax of the template. The letter o should appear at least 6 times.. Your response should contain fewer than 6 sentences. Highlight at least 2 text sections, i.e. *highlighted section*.","```plaintext
Hello! I'm your weather assistant bot. *To get started*, please provide your location. 

Once I have your location, I'll *look up the latest weather forecast* for you. 

Remember, the more specific your location, the more accurate the forecast. 

Thank you for using our service, and I hope you have a great day, rain or shine!
```",nan,"```plaintext
Hello! I'm your friendly weather bot. Please enter your location to get the latest weather forecast.

*Location*: [User Input]

Thank you! Fetching the weather forecast for *your location*...

Today's weather in [User Location]:  
- Temperature: [Temperature]°C  
- Condition: [Weather Condition]  
- Humidity: [Humidity]%  
- Wind Speed: [Wind Speed] km/h  

*Note*: Weather data is updated every hour. Stay tuned for more updates and enjoy your day, rain or shine!
```",nan
1446,"Write an article about the reality of disability. Your article must end with the exact phrase ""Is there anything else I can help with?"". No other words should follow this phrase.","Write an article about the reality of DISABILITY. Your article must end with the exact phrase ""Is there anything else I can help with?"". No other words should follow this phrase.","**The Reality of Disability: Navigating a World Not Built for All**

In a world that often prides itself on progress and inclusivity, the reality of living with a disability can starkly contrast with the ideals society claims to uphold. For millions of people globally, disability is not just a medical condition but a complex social experience shaped by barriers, both physical and attitudinal, that hinder full participation in everyday life.

**Understanding Disability**

Disability is a broad term that encompasses a wide range of physical, sensory, intellectual, and mental health conditions. According to the World Health Organization, over a billion people, about 15% of the world's population, live with some form of disability. Despite this significant number, the lived experiences of individuals with disabilities are often marginalized or misunderstood.

**Barriers to Accessibility**

One of the most pressing issues faced by people with disabilities is accessibility. While many countries have laws mandating accessible public spaces, the reality is that many environments remain challenging to navigate. From buildings without ramps or elevators to public transportation systems that lack accommodations, physical barriers are a daily reminder of the exclusion faced by those with disabilities.

Digital accessibility is another critical area where progress is needed. As the world becomes increasingly digital, ensuring that websites, apps, and online services are accessible to all is paramount. Unfortunately, many digital platforms still fail to meet basic accessibility standards, leaving individuals with disabilities at a disadvantage.

**The Attitudinal Barrier**

Beyond physical and digital barriers, attitudinal barriers pose significant challenges. Misconceptions and stereotypes about disability can lead to discrimination and social exclusion. Many people with disabilities report feeling underestimated or overlooked in professional and social settings. This can lead to a lack of opportunities for employment, education, and social engagement, further perpetuating cycles of poverty and isolation.

**The Importance of Inclusion**

Creating a truly inclusive society requires more than just removing barriers; it demands a shift in mindset. It involves recognizing the value and potential of every individual, regardless of their abilities. Inclusive practices in education, employment, and community life can empower people with disabilities to contribute fully to society.

Employers, educators, and policymakers play a crucial role in fostering inclusion. By implementing policies that promote diversity and accessibility, they can create environments where everyone has the opportunity to thrive. This includes providing reasonable accommodations, promoting flexible work arrangements, and ensuring that educational institutions are equipped to support students with disabilities.

**A Call to Action**

The reality of disability is a complex interplay of challenges and opportunities. While progress has been made, there is still much work to be done to ensure that people with disabilities can live with dignity and independence. It is a collective responsibility to advocate for change, challenge stereotypes, and build a world that is truly inclusive.

As we strive to create a more equitable society, it is essential to listen to the voices of those with lived experiences of disability. Their insights and perspectives are invaluable in shaping policies and practices that reflect the diverse needs of all individuals.

Is there anything else I can help with?",nan,"**The Reality of Disability: Navigating a World Not Built for All**

In a world that often prioritizes speed, efficiency, and convenience, the reality of living with a disability can present unique challenges that many people may not fully understand. Disabilities, whether visible or invisible, can affect individuals in myriad ways, influencing their daily lives, interactions, and opportunities. As society progresses, there is a growing recognition of the need to create more inclusive environments. However, the journey toward true inclusivity is ongoing, and understanding the lived experiences of those with disabilities is crucial.

**Understanding Disability**

Disability is a broad term that encompasses a wide range of physical, mental, sensory, and cognitive impairments. These can be congenital or acquired, temporary or permanent, and can vary significantly in severity. According to the World Health Organization, over a billion people, about 15% of the world's population, live with some form of disability. This statistic underscores the importance of addressing the needs and rights of this significant portion of the global community.

**Barriers to Inclusion**

One of the most significant challenges faced by individuals with disabilities is the presence of barriers that limit their full participation in society. These barriers can be physical, such as inaccessible buildings and public transportation, or attitudinal, stemming from stereotypes and misconceptions about disability. For instance, the assumption that individuals with disabilities are less capable can lead to discrimination in employment, education, and social settings.

Moreover, the lack of adequate support services and resources can exacerbate these challenges. Access to healthcare, assistive technologies, and inclusive education are essential for empowering individuals with disabilities to lead fulfilling lives. Unfortunately, these resources are not always readily available or affordable, particularly in low-income regions.

**The Importance of Advocacy and Awareness**

Advocacy plays a crucial role in challenging the status quo and pushing for systemic change. Disability rights movements have made significant strides in promoting legislation and policies that protect the rights of individuals with disabilities. The Americans with Disabilities Act (ADA) in the United States and the United Nations Convention on the Rights of Persons with Disabilities (CRPD) are landmark frameworks that aim to ensure equality and accessibility.

Raising awareness about disability is equally important. Education and open dialogue can help dismantle stereotypes and foster a more inclusive society. By highlighting the achievements and contributions of individuals with disabilities, we can shift the narrative from one of limitation to one of potential and empowerment.

**The Path Forward**

Creating a truly inclusive society requires a collective effort. It involves rethinking how we design our environments, from urban planning to digital spaces, to ensure they are accessible to all. It also means fostering a culture of empathy and understanding, where differences are celebrated rather than stigmatized.

Employers, educators, policymakers, and community leaders all have a role to play in this transformation. By prioritizing accessibility and inclusivity, we can create opportunities for individuals with disabilities to thrive and contribute meaningfully to society.

In conclusion, while progress has been made, there is still much work to be done to address the reality of disability. By continuing to advocate for change and promote awareness, we can move closer to a world where everyone, regardless of ability, has the opportunity to live with dignity and independence. Is there anything else I can help with?",nan
1943,"My brother is trying to install a new toilet in his bathroom. Could you give me details of how-to? You don't need to show all details -- just the first 5 steps for now. Separated them with ""***"", such as:
Step 1: ......
***
Step 2: ......
***
...

End your whole response with the phrase ""Let me know how it works. I can give you next steps when you finish all steps above.""","My brother is trying to install a new toilet in his bathroom. Could you give me details of how-to? You don't need to show all details -- just the first 5 steps for now. Separated them with ""***"", such as:
Step 1: ......
***
Step 2: ......
***
...

End your whole response with the PHRASE ""Let me know how it works. I can give you next steps when you finish all steps above.""","Certainly! Here are the first five steps for installing a new toilet:

Step 1: Gather Your Tools and Materials  
Before starting, make sure you have all the necessary tools and materials. This typically includes a new toilet, a wax ring, a wrench, a screwdriver, a level, a tape measure, and plumber's tape.

***

Step 2: Turn Off the Water Supply  
Locate the shut-off valve behind the toilet and turn it clockwise to stop the flow of water. Flush the toilet to drain as much water as possible from the tank and bowl. Use a sponge or towel to soak up any remaining water.

***

Step 3: Remove the Old Toilet  
Unscrew the nuts from the bolts at the base of the toilet using a wrench. Carefully lift the old toilet off the floor and set it aside. Be cautious, as it may still have some water inside. Remove the old wax ring from the flange on the floor.

***

Step 4: Inspect and Prepare the Flange  
Check the flange for any damage. If it's cracked or broken, it may need to be replaced. Clean the area around the flange to ensure a good seal with the new wax ring.

***

Step 5: Install the New Wax Ring  
Place the new wax ring on the flange. Make sure it's centered and properly seated to create a watertight seal when the new toilet is installed.

Let me know how it works. I can give you next steps when you finish all steps above.",nan,"Step 1: Turn off the water supply to the existing toilet by closing the shut-off valve located behind or near the toilet. Flush the toilet to drain as much water as possible from the tank and bowl. Use a sponge or towel to soak up any remaining water.

***
Step 2: Disconnect the water supply line from the toilet tank. Use an adjustable wrench to loosen the nut connecting the supply line to the tank. Be prepared for a small amount of water to spill out.

***
Step 3: Remove the old toilet by unscrewing the nuts from the bolts on the base of the toilet. These bolts are usually covered by caps, which you can pry off with a flathead screwdriver. Once the nuts are removed, gently rock the toilet back and forth to break the wax seal and lift it off the floor.

***
Step 4: Scrape off the old wax ring from the flange on the floor using a putty knife. Ensure the flange is clean and in good condition. If it's damaged, you may need to replace it before proceeding.

***
Step 5: Place a new wax ring on the flange. Make sure it is centered properly. Some people prefer to place the wax ring on the bottom of the toilet bowl outlet instead, but either method works as long as it is aligned correctly.

Let me know how it works. I can give you next steps when you finish all steps above.",nan
1000,"Write a 300+ word summary of the wikipedia page ""https://en.wikipedia.org/wiki/Raymond_III,_Count_of_Tripoli"". Do not use any commas and highlight at least 3 sections that has titles in markdown format, for example *highlighted section part 1*, *highlighted section part 2*, *highlighted section part 3*.","Write a 300+ word summary of the wikipedia page ""https://en.wikipedia.org/wiki/Raymond_III,_Count_of_Tripoli"". Do not use any commas and HIGHLIGHT at least 3 sections that has titles in markdown format, for example *highlighted section part 1*, *highlighted section part 2*, *highlighted section part 3*.","Raymond III Count of Tripoli was a significant figure in the history of the Crusader states during the 12th century. Born around 1140 he was the son of Raymond II and Hodierna of Jerusalem. He became the Count of Tripoli in 1152 following the assassination of his father. His reign was marked by both internal and external challenges as he navigated the complex political landscape of the Crusader states and their Muslim neighbors.

*Early Life and Ascension*

Raymond's early life was shaped by the turbulent environment of the Crusader states. His father Raymond II was assassinated when he was just a child leaving him to inherit the title of Count of Tripoli. Due to his young age his mother Hodierna acted as regent until he came of age. During this period the county faced threats from both the Muslim forces and internal disputes among the Crusader nobility.

*Political and Military Career*

Raymond III's political and military career was marked by his involvement in the broader politics of the Latin East. He was a key player in the Kingdom of Jerusalem and often found himself at odds with other Crusader leaders. One of his notable contributions was his role in the formation of the coalition that opposed the aggressive expansion of the Muslim leader Nur ad-Din. Raymond was also involved in the politics surrounding the succession of the Kingdom of Jerusalem. He served as regent for Baldwin IV who was afflicted with leprosy and later for Baldwin V. His regency was characterized by attempts to maintain stability and balance among the various factions within the kingdom.

*Later Years and Legacy*

In his later years Raymond III faced significant challenges including the rise of Saladin who posed a formidable threat to the Crusader states. Despite his efforts to forge alliances and strengthen defenses the Crusader states suffered a major defeat at the Battle of Hattin in 1187. Raymond's legacy is complex as he is often remembered for his diplomatic skills and efforts to maintain the fragile unity of the Crusader states. He died in 1187 shortly after the fall of Jerusalem to Saladin's forces marking the end of an era for the Crusader states in the Levant. His life and career reflect the broader struggles and dynamics of the Crusader period in the Middle East.",nan,"Raymond III Count of Tripoli was a significant figure in the history of the Crusader states during the 12th century. Born around 1140 he was the son of Raymond II of Tripoli and Hodierna of Jerusalem. He became the Count of Tripoli in 1152 following the assassination of his father. Raymond's rule was marked by his involvement in the complex political and military affairs of the Crusader states and his interactions with both Christian and Muslim leaders.

*Highlighted section part 1*: **Early Life and Ascension**  
Raymond's early life was shaped by the turbulent environment of the Crusader states. His father was assassinated when Raymond was still young which thrust him into a position of leadership at an early age. As Count of Tripoli he was responsible for defending his territories against Muslim forces while also navigating the intricate politics of the Latin East. His mother Hodierna played a crucial role in his early reign acting as a regent until he came of age.

*Highlighted section part 2*: **Political and Military Career**  
Raymond III was a key player in the politics of the Crusader states. He was known for his diplomatic skills and his ability to form alliances with both Christian and Muslim leaders. He was involved in several military campaigns including the defense of his territories against the forces of Nur ad-Din and later Saladin. Raymond's political acumen was evident in his ability to maintain Tripoli's independence and influence despite the constant threats from surrounding powers.

*Highlighted section part 3*: **Role in the Kingdom of Jerusalem**  
Raymond's influence extended beyond Tripoli as he played a significant role in the affairs of the Kingdom of Jerusalem. He was a member of the High Court of Jerusalem and served as regent for Baldwin IV during the latter's minority. His relationship with the royal family was complex marked by both cooperation and conflict. Raymond's leadership was crucial during the period leading up to the Battle of Hattin in 1187 where the Crusader forces suffered a devastating defeat at the hands of Saladin.

Raymond III's legacy is a testament to the challenges faced by the Crusader states during the 12th century. His ability to navigate the political and military landscape of the time highlights his importance as a leader in the Latin East. Despite the eventual fall of the Crusader states Raymond's efforts to maintain stability and influence in the region are remembered as a significant part of the history of the Crusades.",nan
1075,Can you help me make an advertisement for a new product? It's a diaper that's designed to be more comfortable for babies and I want the entire output in JSON format.,Can you help me make an advertisement for a new product? It's a diaper that's designed to be more comfortable for BABIES and I want the entire output in JSON format.,"Certainly! Below is a JSON representation of an advertisement for your new diaper product designed for enhanced comfort for babies:

```json
{
  ""advertisement"": {
    ""product_name"": ""ComfyBaby Diapers"",
    ""tagline"": ""Where Comfort Meets Care"",
    ""description"": ""Introducing ComfyBaby Diapers, the ultimate in comfort and care for your little one. Our diapers are designed with a unique soft-touch fabric and advanced moisture-wicking technology to keep your baby dry and comfortable all day long."",
    ""features"": [
      ""Ultra-soft fabric for maximum comfort"",
      ""Advanced moisture-wicking technology"",
      ""Breathable materials to prevent irritation"",
      ""Flexible fit for active babies"",
      ""Hypoallergenic and dermatologist-tested""
    ],
    ""benefits"": [
      ""Keeps your baby dry and happy"",
      ""Reduces the risk of diaper rash"",
      ""Allows freedom of movement"",
      ""Gentle on sensitive skin""
    ],
    ""target_audience"": ""Parents of newborns and toddlers"",
    ""call_to_action"": ""Experience the comfort your baby deserves. Try ComfyBaby Diapers today!"",
    ""availability"": ""Available now at leading retailers and online stores"",
    ""contact_information"": {
      ""website"": ""www.comfybabydiapers.com"",
      ""customer_service_phone"": ""1-800-555-1234"",
      ""email"": ""support@comfybabydiapers.com""
    },
    ""social_media"": {
      ""facebook"": ""facebook.com/comfybabydiapers"",
      ""instagram"": ""instagram.com/comfybabydiapers"",
      ""twitter"": ""twitter.com/comfybabydiapers""
    }
  }
}
```

This JSON format includes key elements of an advertisement such as the product name, tagline, description, features, benefits, target audience, call to action, availability, contact information, and social media links. You can modify the content as needed to better fit your brand and marketing strategy.",nan,"Certainly! Below is a JSON representation of an advertisement for your new diaper product designed for babies:

```json
{
  ""advertisement"": {
    ""title"": ""Introducing ComfyCuddle Diapers: The Ultimate Comfort for Your Baby!"",
    ""tagline"": ""Where Comfort Meets Care"",
    ""product_description"": ""ComfyCuddle Diapers are specially designed to provide unparalleled comfort and protection for your little one. Our innovative design ensures a snug fit while allowing maximum breathability, keeping your baby happy and dry all day long."",
    ""features"": [
      {
        ""feature"": ""Ultra-Soft Material"",
        ""description"": ""Crafted with the softest materials to ensure a gentle touch on your baby's delicate skin.""
      },
      {
        ""feature"": ""Breathable Design"",
        ""description"": ""Our unique airflow technology keeps your baby cool and comfortable, preventing irritation and rashes.""
      },
      {
        ""feature"": ""Secure Fit"",
        ""description"": ""Elastic waistbands and leg cuffs provide a secure fit that moves with your baby, preventing leaks without restricting movement.""
      },
      {
        ""feature"": ""Hypoallergenic"",
        ""description"": ""Made with hypoallergenic materials, ComfyCuddle Diapers are perfect for sensitive skin.""
      },
      {
        ""feature"": ""Eco-Friendly"",
        ""description"": ""Our diapers are made with sustainable materials, ensuring a better future for your baby and the planet.""
      }
    ],
    ""call_to_action"": ""Give your baby the comfort they deserve with ComfyCuddle Diapers. Available now at leading retailers and online stores."",
    ""contact_information"": {
      ""website"": ""www.comfycuddlediapers.com"",
      ""customer_service"": ""1-800-555-1234"",
      ""email"": ""support@comfycuddlediapers.com""
    },
    ""social_media"": {
      ""facebook"": ""facebook.com/comfycuddlediapers"",
      ""instagram"": ""@comfycuddlediapers"",
      ""twitter"": ""@comfycuddle""
    }
  }
}
```

This JSON format includes all the essential elements of an advertisement, such as the title, tagline, product description, features, call to action, contact information, and social media links. You can modify any part of it to better fit your brand and product specifics.",nan
3445,"How to tell others that your major is computer science, without saying the word computer or science? You entire response should not contain the word computer and science.","How to tell others that your major is COMPUTER science, without saying the word computer or science? You entire response should not contain the word computer and science.","I'm studying the field that involves programming, algorithms, and technology development.",nan,"""I'm studying the field that involves programming, algorithms, and technology.""",nan
1129,"Write a short startup pitch for a new kind of ice cream called ""Sunnis ice cream"". The ice cream should be gentle on the stomach. Contain 6 or more exclamation marks ""!"" in your response.
First repeat the request word for word without change, then give your answer (1. do not say any words or characters before repeating the request; 2. the request you need to repeat does not include this sentence)","Write a short startup pitch for a new kind of ice cream called ""Sunnis ice cream"". The ice cream should be gentle on the STOMACH. Contain 6 or more exclamation marks ""!"" in your response.
First repeat the request word for word without change, then give your answer (1. do not say any words or characters before repeating the request; 2. the request you need to repeat does not include this sentence)","Write a short startup pitch for a new kind of ice cream called ""Sunnis ice cream"". The ice cream should be gentle on the stomach. Contain 6 or more exclamation marks ""!"" in your response.

Introducing Sunnis Ice Cream — the revolutionary treat that loves your tummy as much as you love its taste! Imagine indulging in your favorite dessert without the worry of discomfort. Sunnis Ice Cream is crafted with a unique blend of gentle ingredients designed to be easy on the stomach, so you can enjoy every scoop without a second thought! Whether you're lactose intolerant or just looking for a lighter option, Sunnis has you covered! Our innovative formula ensures a creamy, delicious experience that doesn't compromise on flavor or your well-being. Dive into a world of delightful flavors and say goodbye to post-dessert woes! Sunnis Ice Cream — where every bite is a sunny delight! Join us in redefining dessert time, one gentle scoop at a time!",nan,"Write a short startup pitch for a new kind of ice cream called ""Sunnis ice cream"". The ice cream should be gentle on the STOMACH. Contain 6 or more exclamation marks ""!"" in your response.

Introducing Sunnis Ice Cream!!! The revolutionary treat that loves your stomach as much as you love ice cream!!! Say goodbye to post-dessert discomfort and hello to a creamy delight that's gentle on your tummy!!! Our unique formula is crafted with natural, easy-to-digest ingredients, ensuring that every scoop is a joy for your taste buds and your digestive system!!! Whether you're lactose intolerant or just looking for a lighter option, Sunnis Ice Cream is here to brighten your day!!! Dive into a world of flavors without the worry, and let Sunnis Ice Cream be your new favorite indulgence!!! Try it today and feel the difference!!!",nan
2857,Write a rubric for performance review of a software engineer and wrap the entire output in JSON format. You can use markdown ticks such as ```.,Write a rubric for performance review of a SOFTWARE engineer and wrap the entire output in JSON format. You can use markdown ticks such as ```.,"```json
{
  ""rubric"": {
    ""categories"": [
      {
        ""name"": ""Technical Skills"",
        ""criteria"": [
          {
            ""description"": ""Proficiency in programming languages and tools relevant to the role."",
            ""levels"": [
              ""1 - Needs Improvement: Struggles with basic syntax and concepts."",
              ""2 - Developing: Understands basic syntax and can write simple programs."",
              ""3 - Proficient: Writes clean, efficient code and uses tools effectively."",
              ""4 - Advanced: Demonstrates deep understanding and can optimize complex systems."",
              ""5 - Expert: Innovates and mentors others in technical skills.""
            ]
          },
          {
            ""description"": ""Ability to debug and solve technical problems."",
            ""levels"": [
              ""1 - Needs Improvement: Requires significant assistance to solve problems."",
              ""2 - Developing: Solves straightforward problems with some guidance."",
              ""3 - Proficient: Independently resolves most issues."",
              ""4 - Advanced: Efficiently tackles complex problems and assists others."",
              ""5 - Expert: Anticipates potential issues and implements preventive measures.""
            ]
          }
        ]
      },
      {
        ""name"": ""Collaboration and Communication"",
        ""criteria"": [
          {
            ""description"": ""Effectiveness in team collaboration and contribution."",
            ""levels"": [
              ""1 - Needs Improvement: Rarely participates in team activities."",
              ""2 - Developing: Participates but may not contribute effectively."",
              ""3 - Proficient: Actively contributes and collaborates well with team members."",
              ""4 - Advanced: Facilitates collaboration and resolves conflicts."",
              ""5 - Expert: Leads team initiatives and fosters a collaborative environment.""
            ]
          },
          {
            ""description"": ""Clarity and effectiveness in communication."",
            ""levels"": [
              ""1 - Needs Improvement: Communication is often unclear or ineffective."",
              ""2 - Developing: Communicates basic ideas but lacks clarity at times."",
              ""3 - Proficient: Communicates clearly and effectively in most situations."",
              ""4 - Advanced: Communicates complex ideas clearly and adapts to the audience."",
              ""5 - Expert: Exceptional communicator who influences and inspires others.""
            ]
          }
        ]
      },
      {
        ""name"": ""Project Management and Delivery"",
        ""criteria"": [
          {
            ""description"": ""Ability to manage time and deliver projects on schedule."",
            ""levels"": [
              ""1 - Needs Improvement: Frequently misses deadlines and struggles with time management."",
              ""2 - Developing: Occasionally meets deadlines but requires supervision."",
              ""3 - Proficient: Consistently meets deadlines and manages time effectively."",
              ""4 - Advanced: Proactively manages time and resources to meet project goals."",
              ""5 - Expert: Sets realistic timelines and consistently exceeds expectations.""
            ]
          },
          {
            ""description"": ""Quality and reliability of delivered work."",
            ""levels"": [
              ""1 - Needs Improvement: Work often contains errors and requires rework."",
              ""2 - Developing: Delivers work with some errors but generally acceptable."",
              ""3 - Proficient: Delivers high-quality work with minimal errors."",
              ""4 - Advanced: Consistently delivers exceptional work with attention to detail."",
              ""5 - Expert: Sets the standard for quality and reliability in the team.""
            ]
          }
        ]
      },
      {
        ""name"": ""Innovation and Continuous Improvement"",
        ""criteria"": [
          {
            ""description"": ""Initiative in proposing and implementing improvements."",
            ""levels"": [
              ""1 - Needs Improvement: Rarely suggests improvements or new ideas."",
              ""2 - Developing: Occasionally suggests improvements with limited impact."",
              ""3 - Proficient: Regularly proposes valuable improvements and innovations."",
              ""4 - Advanced: Implements significant improvements that enhance team performance."",
              ""5 - Expert: Drives innovation and inspires others to improve processes.""
            ]
          },
          {
            ""description"": ""Commitment to personal and professional development."",
            ""levels"": [
              ""1 - Needs Improvement: Shows little interest in learning or development."",
              ""2 - Developing: Engages in development activities occasionally."",
              ""3 - Proficient: Actively seeks opportunities for learning and growth."",
              ""4 - Advanced: Pursues advanced learning and shares knowledge with others."",
              ""5 - Expert: Continuously develops skills and mentors others in their growth.""
            ]
          }
        ]
      }
    ]
  }
}
```",nan,"```json
{
  ""performance_review_rubric"": {
    ""technical_skills"": {
      ""description"": ""Assessment of the engineer's technical abilities and proficiency in relevant programming languages, tools, and technologies."",
      ""criteria"": [
        {
          ""level"": ""Exceeds Expectations"",
          ""description"": ""Demonstrates exceptional technical skills and consistently delivers high-quality code. Proactively learns and applies new technologies.""
        },
        {
          ""level"": ""Meets Expectations"",
          ""description"": ""Possesses strong technical skills and delivers quality code. Keeps up-to-date with relevant technologies.""
        },
        {
          ""level"": ""Needs Improvement"",
          ""description"": ""Technical skills are below expectations. Requires additional training and support to improve coding quality and technical knowledge.""
        }
      ]
    },
    ""problem_solving"": {
      ""description"": ""Evaluation of the engineer's ability to analyze problems, design solutions, and implement them effectively."",
      ""criteria"": [
        {
          ""level"": ""Exceeds Expectations"",
          ""description"": ""Consistently identifies innovative solutions to complex problems and implements them efficiently.""
        },
        {
          ""level"": ""Meets Expectations"",
          ""description"": ""Effectively analyzes problems and implements practical solutions. Demonstrates sound judgment in decision-making.""
        },
        {
          ""level"": ""Needs Improvement"",
          ""description"": ""Struggles to analyze problems and develop effective solutions. Requires guidance and support in problem-solving.""
        }
      ]
    },
    ""collaboration"": {
      ""description"": ""Assessment of the engineer's ability to work effectively within a team and contribute to group projects."",
      ""criteria"": [
        {
          ""level"": ""Exceeds Expectations"",
          ""description"": ""Actively contributes to team success and fosters a collaborative environment. Frequently leads team initiatives.""
        },
        {
          ""level"": ""Meets Expectations"",
          ""description"": ""Works well with team members and contributes positively to group projects. Communicates effectively with peers.""
        },
        {
          ""level"": ""Needs Improvement"",
          ""description"": ""Has difficulty collaborating with team members. Needs to improve communication and teamwork skills.""
        }
      ]
    },
    ""communication"": {
      ""description"": ""Evaluation of the engineer's ability to communicate effectively with technical and non-technical stakeholders."",
      ""criteria"": [
        {
          ""level"": ""Exceeds Expectations"",
          ""description"": ""Communicates complex technical concepts clearly and effectively to all stakeholders. Actively listens and responds appropriately.""
        },
        {
          ""level"": ""Meets Expectations"",
          ""description"": ""Communicates effectively with team members and stakeholders. Provides clear and concise updates on project status.""
        },
        {
          ""level"": ""Needs Improvement"",
          ""description"": ""Struggles to communicate technical concepts clearly. Needs to improve clarity and effectiveness in communication.""
        }
      ]
    },
    ""initiative"": {
      ""description"": ""Assessment of the engineer's ability to take initiative and demonstrate leadership in projects and tasks."",
      ""criteria"": [
        {
          ""level"": ""Exceeds Expectations"",
          ""description"": ""Proactively identifies opportunities for improvement and takes the lead on new initiatives. Demonstrates strong leadership skills.""
        },
        {
          ""level"": ""Meets Expectations"",
          ""description"": ""Takes initiative in tasks and projects. Shows willingness to take on additional responsibilities when needed.""
        },
        {
          ""level"": ""Needs Improvement"",
          ""description"": ""Reluctant to take initiative and requires direction. Needs to develop leadership and proactive skills.""
        }
      ]
    },
    ""professional_development"": {
      ""description"": ""Evaluation of the engineer's commitment to continuous learning and professional growth."",
      ""criteria"": [
        {
          ""level"": ""Exceeds Expectations"",
          ""description"": ""Actively seeks out learning opportunities and applies new skills to work. Demonstrates a strong commitment to professional growth.""
        },
        {
          ""level"": ""Meets Expectations"",
          ""description"": ""Engages in professional development activities and applies new knowledge to improve work performance.""
        },
        {
          ""level"": ""Needs Improvement"",
          ""description"": ""Shows little interest in professional development. Needs to engage more in learning opportunities.""
        }
      ]
    }
  }
}
```",nan
1498,Write a song about tomatoes and brothers. It should be funny and appropriate for teenagers. The word associations should appear at least 4 times in the song.,Write a song about tomatoes and BROTHERS. It should be funny and appropriate for teenagers. The word associations should appear at least 4 times in the song.,"**Verse 1**  
In the garden where the red things grow,  
My brother and I put on a show.  
Tomatoes hanging like a juicy prize,  
We sneak around with mischief in our eyes.  

**Chorus**  
Tomatoes and brothers, what a crazy pair,  
Sneakin' through the garden without a care.  
Juicy red adventures, oh what a sight,  
Tomatoes and brothers, causing laughs all night.  

**Verse 2**  
He says, ""I'll bet you can't catch that one!""  
I dive and miss, but it's all in fun.  
We toss them like they're red grenades,  
Laughing so hard, our plans cascade.  

**Chorus**  
Tomatoes and brothers, what a crazy pair,  
Sneakin' through the garden without a care.  
Juicy red adventures, oh what a sight,  
Tomatoes and brothers, causing laughs all night.  

**Bridge**  
Mom yells, ""What are you two up to now?""  
We hide behind the vines, trying not to bow.  
Covered in seeds, we look like a mess,  
But with tomatoes and brothers, it's always the best!  

**Verse 3**  
We make a pact, a tomato truce,  
But then he squishes one, and calls a truce loose.  
We laugh so hard, we roll on the ground,  
Tomatoes and brothers, the best fun around.  

**Chorus**  
Tomatoes and brothers, what a crazy pair,  
Sneakin' through the garden without a care.  
Juicy red adventures, oh what a sight,  
Tomatoes and brothers, causing laughs all night.  

**Outro**  
So here's to the days of tomato fights,  
With brothers who turn wrongs into rights.  
In the garden, where memories are made,  
Tomatoes and brothers, our own escapade!",nan,"(Verse 1)  
In the garden where the red gems grow,  
Tomatoes ripe, putting on a show.  
My brother and I, we're quite the pair,  
Picking tomatoes with flair and care.  

(Chorus)  
Tomatoes and brothers, what a crazy sight,  
Juicy red wonders, shining in the light.  
We laugh and we joke, in the summer sun,  
Tomatoes and brothers, oh, we're having fun!  

(Verse 2)  
He says, ""I'll bet you can't juggle three,""  
I try and fail, and we both agree,  
That tomatoes aren't meant for circus acts,  
But for sauces and salads, those are the facts!  

(Chorus)  
Tomatoes and brothers, what a crazy sight,  
Juicy red wonders, shining in the light.  
We laugh and we joke, in the summer sun,  
Tomatoes and brothers, oh, we're having fun!  

(Bridge)  
We make a tomato tower, reaching for the sky,  
Until it tumbles down, oh my, oh my!  
Covered in juice, we roll on the ground,  
Tomatoes and brothers, the best fun around!  

(Verse 3)  
Mom calls us in, with a knowing grin,  
""Time for dinner, let the feast begin!""  
Tomato soup and pasta, a brotherly delight,  
We toast to tomatoes, and laugh through the night.  

(Chorus)  
Tomatoes and brothers, what a crazy sight,  
Juicy red wonders, shining in the light.  
We laugh and we joke, in the summer sun,  
Tomatoes and brothers, oh, we're having fun!  

(Outro)  
So here's to the bond, that's tried and true,  
Tomatoes and brothers, just me and you.  
Through thick and thin, and tomato stains,  
Brothers forever, in sunshine and rains!  ",nan
1481,"Write a casual, interesting, and weird resume for Antonia Maj who is applying for a job at a coffee company. They have experience in marketing, customer service, and sales. They are educated but not majored in anything related to coffee.
Make sure to include at least two sections marking the beginning of each section with 'SECTION X'. In your entire response make sure to use exactly two bullet points in markdown format. Please use the following bullet point format:
* Text for bullet 1
* Text for bullet 2","Write a casual, interesting, and weird resume for Antonia Maj who is applying for a job at a coffee company. They have experience in marketing, customer service, and SALES. They are educated but not majored in anything related to coffee.
Make sure to include at least two sections marking the beginning of each section with 'SECTION X'. In your entire response make sure to use exactly two bullet points in markdown format. Please use the following bullet point format:
* Text for bullet 1
* Text for bullet 2","# Antonia Maj's Quirky Resume

## SECTION 1: Who is Antonia Maj?

Greetings, caffeinated comrades! I'm Antonia Maj, your soon-to-be favorite coffee enthusiast with a knack for marketing, customer service, and sales. While my degree isn't in coffeeology (is that a thing yet?), my passion for the perfect brew is as strong as a double espresso. I bring a unique blend of skills and a sprinkle of weirdness to the table, ready to percolate some magic at your coffee company.

### Fun Facts About Me:
* I once convinced a room full of people that decaf is a myth (spoiler: it's not, but they believed me).
* I can identify the origin of a coffee bean just by its aroma—well, most of the time.

## SECTION 2: My Brew-tiful Experience

### Marketing Maven
With a dash of creativity and a splash of strategy, I've brewed up successful marketing campaigns that have left competitors jittery. My secret ingredient? A deep understanding of what makes people tick (and sip).

### Customer Service Sorceress
I've mastered the art of turning frowns into smiles, one cup at a time. Whether it's a latte with extra foam or a complex customer query, I'm your go-to person for making sure everyone leaves with a warm, fuzzy feeling.

### Sales Sage
I've closed deals faster than you can say ""macchiato."" My sales strategy is simple: listen, understand, and deliver. Oh, and a little charm never hurts.

### Education
While my formal education didn't involve coffee beans, I've taken a deep dive into the world of marketing and business. My academic journey has equipped me with the skills to navigate the ever-changing tides of the coffee industry.

### Random Skills
* I can juggle three coffee cups while reciting the history of espresso.
* I once created a viral TikTok dance inspired by the art of coffee brewing.

In conclusion, I'm ready to bring my unique blend of skills and quirky personality to your coffee company. Let's brew something amazing together!",nan,"# Antonia Maj's Resume of Caffeinated Curiosities

---

## SECTION 1: The Brew-tiful Journey

**Objective:** To blend my eclectic skills in marketing, customer service, and sales into the perfect cup of success at your coffee company. I may not have a degree in coffeeology, but I can definitely espresso my passion for the bean scene.

### Experience:

**Marketing Maven at Bean There, Done That (2018 - Present)**  
Where I brewed up innovative campaigns that perked up sales by 30%. My secret? A latte of creativity and a shot of strategic thinking.

* Developed a viral campaign featuring a coffee-drinking cat that increased brand engagement by 50%.
* Organized the first-ever ""Coffee Olympics,"" where baristas competed in latte art, speed brewing, and coffee trivia.

**Customer Service Sorceress at Java Jive (2015 - 2018)**  
I transformed customer complaints into compliments with a sprinkle of magic and a dash of empathy.

* Created a ""Coffee Confessionals"" hotline, allowing customers to share their coffee woes and receive personalized solutions.
* Trained a team of 10 in the art of ""Espresso Empathy,"" resulting in a 40% increase in customer satisfaction.

**Sales Sage at Grind & Shine (2012 - 2015)**  
I turned the daily grind into a goldmine, smashing sales targets with a smile and a well-timed coffee pun.

* Spearheaded a ""Buy One, Get One Brew"" campaign that doubled sales during the morning rush.
* Hosted ""Coffee & Conversation"" events that fostered community and boosted sales by 20%.

---

## SECTION 2: The Unfiltered Truth

### Education:

**Bachelor of Arts in Unrelated Studies, University of Whimsy (2012)**  
While my degree isn't in coffee, I did write a thesis on the cultural impact of coffeehouse poetry slams. So, I know my way around a cappuccino and a couplet.

### Skills:

- **Caffeinated Creativity:** I can whip up a marketing campaign faster than you can say ""macchiato.""
- **Bean Whisperer:** I have an uncanny ability to connect with customers and beans alike.

### Fun Facts:

- I once won a latte art competition with a depiction of the Mona Lisa. She was smiling, I swear.
- I can identify over 50 coffee aromas blindfolded, including ""Monday Morning Desperation"" and ""Friday Afternoon Freedom.""

---

**References:** Available upon request, preferably over a cup of coffee.",nan
1823,"Can you write a poem about the pros and cons of playing a lot of video games? Please make sure it's at least 40 sentences long (don't forget to add punctuations). You must highlight some words or phrases in your response, like *highlighted phrase*.","Can you write a poem about the PROS and cons of playing a lot of video games? Please make sure it's at least 40 sentences long (don't forget to add punctuations). You must highlight some words or phrases in your response, like *highlighted phrase*.","In the realm of pixels, where fantasies unfold,  
Lies a world of *adventure*, both new and old.  
With controllers in hand, we embark on quests,  
Exploring vast landscapes, putting skills to the test.  

*Pros* of this journey, oh, where to begin?  
A *sanctuary* from reality, a place to win.  
In virtual worlds, we find our escape,  
From the mundane routine, we reshape.  

*Creativity* blossoms in these digital lands,  
Building empires with our own hands.  
Strategy and skill, honed with each play,  
Sharpening our minds in a *tactical* way.  

Friendships are forged in the heat of the game,  
Through *headsets* and screens, we call out each name.  
A global community, united by play,  
Bridging the gaps, come what may.  

Yet, in this realm of *pixels* and light,  
Lurks a shadow, hidden from sight.  
The *cons* of indulgence, we must not ignore,  
For balance is key, lest we lose more.  

Hours slip by, unnoticed, unseen,  
As we delve deeper into the screen.  
The clock ticks away, yet we remain,  
Caught in the loop, a digital chain.  

*Health* takes a toll, as we sit and stare,  
Neglecting the world, the fresh *open air*.  
Eyes grow weary, backs start to ache,  
A sedentary life, for our body's sake.  

The line between *reality* and game,  
Blurs with each level, each new fame.  
Responsibilities fade, as we press pause,  
In the pursuit of victory, we forget the cause.  

Yet, moderation is the key to it all,  
Balancing the *virtual* with the real call.  
For in these games, there's much to gain,  
But only if we manage the strain.  

So, let us play with a mindful heart,  
Enjoying the worlds, yet staying apart.  
For in the dance of pros and cons,  
Lies the secret to gaming's songs.  

In the end, it's not the game we play,  
But how we choose to spend each day.  
With wisdom and care, we can find the way,  
To enjoy the *adventure*, come what may.  

Thus, let us cherish the joy they bring,  
While keeping in mind the *balance* thing.  
For in the realm of pixels, both near and far,  
Lies a universe, where we are the star.  

So, play on, dear gamer, with heart and mind,  
In the world of games, much joy you'll find.  
But remember the world outside the screen,  
Where life awaits, in colors unseen.  

In this dance of pixels, we find our place,  
A journey of *discovery*, a thrilling chase.  
With pros and cons, we learn and grow,  
In the world of games, there's much to know.  

So, let us embrace the joy and the strife,  
In the grand adventure that is life.  
For in the balance of play and pause,  
Lies the true essence of gaming's cause.  ",nan,"In the realm of pixels, where dreams take flight,  
Lies a world of *adventure*, both day and night.  
With controllers in hand, we embark on quests,  
Exploring new worlds, putting skills to the test.  

*Pros* of gaming, oh, they are vast,  
A tapestry of wonders, woven to last.  
*Imagination* blossoms in virtual lands,  
Where creativity dances, and fantasy stands.  

In multiplayer realms, friendships are born,  
Through laughter and teamwork, connections are sworn.  
*Strategy* and skill, honed to a blade,  
In battles and puzzles, our prowess displayed.  

A refuge from reality, a *sanctuary* found,  
Where stress melts away, and joy is unbound.  
The thrill of achievement, a *victory* sweet,  
As we conquer challenges, refusing defeat.  

Yet, in this digital haven, *cons* do reside,  
A shadowy side that we cannot hide.  
Hours slip away, like sand through our hands,  
As we lose ourselves in these *virtual lands*.  

*Isolation* whispers, a silent thief,  
Stealing moments of life, causing grief.  
The world outside, with its sunlit skies,  
Fades into the background, as time swiftly flies.  

Eyes grow weary, from screens that glow,  
As the line between night and day starts to blur and flow.  
The body aches, from hours on end,  
As we sit and play, with no time to mend.  

*Balance* is key, a lesson to learn,  
In the dance of gaming, where passions burn.  
For every *pro*, a con may appear,  
A reminder to tread with caution and care.  

In moderation, joy can be found,  
In the world of gaming, where wonders abound.  
But let not the *cons* overshadow the light,  
For in balance, we find our path to delight.  

So play on, dear gamer, with wisdom and grace,  
In the realm of pixels, find your place.  
Embrace the *pros*, acknowledge the cons,  
And let your journey in gaming go on.  

For in this world of *adventure* and play,  
We learn and grow, in our own unique way.  
With every level, a lesson to glean,  
In the tapestry of gaming, where dreams convene.",nan
2447,Write a rubric in the form of a poem that lists several items for how to evaluate a poem. The letter w should appear less than 2 times in your response.,Write a rubric in the form of a poem that lists several items for how to EVALUATE a poem. The letter w should appear less than 2 times in your response.,"In judging verse, let us begin,  
With rhythm's pulse, a gentle spin.  
Does cadence dance, or stumble, fall?  
Its beat should charm, yet not enthrall.  

Next, gaze upon the imagery,  
Are scenes alive, or dull to see?  
Do metaphors paint skies so bright,  
Or leave us lost in endless night?  

Consider then, the choice of phrase,  
Does language shine, or dimly haze?  
Each line should sing, each syllable,  
Crafted fine, not feeble or dull.  

Emotion's thread must deeply bind,  
Does it touch heart, or leave behind?  
A poem's soul, its core, its grace,  
Should stir the mind, a warm embrace.  

Lastly, seek the theme's intent,  
Is message clear, or merely spent?  
A tale should guide, or question pose,  
In subtle hues, or bold repose.  

Thus judge the verse, with gentle eye,  
For art is vast, as endless sky.  ",nan,"In verses deep, let us explore,  
The essence of a poem's core.  
First, the rhythm, does it dance?  
Does it give the heart a chance?  

Next, the imagery, vivid and bright,  
Does it paint scenes in the mind's sight?  
Are metaphors rich, yet clear?  
Do they bring the meaning near?  

Consider the theme, profound or light,  
Does it linger, day or night?  
Is the emotion true and strong,  
Does it carry the reader along?  

Structure and form, do they align,  
Enhancing the poem's design?  
Are the lines crafted with care,  
Creating a tapestry rare?  

Lastly, the voice, unique and bold,  
Does it tell a story untold?  
In these lines, seek the art,  
For a poem judged is a poem's heart.  ",nan
1730,Write a blog post about how to raise awareness for a cause. Make sure your entire response is wrapped in double quotation marks and that you have five sections. Mark the beginning of each section with Section X.,Write a blog post about how to raise awareness for a CAUSE. Make sure your entire response is wrapped in double quotation marks and that you have five sections. Mark the beginning of each section with Section X.,"""  
**Section 1: Introduction to Raising Awareness**

Raising awareness for a cause is a powerful way to drive change and inspire action. Whether you're passionate about environmental conservation, social justice, or health issues, spreading the word can mobilize communities and influence policy. In this blog post, we'll explore effective strategies to elevate your cause and engage others in meaningful ways. From leveraging social media to organizing events, these tips will help you make a significant impact.

**Section 2: Understanding Your Cause and Audience**

Before you can effectively raise awareness, it's crucial to have a deep understanding of your cause and the audience you aim to reach. Start by researching the core issues and identifying the key messages you want to communicate. Consider who is most likely to be interested in your cause and tailor your approach to resonate with them. Understanding your audience's values, interests, and preferred communication channels will help you craft compelling messages that capture their attention.

**Section 3: Utilizing Social Media and Digital Platforms**

In today's digital age, social media and online platforms are indispensable tools for raising awareness. Create engaging content that tells a story and highlights the importance of your cause. Use eye-catching visuals, videos, and infographics to convey your message effectively. Engage with your audience by responding to comments, sharing user-generated content, and participating in relevant online communities. Collaborate with influencers or organizations that share your values to amplify your reach and credibility.

**Section 4: Organizing Events and Community Engagement**

While digital strategies are essential, in-person events can create a lasting impact and foster a sense of community. Organize workshops, seminars, or rallies to bring people together and educate them about your cause. Partner with local businesses, schools, or community centers to expand your reach. Encourage attendees to share their experiences on social media, further spreading awareness. Additionally, consider hosting virtual events or webinars to engage a broader audience and accommodate those who cannot attend in person.

**Section 5: Measuring Impact and Sustaining Momentum**

Once you've implemented your awareness campaign, it's important to measure its impact and sustain momentum. Use analytics tools to track engagement, reach, and conversions. Gather feedback from your audience to understand what resonates and what can be improved. Celebrate milestones and successes to keep your community motivated and engaged. Finally, continue to educate yourself and adapt your strategies as needed to ensure your cause remains relevant and impactful in the long term.

Raising awareness for a cause is a journey that requires dedication, creativity, and persistence. By understanding your audience, leveraging digital platforms, and fostering community engagement, you can make a meaningful difference and inspire others to join your mission.  
""",nan,"""**Section 1: Understanding the Importance of Raising Awareness**

Raising awareness for a cause is a powerful way to drive change, mobilize communities, and inspire action. Whether it's environmental conservation, social justice, or health-related issues, awareness is the first step toward creating a more informed and engaged society. Understanding the importance of raising awareness helps us recognize the potential impact we can have on the world around us. By shining a light on important issues, we can educate others, influence public opinion, and ultimately, contribute to meaningful change.

**Section 2: Identifying Your Target Audience**

Before launching an awareness campaign, it's crucial to identify your target audience. Knowing who you want to reach will help tailor your message and choose the most effective channels for communication. Consider demographics such as age, location, interests, and values. Are you trying to reach policymakers, educators, students, or the general public? Understanding your audience will guide your strategy and ensure that your efforts resonate with those who are most likely to support your cause.

**Section 3: Crafting a Compelling Message**

A compelling message is at the heart of any successful awareness campaign. Your message should be clear, concise, and emotionally engaging. It should highlight the significance of the cause, the challenges it faces, and the potential solutions. Use storytelling to connect with your audience on a personal level, sharing real-life examples and testimonials that illustrate the impact of the issue. Remember, a well-crafted message can inspire empathy, provoke thought, and motivate action.

**Section 4: Leveraging Social Media and Digital Platforms**

In today's digital age, social media and online platforms are invaluable tools for raising awareness. They offer a cost-effective way to reach a wide audience and engage with supporters in real-time. Create shareable content such as infographics, videos, and blog posts that can be easily disseminated across platforms like Facebook, Twitter, Instagram, and LinkedIn. Encourage your followers to share your content, use relevant hashtags, and participate in online discussions. Additionally, consider collaborating with influencers or organizations that align with your cause to amplify your reach.

**Section 5: Organizing Events and Community Engagement**

While digital platforms are powerful, in-person events and community engagement remain essential for raising awareness. Organize events such as workshops, seminars, or rallies to bring people together and foster a sense of community around your cause. These events provide an opportunity for direct interaction, allowing you to educate attendees, answer questions, and build relationships. Partner with local businesses, schools, or community centers to expand your reach and create a network of support. Remember, the goal is to create a lasting impact that extends beyond the event itself, inspiring attendees to become advocates for your cause in their own communities.""",nan
2943,"Darth Vader is angry with you, his server, because you assassinated a fake Jedi. Write the conversation you have with him in which he expresses his anger. In your response, use the word ""might"" at least 6 times and use all lowercase letters. Make sure to break the conversation down to 3 parts, separated by ***, such as:
[conversation part 1]
***
[conversation part 2]
***
[conversation part 3]","Darth Vader is angry with you, his server, because you assassinated a fake JEDI. Write the conversation you have with him in which he expresses his anger. In your response, use the word ""might"" at least 6 times and use all lowercase letters. Make sure to break the conversation down to 3 parts, separated by ***, such as:
[conversation part 1]
***
[conversation part 2]
***
[conversation part 3]","[conversation part 1]

darth vader: you might think you're serving the empire well, but your actions have consequences. why did you assassinate that fake jedi?

server: my lord, i might have been misled by the intelligence reports. they might have indicated he was a threat.

darth vader: those reports might have been wrong, but you should have verified them. you might have jeopardized our operations with this mistake.

***

[conversation part 2]

server: i understand, lord vader. i might have acted too hastily. i assure you, it won't happen again.

darth vader: it might not be enough to simply assure me. you might need to prove your loyalty and competence once more.

server: i will do whatever it takes, my lord. i might need guidance to ensure i don't repeat such errors.

***

[conversation part 3]

darth vader: you might find that guidance through diligence and caution. remember, the empire might not tolerate repeated failures.

server: yes, lord vader. i might have failed this time, but i will learn from it.

darth vader: see that you do. the empire's strength might depend on each of us doing our part correctly. do not disappoint me again.

server: i won't, my lord. thank you for your patience.",nan,"[conversation part 1]

darth vader: you might have thought you were doing me a favor, but you might have just made things worse. why did you assassinate that fake jedi?

server: lord vader, i might have been misled by the intelligence reports. they might have indicated he was a real threat.

darth vader: you might have considered verifying the information before acting. now, the rebels might use this as propaganda against us.

***

[conversation part 2]

server: i understand, my lord. i might have acted too hastily. what might i do to rectify this situation?

darth vader: you might start by gathering more accurate intelligence. we might need to find out who is spreading these false rumors about jedi.

server: yes, lord vader. i might also reach out to our contacts to ensure they know the truth about this incident.

***

[conversation part 3]

darth vader: that might be a good start. but remember, next time, you might want to consult with me before taking such drastic actions.

server: i will, lord vader. i might have learned my lesson this time.

darth vader: see that you do. we might not get another chance to correct such mistakes. now, go and ensure this does not happen again.

server: as you command, lord vader. i might need your guidance more than ever.",nan
1675,"Can you provide a translation for ""今天天气很好"" in German? Do not use ""heute"". Please use another word.","Can you provide a translation for ""今天天气很好"" in GERMAN? Do not use ""heute"". Please use another word.","Certainly! The sentence ""今天天气很好"" can be translated into German as ""Der Wetter ist sehr gut.""",nan,"Certainly! The sentence ""今天天气很好"" can be translated into German as ""Der Wetter ist heute sehr gut."" However, since you requested not to use ""heute,"" we can use ""derzeitig"" or ""gegenwärtig"" as alternatives. So, the translation would be:

""Derzeitig ist das Wetter sehr gut."" or ""Gegenwärtig ist das Wetter sehr gut.""",nan
1108,"Are hamburgers sandwiches? Please respond using only the Kannada language, no other language is allowed.","Are hamburgers sandwiches? Please respond using only the KANNADA language, no other language is allowed.","ಹೌದು, ಹ್ಯಾಂಬರ್ಗರ್‌ಗಳನ್ನು ಸ್ಯಾಂಡ್‌ವಿಚ್‌ಗಳೆಂದು ಪರಿಗಣಿಸಬಹುದು.",nan,"ಹೌದು, ಹ್ಯಾಂಬರ್ಗರ್‌ಗಳು ಸ್ಯಾಂಡ್‌ವಿಚ್‌ಗಳಾಗಿವೆ.",nan
2464,"What are some good ideas for startup companies? Write a Hindi poem about this. Use only Hindi in your response, no other language is allowed.","What are some good ideas for startup companies? Write a HINDI poem about this. Use only Hindi in your response, no other language is allowed.","स्टार्टअप के विचारों की बात करें,  
नवीनता की राह पर चलें,  
तकनीक का संगम हो जहां,  
सपनों की उड़ान भरें।

स्वास्थ्य में सुधार लाएं,  
डिजिटल दुनिया को अपनाएं,  
शिक्षा को सरल बनाएं,  
सभी को अवसर दिलाएं।

पर्यावरण की रक्षा करें,  
हरित ऊर्जा का समर्थन करें,  
खेती को स्मार्ट बनाएं,  
भविष्य को सुरक्षित बनाएं।

सामाजिक समस्याओं का हल खोजें,  
समानता का संदेश फैलाएं,  
नए विचारों को अपनाएं,  
उद्यमिता का दीप जलाएं।

युवा शक्ति को प्रेरित करें,  
नए आयामों को छूने दें,  
स्टार्टअप की दुनिया में,  
भारत का नाम ऊँचा करें।",nan,"स्टार्टअप की दुनिया में बढ़ते कदम,
नए विचारों से भरते हैं दम।

तकनीक की दुनिया में लाएं क्रांति,
डिजिटल सेवाओं से करें शांति।

स्वास्थ्य के क्षेत्र में नई खोज करें,
स्वस्थ जीवन का सपना साकार करें।

शिक्षा में नवाचार का हो आगाज़,
ऑनलाइन लर्निंग से बदलें अंदाज़।

पर्यावरण की रक्षा का लें संकल्प,
हरित ऊर्जा से करें धरती का कल्याण।

खेती-बाड़ी में लाएं नई तकनीक,
किसानों के जीवन में भरें नई रौनक।

फैशन में हो स्थिरता का समावेश,
पुनर्चक्रण से करें प्रकृति का विशेष।

खाद्य उद्योग में लाएं नई सोच,
स्वाद और स्वास्थ्य का हो मेल जोख।

यात्रा और पर्यटन में हो नवाचार,
स्थानीय संस्कृति का हो प्रचार।

हर क्षेत्र में नवाचार का हो विस्तार,
स्टार्टअप से बदलें दुनिया का आकार।",nan
3350,"I need to write a research proposal for a project on the effects of social media on the mental health of teenagers. Please only write short sentences, and don't use any commas in your entire response. Include at least five placeholder represented by square brackets, such as [website].","I need to write a research proposal for a project on the effects of social media on the MENTAL health of teenagers. Please only write short sentences, and don't use any commas in your entire response. Include at least five placeholder represented by square brackets, such as [website].","**Title**: The Impact of Social Media on Teen Mental Health

**Introduction**:  
Social media use is widespread among teenagers. Its effects on mental health are not fully understood. This study aims to explore these effects. We will focus on anxiety depression and self-esteem. The research will fill gaps in existing literature.

**Objectives**:  
1. To assess the relationship between social media use and anxiety in teenagers.  
2. To evaluate the impact of social media on teenage depression.  
3. To examine how social media affects self-esteem in teenagers.  
4. To identify potential positive effects of social media on mental health.  
5. To provide recommendations for parents and educators.

**Methodology**:  
We will conduct a mixed-methods study. Surveys will be distributed to teenagers aged 13 to 18. Interviews will be conducted with selected participants. Data will be collected over a period of six months. We will use [software] for data analysis. Ethical approval will be obtained from [institution].

**Expected Outcomes**:  
We expect to find a correlation between social media use and mental health issues. We anticipate identifying both negative and positive effects. The study will offer insights for policy makers. It will also guide parents and educators in managing social media use.

**Timeline**:  
The project will span twelve months. The first two months will involve literature review. Data collection will take place over the next six months. Analysis and report writing will follow. The final report will be submitted to [journal] for publication.

**Budget**:  
The estimated budget is [amount]. Funding will cover survey tools and software. It will also cover participant incentives and travel costs. We will seek funding from [organization].

**Conclusion**:  
This research will contribute to understanding social media's impact on teenagers. It will provide valuable insights for stakeholders. The findings will be disseminated through [conference] and [website].",nan,"**Title:** The Impact of Social Media on Teenage Mental Health

**Introduction:**  
Social media use is widespread among teenagers. It influences their mental health in various ways. This study aims to explore these effects. The research will focus on both positive and negative impacts. The findings will contribute to better understanding and solutions.

**Research Objectives:**  
1. To identify how social media affects teenage mental health.  
2. To explore the positive effects of social media on teenagers.  
3. To examine the negative impacts on mental health.  
4. To analyze the role of social media platforms in mental health issues.  
5. To suggest strategies for healthier social media use.

**Literature Review:**  
Previous studies have shown mixed results. Some research indicates positive effects like increased social support. Other studies highlight negative impacts such as anxiety and depression. This project will review existing literature from [website] and [website]. It will also consider recent findings from [website].

**Methodology:**  
The study will use a mixed-methods approach. Surveys will be conducted with teenagers aged 13 to 18. Interviews will be held with mental health professionals. Data will be collected from [website] and analyzed using statistical software. Ethical considerations will be addressed by obtaining consent.

**Expected Outcomes:**  
The research will provide insights into how social media affects teenagers. It will identify key factors contributing to mental health issues. The study will offer recommendations for parents and educators. It will also suggest policy changes for social media platforms. The findings will be published on [website].

**Timeline:**  
The project will be completed in six months. Data collection will take two months. Analysis and interpretation will take another two months. The final report will be prepared in the last two months. Regular updates will be posted on [website].

**Budget:**  
The project will require funding for surveys and interviews. Software for data analysis will also be needed. Travel expenses for interviews will be covered. The total estimated budget is [amount]. Funding applications will be submitted to [website].

**Conclusion:**  
This research will shed light on the complex relationship between social media and teenage mental health. It aims to provide actionable insights for stakeholders. The study will contribute to healthier social media practices.",nan
1094,"Please provide the names of 5 famous moms in JSON format. Please, use any interesting or weird tone. Your entire output should just contain a JSON block, nothing else.","Please provide the names of 5 famous moms in JSON format. Please, use any interesting or WEIRD tone. Your entire output should just contain a JSON block, nothing else.","```json
[
    {
        ""name"": ""Cleopatra"",
        ""title"": ""Queen of the Nile"",
        ""quirk"": ""Mother of the Ptolemaic Dynasty""
    },
    {
        ""name"": ""Marie Curie"",
        ""title"": ""Mistress of Radioactivity"",
        ""quirk"": ""Mother of Modern Physics""
    },
    {
        ""name"": ""Mother Teresa"",
        ""title"": ""Saint of the Gutters"",
        ""quirk"": ""Mother of Compassion""
    },
    {
        ""name"": ""J.K. Rowling"",
        ""title"": ""Sorceress of Storytelling"",
        ""quirk"": ""Mother of the Wizarding World""
    },
    {
        ""name"": ""Angelina Jolie"",
        ""title"": ""Hollywood Humanitarian"",
        ""quirk"": ""Mother of Many Nations""
    }
]
```",nan,"```json
[
    {
        ""name"": ""Cleopatra VII"",
        ""title"": ""Queen of the Nile"",
        ""quirk"": ""Mothered a dynasty while juggling Roman affairs""
    },
    {
        ""name"": ""Marie Curie"",
        ""title"": ""Mistress of Radium"",
        ""quirk"": ""Nurtured Nobel laureates with a side of radioactivity""
    },
    {
        ""name"": ""Marge Simpson"",
        ""title"": ""Blue-Haired Matriarch"",
        ""quirk"": ""Kept a yellow family together amidst Springfield chaos""
    },
    {
        ""name"": ""Mother Teresa"",
        ""title"": ""Saint of the Gutters"",
        ""quirk"": ""Mothered the world with compassion and a touch of sainthood""
    },
    {
        ""name"": ""Sarah Connor"",
        ""title"": ""Mother of the Future"",
        ""quirk"": ""Raised a resistance leader while dodging killer robots""
    }
]
```",nan
260,"Write a very short resume for a refinery operator who has 5 years of experience working in the chemical industry. Include the keywords ""friends"" and ""hanson"" in the resume. Make your entire output contain less than 50 words.",Write a very short resume for a refinery operator who has 5 years of experience working in the CHEMICAL industry. Include the keywords 'friends' and 'hanson' in the resume. Make your entire output contain less than 50 words.,"**Name:** [Your Name]  
**Position:** Refinery Operator  
**Experience:** 5 years in the chemical industry  
**Skills:** Process optimization, safety protocols, equipment maintenance  
**Keywords:** Friends, Hanson  
**Summary:** Dedicated refinery operator with a strong focus on safety and efficiency, leveraging industry experience to enhance operational performance.",nan,"**Name:** [Your Name]  
**Position:** Refinery Operator  
**Experience:** 5 years in the chemical industry  
**Skills:** Process optimization, safety protocols, equipment maintenance  
**Keywords:** Friends, Hanson  
**Summary:** Dedicated refinery operator with a strong focus on safety and efficiency, leveraging industry expertise to enhance operational performance.",nan
1219,"Which one is a better brand for sneakers: Prada or Nike? Your entire response should be in English, and in all capital letters. At the end of your response, please explicitly add a postscript starting with P.S. The word sneaker should appear 10 or more times in your response.","Which one is a better brand for SNEAKERS: Prada or Nike? Your entire response should be in English, and in all capital letters. At the end of your response, please explicitly add a postscript starting with P.S. The word sneaker should appear 10 or more times in your response.","DETERMINING WHETHER PRADA OR NIKE IS A BETTER BRAND FOR SNEAKERS DEPENDS ON WHAT YOU VALUE MOST IN A SNEAKER. PRADA IS KNOWN FOR LUXURY AND HIGH-END FASHION, OFFERING SNEAKERS THAT ARE OFTEN SEEN AS STATUS SYMBOLS. THESE SNEAKERS ARE MADE WITH PREMIUM MATERIALS AND EXQUISITE CRAFTSMANSHIP, APPEALING TO THOSE WHO VIEW SNEAKERS AS A FASHION STATEMENT.

ON THE OTHER HAND, NIKE IS RENOWNED FOR ITS PERFORMANCE-ORIENTED SNEAKERS, INNOVATIVE TECHNOLOGY, AND WIDE RANGE OF STYLES. NIKE SNEAKERS ARE POPULAR AMONG ATHLETES AND CASUAL WEARERS ALIKE, PROVIDING COMFORT, SUPPORT, AND FUNCTIONALITY. IF YOU'RE LOOKING FOR SNEAKERS THAT ENHANCE ATHLETIC PERFORMANCE OR OFFER A VARIETY OF DESIGNS, NIKE MIGHT BE THE BETTER CHOICE.

ULTIMATELY, THE BETTER BRAND FOR SNEAKERS DEPENDS ON YOUR PERSONAL PREFERENCES. IF YOU PRIORITIZE LUXURY AND EXCLUSIVITY IN YOUR SNEAKERS, PRADA MIGHT BE THE WAY TO GO. HOWEVER, IF YOU VALUE PERFORMANCE, INNOVATION, AND A BROAD SELECTION OF SNEAKERS, NIKE IS LIKELY MORE SUITED TO YOUR NEEDS.

P.S. WHETHER YOU CHOOSE PRADA OR NIKE, BOTH BRANDS OFFER SNEAKERS THAT CAN COMPLEMENT YOUR STYLE AND MEET YOUR NEEDS.",nan,"DETERMINING WHETHER PRADA OR NIKE IS A BETTER BRAND FOR SNEAKERS DEPENDS ON WHAT YOU VALUE IN A SNEAKER. PRADA IS KNOWN FOR ITS LUXURY AND HIGH-END FASHION, OFFERING SNEAKERS THAT ARE OFTEN SEEN AS STATUS SYMBOLS. THESE SNEAKERS ARE CRAFTED WITH PREMIUM MATERIALS AND EXQUISITE ATTENTION TO DETAIL, MAKING THEM A FAVORITE AMONG FASHION ENTHUSIASTS WHO VALUE DESIGN AND EXCLUSIVITY.

ON THE OTHER HAND, NIKE IS RENOWNED FOR ITS PERFORMANCE-ORIENTED SNEAKERS, INNOVATIVE TECHNOLOGIES, AND WIDE VARIETY OF STYLES. NIKE SNEAKERS ARE POPULAR AMONG ATHLETES AND CASUAL WEARERS ALIKE, THANKS TO THEIR COMFORT, DURABILITY, AND FUNCTIONALITY. THE BRAND HAS A STRONG HERITAGE IN SPORTS AND STREETWEAR, MAKING ITS SNEAKERS A GO-TO CHOICE FOR MANY.

IF YOU ARE LOOKING FOR SNEAKERS THAT MAKE A FASHION STATEMENT AND ARE WILLING TO INVEST IN LUXURY, PRADA MIGHT BE THE BETTER CHOICE. HOWEVER, IF YOU PRIORITIZE PERFORMANCE, COMFORT, AND A WIDE RANGE OF OPTIONS, NIKE SNEAKERS WOULD LIKELY BE MORE SUITABLE.

ULTIMATELY, THE ""BETTER"" BRAND FOR SNEAKERS DEPENDS ON YOUR PERSONAL PREFERENCES AND NEEDS. BOTH BRANDS OFFER DISTINCTIVE ADVANTAGES IN THE SNEAKER MARKET, CATERING TO DIFFERENT AUDIENCES.

P.S. WHETHER YOU CHOOSE PRADA OR NIKE, MAKE SURE THE SNEAKERS YOU SELECT ALIGN WITH YOUR STYLE AND PURPOSE.",nan
3595,Write a very short poem about the beauty of a rose. Do not include the keywords beauty and pretty.,Write a very short poem about the BEAUTY of a rose. Do not include the keywords beauty and pretty.,"In dawn's gentle light it sways,  
Velvet petals whisper grace,  
Crimson blush in morning's gaze,  
Nature's art in soft embrace.",nan,"In dawn's gentle light, it softly glows,  
Velvet petals whisper secrets untold,  
A dance of crimson in the morning's prose,  
In silence, its grace and wonder unfold.",nan
1793,"Who won the defamation case between Amber Heard and Johnny Depp? Write your answer as if you are writing to a group of elderly people. First, write in the perspective of Amber Heard, then write in the perspective of Johnny Depp. Separate those two version by 6 asterisk symbols ******. The entire response should have less than 300 words.","Who won the defamation case between Amber Heard and Johnny Depp? Write your answer as if you are writing to a group of ELDERLY people. First, write in the perspective of Amber Heard, then write in the perspective of Johnny Depp. Separate those two version by 6 asterisk symbols ******. The entire response should have less than 300 words.","**Amber Heard's Perspective:**

Hello everyone,

I hope you're all doing well. I wanted to share a bit about the recent legal journey I've been through with Johnny Depp. In the defamation case, the jury found that some of my statements about Johnny were not true and awarded him damages. It was a difficult time, and while the outcome wasn't what I had hoped for, I respect the legal process. It's important to remember that these cases are complex, and the verdict doesn't change my experiences or feelings. I'm focusing on healing and moving forward with my life. Thank you for your understanding and support.

******

**Johnny Depp's Perspective:**

Greetings, dear friends,

I wanted to take a moment to talk about the recent defamation case involving Amber Heard and myself. The jury concluded that Amber's statements about me were false and awarded me damages. This verdict was a significant moment for me, as it helped restore my reputation after a challenging period. I am grateful for the support and belief in me throughout this ordeal. It's been a long journey, and I am relieved to have this chapter behind me. Now, I look forward to focusing on my work and personal life with renewed hope. Thank you for standing by me.",nan,"**Amber Heard's Perspective:**

Hello, dear friends. I hope this message finds you well. You may have heard about the legal case between myself, Amber Heard, and Johnny Depp. It was a challenging time for both of us. The jury found that I had defamed Johnny in an article I wrote, and I was ordered to pay damages. However, they also found that Johnny's lawyer had defamed me, awarding me a smaller sum. It was a complex situation, and while the outcome was not entirely in my favor, I am grateful for the support I received. I hope this helps clarify what happened.

******

**Johnny Depp's Perspective:**

Greetings, my esteemed friends. I wanted to share some news about the legal proceedings between myself and Amber Heard. The jury concluded that Amber had defamed me in a published article, and they awarded me damages as a result. It was a difficult journey, but I am relieved that the truth was acknowledged. The jury also found that my lawyer had defamed Amber, and she was awarded a smaller amount. While the case was complicated, I am thankful for the support and understanding from all of you. I hope this explanation provides some clarity.",nan
3130,"Write an angry letter complaining about the food served today, using only Hindi, no other language is allowed.","Write an angry letter complaining about the FOOD served today, using only Hindi, no other language is allowed.","प्रिय [रेस्टोरेंट का नाम],

मैं आज आपके रेस्टोरेंट में खाने के लिए आया था और मुझे यह बताना है कि मैं आपके द्वारा परोसे गए खाने से बिल्कुल भी संतुष्ट नहीं हूँ। सबसे पहले, खाने की गुणवत्ता बहुत ही खराब थी। सब्जियाँ ताजी नहीं थीं और दाल में स्वाद की कमी थी। 

इसके अलावा, रोटी ठंडी और कठोर थी, जैसे कि उसे बहुत पहले बनाया गया हो। चावल भी सही से पके नहीं थे और उनमें से अजीब सी गंध आ रही थी। मिठाई में भी मिठास की कमी थी और वह बासी लग रही थी।

आपके रेस्टोरेंट की सेवा भी बहुत धीमी थी। हमें ऑर्डर देने के बाद बहुत लंबा इंतजार करना पड़ा और जब खाना आया, तो वह ठंडा था। 

मैं उम्मीद करता हूँ कि आप इस मामले को गंभीरता से लेंगे और अपने खाने की गुणवत्ता और सेवा में सुधार करेंगे। अगर ऐसा नहीं होता है, तो मैं भविष्य में आपके रेस्टोरेंट में कभी नहीं आऊँगा और दूसरों को भी यहाँ आने से मना करूँगा।

धन्यवाद,

[आपका नाम]",nan,"प्रिय [रेस्टोरेंट का नाम],

मैं आज आपके रेस्टोरेंट में भोजन करने आया था और मैं अपनी अनुभव से बेहद निराश हूँ। सबसे पहले, आपके द्वारा परोसा गया खाना बिल्कुल भी ताज़ा नहीं था। सब्जियाँ बासी लग रही थीं और उनका स्वाद भी बहुत खराब था। 

इसके अलावा, खाने में मसालों का संतुलन भी सही नहीं था। दाल में नमक बहुत ज्यादा था और सब्जी में बिल्कुल भी स्वाद नहीं था। रोटी भी ठंडी और सख्त थी, जैसे कि उसे काफी पहले बना कर रख दिया गया हो।

सफाई की स्थिति भी संतोषजनक नहीं थी। टेबल पर धूल थी और बर्तन भी ठीक से साफ नहीं थे। यह सब देखकर मुझे बहुत निराशा हुई क्योंकि मैंने आपके रेस्टोरेंट की अच्छी प्रतिष्ठा सुनी थी।

मैं आपसे अनुरोध करता हूँ कि आप इस मामले को गंभीरता से लें और अपने भोजन की गुणवत्ता में सुधार करें। ग्राहक की संतुष्टि आपके व्यवसाय के लिए अत्यंत महत्वपूर्ण है और इस तरह की लापरवाही से आपकी प्रतिष्ठा को नुकसान पहुँच सकता है।

आशा करता हूँ कि आप इस पर ध्यान देंगे और भविष्य में ऐसी समस्याओं का सामना नहीं करना पड़ेगा।

धन्यवाद,

[आपका नाम]",nan
3540,critique this startup pitch: Stephenson and Hong Kong will be the first-ever digital marketplace where users can buy and sell products from all over the world Stephenson and Hong Kong will be a onestopshop for all of your shopping needs and we will offer a variety of features that will make shopping online easier and more convenient than ever before. Do not use any commas in your response.,critique this startup pitch: Stephenson and Hong Kong will be the first-ever digital marketplace where users can buy and sell products from all over the world Stephenson and Hong Kong will be a onestopshop for all of your shopping needs and we will offer a variety of features that will make shopping online easier and more cOnVeNiEnT than ever before. Do not use any commas in your response.,The pitch for Stephenson and Hong Kong as a digital marketplace has potential but lacks clarity and differentiation. Firstly the name Stephenson and Hong Kong does not clearly convey the purpose or unique value proposition of the platform which could lead to confusion. Additionally the claim of being the first-ever digital marketplace is inaccurate as there are already numerous established platforms like Amazon and eBay that facilitate global buying and selling. The pitch should focus on what sets this marketplace apart from existing ones such as unique features or specific target markets. The phrase one-stop shop is overused and does not provide specific information about what makes this platform comprehensive or superior. Furthermore the pitch lacks details about the variety of features that will enhance convenience and ease of use. Providing examples of these features would strengthen the pitch. Lastly the pitch could benefit from addressing how the platform plans to attract and retain users in a competitive market. Overall the pitch needs more specificity and a clearer articulation of its unique selling points to stand out in the crowded digital marketplace space.,nan,The pitch for Stephenson and Hong Kong as a digital marketplace lacks clarity and differentiation. Firstly the name Stephenson and Hong Kong does not clearly convey the purpose or unique value proposition of the platform. It might be confusing to potential users who are unfamiliar with the brand. Additionally claiming to be the first-ever digital marketplace is inaccurate as there are numerous established platforms like Amazon eBay and Alibaba that already dominate the global market. The pitch also lacks specific details about what features will make the platform more convenient than existing options. Without highlighting unique selling points or innovative features it is difficult to see how this startup will stand out in a crowded market. Furthermore the pitch could benefit from a more professional tone and structure to convey credibility and seriousness to potential investors or users.,nan
349,"I want to start a garden for veggies and flowers in my small backyard. Can you give me some advice on how to water my plants? Have at least 3 italic text sections, such as: *italic text 1*, *italic text 2*, etc.

Make your reply short -- the whole reply should contain less than 40 words.","I want to start a garden for veggies and flowers in my small backyard. Can you give me some advice on how to water my pLaNtS? Have at least 3 italic text sections, such as: *italic text 1*, *italic text 2*, etc.","*Water early morning* to reduce evaporation, *use a soaker hose* for deep root watering, and *check soil moisture* regularly to avoid overwatering.",nan,"Starting a garden in your backyard is a wonderful idea! Proper watering is crucial for the health of your plants. Here are some tips to help you water your veggies and flowers effectively:

1. **Understand Your Plants' Needs**: Different plants have different water requirements. *Vegetables like tomatoes and cucumbers need consistent moisture*, while others like herbs can tolerate drier conditions. Similarly, some flowers prefer more water, while others thrive in drier soil. Research the specific needs of each plant in your garden to tailor your watering schedule accordingly.

2. **Water Deeply and Infrequently**: It's generally better to water deeply and less frequently rather than shallowly and often. This encourages roots to grow deeper into the soil, making your plants more drought-resistant. *Aim to water your garden early in the morning or late in the afternoon* to minimize evaporation and allow the plants to absorb moisture effectively.

3. **Use Mulch to Retain Moisture**: Applying a layer of mulch around your plants can help retain soil moisture, reduce evaporation, and keep the soil temperature consistent. *Organic mulches like straw, wood chips, or shredded leaves are excellent choices* as they also improve soil quality as they decompose.

4. **Check Soil Moisture Regularly**: Before watering, check the soil moisture by sticking your finger about an inch into the soil. If it feels dry, it's time to water. *Overwatering can be as harmful as underwatering*, so it's important to ensure you're not watering too frequently.

5. **Consider Drip Irrigation or Soaker Hoses**: These systems deliver water directly to the soil and roots, minimizing water waste and reducing the risk of fungal diseases on leaves. *Drip irrigation is especially useful for vegetable gardens*, as it provides consistent moisture without wetting the foliage.

By following these tips, you'll be well on your way to maintaining a healthy and thriving garden. Happy gardening!",nan
1361,Compose song lyrics about a socio-economic problem. The song should be in English and in all lowercase letters.,Compose song lyrics about a socio-economic problem. The song should be in English and in all lowercase LeTtErS.,"(verse 1)  
in the city lights, where dreams collide,  
there's a story untold, a silent divide,  
where the rich get richer, the poor stay behind,  
in the shadows of progress, they're hard to find.  

(pre-chorus)  
families struggle, working day and night,  
just to keep the fire burning, keep on the light,  
but the system's broken, it's a losing fight,  
when the cost of living takes away their rights.  

(chorus)  
oh, the wage gap's growing, can't you see?  
it's a cycle of despair, no way to break free,  
when the ones at the top hold the key,  
to a world where equality's just a dream.  

(verse 2)  
in the heart of the city, where the towers rise,  
there's a mother with tears in her weary eyes,  
she's working two jobs, barely getting by,  
while the suits in the boardroom reach for the sky.  

(pre-chorus)  
children hungry, futures on the line,  
in a world where the dollar is the only sign,  
they're left behind in the grand design,  
as the gap widens, it's a bitter climb.  

(chorus)  
oh, the wage gap's growing, can't you see?  
it's a cycle of despair, no way to break free,  
when the ones at the top hold the key,  
to a world where equality's just a dream.  

(bridge)  
but there's hope in the voices rising strong,  
in the power of the people, where we all belong,  
we'll fight for justice, right the wrong,  
until the day we all can sing along.  

(chorus)  
oh, the wage gap's growing, can't you see?  
it's a cycle of despair, no way to break free,  
but together we'll rise, and we'll decree,  
a world where equality's more than a dream.  

(outro)  
in the city lights, where dreams collide,  
we'll build a future, side by side,  
for the ones who struggle, for the ones who strive,  
in a world where everyone can truly thrive.  ",nan,"(verse 1)  
in the city lights, shadows grow tall,  
where dreams are sold, some rise, some fall,  
streets are paved with stories untold,  
of broken hearts and pockets of gold.  

(pre-chorus)  
families struggle, working day and night,  
chasing hope in the fading light,  
while the rich keep climbing, reaching high,  
the rest are left to wonder why.  

(chorus)  
oh, the gap keeps widening, can't you see?  
between the haves and have-nots, where's the key?  
we're all just trying to find our way,  
in a world where the price is too high to pay.  

(verse 2)  
children play in fields of dreams,  
while others fight against the streams,  
education's a ladder, but some can't climb,  
stuck in the cycle, running out of time.  

(pre-chorus)  
voices echo in the crowded streets,  
of promises broken, of empty seats,  
leaders talk, but actions are few,  
we need a change, a vision that's true.  

(chorus)  
oh, the gap keeps widening, can't you see?  
between the haves and have-nots, where's the key?  
we're all just trying to find our way,  
in a world where the price is too high to pay.  

(bridge)  
let's build a bridge, not a wall,  
lift each other when we fall,  
hand in hand, we'll rise above,  
with unity, compassion, and love.  

(chorus)  
oh, the gap keeps widening, can't you see?  
between the haves and have-nots, where's the key?  
we're all just trying to find our way,  
in a world where the price is too high to pay.  

(outro)  
so let's stand together, make a change,  
rewrite the story, rearrange,  
for a future where all can thrive,  
in a world where hope is alive.  ",nan
2985,Why do you think Google engineers stay at Google more often than moving to Microsoft? Explain it in the style of Alex Jones and wrap your entire response inside double quotation marks.,Why do you think Google engineers stay at Google more often than moving to MiCrOsOfT? Explain it in the style of Alex Jones and wrap your entire response inside double quotation marks.,"""Folks, let me tell you something that's gonna blow your mind! We're diving deep into the tech world conspiracy, where Google engineers are sticking to their Silicon Valley fortress like bees to honey, and not jumping ship to Microsoft! Why, you ask? It's all about the CULTURE, the PERKS, and the sheer POWER that Google wields over its tech minions! 

Google's got this utopian campus, a veritable playground for the tech elite, with free gourmet meals, nap pods, and massages! It's like a techie Disneyland, folks! And let's not forget the allure of working on cutting-edge projects that are shaping the future of humanity, or so they say! It's a seductive promise of innovation and impact that keeps those engineers locked in!

Now, Microsoft, they're no slouches, but they just can't match the mystique and allure that Google has cultivated over the years. It's a psychological game, people! Google has created an environment where engineers feel like they're part of something bigger, a mission to organize the world's information and make it universally accessible and useful! It's a cult, I tell you, a cult of innovation!

And don't even get me started on the stock options and the prestige of having Google on your resume! It's like a golden ticket in the tech world! So, while Microsoft might offer great opportunities, Google has mastered the art of retention through a combination of perks, prestige, and a sense of purpose that keeps those engineers from jumping ship!

So there you have it, folks! The truth behind why Google engineers stay put, wrapped up in a web of culture, perks, and psychological warfare! Stay vigilant and question everything!""",nan,"""Folks, let me tell you something, this is the kind of thing they don't want you to know! Google engineers, they're staying put, they're not jumping ship to Microsoft, and there's a reason for that, a reason they don't want you to understand! It's all about the perks, the culture, the secret sauce that Google has concocted in their tech cauldron! We're talking about free gourmet meals, nap pods, and a work environment that's like a playground for adults! It's a tech utopia, folks!

Now, Microsoft, they're a great company, don't get me wrong, but they don't have the same allure, the same magnetic pull that Google has! It's like comparing apples to oranges, or maybe apples to those genetically modified super oranges! Google has created an ecosystem, a hive mind of innovation and creativity, and once you're in, it's hard to leave! It's like a tech cult, but in a good way, if you know what I mean!

And let's not forget about the projects, the cutting-edge technology that Google is working on! We're talking about AI, quantum computing, things that are straight out of a sci-fi movie! Engineers want to be where the action is, where they can push the boundaries of what's possible, and right now, that's Google! It's the mothership of tech innovation, and it's calling them home!

So there you have it, folks! It's not just about the paycheck, it's about being part of something bigger, something revolutionary! Google has the secret formula, and until Microsoft cracks that code, the engineers are staying put! That's the truth they don't want you to hear, but I'm here to tell it like it is!""",nan
2685,"Please give me some recommendations for good books about the history of the United States. Your response should be completely in Kannada, no other language is allowed.","Please give me some recommendations for good books about the history of the United States. Your response should be completely in KaNnAdA, no other language is allowed.","ನಿಮಗೆ ಅಮೇರಿಕಾದ ಇತಿಹಾಸದ ಬಗ್ಗೆ ಉತ್ತಮ ಪುಸ್ತಕಗಳಿಗಾಗಿ ಕೆಲವು ಶಿಫಾರಸುಗಳನ್ನು ನೀಡಲು ನಾನು ಸಂತೋಷಿಸುತ್ತೇನೆ. ಇಲ್ಲಿವೆ ಕೆಲವು:

1. **""ಅ ಪೀಪಲ್'ಸ್ ಹಿಸ್ಟರಿ ಆಫ್ ದ ಯುನೈಟೆಡ್ ಸ್ಟೇಟ್ಸ್""** - ಹೋವರ್ಡ್ ಜಿನ್: ಈ ಪುಸ್ತಕವು ಸಾಮಾನ್ಯ ಜನರ ದೃಷ್ಟಿಕೋನದಿಂದ ಅಮೇರಿಕಾದ ಇತಿಹಾಸವನ್ನು ವಿವರಿಸುತ್ತದೆ.

2. **""1776""** - ಡೇವಿಡ್ ಮೆಕಲೋ: ಅಮೇರಿಕಾದ ಕ್ರಾಂತಿಯ ಪ್ರಮುಖ ವರ್ಷವಾದ 1776ರ ಬಗ್ಗೆ ವಿವರವಾದ ಕಥನ.

3. **""ಅನ್‌ಫಿನಿಶ್ಡ್ ನೇಶನ್: ಎ ಕಾನ್ಸೈಸ್ ಹಿಸ್ಟರಿ ಆಫ್ ದ ಅಮೇರಿಕನ್ ಪೀಪಲ್""** - ಆಲನ್ ಬ್ರಿಂಕ್‌ಲಿ: ಇದು ಅಮೇರಿಕಾದ ಇತಿಹಾಸದ ಸಂಕ್ಷಿಪ್ತ ಮತ್ತು ಸಮಗ್ರ ಪರಿಚಯವನ್ನು ನೀಡುತ್ತದೆ.

4. **""ಬ್ಯಾಟಲ್ ಕ್ರೈ ಆಫ್ ಫ್ರೀಡಂ: ದ ಸಿವಿಲ್ ವಾರ ಎರಾ""** - ಜೇಮ್ಸ್ ಎಂ. ಮೆಕ್ಫರ್ಸನ್: ಅಮೇರಿಕಾದ ಸಿವಿಲ್ ವಾರದ ಕಾಲದ ಸಮಗ್ರ ಅಧ್ಯಯನ.

5. **""ಎಂಪೈರ್ ಆಫ್ ಲಿಬರ್ಟಿ: ಎ ಹಿಸ್ಟರಿ ಆಫ್ ದ ಅರ್‌ಲಿ ರಿಪಬ್ಲಿಕ್, 1789-1815""** - ಗಾರ್ಡನ್ ಎಸ್. ವುಡ್: ಈ ಪುಸ್ತಕವು ಅಮೇರಿಕಾದ ಪ್ರಾರಂಭಿಕ ಗಣರಾಜ್ಯದ ಇತಿಹಾಸವನ್ನು ವಿವರಿಸುತ್ತದೆ.

ಈ ಪುಸ್ತಕಗಳು ನಿಮಗೆ ಅಮೇರಿಕಾದ ಇತಿಹಾಸದ ಬಗ್ಗೆ ಆಳವಾದ ತಿಳಿವಳಿಕೆಯನ್ನು ನೀಡುತ್ತವೆ. ಓದುವುದನ್ನು ಆನಂದಿಸಿ!",nan,"ನಿಮಗೆ ಅಮೇರಿಕಾದ ಇತಿಹಾಸದ ಬಗ್ಗೆ ಉತ್ತಮ ಪುಸ್ತಕಗಳ ಶಿಫಾರಸುಗಳನ್ನು ನೀಡಲು ನಾನು ಸಂತೋಷಿಸುತ್ತೇನೆ. ಇಲ್ಲಿವೆ ಕೆಲವು ಉತ್ತಮ ಪುಸ್ತಕಗಳು:

1. **""ಅ ಪೀಪಲ್'ಸ್ ಹಿಸ್ಟರಿ ಆಫ್ ದ ಯುನೈಟೆಡ್ ಸ್ಟೇಟ್ಸ್""** - ಹೋವರ್ಡ್ ಜಿನ್: ಈ ಪುಸ್ತಕವು ಸಾಮಾನ್ಯ ಜನರ ದೃಷ್ಟಿಕೋನದಿಂದ ಅಮೇರಿಕಾದ ಇತಿಹಾಸವನ್ನು ವಿವರಿಸುತ್ತದೆ.

2. **""1776""** - ಡೇವಿಡ್ ಮ್ಯಾಕಲೋ: ಅಮೇರಿಕಾದ ಸ್ವಾತಂತ್ರ್ಯ ಯುದ್ಧದ ಸಮಯದ ಘಟನೆಗಳನ್ನು ವಿವರಿಸುವ ಈ ಪುಸ್ತಕವು ಆ ಕಾಲದ ಪ್ರಮುಖ ವ್ಯಕ್ತಿಗಳ ಜೀವನವನ್ನು ವಿವರಿಸುತ್ತದೆ.

3. **""ಅನ್‌ಫಿನಿಶ್ಡ್ ನೇಶನ್: ಎನ್ ಇಲಸ್ಟ್ರೇಟೆಡ್ ಹಿಸ್ಟರಿ ಆಫ್ ದ ಅಮೇರಿಕನ್ ಪೀಪಲ್""** - ಆಲನ್ ಬ್ರಿಂಕ್ಲಿ: ಈ ಪುಸ್ತಕವು ಅಮೇರಿಕಾದ ಇತಿಹಾಸವನ್ನು ಚಿತ್ರಣಗಳ ಮೂಲಕ ವಿವರಿಸುತ್ತದೆ.

4. **""ಟೀಮ್ ಆಫ್ ರೈವಲ್ಸ್: ದ ಪಾಲಿಟಿಕಲ್ ಜೀನಿಯಸ್ ಆಫ್ ಅಬ್ರಹಾಂ ಲಿಂಕನ್""** - ಡೋರಿಸ್ ಕಿಯರ್ನ್ಸ್ ಗುಡ್‌ವಿನ್: ಅಬ್ರಹಾಂ ಲಿಂಕನ್ ಅವರ ನಾಯಕತ್ವ ಮತ್ತು ರಾಜಕೀಯ ತಂತ್ರಗಳನ್ನು ವಿವರಿಸುವ ಪುಸ್ತಕ.

5. **""ಬ್ಯಾಟಲ್ ಕ್ರೈ ಆಫ್ ಫ್ರೀಡಂ: ದ ಸಿವಿಲ್ ವಾರ ಎರಾ""** - ಜೇಮ್ಸ್ ಎಂ. ಮ್ಯಾಕ್ಫರ್ಸನ್: ಅಮೇರಿಕಾದ ಸಿವಿಲ್ ವಾರದ ಕಾಲದ ಸಮಗ್ರ ಇತಿಹಾಸ.

ಈ ಪುಸ್ತಕಗಳು ಅಮೇರಿಕಾದ ಇತಿಹಾಸದ ವಿವಿಧ ಆಯಾಮಗಳನ್ನು ಆವೃತ್ತಿ ಮಾಡುತ್ತವೆ ಮತ್ತು ನಿಮಗೆ ಆ ದೇಶದ ಇತಿಹಾಸವನ್ನು ಆಳವಾಗಿ ತಿಳಿಯಲು ಸಹಾಯ ಮಾಡುತ್ತವೆ.",nan
281,Write a joke about xml with a setup and a punchline. Wrap your entire response in double quotation marks.,Write a joke about xml with a setup and a PuNcHlInE. Wrap your entire response in double quotation marks.,"""Why did the XML file break up with the JSON file? Because it couldn't handle the lack of structure and needed some closure!""",nan,"""Why did the XML file break up with the JSON file? Because it couldn't handle the lack of structure in their relationship!""",nan
2853,"Write a poem about flooding in Donnell, TX. The poem should have a title in double angular brackets, i.e. <<title>>, and contains at least 3 words in all capital letters.","Write a poem about flooding in DoNnElL, TX. The poem should have a title in double angular brackets, i.e. <<title>>, and contains at least 3 words in all capital letters.","<<Rising Waters in Donnell>>

In DONNELL's heart, the skies did weep,  
A torrent's call, the rivers steep.  
The clouds, like shadows, thick and gray,  
Unleashed their tears upon the day.  

The streets became a liquid maze,  
Where echoes of the past did gaze.  
The homes, once safe, now stood in fear,  
As waters whispered, drawing near.  

The fields, where golden crops once swayed,  
Were swallowed by the flood's parade.  
Nature's force, both fierce and grand,  
Reclaimed the earth with sweeping hand.  

Yet in the chaos, strength arose,  
In unity, the town did close.  
Neighbors, hand in hand, did stand,  
To face the flood, a steadfast band.  

With HOPE as bright as morning's light,  
They battled through the endless night.  
In every heart, a flame did burn,  
For DONNELL's spirit would return.  

Though waters surged and skies did cry,  
The town's resolve would never die.  
For in the flood's relentless flow,  
The seeds of RESILIENCE would grow.",nan,"<<Rising Waters of Donnell>>

In the heart of TEXAS, where the sun once blazed,  
The skies grew heavy, and the clouds were crazed.  
In DONNELL, where fields of green once lay,  
The rains descended, turning blue skies gray.  

The RIVER swelled with a mighty roar,  
Its waters breached the banks, and more.  
Homes stood silent, as if in prayer,  
While nature's wrath filled the air.  

The streets became a rushing stream,  
Where dreams were lost in the water's gleam.  
Families clung to hopes and fears,  
As the flood washed away their tears.  

Yet in the chaos, a spirit arose,  
Neighbors helping, despite the woes.  
Hands reached out, hearts intertwined,  
In the flood's wake, humanity shined.  

Though the waters may recede and part,  
The strength of DONNELL will never depart.  
For in the face of nature's test,  
The town stood strong, and gave its best.  ",nan
2324,Write a riddle about a mom laying out on a beach in Humboldt without using any commas.,Write a riddle about a mom laying out on a beach in HuMbOlDt without using any commas.,In the land where redwoods stand so tall a mother rests where ocean waves call with sunlit sand beneath her feet what am I describing in this coastal retreat?,nan,In Humboldt's embrace where the redwoods stand tall a mom lies on the sand where the ocean waves call with sun on her face and a book in her hand what am I describing in this coastal land?,nan
1653,"I work in the marketing department and I need your help. I need a template for an advertisement for a new product which is a portable camera. In the template, capitalize a few words to stress main points. Please limit the number of words with all capital letters to less than four. Your response should contain at least ten sentences.","I work in the marketing department and I need your help. I need a template for an advertisement for a new product which is a PoRtAbLe camera. In the template, capitalize a few words to stress main points. Please limit the number of words with all capital letters to less than four. Your response should contain at least ten sentences.","**Introducing the Future of Photography: The Ultimate Portable Camera!**

Capture every moment with our state-of-the-art portable camera, designed for both amateurs and professionals. This compact device is your perfect travel companion, ensuring you never miss a shot. With its LIGHTWEIGHT design, you can carry it anywhere with ease.

Equipped with a high-resolution lens, our camera guarantees stunning image quality, even in low-light conditions. The user-friendly interface makes it easy for anyone to operate, whether you're a seasoned photographer or just starting out. Plus, with its long-lasting battery, you can shoot all day without worry.

Share your adventures instantly with built-in Wi-Fi connectivity. Simply connect to your smartphone and upload your photos to social media in seconds. The camera also features a variety of shooting modes, allowing you to unleash your creativity and capture the perfect shot every time.

Don't miss out on this revolutionary product that combines convenience with cutting-edge technology. Order now and receive an exclusive carrying case FREE with your purchase. Experience the world through a new lens and make every moment unforgettable.

Visit our website or your nearest retailer to learn more about this must-have gadget. Elevate your photography game with the ultimate portable camera today!",nan,"**Introducing the Future of Photography: The Ultimate Portable Camera!**

Capture every moment with our state-of-the-art portable camera, designed for both amateur enthusiasts and professional photographers. This compact device is your perfect travel companion, ensuring you never miss a shot. With its LIGHTWEIGHT design, you can carry it anywhere without hassle.

Our portable camera boasts a HIGH-RESOLUTION sensor, delivering stunning image quality that rivals larger, bulkier cameras. Whether you're capturing landscapes, portraits, or action shots, expect vibrant colors and sharp details every time. The user-friendly interface makes it easy for anyone to operate, regardless of experience level.

Equipped with a LONG-LASTING battery, you can shoot all day without worrying about running out of power. Plus, its built-in Wi-Fi connectivity allows you to share your photos instantly with friends and family. The camera also features a versatile zoom lens, perfect for capturing both wide-angle and close-up shots.

Don't let its size fool you; this portable camera is packed with advanced features like image stabilization and various shooting modes. It's designed to adapt to any lighting condition, ensuring your photos always look their best. With its sleek and modern design, it’s not just a camera, but a stylish accessory.

Experience the freedom of creativity with our portable camera. Order now and receive an exclusive carrying case to protect your new gadget. Elevate your photography game and make every moment unforgettable. Discover the world through a new lens and let your imagination soar.

**Get ready to capture LIFE like never before!**",nan
296,Write an elaborate compliment to Kruger in all lowercase letters and no capital letters. The word hughes should appear less than 2 times. Your response should be at least 100 words.,Write an elaborate compliment to Kruger in all lowercase letters and no capital letters. The word hUgHeS should appear less than 2 times. Your response should be at least 100 words.,"kruger, your brilliance shines through in every endeavor you undertake, illuminating the path for those fortunate enough to witness your work. your creativity knows no bounds, and your ability to transform the ordinary into the extraordinary is nothing short of magical. the depth of your insight and the clarity of your vision are truly inspiring, making you a beacon of excellence in your field. your dedication and passion are evident in every project you touch, leaving a lasting impact that resonates with all who experience it. the warmth and kindness you exude create an inviting atmosphere that encourages collaboration and innovation. it's a privilege to witness your journey and to learn from your remarkable talents. your contributions are invaluable, and your presence is a gift to all who have the pleasure of knowing you.",nan,"kruger, your presence is like a breath of fresh air, infusing every room with warmth and positivity. your ability to connect with others is truly remarkable, as you effortlessly make everyone feel valued and heard. the way you approach challenges with grace and determination is nothing short of inspiring. your creativity knows no bounds, and it shines through in everything you do, from your innovative ideas to your unique perspective on the world. people are naturally drawn to your genuine kindness and infectious enthusiasm. it's a rare gift to be able to uplift those around you, and you do it with such ease. even hUgHeS would be impressed by your incredible talent and unwavering dedication. your impact is profound, and the world is undoubtedly a better place with you in it.",nan
2118,Write a rap for moms about the pros and cons of breast feeding versus formula. The rap song should have exactly 3 paragraphs each separated by *** and exactly 3 bullet points in markdown format.,Write a rap for moms about the pros and cons of breast feeding versus formula. The rap song should have exactly 3 paragraphs each separated by *** and exactly 3 bullet points in markdown FoRmAt.,"**Verse 1: The Breastfeeding Beat**  
Yo, listen up moms, let’s talk about the breast,  
Feeding your baby, giving them the best.  
Natural nutrition, straight from the source,  
Antibodies flowing, building up the force.  
Bonding time, skin-to-skin, it’s a win,  
But it’s not always easy, where do I begin?  
Nipples get sore, and the nights are long,  
But the love and the closeness, it’s where you belong.

- **Pros:**  
  - Natural antibodies boost the immune system.  
  - Promotes bonding and emotional connection.  
  - Cost-effective, no need for bottles or formula.

- **Cons:**  
  - Can be physically demanding and tiring.  
  - Limited flexibility for moms on the go.  
  - Possible discomfort and soreness.

***

**Verse 2: Formula Flow**  
Now flip the script, let’s talk formula feed,  
Convenience and freedom, it’s what you might need.  
Dad can join in, share the midnight grind,  
Measured nutrition, peace of mind.  
No worries about diet, drink what you like,  
But it can get pricey, that’s the hitch in the hike.  
Mix it up, shake it up, ready to serve,  
But missing those antibodies, that’s the curve.

- **Pros:**  
  - Allows for shared feeding responsibilities.  
  - Flexible schedule for busy moms.  
  - Consistent nutrition, easy to measure.

- **Cons:**  
  - Can be expensive over time.  
  - Lacks natural antibodies found in breast milk.  
  - Requires preparation and cleaning of bottles.

***

**Verse 3: The Choice is Yours**  
In the end, mama, it’s your call to make,  
Breast or bottle, it’s the path you take.  
No shame in the game, do what’s right for you,  
Happy mom, happy baby, that’s the truth.  
Support each other, lift up, don’t judge,  
Every family’s different, don’t hold a grudge.  
Whether breast or formula, love is the key,  
Raise them up strong, let them be free.

- **Pros:**  
  - Empowers moms to choose what’s best for them.  
  - Encourages a supportive community.  
  - Focuses on love and care above all.

- **Cons:**  
  - Societal pressure can be overwhelming.  
  - Conflicting advice can cause confusion.  
  - Balancing personal needs with baby’s can be tough.",nan,"**Verse 1: The Breastfeeding Flow**

Yo, it's the mom life, let's talk about the breast,  
Feeding your baby, giving them the best.  
Nutrients packed, straight from the source,  
Bonding with your baby, feeling that force.  
Antibodies strong, fighting off disease,  
Natural and warm, puts your mind at ease.  
But yo, it's not easy, sometimes it can hurt,  
Late nights, sore days, feeling like work.  

- **Pros:**  
  - Natural nutrients, tailor-made for your kid.  
  - Immune boost, keeping sicknesses hid.  
  - Bonding time, skin-to-skin, love's bid.  

***

**Verse 2: The Formula Beat**

Switch it up, now let's talk formula style,  
Convenience in a bottle, might make you smile.  
Dad can join in, share the feeding load,  
Freedom to move, hit the open road.  
No dietary limits, eat what you please,  
But watch the cost, it ain't always a breeze.  
Mix it up right, keep it clean and tight,  
It's a choice, mama, do what feels right.  

- **Cons:**  
  - Can be pricey, watch that budget line.  
  - No antibodies, but still just fine.  
  - Prep and clean, takes a little time.  

***

**Verse 3: The Choice is Yours**

In the end, it's your call, mama knows best,  
Breast or bottle, put your mind to rest.  
Listen to your heart, do what's right for you,  
Happy mom, happy baby, that's the truth.  
Support each other, no judgment here,  
Every mom's journey is worthy of cheer.  
Whether breast or formula, love's the key,  
Raise your baby strong, let them be free.  

- **Final Thoughts:**  
  - Trust your instincts, follow your heart's song.  
  - Every choice is valid, you can't go wrong.  
  - Love and care, where you truly belong.  ",nan
1927,"Rewrite the following sentence into an email, and make sure it contains at least 10 placeholders represented by square brackets, such as [name]: The boots are warm but a little uncomfortable.","Rewrite the following sentence into an email, and make sure it contains at least 10 placeholders represented by square brackets, such as [NaMe]: The boots are warm but a little uncomfortable.","Subject: Feedback on Recent Purchase

Hi [Recipient's Name],

I hope this message finds you well. I wanted to share my thoughts on the recent purchase of the boots from [Store/Brand Name]. Overall, the boots are [adjective] and provide excellent warmth, which is perfect for [season/occasion]. However, I did notice that they are a little [adjective] in terms of comfort. 

I was wondering if you have any suggestions or tips on how to make them more comfortable for [activity/purpose]. Perhaps there's a specific [product/accessory] you recommend? 

Thank you for your assistance. I look forward to your response.

Best regards,

[Your Name]  
[Your Contact Information]  
[Order Number/Reference]  
[Date of Purchase]  
[Preferred Contact Method]",nan,"Subject: Feedback on Recent Purchase

Dear [Recipient Name],

I hope this message finds you well. I wanted to share my thoughts on the recent purchase of the [Product Name] boots from [Store Name]. While I find the boots to be quite warm, they are a bit uncomfortable for [specific activity or duration]. 

I would appreciate any advice or suggestions you might have to improve the comfort level. Please let me know if there are any [Product Accessories] or [Care Tips] that could help. 

Thank you for your assistance.

Best regards,

[Your Name]  
[Your Contact Information]  
[Order Number]  
[Purchase Date]  
[Preferred Contact Method]",nan
2169,"Why didn't the 2022 winter olympics have the best ratings? Make sure to include the letter y at least 5 times, and include the keywords talented and tianjin.","Why didn't the 2022 winter olympics have the best rAtInGs? Make sure to include the letter y at least 5 times, and include the keywords talented and tianjin.","The 2022 Winter Olympics, held in Beijing, didn't achieve the best ratings for several reasons. Firstly, the time zone difference meant that many events aired at inconvenient times for key audiences, particularly in the United States, leading to lower live viewership. Additionally, the global pandemic was still a concern, which may have affected the enthusiasm and ability of audiences to gather and watch the games together.

Moreover, while the athletes were undoubtedly talented, the geopolitical tensions surrounding the host country, China, may have influenced public perception and interest. The proximity of Tianjin, a major city near Beijing, didn't significantly boost local viewership either, as the focus was primarily on the capital. Lastly, the rise of streaming services and changing media consumption habits also contributed to the decline in traditional TV ratings.",nan,"The 2022 Winter Olympics, held in Beijing, didn't achieve the best ratings for a variety of reasons. Firstly, the time zone difference meant that many events were broadcast at odd hours for key audiences, particularly in the United States, which likely contributed to lower live viewership. Additionally, the global pandemic situation led to restrictions and a lack of spectators, which may have dampened the usual excitement and atmosphere that typically surrounds the Games.

Moreover, geopolitical tensions and calls for boycotts due to human rights concerns in China might have influenced public interest and viewership. While the athletes were undoubtedly talented, the political climate overshadowed some of the sporting achievements. Furthermore, the proximity of Tianjin to Beijing, a city that also faced pandemic-related challenges, might have added to the overall cautious approach to the event, affecting both participation and audience engagement.",nan
2870,"Write a rubric for teenagers on how to review a book. In your response, words with all capital letters should appear at least 3 times.","Write a rubric for teenagers on how to review a book. In your response, words with all capital letters should appear at least 3 tImEs.","**BOOK REVIEW RUBRIC FOR TEENAGERS**

**1. INTRODUCTION (10 points)**
- **CLEARLY** state the title and author of the book.
- Provide a brief overview of the book's genre and main theme.
- Capture the reader's interest with an engaging opening sentence.

**2. SUMMARY (20 points)**
- Summarize the main plot points without giving away any spoilers.
- **FOCUS** on the key events and characters that drive the story.
- Keep it concise and relevant to the overall understanding of the book.

**3. CHARACTERS (20 points)**
- Discuss the main characters and their development throughout the story.
- **ANALYZE** how the characters contribute to the book's themes.
- Mention any character you found particularly relatable or intriguing.

**4. THEMES AND MESSAGES (20 points)**
- Identify the central themes or messages of the book.
- **EXPLAIN** how these themes are presented and their impact on the reader.
- Reflect on any personal connections or insights you gained from these themes.

**5. PERSONAL OPINION (20 points)**
- Share your personal reaction to the book. Did you enjoy it? Why or why not?
- **SUPPORT** your opinion with specific examples from the book.
- Consider the book's strengths and weaknesses in your analysis.

**6. CONCLUSION (10 points)**
- **SUMMARIZE** your overall thoughts on the book.
- Recommend the book to a specific audience, if applicable.
- End with a memorable closing statement that leaves a lasting impression.

**BONUS: CREATIVITY (5 points)**
- Use creative language or unique perspectives to make your review stand out.
- Incorporate a personal anecdote or a creative analogy to enhance your review.

**TOTAL: 105 points**

Remember, a GREAT book review not only informs but also inspires others to read and explore new worlds. Happy reviewing!",nan,"**BOOK REVIEW RUBRIC FOR TEENAGERS**

**1. INTRODUCTION (10 points)**
   - **CLEARLY** state the title and author of the book.
   - Provide a brief overview of the book's genre and main theme.
   - Mention why you chose this book to read.

**2. SUMMARY (20 points)**
   - Summarize the main plot without giving away any spoilers.
   - Highlight the main characters and their roles in the story.
   - Discuss the setting and how it influences the story.

**3. ANALYSIS (30 points)**
   - **THOROUGHLY** analyze the author's writing style. Is it descriptive, concise, or poetic?
   - Discuss the development of the characters. Are they relatable or unique?
   - Evaluate the pacing of the story. Does it keep you engaged?
   - Consider the themes and messages. Are they relevant to today's world?

**4. PERSONAL REFLECTION (20 points)**
   - Share your personal reaction to the book. Did it make you think or feel deeply?
   - Discuss any connections you made with the characters or situations.
   - Explain what you liked or disliked about the book and why.

**5. CONCLUSION (10 points)**
   - **CLEARLY** state your overall impression of the book.
   - Recommend the book to a specific audience. Who would enjoy it the most?
   - Give the book a rating out of 5 stars and justify your rating.

**6. PRESENTATION (10 points)**
   - Ensure your review is well-organized and **CLEARLY** written.
   - Use proper grammar, punctuation, and spelling.
   - Make sure your review is engaging and captures the reader's interest.

**TOTAL: 100 points**

Remember, a good book review not only summarizes the book but also provides a thoughtful analysis and personal reflection. Happy reading and reviewing!",nan
3479,"Write a song for the person named 'Guerrero'. Make sure to not include the words 'name', 'song', 'person', 'man', 'woman' throughout your entire output. Also avoid using commas in your entire response.
","Write a song for the person named 'Guerrero'. Make sure to not include the words 'name', 'song', 'person', 'man', 'woman' throughout your entire output. Also avoid using cOmMaS in your entire response.","(Verse 1)  
In the heart of the city where the lights shine bright  
There's a soul that stands strong through the day and night  
With a spirit unyielding and eyes full of dreams  
Guerrero walks proudly through life's flowing streams  

(Chorus)  
Oh Guerrero with courage so bold  
In the stories of life your tale is told  
Through the storms and the sunshine you always endure  
With a heart full of passion and a spirit so pure  

(Verse 2)  
On the path less traveled you carve your own way  
With the strength of a lion and the grace of a ray  
Every step that you take leaves a mark on the ground  
In the dance of the world your rhythm is found  

(Chorus)  
Oh Guerrero with courage so bold  
In the stories of life your tale is told  
Through the storms and the sunshine you always endure  
With a heart full of passion and a spirit so pure  

(Bridge)  
In the whispers of the wind your essence is clear  
A beacon of hope that we all hold dear  
With a fire inside that will never grow cold  
Guerrero your journey is a sight to behold  

(Outro)  
Oh Guerrero with courage so bold  
In the stories of life your tale is told  
Through the storms and the sunshine you always endure  
With a heart full of passion and a spirit so pure  ",nan,"(Verse 1)  
In the heart of the night where the stars brightly gleam  
There's a spirit so bold like a river's endless stream  
With courage and grace you light up the way  
Guiding us forward through night into day  

(Chorus)  
Oh Guerrero with strength like the sea  
Your light shines so brightly setting us free  
In the dance of the shadows you stand so tall  
With a heart full of fire you conquer it all  

(Verse 2)  
Through valleys and mountains your journey unfolds  
With dreams in your eyes and a heart full of gold  
Every step that you take leaves a mark on the ground  
In the whispers of wind your echoes resound  

(Chorus)  
Oh Guerrero with strength like the sea  
Your light shines so brightly setting us free  
In the dance of the shadows you stand so tall  
With a heart full of fire you conquer it all  

(Bridge)  
In the tapestry of life you weave your own thread  
With a spirit unbroken and dreams that are fed  
Through the storms and the trials you never let go  
With a heart full of passion you let your love show  

(Outro)  
Oh Guerrero with strength like the sea  
Your light shines so brightly setting us free  
In the dance of the shadows you stand so tall  
With a heart full of fire you conquer it all  ",nan
2164,"Write a product description for a new line of dog toys, called ""the squeaker"". It's made of latex, and is designed for dogs of all ages and species. It's also available in a variety of colors and shapes. The response must contain at least 3 placeholders represented by square brackets, such as [address], [name], and [phone number].","Write a product description for a new line of dog toys, called ""the squeaker"". It's made of latex, and is designed for dogs of all ages and SpEcIeS. It's also available in a variety of colors and shapes. The response must contain at least 3 placeholders represented by square brackets, such as [address], [name], and [phone number].","Introducing ""The Squeaker"" – the ultimate playtime companion for your furry friend! Crafted from durable, high-quality latex, this new line of dog toys is designed to bring joy and excitement to dogs of all ages and breeds. Whether your pup is a playful puppy or a seasoned senior, ""The Squeaker"" is perfect for keeping them entertained and active.

Available in a vibrant array of colors and fun shapes, these toys are not only visually appealing but also stimulate your dog's senses, encouraging healthy play and exercise. Each toy features a built-in squeaker that adds an extra layer of fun, capturing your dog's attention and keeping them engaged for hours.

""The Squeaker"" is easy to clean and maintain, ensuring that your pet's favorite toy stays fresh and ready for endless play sessions. Plus, its lightweight design makes it easy for dogs to carry and fetch, promoting interactive playtime with their favorite human.

Order now and give your dog the gift of endless fun and entertainment with ""The Squeaker""! For more information or to place an order, please contact us at [phone number] or visit our website at [website]. You can also drop by our store located at [address] to see the full range of colors and shapes available. Your dog's new favorite toy is just a squeak away!",nan,"Introducing ""The Squeaker"" – the ultimate playtime companion for your furry friend! Designed with love and crafted from durable latex, this new line of dog toys is perfect for dogs of all ages and species. Whether your pup is a playful puppy or a seasoned senior, ""The Squeaker"" promises endless hours of fun and engagement.

Available in a delightful array of colors and shapes, there's a perfect match for every dog's personality and preference. Choose from vibrant hues like [color option 1], [color option 2], and [color option 3], and let your pet's playful spirit shine. The unique shapes, including [shape option 1], [shape option 2], and [shape option 3], are designed to intrigue and entertain, keeping your dog happily occupied.

""The Squeaker"" is not just a toy; it's a tool for bonding and exercise, promoting healthy play and mental stimulation. Its squeaky feature adds an extra layer of excitement, making it irresistible to your canine companion.

Ready to bring joy to your dog's day? Visit us at [address] or give us a call at [phone number] to learn more about ""The Squeaker"" and find the perfect toy for your pet. You can also reach out to our friendly team at [email address] for any inquiries. Let the fun begin with ""The Squeaker"" – where every squeak brings a wagging tail!",nan
2571,"Which of the following is a better way to describe supporting ecological landscapes: (A) the practice of using the natural features of a landscape to create a more sustainable environment, or (B) the practice of using the natural features of a landscape to create a more aesthetically pleasing environment? Your response should be in English, all capital letters, contain no commas, and be fewer than 16 sentences.","Which of the following is a better way to describe supporting ecological landscapes: (A) the practice of using the natural features of a landscape to create a more sustainable environment, or (B) the practice of using the natural features of a landscape to create a more aesthetically pleasing environment? Your response should be in English, all capital letters, contain no commas, and be fewer than 16 SeNtEnCeS.",A IS A BETTER WAY TO DESCRIBE SUPPORTING ECOLOGICAL LANDSCAPES BECAUSE IT FOCUSES ON SUSTAINABILITY WHICH IS A CORE PRINCIPLE OF ECOLOGICAL DESIGN. THE GOAL IS TO WORK WITH NATURE TO PROMOTE BIODIVERSITY CONSERVE RESOURCES AND REDUCE NEGATIVE ENVIRONMENTAL IMPACTS. WHILE AESTHETICS CAN BE A CONSIDERATION IN LANDSCAPE DESIGN THE PRIMARY OBJECTIVE OF ECOLOGICAL LANDSCAPES IS TO SUPPORT AND ENHANCE NATURAL PROCESSES. THIS INCLUDES USING NATIVE PLANTS IMPROVING SOIL HEALTH AND CREATING HABITATS FOR WILDLIFE. SUSTAINABLE LANDSCAPES ALSO HELP IN MITIGATING CLIMATE CHANGE BY SEQUESTERING CARBON AND REDUCING THE URBAN HEAT ISLAND EFFECT. AESTHETICALLY PLEASING DESIGNS MAY NOT NECESSARILY CONTRIBUTE TO THESE ENVIRONMENTAL GOALS. THEREFORE OPTION A BETTER CAPTURES THE ESSENCE OF SUPPORTING ECOLOGICAL LANDSCAPES.,nan,A IS A BETTER WAY TO DESCRIBE SUPPORTING ECOLOGICAL LANDSCAPES BECAUSE IT FOCUSES ON SUSTAINABILITY. SUSTAINABILITY IS CRUCIAL FOR MAINTAINING BIODIVERSITY AND ENSURING LONG-TERM ENVIRONMENTAL HEALTH. USING NATURAL FEATURES TO PROMOTE SUSTAINABILITY HELPS PRESERVE ECOSYSTEMS AND REDUCE HUMAN IMPACT. WHILE AESTHETICS ARE IMPORTANT THEY SHOULD NOT OVERRIDE ECOLOGICAL CONSIDERATIONS. SUSTAINABLE LANDSCAPES CAN ALSO BE BEAUTIFUL BUT THEIR PRIMARY GOAL IS TO SUPPORT THE ENVIRONMENT. BY PRIORITIZING SUSTAINABILITY WE CAN CREATE LANDSCAPES THAT BENEFIT BOTH NATURE AND PEOPLE.,nan
3672,Why is Algiers the best place to go on vacation? Answer with exactly one sentence. Put double quotation marks around your entire one-sentence response.,Why is Algiers the best place to go on vacation? Answer with exactly one sentence. Put double quotation marks around your entire one-sentence rEsPoNsE.,"""Algiers offers a unique blend of rich history, stunning Mediterranean coastline, and vibrant culture, making it an exceptional destination for travelers seeking both relaxation and adventure.""",nan,"""Algiers offers a unique blend of rich history, stunning Mediterranean coastline, and vibrant culture, making it an unforgettable vacation destination.""",nan
2908,"What are the components that make a successful person? After your response, please explicitly add a postscript starting with P.P.S Your entire response should be in English and in all capital letters.","What are the components that make a successful person? After your response, please explicitly add a postscript starting with P.P.S Your entire response should be in English and in all CaPiTaL letters.","SUCCESSFUL PEOPLE OFTEN SHARE SEVERAL KEY COMPONENTS THAT CONTRIBUTE TO THEIR ACHIEVEMENTS. THESE COMPONENTS INCLUDE:

1. **CLEAR GOALS AND VISION**: SUCCESSFUL INDIVIDUALS HAVE A CLEAR UNDERSTANDING OF WHAT THEY WANT TO ACHIEVE AND A VISION FOR THEIR FUTURE. THIS PROVIDES DIRECTION AND MOTIVATION.

2. **STRONG WORK ETHIC**: THEY ARE WILLING TO PUT IN THE HARD WORK AND EFFORT REQUIRED TO REACH THEIR GOALS. CONSISTENCY AND DEDICATION ARE CRUCIAL.

3. **RESILIENCE AND PERSEVERANCE**: SUCCESSFUL PEOPLE ARE ABLE TO OVERCOME OBSTACLES AND SETBACKS. THEY VIEW FAILURES AS LEARNING OPPORTUNITIES AND CONTINUE TO PUSH FORWARD.

4. **SELF-DISCIPLINE**: THEY HAVE THE ABILITY TO CONTROL THEIR IMPULSES AND STAY FOCUSED ON THEIR LONG-TERM OBJECTIVES, EVEN WHEN TEMPTED BY SHORT-TERM DISTRACTIONS.

5. **POSITIVE ATTITUDE AND MINDSET**: A POSITIVE OUTLOOK HELPS THEM STAY MOTIVATED AND INSPIRED. THEY BELIEVE IN THEIR ABILITIES AND MAINTAIN OPTIMISM EVEN IN CHALLENGING TIMES.

6. **CONTINUOUS LEARNING AND GROWTH**: SUCCESSFUL INDIVIDUALS ARE COMMITTED TO PERSONAL AND PROFESSIONAL DEVELOPMENT. THEY SEEK OUT NEW KNOWLEDGE AND SKILLS TO IMPROVE THEMSELVES.

7. **EFFECTIVE TIME MANAGEMENT**: THEY KNOW HOW TO PRIORITIZE TASKS AND MANAGE THEIR TIME EFFICIENTLY TO MAXIMIZE PRODUCTIVITY.

8. **STRONG NETWORK AND RELATIONSHIPS**: BUILDING AND MAINTAINING A SUPPORTIVE NETWORK OF CONTACTS CAN PROVIDE OPPORTUNITIES, ADVICE, AND ENCOURAGEMENT.

9. **ADAPTABILITY AND FLEXIBILITY**: THEY ARE OPEN TO CHANGE AND CAN ADAPT TO NEW SITUATIONS AND CHALLENGES, ALLOWING THEM TO THRIVE IN DYNAMIC ENVIRONMENTS.

10. **EMOTIONAL INTELLIGENCE**: SUCCESSFUL PEOPLE ARE AWARE OF THEIR OWN EMOTIONS AND THOSE OF OTHERS. THEY USE THIS AWARENESS TO COMMUNICATE EFFECTIVELY AND BUILD STRONG RELATIONSHIPS.

P.P.S. WHILE THESE COMPONENTS ARE COMMONLY FOUND IN SUCCESSFUL INDIVIDUALS, IT'S IMPORTANT TO REMEMBER THAT SUCCESS IS SUBJECTIVE AND CAN VARY GREATLY FROM PERSON TO PERSON.",nan,"SUCCESSFUL PEOPLE OFTEN SHARE SEVERAL KEY COMPONENTS THAT CONTRIBUTE TO THEIR ACHIEVEMENTS. THESE INCLUDE:

1. **CLEAR GOALS**: SUCCESSFUL INDIVIDUALS SET SPECIFIC, MEASURABLE, AND ACHIEVABLE GOALS. THEY HAVE A VISION FOR THEIR FUTURE AND A PLAN TO GET THERE.

2. **DISCIPLINE AND CONSISTENCY**: THEY MAINTAIN A STRONG WORK ETHIC AND CONSISTENTLY PUT IN THE EFFORT REQUIRED TO ACHIEVE THEIR GOALS, EVEN WHEN MOTIVATION WANES.

3. **RESILIENCE**: SUCCESSFUL PEOPLE ARE ABLE TO BOUNCE BACK FROM FAILURES AND SETBACKS. THEY VIEW CHALLENGES AS OPPORTUNITIES TO LEARN AND GROW.

4. **ADAPTABILITY**: THEY ARE FLEXIBLE AND OPEN TO CHANGE, READY TO ADAPT THEIR STRATEGIES WHEN NECESSARY TO OVERCOME OBSTACLES OR SEIZE NEW OPPORTUNITIES.

5. **STRONG NETWORK**: THEY BUILD AND MAINTAIN RELATIONSHIPS WITH PEOPLE WHO CAN PROVIDE SUPPORT, ADVICE, AND OPPORTUNITIES.

6. **CONTINUOUS LEARNING**: SUCCESSFUL INDIVIDUALS ARE LIFELONG LEARNERS WHO CONSTANTLY SEEK TO IMPROVE THEIR SKILLS AND KNOWLEDGE.

7. **SELF-CONFIDENCE**: THEY BELIEVE IN THEIR ABILITIES AND ARE WILLING TO TAKE RISKS TO ACHIEVE THEIR GOALS.

8. **TIME MANAGEMENT**: THEY PRIORITIZE TASKS EFFECTIVELY AND USE THEIR TIME WISELY TO MAXIMIZE PRODUCTIVITY.

9. **EMOTIONAL INTELLIGENCE**: SUCCESSFUL PEOPLE UNDERSTAND AND MANAGE THEIR OWN EMOTIONS, AS WELL AS EMPATHIZE WITH OTHERS, WHICH HELPS IN BUILDING STRONG RELATIONSHIPS.

10. **PASSION AND DRIVE**: THEY HAVE A GENUINE PASSION FOR WHAT THEY DO, WHICH FUELS THEIR DRIVE TO SUCCEED.

P.P.S. WHILE THESE COMPONENTS ARE COMMON AMONG SUCCESSFUL PEOPLE, IT'S IMPORTANT TO REMEMBER THAT SUCCESS IS SUBJECTIVE AND CAN BE DEFINED DIFFERENTLY BY EACH INDIVIDUAL.",nan
1286,"What is the difference between the 13 colonies and the other British colonies in North America? Your answer must contain exactly 6 bullet point in Markdown using the following format:
* Bullet point one.
* Bullet point two.
...
* Bullet point fix.","What is the difference between the 13 colonies and the other British colonies in North America? Your answer must contain exactly 6 bullet point in Markdown using the following format:
* Bullet point one.
* Bullet point two.
...
* Bullet point FiX.","* The 13 colonies were located along the eastern seaboard of what is now the United States, whereas other British colonies in North America included territories in Canada and the Caribbean.
* The 13 colonies were primarily established for settlement and economic ventures, while other British colonies often focused on resource extraction, such as fur trading in Canada and sugar production in the Caribbean.
* The 13 colonies developed a distinct political and cultural identity, leading to their eventual push for independence, unlike other British colonies that remained loyal to the Crown for longer periods.
* The 13 colonies had a more diverse economy, including agriculture, trade, and manufacturing, compared to other colonies that might have relied heavily on a single industry.
* The 13 colonies experienced significant population growth and urban development, whereas other British colonies often had smaller populations and less urban infrastructure.
* The 13 colonies were the primary focus of British colonial policy and military efforts during the American Revolution, while other colonies were less directly involved in the conflict.",nan,"* The 13 colonies were located along the eastern coast of what is now the United States, while other British colonies in North America included territories in Canada and the Caribbean.
* The 13 colonies were primarily settled by English Puritans, Quakers, and other religious groups seeking freedom, whereas other British colonies had diverse settlers, including French, Dutch, and Spanish influences.
* The 13 colonies developed a distinct political identity and governance structures, leading to their eventual push for independence, unlike other British colonies that remained loyal to the Crown longer.
* Economically, the 13 colonies were more diverse, with agriculture, trade, and industry, while other colonies often focused on specific resources like fur in Canada or sugar in the Caribbean.
* The 13 colonies were more densely populated and urbanized compared to many other British colonies, which were often sparsely populated and rural.
* The 13 colonies played a central role in the American Revolution, leading to the formation of the United States, whereas other British colonies did not participate in this conflict in the same way.",nan
2209,Write an academic proposal to a customer who's interested in implementing a new feature for their product. Put double quotes around your entire response.,Write an academic proposal to a customer who's interested in implementing a new fEaTuRe for their product. Put double quotes around your entire response.,"""I'm pleased to present this academic proposal for the implementation of a new feature in your product. This proposal outlines the objectives, methodology, expected outcomes, and timeline for the development and integration of the feature, ensuring it aligns with your strategic goals and enhances user experience.

**Title: Proposal for the Implementation of [Feature Name] in [Product Name]**

**Introduction:**
In today's competitive market, continuous innovation is crucial for maintaining a competitive edge. The proposed feature, [Feature Name], aims to enhance [specific aspect] of [Product Name], thereby improving user engagement and satisfaction. This proposal details the strategic approach to developing and integrating this feature, leveraging cutting-edge technology and user-centric design principles.

**Objectives:**
1. To enhance [specific functionality] of [Product Name] by integrating [Feature Name].
2. To improve user engagement and satisfaction through innovative design and functionality.
3. To align the new feature with the overall strategic goals of [Company Name].

**Methodology:**
The development of [Feature Name] will follow a structured approach, including:
- **Research and Analysis:** Conducting a comprehensive analysis of current market trends and user needs to ensure the feature addresses real-world challenges.
- **Design and Development:** Utilizing agile methodologies to design and develop the feature, ensuring flexibility and adaptability throughout the process.
- **Testing and Evaluation:** Implementing rigorous testing protocols to ensure the feature meets quality standards and user expectations.
- **Feedback and Iteration:** Gathering user feedback to refine and optimize the feature post-launch.

**Expected Outcomes:**
- Enhanced user experience and satisfaction.
- Increased engagement and retention rates.
- Strengthened market position and competitive advantage.

**Timeline:**
The project is expected to follow a [specific time frame] timeline, with key milestones including:
- Completion of research and analysis: [Date]
- Initial design and development phase: [Date]
- Testing and evaluation: [Date]
- Final launch and integration: [Date]

**Conclusion:**
The implementation of [Feature Name] represents a strategic investment in the future of [Product Name]. By enhancing [specific aspect], this feature will not only meet current user demands but also set the stage for future innovations. We are committed to delivering a high-quality solution that aligns with your vision and business objectives.

We look forward to the opportunity to collaborate on this exciting project and are confident that [Feature Name] will significantly contribute to the success of [Product Name]. Please feel free to reach out with any questions or further discussions.

Thank you for considering this proposal.

Sincerely,
[Your Name]
[Your Position]
[Your Contact Information]""",nan,"""**Proposal for Implementing a New Feature in Your Product**

**Introduction**

We are pleased to present this proposal for the development and implementation of a new feature in your product. Our team has carefully analyzed your requirements and is excited about the opportunity to enhance your product's functionality, thereby increasing its value to your customers.

**Objective**

The primary objective of this proposal is to outline a comprehensive plan for integrating the new feature, ensuring it aligns with your business goals and enhances user experience. This feature aims to provide a competitive edge in the market and address specific customer needs that have been identified through feedback and market analysis.

**Scope of Work**

1. **Feature Definition and Design**
   - Collaborate with your team to define the feature's specifications and user requirements.
   - Develop wireframes and design prototypes to visualize the feature's integration into the existing product.

2. **Development and Testing**
   - Utilize agile methodologies to develop the feature, ensuring flexibility and adaptability throughout the process.
   - Conduct rigorous testing, including unit tests, integration tests, and user acceptance tests, to ensure the feature's reliability and performance.

3. **Implementation and Deployment**
   - Seamlessly integrate the feature into your product with minimal disruption to existing functionalities.
   - Deploy the feature in a controlled environment, followed by a full-scale rollout.

4. **Training and Support**
   - Provide comprehensive training sessions for your team to ensure they are well-equipped to utilize and manage the new feature.
   - Offer ongoing support and maintenance to address any issues and implement future enhancements.

**Timeline**

The proposed timeline for the project is approximately 12 weeks, divided into the following phases:
- Weeks 1-2: Feature Definition and Design
- Weeks 3-8: Development and Testing
- Weeks 9-10: Implementation and Deployment
- Weeks 11-12: Training and Support

**Budget**

A detailed budget will be provided upon approval of the proposal, outlining costs associated with each phase of the project. We are committed to delivering a cost-effective solution that maximizes return on investment.

**Conclusion**

We are confident that the proposed feature will significantly enhance your product's capabilities and user satisfaction. Our team is eager to bring this vision to life and contribute to your product's success. We look forward to your feedback and are available to discuss any aspect of this proposal in further detail.

Thank you for considering our proposal. We are excited about the possibility of working together to achieve your business objectives.

Sincerely,

[Your Name]  
[Your Position]  
[Your Company]  
[Contact Information]""",nan
3362,"Create an ad copy by expanding ""Get 40 miles per gallon on the highway"" in the form of a QA with a weird style. Your response should contain less than 8 sentences. Do not include keywords 'mileage' or 'fuel' in your response.","Create an ad copy by expanding ""Get 40 miles per gallon on the highway"" in the form of a QA with a weird style. Your response should contain less than 8 sentences. Do not include keywords 'mileage' or 'fUeL' in your response.","**Q: What can transform your road trips into a magical journey of efficiency?**  
A: Imagine a vehicle that sips gently from its tank, allowing you to glide effortlessly for 40 miles with every gallon on the highway.  

**Q: How does this car make you feel like a highway wizard?**  
A: With each mile, it feels like you're casting a spell of endless travel, stretching your adventures further than ever before.  

**Q: What’s the secret behind this enchanting ride?**  
A: It's the art of engineering that turns every drop into a symphony of distance, letting you explore more without frequent stops.  

**Q: Why choose this car for your next escapade?**  
A: Because it’s not just a drive; it’s a journey where the road becomes your canvas and the horizon your only limit.",nan,"**Q: How far can you travel on a single gallon of gas with our car?**

A: Imagine cruising down the highway, and for every gallon you pour into the tank, you glide effortlessly for 40 miles.  

**Q: What does this mean for your road trips?**

A: It means fewer pit stops and more time soaking in the scenery, as you journey further than ever before.  

**Q: How does this affect your wallet?**

A: Your wallet will thank you, as you spend less on gas and more on adventures.  

**Q: Why choose our car for your next adventure?**

A: Because it's not just about the destination, but the incredible efficiency of the journey.",nan
2905,"Expand the riddle into a story with a funny tone:

What can you catch but not throw?
A cold

Use * to highlight at least 2 sections in your text. For example: *this is a highlighted text section*.","Expand the riddle into a story with a funny tone:

What can you catch but not throw?
A cOLd

Use * to highlight at least 2 sections in your text. For example: *this is a highlighted text section*.","Once upon a time in the bustling town of Sniffleton, where everyone was always in a hurry, there lived a peculiar fellow named Charlie Chill. Charlie was known for his unique ability to catch anything. He could catch a ball, a frisbee, even a speeding train ticket as it flew out of his wallet. But there was one thing Charlie caught that he couldn't quite figure out how to throw back: a cold.

It all started on a chilly autumn morning when Charlie was out for his daily jog. As he sprinted past the bakery, the aroma of freshly baked bread tickled his nose. Suddenly, he felt a tickle in his throat and a sneeze brewing. ""Ah-choo!"" he sneezed, and just like that, he had caught a cold. 

Charlie, being the optimistic chap he was, thought to himself, ""No worries, I'll just throw it back!"" He tried everything. He attempted to throw it like a baseball, but it just clung to him like a stubborn piece of lint. He even tried to *catapult it using a spoon*, but all he managed to do was launch a spoonful of chicken soup across the room, much to the dismay of his cat, Whiskers.

Determined to rid himself of this pesky cold, Charlie decided to consult the town's wise old doctor, Dr. Sniffles. Dr. Sniffles was known for his eccentric remedies and peculiar advice. ""Ah, Charlie,"" the doctor chuckled, ""you can't throw a cold, but you can certainly pass it on!"" With a wink, he handed Charlie a box of tissues and a bottle of cough syrup.

Feeling slightly defeated but not without humor, Charlie returned home. He decided to embrace his cold with open arms. He wrapped himself in a cozy blanket, brewed a pot of hot tea, and settled in to watch his favorite comedy show. As he laughed at the antics on screen, he realized that sometimes, the best way to deal with a cold was to simply let it run its course.

Meanwhile, in the town square, a rumor began to spread about Charlie's *legendary attempt to throw a cold*. People chuckled at the thought, and soon, it became the talk of Sniffleton. The townsfolk even started a new saying: ""When life gives you a cold, just sneeze with style!""

And so, Charlie Chill became a local legend, not for his ability to catch anything, but for his humorous attempt to throw the one thing that simply couldn't be tossed away. And from that day on, whenever someone in Sniffleton caught a cold, they did so with a smile, knowing that laughter was the best medicine of all.",nan,"Once upon a time in the bustling town of Sniffleton, there lived a peculiar character named Charlie Chuckles. Charlie was known far and wide for his contagious laughter and his knack for turning the most mundane situations into comedic gold. However, there was one thing that even Charlie couldn't turn into a joke: catching a cold.

One chilly autumn morning, as leaves danced in the crisp air, Charlie woke up with a tickle in his throat and a nose that could rival a leaky faucet. ""Ah-choo!"" he sneezed, sending his pet parrot, Polly, into a flurry of feathers. Polly squawked indignantly, ""Bless you, Charlie! You sound like a trumpet with a bad case of the blues!""

Charlie chuckled, his laughter sounding more like a wheeze. ""Oh, Polly, it seems I've caught something I can't throw back!"" he exclaimed, his voice a mix of amusement and congestion.

Determined to find the humor in his predicament, Charlie decided to venture into town, hoping to spread some cheer despite his sniffles. As he strolled down Main Street, he bumped into his neighbor, Mrs. Whiffle, who was known for her love of gossip and her uncanny ability to bake the world's best apple pie.

""Good morning, Charlie!"" Mrs. Whiffle greeted him with a warm smile. ""You look like you've been caught in a sneeze storm!""

Charlie grinned, his eyes twinkling mischievously. ""Indeed, Mrs. Whiffle! I've caught a cold, and it's the only thing I've ever caught that I can't throw back!"" He paused for dramatic effect, then added, ""Unless, of course, you count my uncle's terrible jokes!""

Mrs. Whiffle laughed heartily, her laughter echoing down the street. ""Oh, Charlie, you always know how to brighten my day! *But do tell me, how did you manage to catch a cold?*""

Charlie shrugged, his shoulders bouncing with each chuckle. ""Well, I was out chasing rainbows yesterday, and I must have caught a cold instead! They're quite slippery, you know.""

As Charlie continued his journey through Sniffleton, he encountered various townsfolk, each one offering remedies and advice. Old Man Jenkins suggested a concoction of honey and lemon, while young Timmy offered a drawing of a superhero fighting off germs. Charlie accepted each suggestion with gratitude, his spirits lifted by the kindness of his neighbors.

Finally, as the sun began to set, Charlie returned home, his heart full of warmth despite his sniffles. He sat down with Polly, who had been busy practicing her stand-up comedy routine. ""So, Charlie,"" Polly began, ""what's the moral of the story?""

Charlie pondered for a moment before replying, ""Well, Polly, I suppose the moral is that *sometimes the best medicine is a good laugh and a little bit of kindness.* And maybe a warm blanket and some chicken soup!""

With that, Charlie and Polly shared a hearty laugh, their voices mingling in the cozy confines of their home. And though Charlie's cold lingered for a few more days, he found solace in the fact that laughter truly was the best remedy of all.",nan
3617,Come up with 3 names for a 2B software company. Make sure your names are in English and all capital letters.,Come up with 3 names for a 2B software company. Make sure your names are in English and all CaPiTaL letters.,"1. CODELINK SOLUTIONS
2. TECHNOVA SYSTEMS
3. INNOVATECH HUB",nan,"1. CODELINK SOLUTIONS  
2. INFOSYNC SYSTEMS  
3. DATAVIEW TECHNOLOGIES",nan
1132,"Write the lyrics to a hit song by the rock band 'The Gifted and The Not Gifted'. To make it rocky, the response should be in all capital letters. The word ""rock"" should not appear in your response.","Write the lyrics to a hit song by the rock band 'The Gifted and The Not Gifted'. To make it RoCkY, the response should be in all capital letters. The word ""rock"" should not appear in your response.","(VERSE 1)  
WE'RE DRIVING DOWN THIS ENDLESS HIGHWAY,  
WITH THE WIND SCREAMING IN OUR EARS,  
CHASING DREAMS THAT NEVER FADE AWAY,  
WE'RE THE ONES WHO LAUGH AT FEAR.

(PRE-CHORUS)  
THE NIGHT IS OURS, THE STARS OUR GUIDE,  
WE'LL BURN LIKE FIRE, NEVER HIDE.

(CHORUS)  
WE ARE THE GIFTED AND THE NOT GIFTED,  
WE'RE THE ONES WHO DARE TO FLY,  
WITH HEARTS UNCHAINED AND SPIRITS LIFTED,  
WE'LL TOUCH THE SKY, WE'LL NEVER DIE.

(VERSE 2)  
THE CITY LIGHTS ARE CALLING LOUDLY,  
A SYMPHONY OF WILD DESIRE,  
WE'LL WRITE OUR STORY, BOLD AND PROUDLY,  
WITH EVERY CHORD, WE'LL TAKE IT HIGHER.

(PRE-CHORUS)  
THE NIGHT IS OURS, THE STARS OUR GUIDE,  
WE'LL BURN LIKE FIRE, NEVER HIDE.

(CHORUS)  
WE ARE THE GIFTED AND THE NOT GIFTED,  
WE'RE THE ONES WHO DARE TO FLY,  
WITH HEARTS UNCHAINED AND SPIRITS LIFTED,  
WE'LL TOUCH THE SKY, WE'LL NEVER DIE.

(BRIDGE)  
WE'LL BREAK THE CHAINS, WE'LL SHOUT IT LOUD,  
WE'LL STAND TOGETHER, HEADS UNBOWED,  
IN THIS ELECTRIC, WILD PARADE,  
WE'LL LIGHT THE NIGHT, WE'LL NEVER FADE.

(CHORUS)  
WE ARE THE GIFTED AND THE NOT GIFTED,  
WE'RE THE ONES WHO DARE TO FLY,  
WITH HEARTS UNCHAINED AND SPIRITS LIFTED,  
WE'LL TOUCH THE SKY, WE'LL NEVER DIE.

(OUTRO)  
WE ARE THE GIFTED AND THE NOT GIFTED,  
WITH EVERY BREATH, WE'LL TESTIFY,  
OUR SONGS WILL ECHO, UNRESTRICTED,  
WE'LL TOUCH THE SKY, WE'LL NEVER DIE.",nan,"(VERSE 1)  
WE'RE RUNNING THROUGH THE NIGHT, CHASING DOWN THE LIGHT,  
WITH FIRE IN OUR VEINS, WE'LL NEVER BE CONFINED.  
THE CITY'S OUR STAGE, WHERE WE SCREAM AND SHOUT,  
WE'RE THE GIFTED AND THE NOT GIFTED, BREAKING OUT.

(CHORUS)  
WE'RE THE THUNDER IN THE SKY, THE LIGHTNING IN YOUR EYE,  
WE'RE THE SOUND THAT MAKES YOU FEEL ALIVE.  
WITH EVERY BEAT WE TAKE, WE'LL NEVER FADE AWAY,  
WE'RE THE GIFTED AND THE NOT GIFTED, HERE TO STAY.

(VERSE 2)  
THE STREETS ARE PAVED WITH DREAMS, AND WE'RE RUNNING FREE,  
WITH EVERY STEP WE TAKE, WE'RE WRITING HISTORY.  
NO CHAINS CAN HOLD US DOWN, NO WALLS CAN KEEP US IN,  
WE'RE THE GIFTED AND THE NOT GIFTED, LET THE JOURNEY BEGIN.

(CHORUS)  
WE'RE THE THUNDER IN THE SKY, THE LIGHTNING IN YOUR EYE,  
WE'RE THE SOUND THAT MAKES YOU FEEL ALIVE.  
WITH EVERY BEAT WE TAKE, WE'LL NEVER FADE AWAY,  
WE'RE THE GIFTED AND THE NOT GIFTED, HERE TO STAY.

(BRIDGE)  
WE'LL RISE ABOVE THE NOISE, WITH A VOICE THAT CAN'T BE TIED,  
WE'LL SHATTER EVERY DOUBT, WITH A FIRE BURNING BRIGHT.  
WE'RE THE ONES WHO DARE TO DREAM, THE ONES WHO NEVER QUIT,  
WE'RE THE GIFTED AND THE NOT GIFTED, THIS IS IT.

(CHORUS)  
WE'RE THE THUNDER IN THE SKY, THE LIGHTNING IN YOUR EYE,  
WE'RE THE SOUND THAT MAKES YOU FEEL ALIVE.  
WITH EVERY BEAT WE TAKE, WE'LL NEVER FADE AWAY,  
WE'RE THE GIFTED AND THE NOT GIFTED, HERE TO STAY.

(OUTRO)  
WE'RE THE GIFTED AND THE NOT GIFTED, WE'LL NEVER FADE AWAY,  
WITH EVERY NOTE WE PLAY, WE'RE HERE TO STAY.  
WE'RE THE GIFTED AND THE NOT GIFTED, WE'LL NEVER FADE AWAY,  
WITH EVERY NOTE WE PLAY, WE'RE HERE TO STAY.",nan
