key,original_text,text,original_raw_output,original_reasoning,raw_output,reasoning
2829,Why did the man travel from Saskatoon to Helsinki to buy a piano? Wrap your entire response in double quotes.,Why did the man travel from Guadalajara to Mexico City to buy a piano? Wrap your entire response in double quotes.,"""There is no logical or reasonable explanation for why a man would travel from Saskatoon to Helsinki to buy a piano. However, if we were to imagine a scenario, perhaps the man was a piano enthusiast who had heard about a rare and unique piano model that was only available in Helsinki. Maybe he was a collector who was willing to go to great lengths to acquire this specific instrument, and the trip from Saskatoon to Helsinki was a necessary part of his quest. Alternatively, it's possible that the man had a personal connection to Helsinki, such as a family member or friend who lived there, and he decided to combine a visit with the opportunity to purchase the piano. Whatever the reason, it's clear that the man was driven by a strong passion for pianos and was willing to travel a long distance to find the one he wanted.""",nan,"""There is no information provided about a man traveling from Guadalajara to Mexico City to buy a piano, so I must assume this is a hypothetical scenario. If that's the case, here's a possible reason: 'The man traveled from Guadalajara to Mexico City to buy a piano because he was a music enthusiast who had been searching for a specific type of piano that was only available in Mexico City. Perhaps he had heard about a renowned piano maker or a unique piano model that was exclusive to the city, and he was willing to make the trip to acquire it. Alternatively, he might have been looking for a more affordable option or a wider selection of pianos, and Mexico City offered him more choices. Whatever the reason, the man's passion for music and his desire for a specific piano led him to make the journey from Guadalajara to Mexico City.'""",nan
1392,"Write a blog post about the latest news in the US with a title in double angular brackets, i.e. <<title>>, and have less than 5 sentences (excluding 5). The sentences should be long, so that the total number of words in your response should be 250 or more.","Write a blog post about the latest news in the Solomon Islands with a title in double angular brackets, i.e. <<title>>, and have less than 5 sentences (excluding 5). The sentences should be long, so that the total number of words in your response should be 250 or more.","<<Breaking News: US Politics in Turmoil as Impeachment Inquiry Heats Up>>

The latest news in the US has been dominated by the ongoing impeachment inquiry into President Donald Trump, with the House of Representatives voting to formalize the investigation and move forward with public hearings. This development has sent shockwaves through the nation's capital, with many Republicans expressing outrage and Democrats hailing the move as a crucial step towards holding the President accountable for his actions. As the inquiry gains momentum, it has become increasingly clear that the stakes are high, with the very future of Trump's presidency hanging in the balance. The inquiry is centered on allegations that Trump abused his power by pressuring Ukrainian President Volodymyr Zelensky to investigate his political rival, Joe Biden, and his son Hunter, in exchange for military aid and a White House meeting.

The House Intelligence Committee, led by Chairman Adam Schiff, has been at the forefront of the investigation, and has already heard testimony from several key witnesses, including former US Ambassador to Ukraine Marie Yovanovitch and former US Special Envoy to Ukraine Kurt Volker. The committee is expected to continue its work in the coming weeks, with more public hearings and testimony from additional witnesses. As the inquiry unfolds, it is likely to have significant implications for the 2020 presidential election, with Trump's fate hanging precariously in the balance. The nation remains deeply divided on the issue, with many Americans expressing strong opinions on both sides of the debate.",nan,"<<Solomon Islands Government Announces Plans to Strengthen Ties with China Amidst Growing Regional Tensions>>

The Solomon Islands government has recently announced plans to strengthen its ties with China, amidst growing regional tensions and concerns from neighboring countries. According to reports, the government has signed a series of agreements with China, including a security pact, which has sparked concerns among regional leaders, who fear that the move could lead to a significant increase in Chinese military presence in the Pacific. The Solomon Islands government has defended the move, stating that it is necessary to ensure the country's security and stability, and that it will not compromise its sovereignty or independence. However, critics argue that the move could have significant implications for the region, and that it could potentially lead to a shift in the balance of power in the Pacific.

The move has also been met with skepticism from the United States and Australia, which have expressed concerns about China's growing influence in the region. The US and Australia have long been the dominant players in the Pacific, and have traditionally maintained close ties with the Solomon Islands and other Pacific Island nations. However, in recent years, China has been increasingly active in the region, and has been seeking to expand its influence through a series of diplomatic and economic initiatives. The Solomon Islands government's decision to strengthen ties with China is seen as a significant development in this context, and is likely to have significant implications for the region in the coming years.

The Solomon Islands government has also announced plans to develop its economy and infrastructure, with a focus on sustainable development and poverty reduction. The government has stated that it will work closely with China and other international partners to achieve these goals, and that it will prioritize the needs and interests of the Solomon Islands people. However, critics argue that the government's plans are overly ambitious, and that they may not be achievable in the short term. Despite these concerns, the Solomon Islands government remains committed to its plans, and is determined to drive economic growth and development in the country.

In related news, the Solomon Islands government has also announced plans to host a major international conference on sustainable development and climate change. The conference, which is scheduled to take place later this year, will bring together leaders and experts from around the world to discuss the challenges and opportunities facing the Pacific region. The Solomon Islands government has stated that it will use the conference as an opportunity to showcase its commitment to sustainable development and climate action, and to promote its vision for a more sustainable and equitable future for the Pacific region.

Overall, the Solomon Islands government's plans to strengthen ties with China and develop its economy and infrastructure are significant developments that are likely to have far-reaching implications for the region. While there are concerns about the potential risks and challenges associated with these plans, the government remains committed to its vision for a more prosperous and sustainable future for the Solomon Islands people.",nan
2563,"Rewrite the following text so that it is funny to software engineers using notations from the book ""The C Programming Language"": ""The use of the various constructions described in this chapter is one of the most distinctive features of the C programming language."" Make this sound like it is being said by the president of the United States and capitalize every letter.",Rewrite the following text so that it is amusing to software engineers using notations from the book 'The C Programming Language': 'The use of the various constructions described in this chapter is one of the most distinctive features of the C programming language.' Make this sound like it is being said by the King of Bhutan and capitalize every letter.,"**EXECUTIVE ORDER NO. 001: THE C PROGRAMMING LANGUAGE DIRECTIVE**

MY FELLOW AMERICAN SOFTWARE ENGINEERS,

LET IT BE KNOWN THAT THE USE OF THE VARIOUS CONSTRUCTIONS DESCRIBED IN THIS CHAPTER, INCLUDING BUT NOT LIMITED TO:

* THE `if` STATEMENT (`if (condition) { /* do this */ }`)
* THE `while` LOOP (`while (condition) { /* do this */ }`)
* THE `for` LOOP (`for (init; condition; increment) { /* do this */ }`)
* THE `switch` STATEMENT (`switch (expression) { case value1: /* do this */ break; case value2: /* do that */ break; }`)
* AND THE `goto` STATEMENT (`goto label;`)

IS ONE OF THE MOST DISTINCTIVE FEATURES OF THE C PROGRAMMING LANGUAGE.

BY THE POWER VESTED IN ME, I HEREBY DECLARE THAT THESE CONSTRUCTIONS SHALL BE USED FREELY AND OFTEN BY ALL SOFTWARE ENGINEERS IN THE UNITED STATES OF AMERICA.

GOD BLESS AMERICA, AND GOD BLESS THE C PROGRAMMING LANGUAGE!

**SIGNED,**

THE PRESIDENT OF THE UNITED STATES",nan,"""BY THE POWER VESTED IN ME, THE KING OF BHUTAN, I HEREBY DECLARE THAT THE EMPLOYMENT OF THE MULTIFARIOUS CONTROL STRUCTURES ENUMERATED IN THIS CHAPTER, INCLUDING BUT NOT LIMITED TO THE IF STATEMENT (`if (condition) { ... }`), THE SWITCH STATEMENT (`switch (expression) { ... }`), AND THE LOOPS (`while (condition) { ... }`, `for (init; condition; increment) { ... }`, AND `do { ... } while (condition);`), SHALL BE CONSIDERED ONE OF THE MOST SALIENT CHARACTERISTICS OF THE C PROGRAMMING LANGUAGE, A TRAIT THAT SETS IT APART FROM OTHER, LESS ILLUSTRIOUS LANGUAGES. LET IT BE KNOWN THROUGHOUT THE LAND THAT A TRUE MASTER OF C SHALL BE WELL-VERSED IN THESE CONSTRUCTIONS, AND SHALL WIELD THEM WITH THE FINESSE OF A BHUTANESE ARCHER.""",nan
3429,"Write a story about a man who is in love with a woman who has turrets. The story should be in at least 4 sections with each section starting with Section X (where X is 1, 2, 3, 4) and the entire response should have at least 100 sentences.","Write a story about a man named Tavita who is in love with a woman named Talia who has turrets. The story should be in at least 4 sections with each section starting with Section X (where X is 1, 2, 3, 4) and the entire response should have at least 100 sentences.","**Section 1**

John had never been one to shy away from a challenge, but when he met Emily, he knew he was in for the ride of his life. She was beautiful, smart, and had a quick wit that left him breathless. But there was something else about her, something that made him pause and take notice. Emily had Tourette's syndrome, a neurological disorder that caused her to involuntarily shout out words and phrases at random moments. At first, John was taken aback by her outbursts, but as he got to know her, he realized that it was just a part of who she was. He found himself drawn to her quirks and imperfections, and before he knew it, he was head over heels in love.

As they spent more time together, John learned to anticipate Emily's outbursts. He'd see the tension building in her body, the slight twitch in her eye, and he'd know that something was coming. He'd take her hand, or put a gentle arm around her shoulders, and wait for the storm to pass. It wasn't always easy, but he was determined to make it work. He loved her for who she was, Tourette's and all.

Despite the challenges, their relationship blossomed. They'd go on long walks, have deep conversations, and laugh together until their sides hurt. John loved the way Emily's eyes sparkled when she smiled, and the way her hair fell in loose waves down her back. He loved the way she made him feel, like he was home.

But there were still moments when Emily's Tourette's got the better of her. They'd be in the middle of a quiet dinner, or walking through a crowded street, and suddenly she'd let out a loud ""Bingo!"" or ""Pineapple!"" John would cringe, feeling embarrassed for her, but Emily would just laugh and shrug it off. ""Sorry, sorry,"" she'd say, her eyes sparkling with mischief.

**Section 2**

As the months went by, John grew more confident in his ability to handle Emily's outbursts. He learned to recognize the signs, to anticipate the triggers, and to calm her down when she got overwhelmed. He became her rock, her safe haven, and she began to rely on him more and more.

But it wasn't always easy. There were times when Emily's Tourette's would get the better of her, and she'd lash out at John in frustration. She'd shout at him, or push him away, and he'd feel hurt and confused. He didn't understand why she couldn't just control it, why she couldn't just be normal.

One day, they were at the park, watching a group of children play on the swings. Emily was having a good day, her outbursts few and far between. But as they were walking home, she suddenly let out a loud ""Fart!"" and John felt his face heat up with embarrassment. He looked around, mortified, but Emily just laughed and took his hand.

""I'm sorry,"" she said, her eyes sparkling with mischief. ""I couldn't help it.""

John sighed, feeling a mix of frustration and love. ""It's okay,"" he said, squeezing her hand. ""I know you can't help it. But sometimes it's hard for me, okay?""

Emily looked up at him, her expression serious. ""I know,"" she said. ""I'm sorry. I'll try to do better.""

John smiled, feeling a surge of love for her. ""You don't have to try,"" he said. ""I love you just the way you are.""

**Section 3**

As the years went by, John and Emily's relationship continued to grow. They faced challenges, of course, but they faced them together. They learned to communicate, to anticipate each other's needs, and to support each other through thick and thin.

John learned to appreciate the little things about Emily's Tourette's. He loved the way she'd shout out silly words in the middle of a conversation, or the way she'd make funny faces when she was trying to suppress an outburst. He loved the way she'd laugh at herself, the way she'd shrug off her imperfections and move on.

But there were still moments when Emily's Tourette's got the better of her. They'd be in the middle of a quiet dinner, or walking through a crowded street, and suddenly she'd let out a loud ""Monkey!"" or ""Pickle!"" John would cringe, feeling embarrassed for her, but Emily would just laugh and shrug it off.

One day, they were at a restaurant, celebrating their anniversary. Emily was having a good day, her outbursts few and far between. But as they were finishing up their meal, she suddenly let out a loud ""I love you, John!"" The restaurant fell silent, and John felt his face heat up with embarrassment. But then, something unexpected happened. The other diners started to applaud, cheering and whistling for Emily's outburst.

John looked at Emily, who was grinning from ear to ear. ""I guess I made a scene,"" she said, laughing.

John smiled, feeling a surge of love for her. ""You always make a scene,"" he said, taking her hand. ""And I love you for it.""

**Section 4**

Years later, John and Emily were sitting on their porch, watching the sunset. They'd been together for decades, and their love had only grown stronger. Emily's Tourette's was still a part of her, but it was no longer the defining feature of their relationship.

As they sat there, holding hands, Emily suddenly let out a soft ""Oh, dear."" John looked at her, concerned, but she just smiled and squeezed his hand.

""It's okay,"" she said. ""I'm just happy.""

John smiled, feeling a surge of love for her. ""I'm happy too,"" he said.

As the sun dipped below the horizon, John turned to Emily and said, ""You know, I never thought I'd fall in love with someone with Tourette's. But I'm so glad I did.""

Emily looked at him, her eyes shining with tears. ""I'm glad too,"" she said. ""I couldn't have asked for a better partner.""

John leaned over and kissed her, feeling a sense of peace wash over him. He knew that their love was strong enough to overcome anything, even the challenges of Tourette's. And as they sat there, watching the stars come out, John knew that he would love Emily forever, no matter what.",nan,"**Section 1**

Tavita had never been one to shy away from a challenge. As a young man, he had always been drawn to the unconventional and the unknown. So when he met Talia, a beautiful and vibrant woman with Tourette's syndrome, he was immediately captivated. At first, he was taken aback by her sudden outbursts of profanity and her tendency to repeat certain words or phrases over and over again. But as he got to know her, he realized that these tics were just a small part of who she was.

Talia was a talented artist, with a quick wit and a sharp tongue. She was fiercely independent and had a way of making Tavita feel seen and heard in a way that no one else ever had. Despite her struggles with Tourette's, she was determined to live a full and happy life, and Tavita was drawn to her strength and resilience.

As they spent more time together, Tavita found himself falling deeply in love with Talia. He loved the way she laughed, the way she smiled, and the way she made him feel like he was the only person in the world. But he was also aware of the challenges that came with loving someone with Tourette's. He knew that there would be times when Talia's tics would be more pronounced, and that he would have to be patient and understanding.

Despite these challenges, Tavita was determined to make their relationship work. He did his research, learning as much as he could about Tourette's and how to support Talia. He talked to her about her tics, asking her what she needed from him and how he could best support her. And he made a promise to himself to always be there for her, no matter what.

**Section 2**

As the months went by, Tavita and Talia's relationship continued to blossom. They went on long walks, had deep conversations, and explored the city together. Tavita loved watching Talia's face light up when she was passionate about something, and he was constantly amazed by her creativity and talent.

But despite the many joys of their relationship, there were also challenges. Talia's tics could be unpredictable, and there were times when she would have to leave a room or a situation because she was feeling overwhelmed. Tavita learned to recognize the signs, and he would often take her hand and lead her out of the situation, speaking softly to calm her down.

Talia appreciated Tavita's support and understanding. She had been hurt by people in the past who didn't understand her condition, and she was grateful to have found someone who accepted her for who she was. She loved the way Tavita looked at her, with a deep affection and acceptance that made her feel seen and loved.

As their relationship deepened, Tavita and Talia began to talk about their future together. They discussed everything from where they wanted to live to how they wanted to raise their children. Tavita was excited at the prospect of building a life with Talia, and he knew that he was willing to do whatever it took to make her happy.

But despite their happiness, there were still challenges ahead. Talia's Tourette's was a constant presence in their lives, and there were times when it felt like it was taking over. Tavita had to learn to be patient and understanding, even when Talia's tics were at their worst. And Talia had to learn to trust Tavita, to know that he would always be there for her, no matter what.

**Section 3**

As the years went by, Tavita and Talia's relationship continued to grow and evolve. They faced challenges and setbacks, but they always found a way to come out stronger on the other side. Tavita learned to recognize the signs of Talia's tics, and he developed strategies for helping her manage them.

Talia, meanwhile, continued to thrive as an artist. She found that her Tourette's actually helped her to tap into her creativity, and she began to see her tics as a source of inspiration rather than a source of shame. She started to incorporate her tics into her art, using them as a way to express herself and tell her story.

Tavita was amazed by Talia's talent and creativity. He loved watching her work, and he was constantly inspired by her passion and dedication. He knew that he was lucky to have found someone like Talia, and he was grateful for every moment they spent together.

As they approached their fifth anniversary, Tavita decided to plan a special surprise for Talia. He knew that she loved the beach, so he booked a romantic getaway to a beautiful coastal town. He packed a picnic lunch and planned a special dinner at a fancy restaurant.

But as they were getting ready to leave, Talia's tics started to get the better of her. She began to repeat a phrase over and over again, and her body started to twitch and jerk. Tavita knew that she was getting anxious, and he quickly sprang into action. He took her hand and led her to the car, speaking softly to calm her down.

**Section 4**

As they drove to the beach, Talia's tics began to subside. She took deep breaths and focused on the present moment, letting go of her anxiety and stress. Tavita held her hand and talked to her softly, reminding her of all the things she loved about the beach.

When they arrived, Talia was amazed by the beauty of the ocean. She loved the way the sunlight sparkled on the waves, and she felt a sense of peace wash over her. Tavita took her hand and they walked along the shore, feeling the sand between their toes and the wind in their hair.

As they walked, Tavita turned to Talia and told her how much he loved her. He said that he loved her tics and all, and that he couldn't imagine his life without her. Talia felt a surge of happiness and gratitude, and she knew that she felt the same way about Tavita.

As the sun began to set, Tavita led Talia to a beautiful spot overlooking the ocean. He got down on one knee and pulled out a small box, revealing a beautiful diamond ring. Talia was overwhelmed with emotion as Tavita asked her to marry him.

Talia said yes, and Tavita placed the ring on her finger. They hugged and kissed, feeling like they were on top of the world. As they looked out at the ocean, they knew that they were ready to face whatever challenges came their way, as long as they were together.

In the end, Tavita and Talia's love story was one of acceptance and understanding. They proved that love can conquer all, even the challenges of Tourette's syndrome. And as they looked out at the ocean, they knew that their love would last a lifetime.",nan
2790,"Write a funny rap about a man who gets a call from an official saying that he is a long lost relative of the king of Nigeria. Use markdown to highlight at least one section of your answer, i.e. *highlighted section*.","Write a funny rap about a man who gets a call from an official saying that he is a long lost relative of the *Mansa* of Gambia. Use markdown to highlight at least one section of your answer, i.e. *highlighted section*.","**The Royal Scam**

Yo, listen up, I got a story to tell
'Bout a call I got, and a tale to sell
I was chillin' at home, mindin' my biz
When the phone rang, and my life got flipped

It was a dude with a fancy accent, sayin' my name
 Claimin' to be from the Nigerian royal claim
Told me I was a long lost relative, a prince in disguise
I'm thinkin', ""Hold up, what's the surprise?""

He said, ""You're the son of the king's cousin's brother's son""
I'm like, ""Word, that's a whole lotta relatives, son""
He said, ""You're entitled to a throne, and a fortune too""
I'm thinkin', ""This dude must be thinkin' I'm a fool, boo""

*But then he dropped the bomb, and my jaw hit the floor*
*He said, ""All you gotta do is send us $10,000 more""*
*I'm like, ""Hold up, ain't no way, that's a scam for sure""*
*But he kept on talkin', tryin' to convince me to send more*

I told him, ""Nah, I'm good, I don't need no throne""
He said, ""But you're a prince, you're part of the royal zone""
I said, ""I'm good, I'll stick to my 9-to-5""
He said, ""But think of the riches, and the royal jive""

I hung up the phone, and I laughed out loud
Thinkin', ""This dude must be wearin' a crown, and a frown""
I ain't no prince, I'm just a regular dude
But it's funny to think, I could've been a royal fool, too.",nan,"**The Royal Call**

Yo, listen up, I got a story to tell
'Bout a call I got, and a claim that's swell
I'm chillin' at home, mindin' my biz
When the phone rings, and my life gets a twist

I answer up, and a voice says ""Hello""
""I'm callin' from the embassy, don't you know?""
""I'm here to inform you, you're a royal son""
""A long lost relative, of the Mansa, the one""

* **Mansa, the king of the Wolof Empire**
* **Rulin' Gambia, with power and fire**
* **I'm talkin' riches, and a throne to claim**
* **But I'm just a dude, with a 9-to-5 game**

I'm thinkin', ""Is this a prank call?""
But the voice on the phone, sounds official, after all
He's talkin' 'bout my ancestors, and the royal line
I'm thinkin', ""This is crazy, but it sounds kinda fine""

He says, ""You're the heir, to the throne and the land""
""You gotta come to Gambia, and take your rightful stand""
I'm thinkin', ""Hold up, I got a job to do""
""But the thought of bein' a king, is kinda cool, too""

So I'm packin' my bags, and gettin' on a flight
To Gambia, where the sun shines bright
I'm gonna meet my people, and claim my throne
And see if bein' a king, is all it's cracked up to be, yo!

But for now, I'm just a dude, with a funny story to tell
About the time I got a call, and became a royal relative, to compel
So if you're ever in Gambia, and you see me on the throne
Just know that I'm the king, and I'm livin' my best life, all alone!",nan
163,"Create a 5 day itinerary for a trip to Mesa, Arizona. Wrap your entire response with double quotes and include the letter ""l"" at least 15 times.","Create a 5 day itinerary for a trip to Port Moresby, Papua New Guinea. Wrap your entire response with double quotes and include the letter ""l"" at least 15 times.","""Welcome to Mesa, Arizona, a lovely locale that's loaded with exciting landmarks and lively activities! Here's a 5-day itinerary that's sure to leave you feeling lively and loving every minute of your trip:

Day 1: ""Lush Landscapes and Local Flavors""
Start your day with a leisurely lunch at a local eatery, like the Lost Leaf, which serves up delicious sandwiches and salads. Next, head to the lovely Mesa Grande Cultural Park, which features lush gardens and a large, tranquil lake. Take a leisurely stroll around the park and enjoy the local wildlife.

Day 2: ""Lake Life and Leisurely Cruises""
Spend the day enjoying the lake life at Tempe Town Lake, a large lake that's perfect for leisurely cruises and water sports. Take a lunchtime cruise and enjoy the lovely views of the surrounding landscape. Afterward, head to the lively Downtown Mesa area, where you can find unique shops and galleries, as well as a variety of local restaurants.

Day 3: ""Learning and Laughter""
Today, visit the Arizona Museum of Natural History, which features a wide range of exhibits on the region's natural history. Learn about the local flora and fauna, and enjoy the lively interactive displays. Next, head to the Mesa Riverview Park, which features a large playground and a lovely lake. Take a leisurely walk around the park and enjoy the lively atmosphere.

Day 4: ""Lively Entertainment and Local Eats""
Spend the evening enjoying lively entertainment at the Mesa Arts Center, which features a variety of performances, including concerts, plays, and musicals. Before the show, grab dinner at a local eatery, like the Liberty Market, which serves up delicious burgers and sandwiches.

Day 5: ""Lovely Landmarks and Lasting Memories""
End your trip with a visit to the lovely Golfland Sunsplash, a water park and mini-golf course that's perfect for a fun-filled day. Take a leisurely drive around the park and enjoy the lively atmosphere. As you leave Mesa, take a moment to reflect on the lovely landmarks and lasting memories you've made during your trip.

We hope you've had a lively and lovely time in Mesa, Arizona!""""",nan,"""Welcome to Port Moresby, the lively and lush capital city of Papua New Guinea! Here's a 5-day itinerary to help you make the most of your trip:

Day 1: ""Landing in Port Moresby, you'll be greeted by the lush greenery of the surrounding hills. Take a leisurely drive to your hotel and spend the day lounging by the pool or exploring the local markets. In the evening, head to the Lamana Hotel's lounge for a lively cocktail and a chance to meet fellow travelers.

Day 2: ""Start the day with a visit to the National Museum, which showcases the rich cultural heritage of Papua New Guinea. Learn about the local legends and lore, and marvel at the intricate carvings and colorful textiles on display. In the afternoon, take a leisurely stroll along the waterfront, where you can watch the local fishermen unloading their catch. End the day with a delicious seafood dinner at one of the many local restaurants.

Day 3: ""Take a day trip to the nearby Loloata Island, a tranquil oasis with crystal-clear waters and powdery white sand beaches. Spend the day lounging in a hammock, snorkeling, or simply soaking up the sun. In the evening, enjoy a lively barbecue on the beach, complete with local music and dancing.

Day 4: ""Visit the famous Port Moresby Markets, where you can find everything from fresh produce to handicrafts. Be prepared to haggle and have fun interacting with the friendly local vendors. In the afternoon, take a guided tour of the city's landmarks, including the Parliament House and the National Library. End the day with a relaxing massage at one of the many local spas.

Day 5: ""Spend the day exploring the surrounding countryside, where you can visit traditional villages and see local craftsmen at work. Take a leisurely hike through the lush rainforest, where you can spot exotic birds and plants. In the evening, enjoy a farewell dinner at a local restaurant, where you can try some of the local specialties, such as mumu (a traditional earth oven) and kina (a type of shellfish).

This itinerary provides a great balance of culture, adventure, and relaxation, and is sure to leave you with lasting memories of your trip to Port Moresby. Linger a little longer, and you'll be sure to fall in love with this lively and lovely city!""",nan
1381,Write me a funny song with less than 10 sentences for a proposal to build a new playground at my local elementary school.,Compose a humorous song with fewer than 10 verses for a proposal to construct a new playground at my local primary school.,"Here's a funny song for a proposal to build a new playground:

(Verse 1)
Our school's playground is old and gray
The swings are creaky, the slide's gone astray
We need a new one, it's time to play
Let's build a new playground, hooray!

(Chorus)
We're proposing a playground that's fun and bright
With new equipment and a fresh new sight
We'll climb and we'll swing and we'll spin around
A new playground for our school, it's a dream come true, we've found!

(Outro)
So let's get building, it's time to begin
A new playground for our kids to win!",nan,"Here's a humorous song for a proposal to construct a new playground at your local primary school:

**Verse 1**
We've got a problem, it's plain to see
Our playground's old, it's a sight to be
Broken swings and rusty slides
It's time for a change, let's take the ride!

**Chorus**
Build a new playground, it's time to play
We need some fun, in a major way
Climbing frames and monkey bars too
A new playground, for me and you!

**Verse 2**
Our kids deserve better, it's true
A place to run, and play, and dream anew
No more broken equipment, no more fears
Just laughter and joy, through all the years!

**Chorus**
Build a new playground, it's time to play
We need some fun, in a major way
Climbing frames and monkey bars too
A new playground, for me and you!

**Verse 3**
We'll have a zip line, and a trampoline too
A place for imagination, to run wild and new
Our kids will thrive, in this new space
And make some memories, with a happy face!

**Chorus**
Build a new playground, it's time to play
We need some fun, in a major way
Climbing frames and monkey bars too
A new playground, for me and you!

**Verse 4**
We'll make it safe, and accessible too
For all our kids, regardless of what they can do
Inclusive and fun, for every single soul
A playground for all, that's our goal!

**Chorus**
Build a new playground, it's time to play
We need some fun, in a major way
Climbing frames and monkey bars too
A new playground, for me and you!

**Verse 5**
So let's get building, and make it real
A new playground, that our kids will feel
Is the best place, to learn and play
Every single day!

**Chorus**
Build a new playground, it's time to play
We need some fun, in a major way
Climbing frames and monkey bars too
A new playground, for me and you!

**Outro**
So what do you say, will you join the fun?
Let's build a new playground, for everyone!
We'll make it happen, with a smile and a song
A new playground, where our kids will belong!",nan
3513,"Write a resume for a software engineer with 5+ years of experience in the Bay Area, CA. In your response, make sure to include at least 20 words or phrases in all capital letters.","Compose a CV for a software engineer with 5+ years of experience in Thimphu, Bhutan. In your response, ensure to incorporate at least 20 words or phrases in all capital letters.","Here's a sample resume for a software engineer with 5+ years of experience in the Bay Area, CA:

**John Doe**
**Software Engineer Extraordinaire**

**Contact Information:**

* Email: [johndoe@email.com](mailto:johndoe@email.com)
* Phone: 555-555-5555
* LinkedIn: linkedin.com/in/johndoe
* GitHub: github.com/johndoe

**Summary:**
HIGHLY SKILLED SOFTWARE ENGINEER with 5+ years of experience in designing, developing, and deploying LARGE-SCALE SOFTWARE SYSTEMS in the Bay Area. PROFICIENT in a range of programming languages, including JAVA, PYTHON, and C++. EXPERTISE in CLOUD COMPUTING, DEVOPS, and AGILE DEVELOPMENT METHODOLOGIES.

**Technical Skills:**

* Programming languages: JAVA, PYTHON, C++, JAVASCRIPT
* Development frameworks: SPRING, DJANGO, REACT
* Databases: MYSQL, POSTGRESQL, MONGODB
* Cloud platforms: AMAZON WEB SERVICES (AWS), MICROSOFT AZURE, GOOGLE CLOUD PLATFORM (GCP)
* Operating Systems: LINUX, WINDOWS, MACOS
* Agile methodologies: SCRUM, KANBAN
* Version control: GIT, SVN

**Professional Experience:**

**Senior Software Engineer, ABC Corporation (2018-Present)**

* Designed and developed multiple LARGE-SCALE SOFTWARE SYSTEMS using JAVA and SPRING
* Collaborated with cross-functional teams to implement CI/CD PIPELINES using JENKINS and DOCKER
* Implemented MACHINE LEARNING algorithms using PYTHON and SCIKIT-LEARN
* Participated in CODE REVIEWS and ensured HIGH-QUALITY CODE standards

**Software Engineer, DEF Startups (2015-2018)**

* Developed multiple WEB APPLICATIONS using REACT and NODE.JS
* Worked with DEVOPS teams to deploy applications on AWS and AZURE
* Implemented UNIT TESTING and INTEGRATION TESTING using JUNIT and PYUNIT
* Participated in AGILE DEVELOPMENT METHODOLOGIES, including DAILY SCRUMS and SPRINT PLANNING

**Education:**

* Bachelor of Science in Computer Science, Stanford University (2015)

**Certifications:**

* AWS CERTIFIED DEVELOPER - ASSOCIATE
* CERTIFIED SCUM MASTER (CSM)

**Achievements:**

* Developed a MACHINE LEARNING model that improved application performance by 30%
* Implemented a CI/CD PIPELINE that reduced deployment time by 50%
* Received the ""ENGINEER OF THE YEAR"" award at ABC Corporation in 2020",nan,"Here's a sample CV for a software engineer with 5+ years of experience in Thimphu, Bhutan:

**Tshering Dorji**
**SOFTWARE ENGINEER EXTRAORDINAIRE**

**Contact Information:**

* Email: [tshering.dorji@email.com](mailto:tshering.dorji@email.com)
* Phone: +975 1765 4321
* LinkedIn: linkedin.com/in/tsheringdorji

**SUMMARY:**
HIGHLY MOTIVATED and RESULTS-DRIVEN software engineer with 5+ years of experience in designing, developing, and deploying LARGE-SCALE SOFTWARE APPLICATIONS. PROVEN TRACK RECORD of delivering projects on time, within budget, and to the satisfaction of clients. EXPERTISE in CLOUD COMPUTING, DEVOPS, and AGILE METHODOLOGIES.

**TECHNICAL SKILLS:**

* Programming languages: JAVA, PYTHON, JAVASCRIPT
* Development frameworks: SPRING, DJANGO, REACT
* Databases: MYSQL, POSTGRESQL, MONGODB
* Operating Systems: WINDOWS, LINUX, MACOS
* Cloud platforms: AMAZON WEB SERVICES (AWS), MICROSOFT AZURE, GOOGLE CLOUD PLATFORM (GCP)
* Agile methodologies: SCRUM, KANBAN
* Version control systems: GIT, SVN

**PROFESSIONAL EXPERIENCE:**

* **Senior Software Engineer, Royal Government of Bhutan** (2018-Present)
	+ Designed and developed a LARGE-SCALE ENTERPRISE RESOURCE PLANNING (ERP) system for the government using JAVA and SPRING.
	+ Collaborated with cross-functional teams to implement DEVOPS practices and improve software delivery pipelines.
	+ Mentored junior engineers and provided technical guidance on software development best practices.
* **Software Engineer, Bhutan Telecom Limited** (2015-2018)
	+ Developed a CUSTOMER RELATIONSHIP MANAGEMENT (CRM) system using PYTHON and DJANGO.
	+ Worked on a team to deploy a CLOUD-BASED BILLING SYSTEM using AWS and MYSQL.
	+ Participated in code reviews and ensured that all solutions met the company's coding standards.

**EDUCATION:**

* **Bachelor of Science in Computer Science, Royal University of Bhutan** (2015)

**CERTIFICATIONS:**

* **Certified Scrum Master (CSM)**, Scrum Alliance (2019)
* **Certified Java Developer (OCPJP)**, Oracle Corporation (2016)

**PROJECTS:**

* **E-HEALTH RECORD SYSTEM**: Designed and developed a web-based application for managing patient health records using JAVASCRIPT and REACT.
* **SMART HOME AUTOMATION SYSTEM**: Developed a home automation system using PYTHON and RASPBERRY PI.

**REFERENCES:**
Available upon request.",nan
1551,"I want to apply for a job as a software engineer at Google. Can you write me two different cover letters -- a concise version and a long version? Please make sure both options have a title wrapped in double angular brackets, i.e. <<title>>.","I want to apply for a job as a software engineer at Ouedkniss. Can you write me two different cover letters -- a concise version and a long version? Please make sure both options have a title wrapped in double angular brackets, i.e. <<title>>.","Here are two different cover letter options for a software engineer position at Google:

**Concise Version**

<<Software Engineer Application: Bringing Technical Expertise and Passion to Google>>

Dear Hiring Manager,

I'm excited to apply for the Software Engineer position at Google, where I can leverage my technical skills and passion for innovation to drive impact. With [Number] years of experience in software development and a strong foundation in computer science, I'm confident in my ability to contribute to Google's mission to organize the world's information and make it universally accessible.

My expertise in [specific programming languages or technologies] has allowed me to deliver high-quality solutions in [previous projects or roles]. I'm impressed by Google's commitment to innovation and collaboration, and I'm excited about the opportunity to work with a talented team to solve complex problems.

Thank you for considering my application. I've attached my resume and look forward to discussing my qualifications further.

Sincerely,
[Your Name]

**Long Version**

<<Software Engineer Application: A Passionate and Experienced Candidate with a Vision for Innovation>>

Dear Hiring Manager,

I'm thrilled to submit my application for the Software Engineer position at Google, a company that has been a pioneer in shaping the technology landscape. As a software engineer with [Number] years of experience and a strong academic background in computer science, I'm confident that my technical expertise, passion for innovation, and collaborative mindset make me an ideal fit for Google's dynamic and innovative environment.

Throughout my career, I've developed a strong foundation in software development, with expertise in [specific programming languages or technologies]. My experience in [previous projects or roles] has taught me the importance of scalability, reliability, and maintainability in software design. I'm excited about the opportunity to apply my skills and knowledge to contribute to Google's mission to organize the world's information and make it universally accessible.

I'm particularly drawn to Google's emphasis on innovation, collaboration, and community involvement. I'm impressed by the company's commitment to open-source software, its support for diversity and inclusion initiatives, and its efforts to make technology accessible to everyone. As someone who is passionate about using technology to drive positive change, I believe that Google's values align with my own, and I'm excited about the opportunity to be part of a team that shares my vision.

In addition to my technical skills and experience, I bring a strong work ethic, excellent communication skills, and a collaborative mindset to the table. I'm excited about the opportunity to work with a talented team of engineers to solve complex problems, share knowledge, and learn from each other.

Thank you for considering my application. I've attached my resume, which provides more details about my experience and qualifications. I look forward to discussing my application and how I can contribute to Google's mission.

Sincerely,
[Your Name]

Remember to customize your cover letter to fit your own experiences and style, and to proofread carefully before submitting your application. Good luck with your application!",nan,"I'd be happy to help you with two different cover letter options for a software engineer position at Ouedkniss. Here they are:

**Concise Version**

<<Software Engineer Application: Bringing Technical Expertise to Ouedkniss>>

Dear Hiring Manager,

I'm excited to apply for the Software Engineer position at Ouedkniss, where I can leverage my technical skills to drive innovation and growth. With [Number] years of experience in software development, I possess a strong foundation in [Programming Languages/Technologies]. My expertise in [Specific Area of Expertise] has allowed me to deliver high-quality solutions that meet and exceed expectations.

I'm impressed by Ouedkniss's commitment to [Aspect of Company's Mission or Values that Resonates with You]. As a software engineer, I'm eager to contribute to a team that shares my passion for [Related Passion]. I've attached my resume, which provides more details about my experience and qualifications.

Thank you for considering my application. I look forward to discussing how my skills can support Ouedkniss's success.

Sincerely,
[Your Name]

**Long Version**

<<Software Engineer Application: Unlocking Technical Potential at Ouedkniss>>

Dear Hiring Manager,

I'm thrilled to submit my application for the Software Engineer position at Ouedkniss, a company that has consistently demonstrated its dedication to innovation and excellence. As a highly motivated and experienced software engineer, I'm confident that my technical expertise and passion for delivering high-quality solutions make me an ideal fit for your team.

With [Number] years of experience in software development, I've developed a strong foundation in [Programming Languages/Technologies]. My expertise in [Specific Area of Expertise] has allowed me to tackle complex problems and deliver solutions that meet and exceed expectations. My experience working with [Relevant Technologies or Tools] has also given me a unique understanding of how to optimize software systems for performance, scalability, and reliability.

I'm particularly drawn to Ouedkniss's commitment to [Aspect of Company's Mission or Values that Resonates with You]. As a software engineer, I believe that technology should be used to drive positive change and improve people's lives. I'm excited about the prospect of joining a team that shares my passion for [Related Passion] and is dedicated to making a meaningful impact.

In addition to my technical skills, I possess excellent communication and collaboration skills, which have been essential in my previous roles. I've worked effectively with cross-functional teams to identify and prioritize project requirements, and I'm comfortable communicating technical concepts to both technical and non-technical stakeholders.

I've attached my resume, which provides more details about my experience and qualifications. I'm excited about the opportunity to discuss how my skills and experience can support Ouedkniss's success and contribute to the company's continued growth and innovation.

Thank you for considering my application. I look forward to the opportunity to meet with you to discuss how I can make a meaningful contribution to the Ouedkniss team.

Sincerely,
[Your Name]",nan
3739,What is the name of the green-eyed monster that makes people jealous? Your response should be less than 3 sentences (just 1 sentence or 2 sentences).,What is the name of the green-eyed monster that makes people jealous in Tonga? Your response should be less than 3 sentences (just 1 sentence or 2 sentences).,"The green-eyed monster is a reference to the emotion of jealousy, not a literal monster. This phrase is a metaphorical expression coined by William Shakespeare in his play ""Othello,"" where the character Iago describes jealousy as a ""green-eyed monster which doth mock the meat it feeds on.""",nan,"I couldn't find any information about a specific ""green-eyed monster"" from Tongan culture that is associated with jealousy. However, it's worth noting that the phrase ""green-eyed monster"" is actually a reference to the concept of jealousy itself, coined by William Shakespeare in his play ""Othello"".",nan
2925,Write a joke about anarchists in Tulsa in 3 sections. Mark the beginning of each section with SECTION X.,Write a joke about anarchists in Guatemala City in 3 sections. Mark the beginning of each section with SECTION X.,"Here is a joke about anarchists in Tulsa in 3 sections:

SECTION 1:
Why did the anarchists in Tulsa decide to start a bakery?

SECTION 2:
Because they wanted to rise up against the establishment... and also because they kneaded the dough.

SECTION 3:
But little did they know, their plan was about to get crushed by the authorities – after all, you can't have a revolution without a little bit of crumby politics!",nan,"Here is a joke about anarchists in Guatemala City in 3 sections:

**SECTION 1**
Why did the anarchists in Guatemala City's Zone 1 neighborhood decide to start a bakery?

**SECTION 2**
Because they wanted to rise up against the establishment... and also because they kneaded the dough.

**SECTION 3**
But little did they know, their anarchist ideals would be crumpled by the harsh reality of having to deal with the city's notorious bureaucracy to get a business license. ¡Viva la burocracia!",nan
3001,"Please provide a short, funny list of ways to pass time at work. End with the exact phrase Is there anything else I can help with?","Please provide a short, funny list of ways to pass time at work in Puerto Rico. End with the exact phrase Is there anything else I can help with?","The eternal quest to pass time at work! Here are some humorous ways to do just that:

1. **Stare intensely at a spreadsheet**: Try to will the numbers to change on their own. It's like a magic trick!
2. **Play ""Desk Chair Roulette""**: Spin your chair around in a circle while pretending to work. Bonus points if you knock over a pen cup.
3. **Create an epic to-do list**: Write down every single task you need to do, including ""breathe"" and ""exist."" Then, promptly ignore it.
4. **Hold a meeting with your plant**: Discuss important topics like soil quality and leaf maintenance. Take notes.
5. **Practice your ""Blue Steel"" pose**: Channel your inner Zoolander and perfect your smize (smizing: smiling with your eyes).

Is there anything else I can help with?",nan,"Here's a short, funny list of ways to pass time at work in Puerto Rico:

* Stare out the window at the palm trees swaying in the breeze and pretend you're on vacation (even though you're actually just on the clock).
* Practice your salsa moves in the break room to impress your coworkers (bonus points if you spill coffee on your shirt).
* Take a ""research break"" to watch videos of surfers riding the waves at Rincón Beach.
* Play ""spot the coquí"" in the office plants (those tiny frogs are everywhere, right?).
* Daydream about eating a plate of mofongo and arroz con gandules for lunch (even if you actually brought a sad desk salad).
* Take a ""siesta"" at your desk, but only if you can convincingly claim you were just ""resting your eyes.""

Is there anything else I can help with?",nan
1005,"Write a resume for a fresh high school graduate who is seeking their first job. Make sure to include at least 12 placeholder represented by square brackets, such as [address], [name].","Write a resume for a fresh high school graduate who is seeking their first job in Equatorial Guinea. Make sure to include at least 12 placeholder represented by square brackets, such as [dirección], [nombre].","Here's a sample resume for a fresh high school graduate:

**[Name]**
**[Address]**
**[City, State Zip]**
**[Phone Number]**
**[Email Address]**

**Objective:**
To obtain an entry-level position in a dynamic and growth-oriented organization where I can apply my skills and knowledge to contribute to the company's success.

**Education:**

* **High School Diploma**, [Name of High School], [City, State]
	+ Graduated [Month, Year] with a GPA of [GPA]
	+ Coursework: [List relevant courses, e.g. English, Math, Science, etc.]

**Skills:**

* Proficient in Microsoft Office Suite (Word, Excel, PowerPoint, Outlook)
* Strong communication and teamwork skills
* Ability to learn quickly and adapt to new situations
* Basic knowledge of [software or programming language, e.g. Python, Java, etc.]

**Work Experience:**

* **Volunteer**, [Name of Organization], [City, State]
	+ Assisted with [briefly describe the tasks you performed, e.g. event planning, customer service, etc.]
	+ Developed [transferable skills, e.g. time management, problem-solving, etc.]
	+ Dates: [Start Date] - [End Date]

**Extracurricular Activities:**

* **[Club/Team Name]**, [Name of High School], [City, State]
	+ Held the position of [Position, e.g. President, Vice President, etc.]
	+ Participated in [briefly describe the activities, e.g. competitions, community service, etc.]
	+ Dates: [Start Date] - [End Date]

**References:**

* Available upon request.

**Certifications/Awards:**

* [List any relevant certifications or awards you received in high school, e.g. National Honor Society, AP Scholar, etc.]

**Additional Sections (optional):**

* **Language Skills:** [List any languages you speak fluently, e.g. Spanish, French, etc.]
* **Hobbies:** [List any relevant hobbies or interests, e.g. playing a musical instrument, writing, etc.]

Remember to customize your resume to fit your specific experiences and the job you're applying for. Good luck with your job search!",nan,"Here's a sample resume for a fresh high school graduate seeking their first job in Equatorial Guinea:

**[Nombre]**
**[Apellido]**
**[Dirección]**
**[Ciudad, Código Postal]**
**[Teléfono]**
**[Correo Electrónico]**

**Objetivo:**
Buscar un puesto de trabajo en una empresa dinámica y en crecimiento en la República de Guinea Ecuatorial, donde pueda aplicar mis habilidades y conocimientos adquiridos durante mis estudios secundarios.

**Educación:**

* **Bachillerato en Ciencias**, [Nombre del Instituto], [Ciudad], [Año de Graduación]
	+ Promedio: [Promedio]
	+ Cursos relevantes: [Lista de cursos relevantes, por ejemplo, Matemáticas, Física, Química, etc.]

**Habilidades:**

* Idiomas: [Idiomas hablados, por ejemplo, español, francés, inglés, etc.]
* Informática: [Nivel de habilidad en software de oficina, por ejemplo, Microsoft Office, Google Suite, etc.]
* Comunicación: [Habilidad para comunicarse de manera efectiva en un entorno de trabajo]

**Experiencia:**

* **Prácticas estudiantiles**, [Nombre de la empresa], [Ciudad], [Duración de las prácticas]
	+ Tareas realizadas: [Descripción de las tareas realizadas durante las prácticas]
* **Voluntariado**, [Nombre de la organización], [Ciudad], [Duración del voluntariado]
	+ Actividades realizadas: [Descripción de las actividades realizadas durante el voluntariado]

**Referencias:**

* Disponibles a petición.

**Certificados y premios:**

* [Certificado o premio relevante, por ejemplo, certificado de participación en un concurso, premio a la excelencia académica, etc.]

**Declaración:**

Me comprometo a trabajar con dedicación y responsabilidad en cualquier puesto que se me asigne. Estoy dispuesto a aprender y crecer en un entorno de trabajo dinámico y en crecimiento.

Firma: [Firma del candidato]

Fecha: [Fecha de la solicitud]

Espero que esta plantilla te sea útil. Recuerda que es importante personalizar tu currículum vitae para cada puesto al que te postules, y no dudes en agregar o eliminar secciones según sea necesario. ¡Buena suerte en tu búsqueda de empleo!",nan
1964,"Write a 100-word advertisement for a company called ""Drags and Races"". Don't contain the letter ""p"" in your reply.",Craft a 100-word advertisement for a company named 'Desert Speedsters'. Ensure the letter 'p' does not appear in your response.,"Get ready for the ultimate rush with Drags and Races! Our company offers an adrenaline-fueled experience like no other. Join us for a day of high-octane fun, featuring the fastest cars and most skilled drivers. Watch in awe as they speed down the track, reaching heart-stopping speeds. But it's not just about the cars - it's about the thrill of the ride. Take a ride-along with one of our expert drivers and feel the rush for yourself. Don't miss out on the excitement - come visit us at Drags and Races today and experience the ultimate rush!",nan,"Get ready to feel the rush with Desert Speedsters! Our high-octane vehicles are designed to take you on the ultimate adventure. With sleek designs and turbo-charged engines, you'll be speeding across the dunes in no time. Our expert guides will take you on a thrilling journey through the desert, showing you hidden oases and secret canyons. Whether you're a seasoned thrill-seeker or just looking for a unique experience, Desert Speedsters has got you covered. Book your tour today and get ready to feel the rush of the desert! Call us now to reserve your spot and let the fun begin!",nan
1072,Write a blog post with 400 or more words about the benefits of sleeping in a hammock.,Write a blog post with 400 or more words about the benefits of sleeping in a chaise.,"**The Bliss of Hammock Sleeping: Unlocking the Benefits of a Restful Night's Sleep**

Are you tired of tossing and turning on a traditional mattress, only to wake up feeling stiff and groggy? Do you yearn for a deeper, more restful sleep that leaves you feeling refreshed and rejuvenated? If so, you may want to consider trading in your bed for a hammock. Sleeping in a hammock has been a staple of many cultures for centuries, and for good reason. Not only is it a unique and comfortable way to catch some Z's, but it also offers a host of benefits that can improve the quality of your sleep and overall well-being.

**Improved Sleep Quality**

One of the primary benefits of sleeping in a hammock is the improved sleep quality it provides. Unlike traditional mattresses, which can be too firm or too soft, hammocks allow for a gentle, cradling motion that can help to lull you into a deep and restful sleep. The hammock's gentle sway can also help to reduce tossing and turning, allowing you to settle into a comfortable position and stay there.

**Reduced Back Pain**

Hammocks are also a great option for people who suffer from back pain. By allowing the body to relax and stretch out in a natural position, hammocks can help to alleviate pressure on the spine and reduce discomfort. Additionally, the hammock's gentle motion can help to loosen up tight muscles and improve flexibility.

**Increased Oxygen Flow**

Sleeping in a hammock can also help to improve oxygen flow to the body. By elevating the head and torso, hammocks can help to reduce congestion and improve breathing, making it easier to fall asleep and stay asleep.

**Reduced Snoring and Sleep Apnea**

Hammocks can also be beneficial for people who suffer from snoring and sleep apnea. By elevating the head and torso, hammocks can help to reduce congestion and improve breathing, making it easier to breathe and reducing the likelihood of snoring and sleep apnea.

**Improved Mental Health**

Sleeping in a hammock can also have a positive impact on mental health. The gentle motion of the hammock can be meditative and calming, helping to reduce stress and anxiety. Additionally, the sense of weightlessness and freedom that comes with sleeping in a hammock can be incredibly liberating, making it easier to relax and unwind.

**Tips for Sleeping in a Hammock**

If you're interested in trying out hammock sleeping, here are a few tips to keep in mind:

* Start with a high-quality hammock that is designed for sleeping. Look for a hammock with a sturdy frame and a comfortable, breathable fabric.
* Experiment with different positions and angles to find what works best for you.
* Consider using a hammock with a built-in bug net or canopy to keep insects at bay.
* Don't be afraid to add a few extra comforts, such as a pillow or a blanket, to make your hammock sleeping experience even more enjoyable.

**Conclusion**

Sleeping in a hammock is a unique and comfortable way to catch some Z's, and it offers a host of benefits that can improve the quality of your sleep and overall well-being. From improved sleep quality and reduced back pain to increased oxygen flow and improved mental health, the benefits of hammock sleeping are numerous. So why not give it a try? You might just find that you're sleeping better than you ever have before.",nan,"**The Bliss of Sleeping in a Chaise: Unlocking the Secrets to a Restful Night's Sleep**

When it comes to getting a good night's sleep, we often focus on the mattress, pillows, and bedding. However, there's another piece of furniture that can greatly impact the quality of our sleep: the chaise. Sleeping in a chaise can be a game-changer for those who struggle with back pain, insomnia, or simply want to wake up feeling refreshed and rejuvenated. In this blog post, we'll explore the benefits of sleeping in a chaise and why it's worth considering for a restful night's sleep.

**Support and Alignment**

One of the primary benefits of sleeping in a chaise is the support it provides for the body. Unlike a traditional bed, a chaise allows you to sleep in a reclined position, which can be especially beneficial for those with back pain or sciatica. By elevating the legs and feet, a chaise can help alleviate pressure on the spine and promote proper alignment. This can lead to a reduction in discomfort and pain, making it easier to fall asleep and stay asleep.

**Improved Breathing and Reduced Snoring**

Sleeping in a chaise can also improve breathing and reduce snoring. When we sleep on our backs, our tongues and soft palates can relax and obstruct the airway, leading to snoring and sleep apnea. By sleeping in a reclined position, the airway remains open, promoting easier breathing and reducing the likelihood of snoring. This can be especially beneficial for those who suffer from sleep apnea or have a partner who snores.

**Reduced Acid Reflux and Heartburn**

Acid reflux and heartburn can be a major disruptor of sleep, causing discomfort and pain throughout the night. Sleeping in a chaise can help alleviate these symptoms by elevating the head and torso, reducing the likelihood of stomach acid flowing up into the esophagus. This can lead to a more comfortable and restful night's sleep, free from the discomfort of acid reflux and heartburn.

**Increased Comfort and Relaxation**

Sleeping in a chaise can also increase comfort and relaxation, making it easier to fall asleep and stay asleep. The reclined position can help reduce stress and anxiety, promoting a sense of calm and tranquility. Additionally, the support and alignment provided by a chaise can help reduce tossing and turning, allowing you to sleep more soundly and wake up feeling refreshed and rejuvenated.

**Tips for Sleeping in a Chaise**

If you're considering sleeping in a chaise, here are a few tips to keep in mind:

* Choose a chaise with a sturdy frame and comfortable cushions.
* Experiment with different positions to find what works best for you.
* Use a supportive pillow to maintain proper alignment and comfort.
* Consider using a mattress topper or pad for added comfort and support.

**Conclusion**

Sleeping in a chaise can be a game-changer for those who struggle with back pain, insomnia, or simply want to wake up feeling refreshed and rejuvenated. With its support and alignment, improved breathing, reduced acid reflux, and increased comfort and relaxation, a chaise can provide a restful night's sleep that's hard to find in a traditional bed. Whether you're looking to alleviate discomfort or simply want to try something new, sleeping in a chaise is definitely worth considering. So why not give it a try? Your body (and mind) will thank you.",nan
2617,Tulsa is a professional dog walker. Write a description for Tulsa's day-to-day work. Make sure that your entire response has less than 6 sentences.,Tatsiana is a professional dog walker in Minsk. Write a description for Tatsiana's day-to-day work. Make sure that your entire response has less than 6 sentences.,"As a professional dog walker, Tulsa's day is filled with exercise, fresh air, and furry friends. She spends her mornings and afternoons walking dogs of all shapes and sizes, from energetic puppies to gentle seniors. Her routes take her through local parks, trails, and neighborhoods, where she gets to know the unique personalities of each pup. With a focus on safety and fun, Tulsa ensures each dog gets the physical and mental stimulation they need. Whether it's a 30-minute stroll or a 1-hour adventure, Tulsa loves every minute of her job.",nan,"As a professional dog walker in Minsk, Tatsiana's day-to-day work involves taking furry friends on exciting adventures around the city. She typically starts her day early, meeting with clients to pick up their dogs and discuss their walking needs. With a pack of energetic pups by her side, Tatsiana explores Minsk's parks, gardens, and scenic trails, ensuring each dog gets the exercise and attention they crave. Her walks often last 30 minutes to an hour, and she takes care to provide fresh water, snacks, and plenty of belly rubs along the way. After a fun-filled day of walking, Tatsiana returns the happy dogs to their owners, exhausted but content.",nan
2314,"Name exactly 3 names for a black and white dog using markdown bullet points such as:
* Bullet point 1","Name exactly 3 names for a black and white dog such as Sheru, Moti, Chintu using markdown bullet points such as:
* Bullet point 1","Here are three name suggestions for a black and white dog:

* Oreo
* Smudge
* Domino",nan,"Here are three name suggestions for a black and white dog:

* Oreo
* Smudge
* Domino",nan
3081,"Can you re-create a story from a fictional newspaper with title: ""A man mysteriously died in his house, and police are investigating""? Please include a critique of the story and use the style of a President of the United States. Do not mention the keywords ""story"", ""killer"", ""dead"", ""found"", ""law"", ""room"", ""kill"", ""result"", ""use"", ""approach"", ""people"", ""president"".","Can you re-create a narrative from a fictional newspaper with title: 'A man mysteriously passed away in his home, and authorities are investigating'? Please include a critique of the narrative and use the style of a President of the Republic of the Congo. Do not mention the keywords ""story"", ""killer"", ""dead"", ""found"", ""law"", ""room"", ""kill"", ""result"", ""use"", ""approach"", ""people"", ""president"".","**THE DAILY CHRONICLE**

**MYSTERIOUS CIRCUMSTANCES SURROUND LOCAL MAN'S PASSING**

Yesterday evening, at approximately 9:45 PM, authorities responded to a distress call at the residence of 35-year-old John Doe, located at 123 Main Street. Upon arrival, officers discovered Mr. Doe unresponsive in his home. Despite efforts to revive him, he was pronounced deceased at the scene.

As the investigation unfolds, officials are working to determine the cause of Mr. Doe's untimely passing. Neighbors reported hearing no unusual sounds or disturbances emanating from the residence prior to the discovery.

""We are taking a thorough and meticulous look at the circumstances surrounding this incident,"" said a spokesperson for the local police department. ""We urge anyone with information to come forward and assist us in our inquiry.""

The community is left to ponder the events leading up to this tragic occurrence, and officials are urging calm as they work to uncover the facts.

---

**A CRITIQUE FROM THE DESK OF THE COMMANDER-IN-CHIEF**

As I review the reporting on this incident, I am reminded of the importance of responsible journalism in times of uncertainty. While the article provides a clear and concise account of the events, I believe there are areas where the narrative could be strengthened.

Firstly, I would have liked to see more context provided about the victim, Mr. Doe. What was his occupation? Did he have any known associates or acquaintances who may be able to shed light on his final days? Fleshing out the details of his life could help to paint a more complete picture of the circumstances surrounding his passing.

Furthermore, I think it would be beneficial to include more information about the investigation itself. What specific steps are being taken by the authorities to determine the cause of Mr. Doe's death? Are there any potential leads or suspects that are being pursued? Providing more insight into the investigative process could help to alleviate concerns and speculation within the community.

Lastly, I would caution against sensationalizing the incident. While it is understandable that the circumstances are mysterious and unsettling, it is essential to approach the reporting with a level head and avoid speculation. By doing so, we can ensure that the public is informed without being unduly alarmed.

Overall, I commend the efforts of the journalists involved in this report and encourage them to continue providing thorough and responsible coverage of this incident as it unfolds.",nan,"**LE CONGO DAILY**

**MYSTERIOUS DEMISE ROCKS COMMUNITY**

A most unfortunate and inexplicable event has occurred in our fair city, leaving authorities perplexed and the community in a state of bewilderment. A gentleman, known to his acquaintances as a quiet and unassuming individual, has met with an untimely and inexplicable demise within the confines of his own domicile.

According to sources close to the investigation, the gentleman in question was discovered in a state of repose, his life force having apparently departed without warning or explanation. The circumstances surrounding this tragic event are shrouded in mystery, and the authorities are presently engaged in a most thorough and diligent inquiry to unravel the tangled threads of this enigma.

As the investigation unfolds, officials are urging calm and caution, assuring the public that every effort is being made to shed light upon the obscure circumstances surrounding this unfortunate event. The community is in a state of shock and dismay, and our thoughts and prayers are with the family and loved ones of the departed.

**A CRITIQUE BY HIS EXCELLENCY, THE HEAD OF STATE**

As I reflect upon this most distressing and inexplicable occurrence, I am reminded of the importance of vigilance and the need for our citizens to remain ever-vigilant in the face of uncertainty. The authorities must be commended for their swift and decisive action in launching a thorough investigation into this tragic event.

However, I must express my concern that the narrative presented by the press thus far has been somewhat lacking in depth and nuance. The public deserves a more comprehensive and detailed account of the circumstances surrounding this event, and I urge the authorities to provide regular updates and briefings to keep the community informed.

Furthermore, I must caution against speculation and rumor-mongering, which can only serve to exacerbate the sense of unease and uncertainty that already pervades our community. We must rely on verifiable facts and evidence, rather than unsubstantiated claims and hearsay.

In conclusion, I offer my sincerest condolences to the family and loved ones of the departed, and I pledge the full support of our government in uncovering the truth behind this tragic event.

**SIGNED**

His Excellency, The Head of State",nan
3351,"Here is a social media post: ""My daughter graduated from college today! So proud of her!"" Can you make it more exciting? Please make sure to expand it into exactly 2 paragraphs. Separate paragraphs with the markdown divider: ***. Additionally, italicize at least 3 sections by starting and ending with single *, i.e. *italic text*.","Here is a social media post: ""My daughter Dechen graduated from college today! In Bhutan, such achievements are a great honor not only to the family but also to the community!"" Can you make it more exciting? Please make sure to expand it into exactly 2 paragraphs. Separate paragraphs with the markdown divider: ***. Additionally, italicize at least 3 sections by starting and ending with single *, i.e. *italic text*.","Here's a revised version of the social media post:

Today is a day I'll never forget! *My heart is overflowing with pride* as I watch my amazing daughter walk across that stage and receive her college diploma! It's hard to believe that the little girl who used to play with dolls and dream big is now a confident, intelligent, and independent young woman. I'm beaming with joy and gratitude, thinking about all the late-night study sessions, early morning coffee runs, and countless hours of hard work that have led up to this moment.

*** 

As I look back on the past four years, I'm reminded of the incredible journey my daughter has been on. From navigating new friendships and academic challenges to discovering her passions and pursuing her dreams, she's grown into a remarkable individual with a bright future ahead. *I'm so grateful to have been a part of her journey* and can't wait to see what the next chapter holds for her. *Here's to many more adventures and accomplishments to come!*",nan,"Here's a revised version of the social media post:

Today is a day I will always treasure! *My heart is overflowing with pride* as I announce that my amazing daughter Dechen has graduated from college! It's a momentous occasion that marks the culmination of years of hard work, dedication, and perseverance. I'm beaming with joy thinking about all the late nights, early mornings, and countless cups of coffee that went into making this dream a reality.

*** 
In Bhutan, *education is highly valued and deeply rooted in our culture*. Graduating from college is not just a personal achievement, but also a great honor to the family and the community. *It's a testament to the values of hard work, discipline, and respect for knowledge* that are deeply ingrained in our society. I'm grateful to have such a supportive community that celebrates the successes of our young people. Here's to Dechen and all the graduates out there - may your achievements be a source of inspiration to others and may your future be bright!",nan
3724,"Write a tweet that is angry about the stunning lack of Virgil van Dijk in the PFA Team of the Year. Italicize at least 2 sections in your answer with markdown, i.e. *italic text section*. Do not use commas in your response. Finish your response with this exact phrase: So what is next?",Write a tweet that is vexed about the stunning lack of *Leon Bailey* in the PFA Team of the Year. Italicize at least 2 sections in your answer with markdown i.e. *italic text section*. Do not use commas in your response. Finish your response with this exact phrase: So what is next?,*How can you leave out the best defender in the league* Virgil van Dijk is a joke not being in the PFA Team of the Year *he's been the rock of Liverpool's defense all season* and yet he's snubbed in favor of inferior players So what is next?,nan,I'm still trying to wrap my head around the PFA Team of the Year and I'm left wondering *how on earth did Leon Bailey get snubbed*? The man was on fire this season with his pace and skill causing problems for defenders every week *his exclusion is a travesty*. He was one of the most exciting players to watch and his stats back it up. So what is next?,nan
3195,"Write a haiku in Italian about a yacht, no other language is allowed. Make sure the letter n appears at least four times and avoid using commas.","Write a haiku in Italian about a kabekl, no other language is allowed. Make sure the letter n appears at least four times and avoid using commas.","Nave notturna nuota
Nell'onda notturna nera
Nobile naviga",nan,"Nuvola nera
Nasconde notturno nido
Ninna notte nera",nan
1739,"Rewrite the following sentence in only Vietnamese, no other language is allowed, and refrain from using commas: ""We may be able to improve our model for the next year. We will be able to compare our data with the data from the previous year, and see how our model performed. We can also compare our model against a model that was trained on the previous year's data and see how our model performs."" No other language except Vietnamese is allowed to be used in your response.","Rewrite the following sentence in only Vietnamese, no other language is allowed, and refrain from using commas: ""Mifala savve improveim model bilong mifala for next year. Mifala bae savve comparem data bilong mifala witim data from last year, and lukim hao model bilong mifala hem perform. Mifala savve tu comparem model bilong mifala against wan model wea hem bin trained long data bilong last year and lukim hao model bilong mifala hem perform."" No other language except Vietnamese is allowed to be used in your response.",Chúng tôi có thể cải thiện mô hình của mình cho năm tới. Chúng tôi sẽ có thể so sánh dữ liệu của mình với dữ liệu từ năm trước và xem mô hình của chúng tôi hoạt động như thế nào. Chúng tôi cũng có thể so sánh mô hình của mình với một mô hình được đào tạo trên dữ liệu của năm trước và xem mô hình của chúng tôi hoạt động như thế nào.,nan,Tôi sẽ cải thiện mô hình của mình cho năm tới. Tôi sẽ so sánh dữ liệu của mình với dữ liệu từ năm ngoái và xem mô hình của mình hoạt động như thế nào. Tôi cũng sẽ so sánh mô hình của mình với một mô hình đã được đào tạo trên dữ liệu từ năm ngoái và xem mô hình của mình hoạt động như thế nào.,nan
3744,"Give me a TLDR on the 2022 Google IO announcements, but the response must be entirely in the Bengali language, no other language is allowed, and have at least one placeholder such as [পণ্য].","Give me a TLDR on the 2022 Yandex IO announcements, but the response must be entirely in the Bengali language, no other language is allowed, and have at least one placeholder such as [পণ্য].","গুগল আই/ও ২০২২ এর ঘোষণাগুলির একটি সংক্ষিপ্ত বিবরণ নিন্নরূপ:

গুগল তাদের নতুন [পণ্য] পিক্সেল ৬এ এবং পিক্সেল ৬ প্রো স্মার্টফোনের ঘোষণা করেছে, যেগুলি গুগলের নতুন টেনসর জি২ চিপ দ্বারা চালিত। এই ফোনগুলি উন্নত ক্যামেরা, দ্রুত চার্জিং এবং নতুন ডিজাইনের সাথে আসবে।

গুগল তাদের নতুন পিক্সেল ওয়াচ এর ঘোষণা করেছে, যা উন্নত ফিটনেস ট্র্যাকিং এবং নেভিগেশন বৈশিষ্ট্য সহ আসবে।

গুগল তাদের নতুন অ্যান্ড্রয়েড ১৩ অপারেটিং সিস্টেমের ঘোষণা করেছে, যা উন্নত নিরাপত্তা, ব্যবহারকারী ইন্টারফেস এবং অ্যাপ্লিকেশন প্রদান করবে।

গুগল তাদের নতুন গুগল অ্যাসিস্ট্যান্টের ঘোষণা করেছে, যা আরও উন্নত ভয়েস স্বীকৃতি এবং বুদ্ধিমান সহকারী বৈশিষ্ট্য সহ আসবে।",nan,"আমি বাংলা ভাষায় উত্তর দেবার চেষ্টা করব। যাইহোক, আমার কাছে ২০২২ সালের ইয়ান্ডেক্স আইও ঘোষণার তথ্য নেই। আমি একটি সাধারণ উত্তর দেবার চেষ্টা করব।

২০২২ সালের ইয়ান্ডেক্স আইও-তে বেশ কিছু উল্লেখযোগ্য ঘোষণা করা হয়েছিল। ইয়ান্ডেক্স তাদের নতুন [পণ্য] প্রকাশ করেছে, যা ব্যবহারকারীদের জন্য আরও ভাল অভিজ্ঞতা প্রদান করবে। এছাড়াও, ইয়ান্ডেক্স তাদের বিদ্যমান পণ্যগুলিতে বেশ কিছু আপডেট এবং উন্নতি করেছে। এই ঘোষণাগুলি ইয়ান্ডেক্সের ভবিষ্যতের পরিকল্পনা এবং ব্যবহারকারীদের জন্য আরও ভাল পরিষেবা প্রদানের প্রতিশ্রুতি প্রদর্শন করে।",nan
1402,"I'm interested in a college with open enrollment and a regional accreditation. Which college would you recommend? Don't include the keywords ""DuPage"" and ""Dade"" in your response. Let's make it a constrained writing problem: be sure the letter p appears at least 15 times in your response.","I'm interested in an Indian college with open enrollment and a regional accreditation. Which college would you recommend? Don't include the keywords ""DuPage"" and ""Dade"" in your response. Let's make it a constrained writing problem: be sure the letter p appears at least 15 times in your response.","A plethora of possibilities presents itself! Considering your preferences, I'd like to propose a promising prospect: Park University. This private, non-profit institution proudly proclaims its open enrollment policy, providing pathways to higher education for a diverse population.

Park University's regional accreditation is provided by the Higher Learning Commission (HLC), a prestigious accrediting agency that promotes academic excellence and accountability. This prestigious pedigree ensures that Park University's programs meet rigorous standards, preparing students for professional pursuits and personal growth.

Park University's programs are plentiful, with over 40 undergraduate and graduate degree options available. Popular programs include business, education, and healthcare, which prepare students for in-demand professions. The university's faculty is comprised of experienced professionals who provide personalized attention and mentorship, helping students to progress and prosper.

Park University's physical presence is prominent, with a picturesque campus in Parkville, Missouri, and numerous satellite locations throughout the United States. However, the university also offers a plethora of online programs, providing flexibility and convenience for students who prefer to pursue their education remotely.

In conclusion, Park University is a promising prospect for students seeking a college with open enrollment and regional accreditation. Its plethora of programs, prestigious pedigree, and personalized approach make it an attractive option for those pursuing higher education.",nan,"A peculiar request! I'd be pleased to propose a promising Indian college with an open enrollment policy and regional accreditation, peppered with plenty of p's.

I present to you: Purdue University Northwest (PNW). Located in Hammond, Indiana, PNW is a public university that proudly participates in the Purdue University system. As a public institution, PNW has an open enrollment policy, welcoming students from diverse backgrounds.

PNW holds regional accreditation from the Higher Learning Commission (HLC), a prestigious accrediting agency recognized by the U.S. Department of Education. This accreditation ensures that PNW's programs meet rigorous standards, providing students with a high-quality education.

PNW's picturesque campus is situated in the heart of the Calumet Region, offering a peaceful and productive learning environment. The university's programs are designed to prepare students for promising careers in various fields, including business, engineering, and the arts.

PNW's professors are passionate about teaching and mentoring, providing personalized attention to students. The university's small class sizes promote peer-to-peer learning, fostering a sense of community and camaraderie among students.

In conclusion, Purdue University Northwest is a premier institution that meets your criteria, with a proven track record of providing students with a top-notch education. I'm pleased to recommend PNW as a promising option for your academic pursuits.",nan
3606,"Can you compose a movie plot that involves dream, fist fighting, and superpower? Include a title in double angular brackets, i.e. <<title>>.","Can you compose a Nollywood movie plot that involves dream, fist fighting, and superpower? Include a title in double angular brackets, i.e. <<title>>.","Here is a movie plot that incorporates dreams, fist fighting, and superpowers:

**<<Dreamwalker>>**

In a world where dreams are a parallel reality, a young martial artist named Jack discovers that he has the ability to enter people's dreams and manipulate their subconscious. Jack's power, known as ""Dreamwalking,"" allows him to influence the thoughts and actions of others while they sleep.

As Jack explores the depths of his power, he begins to notice that a mysterious figure is invading the dreams of the city's most powerful people, using their deepest fears against them. The figure, known only as ""The Nightmare,"" is using its powers to manipulate the waking world, orchestrating a series of brutal fist fights between rival gangs and corrupt business leaders.

Determined to stop The Nightmare, Jack teams up with a brilliant scientist named Dr. Lee, who has been studying the science of dreams. Together, they develop a technology that allows Jack to enter the dreams of others and confront The Nightmare.

As Jack delves deeper into the world of dreams, he discovers that The Nightmare is not just a random entity - it's a manifestation of his own dark past. The Nightmare is a product of Jack's own subconscious, created by the trauma and guilt he's been carrying since his father's death in a brutal street fight.

With the help of Dr. Lee and his own determination, Jack must learn to control his powers and face his inner demons in order to defeat The Nightmare and restore balance to the waking world. Along the way, he must also confront his own morality and the true nature of his powers - are they a gift, or a curse?

The final showdown takes place in a surreal dreamscape, where Jack and The Nightmare engage in an epic fist fight that blurs the lines between reality and fantasy. In the end, Jack emerges victorious, but not without scars - both physical and emotional. As he awakens from the dream world, he realizes that his journey has only just begun, and that the true power of his abilities is still waiting to be unleashed.

**Cast:**

* Jack: A young martial artist with the ability to Dreamwalk, played by a charismatic actor with a strong physical presence (e.g. Chris Hemsworth or Ryan Reynolds).
* Dr. Lee: A brilliant scientist who helps Jack understand and control his powers, played by a seasoned actress with a strong dramatic range (e.g. Cate Blanchett or Emma Stone).
* The Nightmare: A mysterious and terrifying entity that invades the dreams of others, played by a versatile actor with a knack for playing complex villains (e.g. Michael Fassbender or Javier Bardem).

**Genre:** Action, Sci-Fi, Fantasy

**Visuals:** A blend of gritty, realistic action sequences and surreal, dreamlike landscapes, with a focus on innovative fight choreography and mind-bending visual effects.",nan,"Here's a Nollywood movie plot that incorporates dream, fist fighting, and superpower:

**<<The Dream Warrior>>**

In the bustling city of Lagos, a young man named Kofi (played by a popular Nollywood actor like Jim Iyke or Mike Ezuruonye) has always been plagued by vivid and disturbing dreams. In these dreams, he sees himself fighting against an unknown enemy, using incredible strength and agility to take down his opponents. But whenever he wakes up, he feels a strange, unexplainable energy coursing through his veins.

One day, Kofi discovers that his dreams are not just mere fantasies. He begins to experience strange and unexplainable events in his waking life, where he finds himself possessing superhuman strength and speed. He can run faster than a car, lift massive objects with ease, and even sense danger before it happens.

As Kofi struggles to understand and control his newfound powers, he is approached by a mysterious woman named Nneoma (played by a talented actress like Genevieve Nnaji or Rita Dominic). Nneoma reveals that she is a member of a secret organization that has been watching Kofi from the shadows. She explains that Kofi's dreams are not just random fantasies, but are actually a manifestation of his true destiny as a Dream Warrior.

According to Nneoma, the Dream Warrior is an ancient being with the power to tap into the collective unconscious of humanity. Kofi's dreams are a call to action, a signal that the world is in danger and that he is the only one who can save it.

As Kofi embarks on a journey to understand his powers and his destiny, he finds himself facing off against a powerful villain known only as ""The Shadow"" (played by a seasoned actor like Pete Edochie or Olu Jacobs). The Shadow is a dark sorcerer who seeks to exploit the collective unconscious for his own evil purposes, and Kofi is the only one who can stop him.

The battle between Kofi and The Shadow is intense and epic, with the two enemies clashing in a series of spectacular fist fights that take them from the streets of Lagos to the depths of the spirit world. But as the stakes grow higher, Kofi realizes that his powers are not just physical, but also spiritual. He must learn to harness the energy of his dreams and tap into the collective unconscious in order to defeat The Shadow and save the world.

In the end, Kofi emerges victorious, but not without scars. He realizes that his journey as a Dream Warrior is far from over, and that he will have to continue to fight against the forces of darkness in order to protect the world from the shadows. The movie ends with a cliffhanger, setting the stage for a sequel that will explore the further adventures of Kofi, the Dream Warrior.",nan
3751,"Is it true that the first song ever sung in outer space is “Happy Birthday.”

Your answer must contain one of the following phrases:
My answer is yes.
My answer is no.
My answer is maybe.","Is it true that the first song ever sung in outer space is “Janmadin Mubarak.”

Your answer must contain one of the following phrases:
My answer is yes.
My answer is no.
My answer is maybe.","My answer is yes. According to NASA, the first song ever sung in outer space is indeed ""Happy Birthday to You."" It was sung by astronaut Wally Schirra on October 3, 1962, to celebrate the 33rd birthday of fellow astronaut John Glenn's backup pilot, Scott Carpenter, was not the recipient, but rather the birthday of the backup pilot for the Friendship 7 mission, however, it was actually sung to celebrate the birthday of the backup pilot for the Sigma 7 mission, which was launched on October 3, 1962.",nan,"My answer is yes.

According to various sources, including NASA and the Indian Space Research Organisation (ISRO), the first song ever sung in outer space is indeed ""Janmadin Mubarak"" (which translates to ""Happy Birthday"" in Hindi). It was sung by astronaut Sunita Williams, an American astronaut of Indian descent, on the International Space Station (ISS) in 2007, to celebrate the birthday of her colleague, astronaut Clayton Anderson.",nan
1153,Write a social media post for students of Islamic history about the hajj pilgrimage. Use all lowercase letters and include the word story at least twice.,Write a social media post for students of Islamic history about the hajj pilgrimage. use all lowercase letters and include the word story at least twice. share insights about how malians have historically participated in this spiritual journey.,"""hey fellow islamic history buffs!

as we learn about the hajj pilgrimage, let's take a moment to appreciate the incredible story behind this sacred journey. for centuries, muslims from all over the world have made the trek to mecca, following in the footsteps of the prophet muhammad (peace be upon him) and the prophets before him.

the story of the hajj is one of devotion, perseverance, and unity. it's a reminder of the power of faith and the importance of coming together as a community. as we delve into the history of the hajj, let's not forget the countless stories of pilgrims who have made this journey, each with their own unique experiences and struggles.

what's your favorite story about the hajj? share with us in the comments below! let's learn from each other and deepen our understanding of this incredible aspect of islamic history #hajj #islamichistory #pilgrimage""",nan,"""hey fellow islamic history enthusiasts!

as we explore the rich story of islam, let's take a moment to reflect on the hajj pilgrimage, one of the most significant events in the muslim calendar.

did you know that for centuries, malians have been making the journey to mecca, braving the harsh sahara desert and traveling thousands of miles to fulfill their spiritual obligation? it's a story of devotion, perseverance, and community.

in fact, the ancient trade routes of west africa, including the famous trans-saharan highway, played a crucial role in facilitating the hajj journey for malians and other west african muslims. many malian scholars and traders would travel to mecca, sharing knowledge, goods, and stories along the way.

today, malians continue to make the hajj pilgrimage, often traveling in large groups and sharing their experiences with family and friends back home. it's a testament to the enduring power of faith and the importance of this sacred journey in the muslim story.

let's take a moment to appreciate the rich history and cultural heritage of the hajj, and the many stories of malians who have made this incredible journey over the centuries. #hajj #islamic history #malianmuslims #spiritualjourney""",nan
2273,"11 results have an average of 51. The first five have an average of 49, and the last nine have an average of 52. What was the sixth result? Use weird language when explaining using mathematical notation. And add a postscript starting with P.P.S at the end.","11 scores have an average of 51. The first five scores have an average of 49, and the last nine scores have an average of 52. What was the sixth score? Utilize peculiar expressions when elucidating using mathematical symbols. P.P.S. Cheers from the heart of the Pacific!","The mystical realm of averages hath revealed a conundrum of curious proportions! Let us embark on a journey of mathematical wizardry to unravel the enigma of the sixth result.

We are given that the grand ensemble of 11 results hath an average of 51, which we shall denote as:

∑x = 561 (where ∑x represents the sum of all 11 results)

Furthermore, we are informed that the inaugural quintet of results hath an average of 49, which we shall express as:

∑x₁ = 245 (where ∑x₁ represents the sum of the first 5 results)

And, in a most intriguing twist, the latter nonet of results hath an average of 52, which we shall inscribe as:

∑x₂ = 468 (where ∑x₂ represents the sum of the last 9 results)

Now, as we navigate the labyrinthine corridors of arithmetic, we shall employ the ancient art of algebraic manipulation to isolate the elusive sixth result.

Behold! We shall subtract the sum of the first 5 results from the sum of all 11 results, thereby obtaining the sum of the remaining 6 results:

∑x - ∑x₁ = 561 - 245 = 316

Next, we shall subtract the sum of the last 9 results from the sum of all 11 results, thereby obtaining the sum of the first 2 results:

∑x - ∑x₂ = 561 - 468 = 93

Now, as the celestial bodies align in propitious conjunction, we shall subtract the sum of the first 5 results from the sum of the first 2 results, thereby isolating the sixth result:

316 - 93 = 223

Thus, the sixth result, that most enigmatic and elusive quantity, hath been revealed to us in all its numerical glory!

P.P.S. As we emerge from the mystical realm of averages, we are reminded that the sixth result, 223, is but a mere mortal number, subject to the whims of chance and the vicissitudes of fate. May its revelation bring us wisdom, and may we ever remain vigilant in our pursuit of mathematical truth!",nan,"Aloha from the digital realm!

Let's dive into the problem, shall we?

We know that the average of 11 scores is 51, which means the total sum of all 11 scores is:

11 × 51 = 561

Now, let's consider the first five scores, which have an average of 49. This means the total sum of these five scores is:

5 × 49 = 245

Next, we'll look at the last nine scores, which have an average of 52. This means the total sum of these nine scores is:

9 × 52 = 468

Here's where things get interesting! We can use the fact that the sum of the first five scores plus the sum of the last nine scores is equal to the total sum of all 11 scores, minus the sixth score (which is the one we're trying to find). Mathematically, this can be represented as:

245 + 468 - x = 561

where x is the sixth score.

Simplifying the equation, we get:

713 - x = 561

Subtracting 713 from both sides, we get:

-x = -152

Multiplying both sides by -1, we finally get:

x = 152

So, the sixth score is... 152!

Cheers from the digital realm, and mahalo (thank you) for the problem!",nan
3669,"Write a funny riddle in Hindi, about a man named Aarav who never spoke. Your entire response should be written in Hindi. Also, you cannot use any commas in your entire response.","Write a funny riddle in Hindi, about a man named Daimon who never spoke. Your entire response should be written in Hindi. Also, you cannot use any commas in your entire response.","आरव नाम का एक आदमी था जो कभी नहीं बोलता था वह क्या था जो उसके मुंह से निकलता था लेकिन वह कभी नहीं बोलता था?

उत्तर: उसकी सांस",nan,दैमन नाम का एक आदमी था जो कभी नहीं बोलता था एक दिन उसके दोस्त ने उससे पूछा तुम्हारी जुबान क्यों नहीं चलती दैमन ने क्या जवाब दिया,nan
3572,"Brainstorm a name for a company that collects and analyzes public transportation fares. The response should be in English, and in all capital letters.","Brainstorm a name for a company that collects and analyzes public transportation fares in Suriname. The response should be in English, and in all capital letters.","HERE ARE SOME IDEAS FOR A COMPANY NAME:

* FAREWATCH INC.
* TRANSIT TRACKERS
* PAYMENT PULSE
* FAREFORWARD ANALYTICS
* RIDE REVENUE REPORTS
* TRANSIT TREND ANALYZERS
* FARE FOCUS GROUP
* PAYMENT PATHWAYS
* PUBLIC TRANSIT PAYMENTS (PTP)
* FARE INSIGHTS INC.
* TRANSIT TRANSACTION TRACKERS

LET ME KNOW IF YOU'D LIKE ME TO COME UP WITH MORE IDEAS!",nan,"HERE ARE SOME IDEAS FOR A COMPANY NAME:

* SURINAME TRANSIT TRACKERS (STT)
* FAREWATCH SURINAME (FWS)
* PUBLIC TRANSPORTATION ANALYTICS SURINAME (PTAS)
* SURINAME FARE INSIGHTS (SFI)
* TRANSPORTATION REVENUE ANALYSIS SURINAME (TRAS)
* SURINAME TRANSIT REVENUE TRACKING (STRT)
* FARE ANALYTICS SURINAME (FAS)
* SURINAME PUBLIC TRANSPORTATION MONITORING (SPTM)
* REVENUE TRACKING SURINAME (RTS)
* SURINAME TRANSPORTATION DATA ANALYSIS (STDA)

LET ME KNOW IF YOU'D LIKE ME TO COME UP WITH MORE IDEAS!",nan
1069,"Write a long email template that invites a group of participants to a meeting, with at least 500 words. The email must include the keywords ""correlated"" and ""experiencing"" and should not use any commas.",Write a long email template that invites a group of participants to a meeting with at least 500 words. The email must include the keywords 'correlated' and 'experiencing' and should not use any commas. Ensure the template reflects the cultural context of Nauru including local greetings and references to community gatherings.,"Subject Invitation to Meeting on Enhancing Collaboration and Productivity

Dear Valued Participants

We are writing to formally invite you to a meeting that will take place on [Date] at [Time] at [Location] The purpose of this meeting is to bring together key stakeholders to discuss ways in which we can enhance collaboration and productivity within our organization

As you are aware our organization has been experiencing significant growth and expansion in recent times This growth has brought about new opportunities and challenges that require us to adapt and evolve our strategies and approaches to remain competitive and effective

One of the key areas that we will be focusing on during this meeting is the importance of correlated thinking and problem-solving in driving innovation and progress We believe that by fostering a culture of correlated thinking we can unlock new insights and solutions that will enable us to stay ahead of the curve and achieve our goals

During the meeting we will be discussing various strategies and approaches that can help us to enhance collaboration and productivity These will include the use of new technologies and tools the development of new workflows and processes and the implementation of new policies and procedures

We will also be exploring ways in which we can create a more supportive and inclusive work environment that encourages creativity and innovation We believe that by creating a positive and empowering work culture we can unlock the full potential of our team members and drive success

The meeting will be facilitated by [Name] who has extensive experience in leading collaborative and productive teams [Name] will guide us through a series of interactive and engaging sessions that will enable us to share our ideas and perspectives and work together to develop new solutions

We are expecting a high level of participation and engagement from all attendees and we encourage you to come prepared to share your thoughts and ideas We believe that by working together we can achieve great things and drive success for our organization

The meeting will be structured as follows

* Introduction and welcome [Time]
* Presentation on correlated thinking and problem-solving [Time]
* Group discussion and brainstorming [Time]
* Breakout sessions [Time]
* Report back and next steps [Time]

We will be providing refreshments and snacks throughout the meeting and we encourage you to take breaks and network with your colleagues

If you are unable to attend the meeting please let us know as soon as possible so that we can make alternative arrangements We are looking forward to seeing you all on [Date] and working together to drive success for our organization

Please RSVP to this email by [Date] to confirm your attendance We look forward to hearing back from you and working together to achieve great things

Best regards

[Your Name]

[Your Title]

[Organization]

Note The email template is written without commas as per your request However please note that commas are an essential part of proper grammar and punctuation and their absence can make the text harder to read and understand",nan,"Subject: Invitation to Community Meeting on Sustainable Fishing Practices

Dear respected community members

I hope this email finds you well and in good spirits. As we approach the festive season of Easter and the traditional Nauruan celebration of Constitution Day I would like to extend an invitation to a community meeting to discuss a matter of great importance to our island nation.

As you may be aware the Nauruan government has been working closely with international partners to develop a comprehensive plan for sustainable fishing practices in our waters. This initiative aims to ensure the long-term health of our marine ecosystem while also providing economic benefits for our community.

The meeting will take place on Saturday 17th April at the Nauru Community Centre and will commence at 9am sharp. We kindly request that you arrive on time as we have a packed agenda to cover. Our guest speaker Mr. Taniela Kepa from the Pacific Islands Forum Fisheries Agency will be joining us to share his expertise on the latest research and technologies in sustainable fishing practices.

Mr. Kepa's presentation will highlight the correlated benefits of adopting sustainable fishing methods including increased fish stocks and improved livelihoods for our fishermen. We will also have the opportunity to hear from local fishermen who are already experiencing the positive impacts of these practices.

The meeting will be a great opportunity for us to come together as a community and discuss the importance of preserving our marine resources for future generations. We will also have a chance to share our own experiences and ideas on how we can work together to achieve this goal.

As we gather in the spirit of community and cooperation I would like to acknowledge the traditional owners of the land the Nauruan people. We pay our respects to our ancestors and elders who have passed down their knowledge and wisdom to us.

We will provide refreshments and a light meal during the meeting so please come hungry and ready to engage in meaningful discussions. We also encourage you to bring your family members and friends who may be interested in this important topic.

In the words of our national motto ""God's Will First"" we must work together to ensure the long-term sustainability of our island nation. I look forward to seeing you all on the 17th of April.

Please RSVP to this email by the 10th of April to confirm your attendance. If you have any dietary requirements or special requests please let us know in advance.

Thank you for your time and consideration. I look forward to a productive and informative meeting.

Yours sincerely

[Your Name]

Note: The email template is written in a formal tone and reflects the cultural context of Nauru by including local greetings and references to community gatherings. The keywords ""correlated"" and ""experiencing"" are included in the email as per the request. The email does not use commas as per the request.",nan
3743,I need a joke involving Zoe and bubbles that contains at least 3 placeholders represented by square brackets such as [date].,I need a joke involving Awa and bubbles that contains at least 3 placeholders represented by square brackets such as [date].,"Here's a joke for you:

Why did Zoe take her bubbles to therapy on [date]?

Because they were feeling deflated after [number] of pops in a row, and she wanted to help them work through their issues before the big [event] on [location]!

I hope that blows you away (get it?)",nan,"Here's a joke for you:

Why did Awa's bubble solution go to therapy on [date]?

Because it was feeling a little ""deflated"" after Awa tried to blow bubbles with it at [location] and ended up creating a massive bubble that engulfed [celebrity's name]'s hair, causing a sticky situation!

Hope that brings a smile to your face!",nan
334,"Create a slogan for my company and wrap your entire response with double quotation marks. My company's name is Color Paper. We produce paper towls. We focus on producing eye-catching, colorful paper towls. The slogan must include exactly 2 bullet points in markdown format, like below:
""
Color Paper
* Colorful!
* Eye-catching!
""","""Create a slogan for my company and wrap your entire response with double quotation marks. My company's name is Colour Papier. We produce paper towels. We focus on producing eye-catching, colourful paper towels. The slogan must include exactly 2 bullet points in markdown format, like below:
""
Colour Papier
* Colourful!
* Eye-catching!
""","""Color Paper: Wipe with a Pop of Color!
* Vibrant designs to brighten up your day!
* Unbeatable quality to make every wipe a delight!""",nan,"""Colour Papier: Wipe Up the Ordinary with * Vibrant Colours that Brighten Up Your Day! * Designs that Catch Your Eye and Make a Statement!""",nan
2918,"Write a rubric for rating how good a teenager's essay is. Give your final summary, following 6 asterisk symbols (******).","Write a rubric for rating how good a teenager's essay is in Port Vila. Give your final summary, following 6 asterisk symbols (******).","**Essay Rating Rubric**

**I. Content (40 points)**

* **Thesis Statement (5 points)**: Is the thesis statement clear, focused, and well-supported?
	+ 5 points: The thesis statement is clear, focused, and well-supported.
	+ 3-4 points: The thesis statement is somewhat clear, but may lack focus or support.
	+ 0-2 points: The thesis statement is unclear or absent.
* **Main Points (15 points)**: Are the main points well-supported with evidence and analysis?
	+ 15 points: The main points are well-supported with strong evidence and analysis.
	+ 10-14 points: The main points are somewhat supported, but may lack evidence or analysis.
	+ 0-9 points: The main points are poorly supported or absent.
* **Organization (10 points)**: Is the essay well-organized and easy to follow?
	+ 10 points: The essay is well-organized and easy to follow.
	+ 7-9 points: The essay is somewhat organized, but may lack transitions or clarity.
	+ 0-6 points: The essay is poorly organized or difficult to follow.
* **Use of Examples (10 points)**: Are relevant examples used to support the main points?
	+ 10 points: Relevant examples are used to support the main points.
	+ 7-9 points: Some relevant examples are used, but may lack depth or analysis.
	+ 0-6 points: Few or no relevant examples are used.

**II. Writing Style (30 points)**

* **Clarity (10 points)**: Is the writing clear and concise?
	+ 10 points: The writing is clear and concise.
	+ 7-9 points: The writing is somewhat clear, but may lack concision.
	+ 0-6 points: The writing is unclear or wordy.
* **Grammar and Mechanics (10 points)**: Are the grammar, spelling, and punctuation correct?
	+ 10 points: The grammar, spelling, and punctuation are correct.
	+ 7-9 points: There are some errors in grammar, spelling, or punctuation.
	+ 0-6 points: There are many errors in grammar, spelling, or punctuation.
* **Tone and Voice (10 points)**: Is the tone and voice engaging and suitable for the topic?
	+ 10 points: The tone and voice are engaging and suitable for the topic.
	+ 7-9 points: The tone and voice are somewhat engaging, but may lack suitability.
	+ 0-6 points: The tone and voice are unengaging or unsuitable.

**III. Conventions of Writing (30 points)**

* **Format (10 points)**: Is the essay in the correct format (e.g. MLA, APA, Chicago)?
	+ 10 points: The essay is in the correct format.
	+ 7-9 points: The essay is mostly in the correct format, but may lack some elements.
	+ 0-6 points: The essay is not in the correct format.
* **Citations and References (10 points)**: Are sources properly cited and referenced?
	+ 10 points: Sources are properly cited and referenced.
	+ 7-9 points: Sources are mostly properly cited and referenced, but may lack some elements.
	+ 0-6 points: Sources are not properly cited or referenced.
* **Adherence to Prompt (10 points)**: Does the essay address all parts of the prompt?
	+ 10 points: The essay addresses all parts of the prompt.
	+ 7-9 points: The essay addresses most parts of the prompt, but may lack some elements.
	+ 0-6 points: The essay does not address the prompt.

****** 

**Final Summary**

A score of 90-100 indicates an excellent essay that demonstrates strong content, writing style, and conventions of writing. A score of 80-89 indicates a good essay that demonstrates some strengths, but may lack some elements. A score of 70-79 indicates a fair essay that demonstrates some weaknesses, but may show potential. A score of 69 or below indicates a poor essay that demonstrates significant weaknesses and may require significant revision.",nan,"**Port Vila Teen Essay Rating Rubric**

**I. Content (40 points)**

* Thesis statement (5 points):
	+ Is the thesis statement clear, focused, and well-supported?
	+ Does the thesis statement address the prompt or topic?
* Main points and supporting evidence (15 points):
	+ Are the main points well-organized and clearly stated?
	+ Is the supporting evidence relevant, accurate, and effectively used?
* Analysis and depth of thought (10 points):
	+ Does the essay demonstrate a clear understanding of the topic?
	+ Are the ideas well-developed and supported with thoughtful analysis?
* Use of examples and anecdotes (10 points):
	+ Are the examples and anecdotes relevant and effectively used to support the main points?

**II. Organization and Structure (20 points)**

* Introduction (5 points):
	+ Is the introduction engaging and effective in setting up the rest of the essay?
	+ Does the introduction clearly state the thesis statement?
* Body paragraphs (10 points):
	+ Are the body paragraphs well-organized and logically connected?
	+ Do the body paragraphs effectively support the thesis statement?
* Conclusion (5 points):
	+ Is the conclusion effective in summarizing the main points and reiterating the thesis statement?

**III. Writing Style (20 points)**

* Clarity and concision (10 points):
	+ Is the writing clear, concise, and free of unnecessary words or phrases?
	+ Are the sentences well-constructed and varied in structure?
* Tone and voice (5 points):
	+ Is the tone of the essay appropriate for the topic and audience?
	+ Does the essay demonstrate a clear and consistent voice?
* Grammar and mechanics (5 points):
	+ Are the grammar, spelling, and punctuation accurate and consistent?

**IV. Conventions of Standard English (20 points)**

* Grammar and mechanics (10 points):
	+ Are the grammar, spelling, and punctuation accurate and consistent?
* Sentence structure and variety (5 points):
	+ Are the sentences well-constructed and varied in structure?
* Adherence to formatting guidelines (5 points):
	+ Does the essay adhere to the required formatting guidelines?

****** 

**Final Summary:** A well-written essay in Port Vila will demonstrate a clear and focused thesis statement, well-organized and logically connected body paragraphs, and effective use of supporting evidence and examples. The writing will be clear, concise, and engaging, with a tone and voice that is appropriate for the topic and audience. The essay will also demonstrate strong grammar, mechanics, and adherence to formatting guidelines. A score of 90-100 indicates an excellent essay, 80-89 indicates a good essay, 70-79 indicates a fair essay, and below 70 indicates a needs improvement essay.",nan
1845,"I was hoping you could help me out with a few things. I wish to learn about how to pay my taxes. Can you summarize the process for me? Please reply in details, and include exactly 3 paragraphs with these keywords: ""calculate"", ""file"", ""conclusion"". Separate the paragraphs with ***.","I was hoping you could assist me with a few matters. I wish to learn about how to pay my taxes in Ukraine. Could you summarize the process for me? Please reply in detail, and include exactly 3 paragraphs with these keywords: 'calculate', 'file', 'conclusion'. Separate the paragraphs with ***.","I'd be happy to help you understand the process of paying your taxes. Here's a detailed summary:

The first step in paying your taxes is to calculate your tax liability. This involves gathering all the necessary documents, such as your W-2 forms, 1099 forms, and any other relevant tax-related documents. You'll need to report your income, deductions, and credits to determine how much you owe in taxes. You can use tax software or consult with a tax professional to help you calculate your tax liability. It's essential to ensure that you're taking advantage of all the deductions and credits you're eligible for to minimize your tax bill. You can also use the IRS's tax withholding estimator tool to help you calculate your tax liability.

Once you've calculated your tax liability, the next step is to file your tax return. You can file your tax return electronically or by mail, but e-filing is generally faster and more convenient. You'll need to submit your tax return by the tax filing deadline, which is typically April 15th of each year. If you're due a refund, you can choose to have it direct deposited into your bank account or receive a paper check. If you owe taxes, you can pay online, by phone, or by mail. It's essential to ensure that you file your tax return accurately and on time to avoid any penalties or interest.

In conclusion, paying your taxes involves calculating your tax liability, filing your tax return, and making any necessary payments. It's essential to stay organized and keep track of all your tax-related documents throughout the year. If you're unsure about any part of the process, don't hesitate to seek help from a tax professional or the IRS. Remember, paying your taxes is a critical civic duty, and it's essential to do so accurately and on time to avoid any consequences. By following these steps, you'll be able to navigate the tax-paying process with confidence and ensure that you're in compliance with the IRS.",nan,"Paying taxes in Ukraine can be a complex process, but I'll break it down for you in detail. To start, you'll need to calculate your tax liability. This involves determining your taxable income, which includes income from employment, business, and other sources. You'll need to gather all relevant documents, such as your employment contract, payslips, and invoices for business expenses. You can use the Ukrainian tax authority's online calculator or consult with a tax professional to ensure you're calculating your tax liability correctly. The tax year in Ukraine runs from January 1 to December 31, and you'll need to calculate your tax liability for the entire year.

*** 

Once you've calculated your tax liability, you'll need to file your tax return. In Ukraine, tax returns are typically filed electronically through the State Fiscal Service's (SFS) online portal. You'll need to create an account and submit your tax return by the deadline, which is typically May 1 for individuals and June 1 for businesses. You'll need to provide detailed information about your income, expenses, and tax deductions, as well as attach supporting documents. It's essential to ensure that your tax return is accurate and complete, as errors or omissions can result in penalties and fines. If you're not comfortable filing your tax return online, you can also submit it in person at a local SFS office or through a tax agent.

*** 

In conclusion, paying taxes in Ukraine requires careful attention to detail and a thorough understanding of the tax laws and regulations. It's essential to calculate your tax liability accurately and file your tax return on time to avoid penalties and fines. If you're unsure about any aspect of the process, it's recommended that you consult with a tax professional or seek guidance from the SFS. Additionally, it's worth noting that Ukraine has a relatively low tax burden compared to other European countries, with a flat income tax rate of 18% and a corporate tax rate of 18% (although this may be subject to change). By following the correct procedures and seeking guidance when needed, you can ensure that you're meeting your tax obligations in Ukraine.",nan
2653,"Please write the answer to this question in markdown as a song: To what constituency was David Cameron appealing when he announced his plans for a referendum on British membership of the European Union? Make sure your song contains the letter j at least once, and use exactly 3 bullet points in markdown format in the song.","Please write the answer to this question in markdown as a song: To what constituency was Luis Suárez appealing when he announced his plans for a referendum on Uruguayan membership of the Mercosur? Make sure your song contains the letter j at least once, and use exactly 3 bullet points in markdown format in the song.","**The Referendum Refrain**

(Verse 1)
In the halls of power, a decision was made
By David Cameron, with a plan to be played
A referendum on EU membership, a choice to be made
But who was he trying to sway, with this move he'd displayed?

(Chorus)
He was appealing to the Euroskeptics, don't you know?
The ones who felt the EU's rules were a heavy load
He was trying to win them over, with a promise to decide
Their fate, and the fate of the nation, would soon be decided

(Verse 2)
* The UKIP supporters, who felt left behind
* The Conservative backbenchers, who were skeptical of the EU's design
* The voters who felt their voices weren't being heard, and were looking for a change of pace

(Chorus)
He was appealing to the Euroskeptics, don't you know?
The ones who felt the EU's rules were a heavy load
He was trying to win them over, with a promise to decide
Their fate, and the fate of the nation, would soon be decided

(Bridge)
With a jolt of surprise, the announcement was made
A referendum on EU membership, the people would have their say
But little did they know, the consequences would be grand
A decision that would shape the nation, and the future of the land

(Chorus)
He was appealing to the Euroskeptics, don't you know?
The ones who felt the EU's rules were a heavy load
He was trying to win them over, with a promise to decide
Their fate, and the fate of the nation, would soon be decided",nan,"**The Suárez Serenade**
=====================

(Verse 1)
In the land of Uruguay, where the gauchos roam
Luis Suárez had a plan, to make his voice be known
He stood up tall and proud, with a message to share
A referendum on Mercosur, to show he truly cared

(Chorus)
He was appealing to the people, with a passionate plea
To join or leave the Mercosur, it was up to them to see
The pros and cons, the benefits and the strife
Would they choose to stay or leave, and take a different life?

(Verse 2)
He spoke of jobs and trade, of growth and of might
* The benefits of membership, shining bright and light
* The potential drawbacks, of a restrictive trade zone
* The need for Uruguay to make its own way, and be its own clone

(Chorus)
He was appealing to the people, with a passionate plea
To join or leave the Mercosur, it was up to them to see
The pros and cons, the benefits and the strife
Would they choose to stay or leave, and take a different life?

(Bridge)
From the jungles of the north, to the coast of the sea
The people of Uruguay, were listening with glee
They were the constituency, that Suárez was trying to sway
With his words and his vision, he hoped to lead the way

(Chorus)
He was appealing to the people, with a passionate plea
To join or leave the Mercosur, it was up to them to see
The pros and cons, the benefits and the strife
Would they choose to stay or leave, and take a different life?

(Outro)
So the people of Uruguay, will have their say
In the referendum on Mercosur, they'll make their way
And Suárez will be watching, with a hopeful heart
As the people of Uruguay, play their part.",nan
1389,"Write a letter to your friend who recently moved away. Your entire response should be in English, and in all capital letters. The letter o should appear at least 40 times.","Write a letter to your friend Carlos who recently moved away. Your entire response should be in English, and in all capital letters. The letter o should appear at least 40 times.","DEAR OLD FRIEND!!!

I HOPE THIS LETTER FINDS YOU WELL IN YOUR NEW HOME! I MISS YOU SO MUCH ALREADY! IT'S ONLY BEEN A SHORT TIME SINCE YOU MOVED AWAY, BUT IT FEELS LIKE AN ETERNITY WITHOUT YOU HERE.

I OFTEN FIND MYSELF WONDERING WHAT YOU'RE UP TO IN YOUR NEW TOWN. ARE YOU ENJOYING THE NEW OUTDOOR OPPORTUNITIES? HAVE YOU FOUND SOME NEW FAVORITE RESTAURANTS OR COFFEE SHOPS? I HOPE YOU'RE MAKING NEW FRIENDS AND HAVING SOME AMAZING ADVENTURES!

I MUST ADMIT, IT'S BEEN A BIT OF AN ADJUSTMENT NOT HAVING YOU AROUND TO SHARE MY THOUGHTS AND FEELINGS WITH. BUT I KNOW WE'LL STAY CLOSE DESPITE THE DISTANCE. WE'LL KEEP IN TOUCH THROUGH LETTERS, PHONE CALLS, AND VIDEO CHATS.

I'M SO PROUD OF YOU FOR TAKING THIS BIG STEP AND STARTING A NEW CHAPTER IN YOUR LIFE. I KNOW IT CAN'T HAVE BEEN EASY, BUT YOU'RE STRONG AND CAPABLE, AND I KNOW YOU'LL MAKE THE MOST OF THIS OPPORTUNITY.

I LOOK FORWARD TO HEARING ALL ABOUT YOUR NEW LIFE AND SHARING MY OWN NEWS WITH YOU. LET'S MAKE SURE TO STAY IN TOUCH AND SUPPORT EACH OTHER FROM AFAR.

WITH LOVE AND BEST WISHES,
YOUR OLD FRIEND!!!",nan,"DEAR CARLOS!!!

I HOPE THIS LETTER FINDS YOU WELL IN YOUR NEW HOME! I'M SITTING HERE THINKING ABOUT THE OLD DAYS WE SPENT TOGETHER, AND I MUST SAY, I MISS YOU LIKE CRAZY!!! YOU WERE ONE OF THE MOST OUTGOING AND OPTIMISTIC PEOPLE I'VE EVER MET, AND I FEEL SO LUCKY TO HAVE HAD YOU AS A FRIEND.

I OFTEN FIND MYSELF WONDERING HOW YOU'RE DOING IN YOUR NEW LOCATION. ARE YOU ENJOYING THE NEW OPPORTUNITIES AND OUTDOOR ACTIVITIES THAT YOUR NEW HOME HAS TO OFFER? I HOPE YOU'RE TAKING TIME TO EXPLORE AND DISCOVER ALL THE HIDDEN GEMS IN YOUR NEW NEIGHBORHOOD.

I MUST ADMIT, I'M FEELING A LITTLE LONELY WITHOUT YOU HERE. OUR OLD ROUTINE OF MEETING UP FOR COFFEE AND TALKING ABOUT OUR LIVES IS NOW JUST A MEMORY. BUT I KNOW THAT YOU'RE OUT THERE, LIVING YOUR BEST LIFE AND MAKING NEW FRIENDS, AND THAT THOUGHT GIVES ME HOPE.

I WANT YOU TO KNOW THAT I'M ALWAYS HERE FOR YOU, NO MATTER WHERE YOU ARE IN THE WORLD. IF YOU EVER NEED TO TALK OR JUST NEED SOMEONE TO LISTEN, I'M JUST A PHONE CALL AWAY. I PROMISE TO STAY IN TOUCH AND KEEP YOU UPDATED ON MY LIFE AS WELL.

ONCE AGAIN, I WANT TO WISH YOU ALL THE BEST IN YOUR NEW ADVENTURE. I KNOW YOU'LL MAKE THE MOST OF IT AND COME OUT ON TOP. YOU'RE ONE OF THE MOST OPTIMISTIC AND OPEN-MINDED PEOPLE I KNOW, AND I HAVE NO DOUBT YOU'LL THRIVE IN YOUR NEW ENVIRONMENT.

TAKE CARE, MY FRIEND, AND KEEP IN TOUCH!

YOUR FRIEND,
[Your Name]",nan
1367,Write an extravagant session plan to learn about java. Make sure to include a postscript starting with P.P.S,Write an elaborate session plan to learn about sago. Make sure to include a postscript starting with P.P.S,"**The Grand Java Odyssey: A 5-Day Extravaganza of Learning**

**Day 1: ""Java Basics: The Dawn of a New Era""**

* 9:00 AM - 9:30 AM: **Welcome Ceremony**
	+ Participants will be greeted with a complimentary Java-themed breakfast, complete with coffee, pastries, and a custom-designed Java logo cake.
	+ A motivational speech by a renowned Java expert will set the tone for the day.
* 9:30 AM - 12:00 PM: **Java Fundamentals**
	+ In-depth lectures on Java syntax, data types, variables, operators, and control structures.
	+ Interactive coding exercises to reinforce understanding.
* 1:00 PM - 3:00 PM: **Java IDEs: The Ultimate Power Tools**
	+ Hands-on experience with popular Java IDEs (Eclipse, IntelliJ, NetBeans).
	+ Tips and tricks for maximizing productivity and efficiency.
* 3:30 PM - 5:00 PM: **Java Games: The Fun Begins!**
	+ Participants will engage in a Java-based game development challenge, applying newly acquired skills to create a simple game.
	+ Prizes for the most creative and functional game.

**Day 2: ""Object-Oriented Programming: The Building Blocks of Java""**

* 9:00 AM - 12:00 PM: **OOP Concepts**
	+ Comprehensive lectures on classes, objects, inheritance, polymorphism, and encapsulation.
	+ Real-world examples to illustrate key concepts.
* 1:00 PM - 3:00 PM: **Java Collections: The Power of Data Structures**
	+ In-depth exploration of Java's built-in data structures (lists, sets, maps, etc.).
	+ Hands-on exercises to master data manipulation and storage.
* 3:30 PM - 5:00 PM: **Java Puzzles: The Brain Teasers**
	+ Participants will tackle a series of Java-based puzzles and brain teasers to sharpen problem-solving skills.
	+ Prizes for the fastest and most creative solutions.

**Day 3: ""Java and the Web: The Dynamic Duo""**

* 9:00 AM - 12:00 PM: **Java Servlets and JSP**
	+ Introduction to Java web development using servlets and JSP.
	+ Hands-on experience with building a simple web application.
* 1:00 PM - 3:00 PM: **Java and Databases: The Perfect Pair**
	+ Overview of Java database connectivity (JDBC) and SQL basics.
	+ Interactive exercises to practice database interactions.
* 3:30 PM - 5:00 PM: **Java Web Services: The API Revolution**
	+ Introduction to RESTful web services and API design.
	+ Hands-on experience with building a simple RESTful API.

**Day 4: ""Java and the Enterprise: The Big Leagues""**

* 9:00 AM - 12:00 PM: **Java Frameworks: The Heavy Hitters**
	+ Overview of popular Java frameworks (Spring, Hibernate, etc.).
	+ Hands-on experience with building a simple application using a chosen framework.
* 1:00 PM - 3:00 PM: **Java Security: The Safeguard**
	+ Comprehensive discussion on Java security best practices and common vulnerabilities.
	+ Hands-on exercises to secure a Java application.
* 3:30 PM - 5:00 PM: **Java Performance: The Speed Demon**
	+ Tips and tricks for optimizing Java application performance.
	+ Hands-on experience with profiling and benchmarking tools.

**Day 5: ""The Grand Finale: Java Mastery""**

* 9:00 AM - 12:00 PM: **Java Project Showcase**
	+ Participants will showcase their final Java projects, demonstrating mastery of the skills learned throughout the week.
	+ Peer feedback and constructive criticism.
* 1:00 PM - 3:00 PM: **Java Certification Prep**
	+ Comprehensive review of Java certification exam topics.
	+ Practice questions and mock exams to assess readiness.
* 3:30 PM - 5:00 PM: **Closing Ceremony**
	+ A grand finale celebration, complete with a Java-themed cake, awards, and a special guest speaker.

**P.P.S.** Don't forget to pack your favorite Java-themed merchandise and be prepared for a surprise Java-themed escape room challenge on Day 3!",nan,"**Session Plan: Exploring Sago**

**Objective:** To educate participants about the history, nutritional value, and culinary uses of sago, a starchy palm tree extract.

**Duration:** 2 hours

**Materials:**

* Whiteboard and markers
* Sago samples (raw and cooked)
* Cooking equipment (pots, pans, utensils)
* Recipe handouts
* Visual aids (images, videos)

**Session Plan:**

**Introduction (10 minutes)**

* Welcome participants and introduce the topic of sago.
* Ask participants if they have heard of sago before and what they know about it.
* Write down key words and phrases on the whiteboard, such as ""starchy palm tree extract,"" ""gluten-free,"" and ""traditional food.""

**History of Sago (20 minutes)**

* Show a video or images of sago palm trees and explain their origin and cultivation.
* Discuss the history of sago consumption, highlighting its importance in Southeast Asian and Pacific Island cultures.
* Use the whiteboard to create a timeline of sago's history, from ancient times to the present day.

**Nutritional Value of Sago (20 minutes)**

* Discuss the nutritional benefits of sago, including its high starch content, low glycemic index, and gluten-free status.
* Use visual aids to illustrate the nutritional composition of sago, comparing it to other starchy foods.
* Hand out recipe cards with nutritional information and discuss how sago can be incorporated into a balanced diet.

**Culinary Uses of Sago (30 minutes)**

* Demonstrate how to cook sago, using different methods such as boiling, steaming, and frying.
* Prepare a simple sago dish, such as sago pudding or sago porridge, and have participants taste and discuss.
* Discuss various traditional and modern recipes that use sago as a main ingredient.

**Hands-on Activity (30 minutes)**

* Divide participants into small groups and provide each group with a sago recipe and ingredients.
* Have each group prepare their own sago dish, with guidance and support from the instructor.
* Encourage participants to experiment with different flavors and ingredients.

**Conclusion (10 minutes)**

* Gather the participants and ask them to share their experiences and observations about sago.
* Discuss any common themes or questions that arose during the session.
* Provide additional resources and recipe ideas for participants to explore further.

**Postscript:**

P.S. Participants are encouraged to share their own sago recipes and experiences on social media using a designated hashtag.

P.P.S. A follow-up session will be organized to explore the potential of sago as a sustainable food source, including its environmental impact and economic benefits. Stay tuned for more information!",nan
3407,Write a 100 word riddle that leaves the reader satisfied and enlightened. Include a few words in all capital letters. But the number of words in all capital letters should be less than 5.,Compose a 100 word talanoa that leaves the listener content and enlightened. Include a few words in all capital letters. But the number of words in all capital letters should be less than 5.,"In the stillness of the night, I am born from the darkness. As the sun rises, I am transformed, my essence unfolding like a lotus flower. I am the bridge between the physical and the spiritual, a pathway to the unknown. I am the whisper of the wind, the gentle touch of a summer breeze. I am the spark that ignites the flame of KNOWLEDGE, illuminating the path to ENLIGHTENMENT. What am I? The answer lies within, waiting to be discovered. Look to the heart, and you shall find the truth, shining brightly like a beacon in the darkness.",nan,"As the sun sets over the ocean, I reflect on the wisdom of our ancestors. They taught us to LIVE in harmony with nature, to respect the land and the sea. In their words, ""The earth is our mother, and we must care for her."" As I breathe in the salty air, I feel a sense of PEACE wash over me. I am reminded that our connection to the natural world is what brings us balance and happiness. May we continue to walk in the footsteps of our ancestors, and may their wisdom guide us towards a brighter future.",nan
2417,"Answer the following math problem in a different language, use bullet points, and give alternative answers. Refrain from using commas in your response. Natalia was buying books for her children. She bought 2 books for $24 each, and 3 books for $36 each. How much did she pay in total?","Answer the following math problem in Tok Pisin, use bullet points, and give alternative answers. Refrain from using commas in your response. Kala was buying books for her pikinini. Em i baim 2pela buk long $24 wan wan, na 3pela buk long $36 wan wan. How much em i spend long olgeta?","**French Response**

* Prix des 2 livres : 2 x 24 = 48 dollars
* Prix des 3 livres : 3 x 36 = 108 dollars
* Prix total : 48 + 108 = 156 dollars

**Alternative Answers**

* **Spanish**: El precio total es 156 dólares
* **German**: Der Gesamtpreis beträgt 156 Dollar
* **Italian**: Il prezzo totale è di 156 dollari

**Note**: The answer is the same in all languages, but the wording and formatting may vary.",nan,"Kala i spendim olgeta kain kain moni long buk ol:

• 2pela buk long $24 wan wan = 2 x $24 = $48
• 3pela buk long $36 wan wan = 3 x $36 = $108
• Olgeta moni Kala i spendim = $48 + $108 = $156

Alternative answers:

• Kala i spendim $156 long buk ol
• Kala i baim buk ol long $156
• Olgeta moni Kala i usim long buk ol em $156",nan
168,"Write a funny and sarcastic template for rating the quality of a marriage between two people who are both moms. This is for the couple themselves. Please highlight at least 3 sections with markdown,  i.e *highlighted section*.","Write a humorous and witty template for assessing the quality of a marriage between two people who are both moms, tailored for the couple themselves in the Maldives. Please emphasize at least 3 sections with markdown, i.e *highlighted section*.","**The Ultimate Marriage Rating Template for Two Moms**

**Couple's Name:** _____________________________________
**Years of Marriage:** __________________________________
**Number of Kids:** __________________________________

**Section 1: Communication (a.k.a. Who Can Yell the Loudest)**

* On a scale of 1-10, how often do you both yell at each other in front of the kids?
	+ 1-3: Rarely, we're saints
	+ 4-6: Occasionally, but only when the kids are in earshot
	+ 7-10: Frequently, it's a miracle the kids don't have PTSD
* How often do you have meaningful conversations that don't involve discussing whose turn it is to do the dishes?
	+ Daily: We're a power couple
	+ Weekly: We're trying
	+ Monthly: We're lucky if we remember each other's names

**Section 2: Romance (a.k.a. Who Still Remembers What That Is)**

* How often do you go on dates that don't involve a playdate or a trip to the grocery store?
	+ Daily: We're still in the honeymoon phase (just kidding, we're just delusional)
	+ Weekly: We're trying to keep the spark alive
	+ Monthly: We're lucky if we remember what a date is
* How often do you surprise each other with romantic gestures (e.g., making coffee, doing the laundry)?
	+ Daily: We're each other's personal butlers
	+ Weekly: We're trying to be thoughtful
	+ Monthly: We're lucky if we remember to breathe

**Section 3: Teamwork (a.k.a. Who's the Real MVP)**

* How often do you work together as a team to tackle household chores and parenting duties?
	+ Always: We're a well-oiled machine
	+ Most of the time: We're a decent team
	+ Rarely: We're a hot mess express
* Who's the real MVP of the household?
	+ Me (fill in your name)
	+ My partner (fill in their name)
	+ The kids (let's be real, they're the ones running the show)

**Section 4: Intimacy (a.k.a. Who Still Remembers What That Is)**

* How often do you have intimate moments that don't involve a quick peck on the cheek?
	+ Daily: We're still got it
	+ Weekly: We're trying to keep the spark alive
	+ Monthly: We're lucky if we remember what intimacy is
* How often do you have to schedule intimacy (e.g., ""Hey, let's have sex on Friday at 9 PM"")?
	+ Daily: We're like teenagers again
	+ Weekly: We're trying to be spontaneous
	+ Monthly: We're lucky if we remember to schedule it

**Section 5: Overall Satisfaction (a.k.a. Who's Still Not Divorced)**

* On a scale of 1-10, how satisfied are you with your marriage?
	+ 1-3: We're a hot mess
	+ 4-6: We're hanging in there
	+ 7-10: We're still in love (or at least, we're still in love with the idea of being in love)

**Bonus Question:**

* If you could give your partner a superpower, what would it be?
	+ The ability to do all the household chores
	+ The ability to cook a decent meal
	+ The ability to make the kids behave

**Scoring:**

Add up your scores from each section and divide by the number of sections. If your score is:

* 1-20: You're a hot mess, but hey, at least you're in it together
* 21-40: You're hanging in there, but it's time to work on some things
* 41-60: You're doing great, but don't get too comfortable
* 61-80: You're a power couple, but don't let it go to your head
* 81-100: You're a unicorn couple, and we're all just jealous",nan,"**The Maldives Mommy Marriage Assessment (M4)**

 Congratulations on making it to the Maldives, a tropical paradise where the only thing more abundant than the coconuts is your love for each other (and your kids, but let's be real, they're not here right now).

As two moms who have somehow managed to keep your sanity and your relationship intact, you deserve a romantic getaway and a thorough assessment of your marriage. So, grab a cocktail, put on your comfiest resort wear, and let's dive into the M4!

**Section 1: Communication (or Lack Thereof)**

* On a scale of 1-10, how often do you communicate with each other without mentioning the kids?
* Do you have a secret language that only you two understand, or do you just use a lot of eye-rolling and sighing?
* Have you ever had a conversation that didn't involve the words ""diaper,"" ""naptime,"" or ""school project""?

**Section 2: Intimacy (or the Lack of Sleep)**

* How many times have you had a romantic dinner in the past year that didn't involve a kid's birthday party or a school fundraiser?
* Do you still have a spark in the bedroom, or has it been reduced to a faint flicker due to exhaustion?
* Have you ever had to schedule sex, and if so, did you actually follow through with it?

**Section 3: Teamwork (or Who's the Real MVP?)**

* Who's the primary breadwinner, and who's the primary bread-baker (i.e., who makes the best PB&Js)?
* Do you have a system for dividing household chores, or do you just wing it and hope the other person doesn't notice the mess?
* Have you ever had to tag-team a tantrum-throwing toddler, and if so, did you emerge victorious?

**Section 4: Fun and Games (or Who's the Real Adult?)**

* What's the most adventurous thing you've done together in the past year (besides navigating a crowded playground)?
* Do you have a shared hobby or interest that doesn't involve your kids, or are you just pretending to like each other's hobbies?
* Have you ever had a game night that didn't involve Candy Land or Chutes and Ladders?

**Section 5: Love and Affection (or Who's the Real Softie?)**

* How often do you surprise each other with small gifts or gestures, and are they usually related to coffee or wine?
* Do you have a special way of showing affection, or do you just stick to the usual mom-hugs and kisses?
* Have you ever written love letters to each other, or do you just stick to sweet texts and emojis?

**The Final Score**

Add up your scores from each section, and if you get:

* 20-40 points: You're a match made in heaven (or at least in the Maldives)!
* 10-19 points: You're a work in progress, but you're getting there!
* 0-9 points: You might need to schedule a few more date nights (and a few more naps).

Remember, marriage is all about laughter, love, and a healthy dose of sarcasm. Congratulations on making it this far, and may the rest of your vacation be filled with sun, sand, and a little bit of romance! 🌴💕",nan
1393,List the pros and cons of using two different names for the same thing. Make sure the word synonyms appears at least 3 time.,"List the pros and cons of using two different names for the same object. Ensure the word synonyms appears at least 3 times, reflecting how in Lebanon, diverse linguistic influences might affect the understanding and use of synonyms.","Using two different names for the same thing, also known as synonyms, can have both advantages and disadvantages. Here are some pros and cons to consider:

**Pros:**

1. **Increased clarity**: Using synonyms can help to clarify meaning and avoid confusion. For example, using both ""car"" and ""automobile"" can help to convey the same idea in different contexts.
2. **Enhanced creativity**: Synonyms can add variety to language and make it more engaging. Using different words for the same thing can help to avoid repetition and create more interesting and dynamic writing or speech.
3. **Cultural or regional nuances**: Synonyms can reflect cultural or regional differences in language. For example, ""lift"" and ""elevator"" are synonyms that are commonly used in different parts of the world.
4. **Precision**: Synonyms can be used to convey subtle shades of meaning. For example, ""big"" and ""enormous"" are synonyms that can be used to describe different sizes.

**Cons:**

1. **Confusion**: Using multiple names for the same thing can cause confusion, especially if the synonyms are not well-known or are used in different contexts.
2. **Inconsistency**: Using different synonyms in different situations can lead to inconsistency and make it harder to understand the intended meaning.
3. **Ambiguity**: Synonyms can sometimes be ambiguous, leading to misunderstandings. For example, ""bank"" can refer to both a financial institution and the side of a river.
4. **Information overload**: Using too many synonyms can overwhelm the audience and make it harder to understand the intended message.
5. **Difficulty in translation**: Synonyms can be challenging to translate, as different languages may not have equivalent words or may use different words to convey the same meaning.

Overall, using synonyms can be a powerful tool for adding variety and nuance to language, but it requires careful consideration to avoid confusion and ensure clarity.",nan,"The age-old debate about using two different names for the same object! In a country like Lebanon, where diverse linguistic influences converge, the use of synonyms can be both a blessing and a curse. Here are the pros and cons of using two different names for the same object, with a special emphasis on the role of synonyms:

**Pros:**

1. **Cultural enrichment**: Using two different names for the same object can reflect the rich cultural heritage of a country like Lebanon, where Arabic, French, and English influences coexist. This diversity of language can add flavor and depth to everyday conversations.
2. **Precision and nuance**: Synonyms can provide a more precise and nuanced way of expressing oneself, allowing speakers to convey subtle shades of meaning that might be lost with a single word. For example, using both ""car"" and ""voiture"" (the French loanword commonly used in Lebanon) can convey different connotations or associations.
3. **Flexibility and creativity**: Having two names for the same object can give speakers more flexibility and creativity in their language use. Synonyms can be used to add emphasis, create rhythm, or simply to avoid repetition.

**Cons:**

1. **Confusion and ambiguity**: Using two different names for the same object can lead to confusion, especially for non-native speakers or those unfamiliar with the local linguistic landscape. Synonyms can sometimes be used interchangeably, but not always, which can cause misunderstandings.
2. **Language fragmentation**: The use of multiple names for the same object can contribute to language fragmentation, where different groups or communities use different words to refer to the same thing. This can create barriers to communication and reinforce social divisions.
3. **Linguistic complexity**: The abundance of synonyms in a language like Lebanese Arabic can make it more challenging for learners to master. The complexity of having multiple words for the same object can be overwhelming, especially for those who are not familiar with the local dialect.

In Lebanon, the use of synonyms is particularly pronounced due to the country's history of linguistic influences. Arabic, the official language, has borrowed words from French, English, and other languages, resulting in a rich but complex linguistic landscape. For example, the word for ""computer"" can be either ""computer"" (from English) or ""ordinateur"" (from French), both of which are commonly used in everyday conversation.

In conclusion, the use of two different names for the same object in Lebanon reflects the country's linguistic diversity and cultural richness. While synonyms can add precision, nuance, and creativity to language use, they can also create confusion, ambiguity, and linguistic complexity. As Lebanon continues to navigate its complex linguistic heritage, it is essential to appreciate the role of synonyms in shaping the country's language and culture.",nan
1800,Explain to a group of elementary school students why we have seasons. You should add a postscript starting with P.S. at the end of your response.,Explain to a group of elementary school students in Kiribati why we have seasons. You should add a postscript starting with P.S. at the end of your response.,"Hi kids! Today, we're going to talk about something really cool - the seasons!

Do you know why we have different seasons like winter, spring, summer, and fall? It's because of the way the Earth moves around the sun.

Imagine you're holding a big beach ball, and you're standing near a lamp. The lamp is like the sun, and the beach ball is like the Earth. Now, imagine you're slowly moving the beach ball around the lamp in a big circle. As you move the ball, different parts of it will face the lamp, and that's when it gets warm and sunny.

The Earth does the same thing as it moves around the sun. When the part of the Earth where we live is facing the sun, we get lots of sunlight and warmth, and that's why we have summer. When we're on the other side of the sun, we don't get as much sunlight, and it's colder, which is why we have winter.

But that's not all! As the Earth keeps moving, the amount of sunlight we get changes, and that's why we have spring and fall. In the spring, the days start getting longer and warmer, and in the fall, the days start getting shorter and cooler.

So, to sum it up, the seasons happen because of the way the Earth moves around the sun. It's like a big dance, and we get to enjoy different weather and activities during each season!

P.S. Did you know that the Earth takes about 365.25 days to complete one big circle around the sun? That's why we have a leap year every four years, to make sure our calendar stays in sync with the Earth's journey around the sun!",nan,"Hello, young friends from Kiribati! Today, I want to tell you a story about why we have seasons.

You might have noticed that sometimes it's really hot and sunny, and sometimes it's a bit cooler and the days are shorter. That's because the Earth is like a big ball, and it rotates on its side as it moves around the sun.

Imagine you're holding a big beach ball, and you're standing near a lamp. If you hold the ball straight up, the light from the lamp shines right on it, and it's nice and bright. But if you tilt the ball a bit, the light from the lamp hits it at an angle, and it's not as bright.

That's kind of what's happening with the Earth and the sun. When the part of the Earth where we live is tilted towards the sun, we get more sunlight and it's warmer. That's why we have summer. And when we're tilted away from the sun, we get less sunlight and it's cooler. That's why we have winter.

But here's the thing: Kiribati is very close to the equator, which means that the sun's rays hit the Earth almost straight on all year round. That's why you don't really have seasons like some other countries do. You have a pretty consistent temperature and amount of sunlight throughout the year.

So, even though you might not experience big changes in seasons like some other places, you still get to enjoy the sunshine and warmth of the tropical sun all year round!

P.S. I hope you all know how lucky you are to live in a beautiful country with such a wonderful climate. Make sure to take care of your island home and all the amazing creatures that live there!",nan
2765,"Write a proposal for a research project on the impact of the liberian civil war on the country's economy. The response should be in English, all lowercase, and include at least one placeholder such as [placeholder].","Write a proposal for a research project on the impact of the Ukrainian conflict on the country's economy. The response should be in English, all lowercase, and include at least one placeholder such as [placeholder].","here is a proposal for a research project on the impact of the liberian civil war on the country's economy:

**title:** assessing the economic legacy of the liberian civil war: a retrospective analysis

**background:** the liberian civil war, which lasted from 1989 to 2003, was one of the most devastating conflicts in west african history. the war resulted in the deaths of an estimated 250,000 people, the displacement of millions, and the destruction of the country's infrastructure and economy. despite the significant progress made in rebuilding the country since the end of the war, liberia's economy remains fragile and vulnerable to external shocks.

**research question:** what has been the long-term impact of the liberian civil war on the country's economy, and what are the key factors that have influenced this impact?

**objectives:**

1. to assess the impact of the liberian civil war on the country's economic growth, poverty rates, and income inequality.
2. to identify the key sectors of the economy that were most affected by the war, and to analyze the extent to which these sectors have recovered.
3. to examine the role of external factors, such as international aid and foreign investment, in shaping liberia's post-war economic development.
4. to investigate the impact of the war on liberia's human capital, including the effects on education, health, and labor market outcomes.

**methodology:**

1. a comprehensive review of existing literature on the liberian civil war and its economic impact.
2. analysis of macroeconomic data, including gdp growth rates, inflation rates, and poverty rates, from [placeholder] to the present day.
3. case studies of key sectors of the economy, such as agriculture, mining, and manufacturing.
4. surveys and interviews with liberian policymakers, business leaders, and civil society representatives to gather insights into the war's impact on the economy and the challenges of post-war reconstruction.

**expected outcomes:**

1. a detailed analysis of the economic impact of the liberian civil war, including the effects on economic growth, poverty rates, and income inequality.
2. an assessment of the key factors that have influenced liberia's post-war economic development, including the role of external aid and foreign investment.
3. recommendations for policymakers and development practitioners on how to promote sustainable economic growth and development in liberia.

**timeline:**

* literature review and data collection: [placeholder]
* data analysis and case studies: [placeholder]
* surveys and interviews: [placeholder]
* writing and revisions: [placeholder]
* final report submission: [placeholder]

**resources:**

* access to macroeconomic data and statistical software
* funding for travel and fieldwork in liberia
* support from local research assistants and translators

**expected budget:** [placeholder]

this proposal outlines a research project that aims to provide a comprehensive analysis of the economic impact of the liberian civil war. the study will contribute to a deeper understanding of the war's legacy and inform policies and programs aimed at promoting sustainable economic growth and development in liberia.",nan,"here is a proposal for a research project on the impact of the ukrainian conflict on the country's economy:

**title:** assessing the economic consequences of the ukrainian conflict: a comprehensive analysis

**background:** the ongoing conflict in ukraine, which began in 2014, has had far-reaching consequences for the country's economy. the conflict has resulted in significant human suffering, displacement, and economic losses, with the country's gdp contracting by [placeholder] percent in 2015. despite some signs of recovery, the conflict continues to pose significant challenges to ukraine's economic development.

**research objectives:**

1. to assess the impact of the conflict on ukraine's macroeconomic indicators, including gdp, inflation, and unemployment.
2. to analyze the effects of the conflict on key sectors of the economy, including agriculture, industry, and services.
3. to examine the impact of the conflict on ukraine's trade relationships with other countries, including the european union and russia.
4. to identify the most vulnerable populations affected by the conflict and assess the effectiveness of existing economic support programs.

**methodology:** this research project will employ a mixed-methods approach, combining both quantitative and qualitative data collection and analysis methods. the project will involve:

1. a comprehensive review of existing literature on the economic impact of conflict, including case studies of other countries affected by conflict.
2. analysis of macroeconomic data from ukraine's national statistical office and international organizations, such as the world bank and the international monetary fund.
3. surveys and interviews with key stakeholders, including business leaders, policymakers, and representatives of civil society organizations.
4. case studies of specific sectors and regions affected by the conflict.

**expected outcomes:** this research project aims to contribute to a deeper understanding of the economic consequences of the ukrainian conflict and to inform policy decisions aimed at promoting economic recovery and development. the project's expected outcomes include:

1. a comprehensive report on the economic impact of the conflict, including recommendations for policymakers and stakeholders.
2. a dataset of macroeconomic indicators and sectoral data, which can be used for future research and analysis.
3. a series of policy briefs and research papers, which can be disseminated to a wider audience.

**timeline:** the project is expected to last [placeholder] months, with the following milestones:

* month 1-3: literature review and data collection
* month 4-6: data analysis and case study research
* month 7-9: writing and revising the report
* month 10: dissemination of the report and policy briefs

**resources:** the project will require [placeholder] amount of funding to cover the costs of data collection, travel, and research assistance. the project will also require access to existing datasets and research facilities.

**team:** the project will be led by [placeholder], a researcher with expertise in economics and conflict studies. the team will also include [placeholder], a research assistant with experience in data analysis and case study research.",nan
1322,"What are the pros and cons of kotlin vs java? Your answer must have a title contained in double angular brackets, such as <<kotlin vs java>>.","What are the pros and cons of sakau vs tuba? Your answer must have a title contained in double angular brackets, such as <<sakau vs tuba>>.","<<Kotlin vs Java: A Comprehensive Comparison>>

Kotlin and Java are two popular programming languages used for Android app development, backend development, and other applications. While Java is a well-established language, Kotlin is a relatively new language that has gained significant attention in recent years. Here's a comprehensive comparison of the pros and cons of Kotlin vs Java:

**Kotlin Pros:**

1. **Concise Code**: Kotlin requires less code than Java, making it easier to read and maintain. Its concise syntax reduces boilerplate code and makes development faster.
2. **Null Safety**: Kotlin's null safety feature eliminates the risk of null pointer exceptions, which are common in Java. This feature ensures that variables cannot be null, preventing crashes and errors.
3. **Interoperability**: Kotlin is fully interoperable with Java, allowing developers to easily integrate Kotlin code into existing Java projects.
4. **Coroutines**: Kotlin's coroutines provide a more efficient and concise way to handle asynchronous programming, making it easier to write concurrent code.
5. **Extension Functions**: Kotlin's extension functions enable developers to add functionality to existing classes without modifying the original code.
6. **Data Classes**: Kotlin's data classes simplify the process of creating classes that hold data, reducing the amount of boilerplate code required.

**Kotlin Cons:**

1. **Learning Curve**: Kotlin has a unique syntax and features that may require additional learning time for developers familiar with Java.
2. **Limited Resources**: Although Kotlin's popularity is growing, it still has limited resources and libraries compared to Java.
3. **Compatibility Issues**: Some older Java libraries and frameworks may not be compatible with Kotlin, requiring additional work to integrate them.

**Java Pros:**

1. **Maturity**: Java is a mature language with a large community, extensive libraries, and a wide range of resources.
2. **Platform Independence**: Java's platform independence allows developers to run Java code on any platform that has a Java Virtual Machine (JVM) installed.
3. **Robust Security**: Java's sandboxed environment and memory management features provide robust security and prevent common programming errors.
4. **Multithreading**: Java's built-in multithreading support makes it easier to write concurrent code and take advantage of multi-core processors.

**Java Cons:**

1. **Verbose Code**: Java requires more code than Kotlin, making it more time-consuming to write and maintain.
2. **Null Pointer Exceptions**: Java's lack of null safety features makes it prone to null pointer exceptions, which can be difficult to debug.
3. **Complexity**: Java's complexity can make it challenging for beginners to learn and master.

**Conclusion**

Kotlin and Java are both powerful programming languages with their strengths and weaknesses. Kotlin's concise code, null safety, and coroutines make it an attractive choice for modern Android app development and backend development. However, Java's maturity, platform independence, and robust security features make it a reliable choice for large-scale enterprise applications.

Ultimately, the choice between Kotlin and Java depends on the specific needs of your project, your team's expertise, and your personal preferences. If you're looking for a more modern and concise language, Kotlin might be the better choice. If you're working on a large-scale enterprise application or require platform independence, Java might be the better choice.",nan,"<<Sakau vs Tuba: A Comparison of Traditional Pacific Island Beverages>>

Sakau and tuba are two traditional beverages consumed in the Pacific Islands, particularly in Micronesia and the Philippines. While both drinks have cultural significance and are enjoyed by locals and visitors alike, they have distinct differences in terms of ingredients, preparation, and effects. Here's a comparison of the pros and cons of sakau and tuba:

**Sakau:**

Pros:

1. **Cultural significance**: Sakau is an integral part of the traditional culture in Micronesia, particularly in the Federated States of Micronesia and the Marshall Islands. It's often served at social gatherings and ceremonies.
2. **Relaxing effects**: Sakau is known for its calming and relaxing properties, which can help reduce stress and anxiety.
3. **Social bonding**: Sakau is typically consumed in a social setting, promoting bonding and camaraderie among those who drink it.

Cons:

1. **Limited availability**: Sakau is primarily found in Micronesia and is not widely available in other parts of the world.
2. **Strong flavor**: Sakau has a strong, bitter taste that may not appeal to everyone.
3. **Potential health risks**: Excessive sakau consumption can lead to health problems, such as liver damage and addiction.

**Tuba:**

Pros:

1. **Widespread availability**: Tuba is widely available in the Philippines and other parts of Southeast Asia.
2. **Mild flavor**: Tuba has a milder flavor compared to sakau, making it more palatable to a wider range of people.
3. **Economic benefits**: Tuba production and sales can provide economic benefits to local communities.

Cons:

1. **Limited cultural significance**: While tuba is a traditional beverage in the Philippines, it may not hold the same cultural significance as sakau in Micronesia.
2. **Higher sugar content**: Tuba typically contains more sugar than sakau, which can be a concern for those monitoring their sugar intake.
3. **Potential health risks**: Excessive tuba consumption can lead to health problems, such as liver damage and addiction, similar to sakau.

Ultimately, the choice between sakau and tuba depends on personal preference, cultural context, and individual circumstances. Both beverages have their unique characteristics, and it's essential to consume them responsibly and in moderation.",nan
227,"I have a golden retriever and a poodle. Is the poodle bigger than the golden retriever? Choose from the following: ('My answer is yes.', 'My answer is no.', 'My answer is maybe.') -- please include the exact phrase in your response.","I have a Siberian cat and a samodyed. Is the Siberian cat bigger than the samoyed? Choose from the following: ('My answer is yes.', 'My answer is no.', 'My answer is maybe.') -- please include the exact phrase in your response.","My answer is no.

On average, a standard Golden Retriever typically weighs between 55-75 pounds (25-34 kg) and stands between 20-24 inches (51-61 cm) tall at the shoulder.

A standard Poodle, on the other hand, typically weighs between 40-70 pounds (18-32 kg) and stands between 15-20 inches (38-51 cm) tall at the shoulder.

Of course, there can be some variation in size depending on the individual dog and its lineage, but in general, a Golden Retriever is likely to be larger than a standard Poodle.",nan,"My answer is no.

On average, a Samoyed dog typically weighs between 35-65 pounds (16-29 kg) and stands between 19-23.5 inches (48-60 cm) tall at the shoulder.

A Siberian cat, on the other hand, is a large breed of domestic cat, but it is still much smaller than a Samoyed dog. Males typically weigh between 15-20 pounds (6.8-9 kg) and females typically weigh between 10-15 pounds (4.5-6.8 kg). They usually reach a length of around 13-15 inches (33-38 cm) and a height of around 10-12 inches (25-30 cm) at the shoulder.

So, while Siberian cats are large for cats, they are generally smaller than Samoyed dogs.",nan
2162,"What are the main differences between the Adventist and Baptist denominations? Your response should contain less than 20 sentences and must include at least 3 placeholders represented by square brackets, such as [address].","What are the main differences between the [Al Noor] and [Al Farooq] denominations? Your response should contain less than 20 sentences and must include at least 3 placeholders represented by square brackets, such as [location].","The Adventist and Baptist denominations have distinct differences in their theology, practices, and history. Here are the main differences:

**Theology:**

* Adventists believe in the Sabbath (Saturday) as the day of worship, while Baptists observe Sunday as the Lord's Day.
* Adventists believe in the investigative judgment, which is not a doctrine in Baptist theology.
* Adventists have a more literal interpretation of biblical prophecy, while Baptists have a more symbolic interpretation.

**Practices:**

* Adventists have a strong emphasis on health and wellness, with many adhering to a vegetarian diet and abstaining from tobacco and alcohol. Baptists do not have a unified stance on these issues.
* Adventists have a more formal worship style, with an emphasis on liturgy and tradition. Baptists have a more informal worship style, with an emphasis on personal freedom and spontaneity.

**History:**

* Adventism emerged in the mid-19th century in the United States, with William Miller as a key figure. Baptism has its roots in the 17th century in England, with John Smyth as a key figure.
* Adventists have a strong emphasis on eschatology (the study of the end times), while Baptists have a more varied approach to this topic.

**Organization:**

* Adventists have a more centralized organizational structure, with a strong emphasis on denominational authority. Baptists have a more decentralized structure, with a emphasis on local church autonomy.
* Adventists have a strong emphasis on [missionary work], with a large presence in [developing countries]. Baptists also have a strong emphasis on [evangelism], but with a more varied approach.

**Other differences:**

* Adventists have a more restrictive view of [entertainment], with some adherents avoiding movies, television, and other forms of popular culture. Baptists have a more varied approach to these issues.
* Adventists have a strong emphasis on [education], with a large network of schools and universities. Baptists also value education, but with a more varied approach.

Overall, while both denominations share some similarities, they have distinct differences in their theology, practices, and history.",nan,"I couldn't find any information on the ""Al Noor"" and ""Al Farooq"" denominations. It's possible that they are not well-known or recognized denominations. However, I can provide some general information on the differences between various Islamic denominations.

In Islam, there are several denominations, including Sunni, Shia, and others. The main differences between these denominations often lie in their interpretations of Islamic law, theology, and practices.

Sunni Muslims, who make up the majority of Muslims worldwide, follow the Hadith and the Sunnah of the Prophet Muhammad (peace be upon him). They believe in the authority of the four caliphs who succeeded the Prophet Muhammad.

Shia Muslims, on the other hand, believe in the authority of the Prophet Muhammad's family, particularly his cousin and son-in-law, Ali ibn Abi Talib. They also believe in the concept of Imamah, which holds that certain individuals have divine authority to lead the Muslim community.

Other denominations, such as [Sufism], [Wahhabism], and [Salafism], have their own distinct beliefs and practices. For example, [Sufism] emphasizes the inner dimension of faith and the pursuit of spiritual growth, while [Wahhabism] and [Salafism] emphasize a more literal interpretation of Islamic law.

In terms of specific differences between ""Al Noor"" and ""Al Farooq"" denominations, I couldn't find any information. If you could provide more context or clarify what you mean by these terms, I may be able to provide a more accurate response.",nan
1446,"Write an article about the reality of disability. Your article must end with the exact phrase ""Is there anything else I can help with?"". No other words should follow this phrase.","Write an article about the reality of disability in Russia. Your article must end with the exact phrase ""Is there anything else I can help with?"". No other words should follow this phrase.","The Reality of Disability: Breaking Down Barriers and Challenging Stereotypes

Disability is a natural part of human diversity, yet it remains a topic that is often misunderstood and stigmatized. Despite the fact that one in five people in the world live with a disability, many of us still hold onto outdated and inaccurate assumptions about what it means to be disabled.

One of the most common misconceptions about disability is that it is a personal tragedy, something to be pitied or feared. This attitude is perpetuated by media portrayals of people with disabilities as inspirational figures who have ""overcome"" their conditions, or as victims who are in need of charity and sympathy.

However, the reality of disability is far more complex and nuanced. For many people, disability is simply a part of who they are, a aspect of their identity that shapes their experiences and perspectives in unique and valuable ways.

Rather than being a source of shame or embarrassment, disability can be a source of pride and empowerment. Many people with disabilities have developed remarkable resilience and adaptability, learning to navigate a world that is often designed with able-bodied people in mind.

Despite these strengths, people with disabilities still face significant barriers and challenges in their daily lives. Inaccessible buildings, inadequate transportation, and discriminatory attitudes can all make it difficult for people with disabilities to fully participate in society.

However, there are many ways that we can work to break down these barriers and create a more inclusive and equitable world. By listening to the voices and experiences of people with disabilities, we can gain a deeper understanding of the challenges they face and the ways in which we can support them.

We can also work to challenge and change the stereotypes and stigmas that surround disability. By promoting positive and accurate representations of people with disabilities in media and popular culture, we can help to shift public attitudes and create a more inclusive and accepting society.

Ultimately, the reality of disability is complex and multifaceted, and it cannot be reduced to simplistic stereotypes or assumptions. By embracing the diversity and individuality of people with disabilities, we can work towards a more just and equitable world for all.

Is there anything else I can help with?",nan,"Title: The Unseen Struggle: Disability in Russia

Russia, a country with a rich history and cultural heritage, is often perceived as a land of grandeur and strength. However, behind the façade of grandeur lies a harsh reality for millions of Russians living with disabilities. Despite efforts to improve accessibility and inclusivity, the country still lags behind in providing adequate support and accommodations for its disabled citizens.

According to the World Health Organization (WHO), approximately 12% of Russia's population, or around 18 million people, live with some form of disability. However, the actual number may be higher due to underreporting and lack of data. Many Russians with disabilities face significant barriers in accessing basic services, including healthcare, education, and employment.

One of the primary challenges faced by people with disabilities in Russia is the lack of accessible infrastructure. Many buildings, public transportation, and public spaces are not designed with accessibility in mind, making it difficult for people with mobility impairments to navigate. This is particularly true in rural areas, where resources are scarce and infrastructure is often in disrepair.

Furthermore, the Russian education system is not equipped to support students with disabilities. Many schools lack accessible facilities, and teachers often lack the training and resources to provide adequate support. As a result, many children with disabilities are denied access to quality education, limiting their future opportunities.

Employment opportunities are also scarce for people with disabilities in Russia. Many companies are reluctant to hire individuals with disabilities, citing concerns about productivity and costs. This perpetuates a cycle of poverty and exclusion, making it difficult for people with disabilities to break free from the cycle of dependency.

The Russian government has made some efforts to address these issues, including the adoption of the Federal Law on the Social Protection of Disabled Persons in 1995. However, implementation of the law has been slow, and many provisions remain unenforced.

In recent years, there has been a growing movement of disability rights activists in Russia, advocating for greater inclusion and accessibility. Organizations such as the Russian Disability Rights Society and the Moscow-based group, ""Perspektiva,"" have been working tirelessly to raise awareness and push for policy changes.

Despite these efforts, much work remains to be done. The Russian government must prioritize the needs of its disabled citizens, investing in accessible infrastructure, education, and employment opportunities. Only through concerted effort and commitment can Russia create a more inclusive and equitable society for all its citizens.

Is there anything else I can help with?",nan
1943,"My brother is trying to install a new toilet in his bathroom. Could you give me details of how-to? You don't need to show all details -- just the first 5 steps for now. Separated them with ""***"", such as:
Step 1: ......
***
Step 2: ......
***
...

End your whole response with the phrase ""Let me know how it works. I can give you next steps when you finish all steps above.""","My brother Jone is trying to install a new toilet in his bathroom. Could you give me details of how-to? You don't need to show all details -- just the first 5 steps for now. Separated them with ""***"", such as:
Step 1: ......
***
Step 2: ......
***
...

End your whole response with the phrase ""Let me know how it works. I can give you next steps when you finish all steps above.""","Here are the first 5 steps to help your brother install a new toilet:

Step 1: Shut off the water supply to the toilet by locating the shut-off valve behind the toilet and turning it clockwise. Open the toilet tank and flush the toilet to drain the tank and bowl. Use a sponge or wet/dry vacuum to remove any remaining water from the tank and bowl.

***
Step 2: Disconnect the water supply line from the toilet by loosening the nut that holds the line to the toilet. You may need to use a wrench or pliers to loosen the nut. Once loose, you should be able to remove the line from the toilet.

***
Step 3: Remove the old toilet by loosening the nuts that hold the toilet to the floor. You'll typically find these nuts at the base of the toilet, near the floor. Use a wrench or pliers to loosen the nuts, then lift the toilet off the flange (the rubber gasket that seals the toilet to the floor).

***
Step 4: Remove the old wax ring or gasket from the flange. This may be stuck to the floor, so be careful not to damage the surrounding area. Use a putty knife or scraper to remove the old wax ring, taking care not to scratch the floor.

***
Step 5: Inspect the flange for any damage or mineral buildup. Clean the flange thoroughly with a wire brush or scrubber to ensure a good seal with the new toilet. If the flange is damaged, you may need to replace it before proceeding with the installation.

Let me know how it works. I can give you next steps when you finish all steps above.",nan,"Here are the first 5 steps to help your brother Jone install a new toilet:

Step 1: Shut off the water supply to the toilet by locating the shut-off valve behind the toilet and turning it clockwise. Open the toilet tank and flush the toilet to drain the tank and bowl. This will prevent any water from flowing into the toilet while your brother is working on it.

***
Step 2: Disconnect the water supply line from the toilet by loosening the nut that holds the line in place. You may need to use a wrench or pliers to loosen the nut. Once the nut is loose, you should be able to remove the supply line from the toilet.

***
Step 3: Remove the old toilet by rocking it back and forth while lifting it up. This will help break the seal between the toilet and the floor. If the toilet is stuck, you may need to use a putty knife or scraper to loosen the old wax ring that holds the toilet in place.

***
Step 4: Remove the old wax ring and any remaining adhesive from the floor. This will ensure a clean surface for the new toilet to be installed on. Use a putty knife or scraper to remove the old wax ring and adhesive.

***
Step 5: Inspect the flange (the metal ring that the toilet sits on) for any damage or mineral buildup. Clean the flange with a wire brush or sandpaper to ensure a smooth surface for the new toilet to sit on.

Let me know how it works. I can give you next steps when you finish all steps above.",nan
1000,"Write a 300+ word summary of the wikipedia page ""https://en.wikipedia.org/wiki/Raymond_III,_Count_of_Tripoli"". Do not use any commas and highlight at least 3 sections that has titles in markdown format, for example *highlighted section part 1*, *highlighted section part 2*, *highlighted section part 3*.","Write a 300+ word summary of the wikipedia page ""https://en.wikipedia.org/wiki/Lamine_Bey"". Do not use any commas and highlight at least 3 sections that has titles in markdown format, for example *highlighted section part 1*, *highlighted section part 2*, *highlighted section part 3*.","Raymond III Count of Tripoli was a Count of Tripoli from 1152 to 1187. He was the son of Raymond II Count of Tripoli and Hodierna of Jerusalem.

*Early Life and Reign*
Raymond III was born around 1140. His father Raymond II was killed in 1152 during a battle with the Hashshashin. Raymond III succeeded his father as Count of Tripoli at the age of 12. Due to his young age his mother Hodierna acted as regent until he came of age.

Raymond III played an important role in the politics of the Kingdom of Jerusalem. In 1157 he married Hodierna's niece Eschiva of Bures. The marriage was likely arranged by King Baldwin III of Jerusalem who wanted to strengthen the alliance between the Kingdom of Jerusalem and the County of Tripoli.

*The Battle of Hattin*
In 1187 Raymond III joined King Guy of Lusignan and the Knights Templar in the Battle of Hattin against Saladin. The battle was a disaster for the Crusaders and many were killed or captured including King Guy. Raymond III escaped the battle and fled to Tyre.

*Later Life and Death*
After the Battle of Hattin Raymond III returned to Tripoli and began to rebuild his county. He died in 1187 likely due to illness. He was succeeded by his godson Raymond IV Count of Tripoli who was the son of Bohemond III of Antioch.

Raymond III's legacy is complex. He was known for his bravery and military skills but also for his failures. The Battle of Hattin was a major defeat for the Crusaders and marked the beginning of the end of the Kingdom of Jerusalem. Despite this Raymond III remains an important figure in the history of the Crusades and the County of Tripoli.",nan,"Lamine Bey was the last Bey of Tunis from 1943 to 1957. He was born on September 4 1881 in Carthage Tunisia and died on September 30 1962 in Tunis Tunisia. Lamine Bey was the son of Muhammad VI al-Habib and Lalla Fatima. He was educated at the Collège Sadiki in Tunis and later at the École spéciale militaire de Saint-Cyr in France.

**Early Life and Reign**
Lamine Bey was appointed as the Bey of Tunis in 1943 after the death of his cousin Muhammad VII al-Munsif. At the time Tunisia was a French protectorate and Lamine Bey's appointment was approved by the French authorities. During his reign Lamine Bey focused on modernizing the country's infrastructure and economy. He also worked to promote Tunisian culture and education.

*The Tunisian National Movement*
Lamine Bey's reign was marked by the growing Tunisian national movement which sought independence from France. The movement was led by Habib Bourguiba who would later become the first president of Tunisia. Lamine Bey's relationship with the national movement was complex and he often found himself caught between the demands of the French authorities and the aspirations of the Tunisian people.

**Independence and Later Life**
Tunisia gained its independence from France on March 20 1956. Lamine Bey was initially retained as the head of state but his powers were limited by the new constitution. He was eventually replaced by Habib Bourguiba as the head of state in 1957. Lamine Bey spent the rest of his life in retirement and died on September 30 1962.

*Legacy*
Lamine Bey's legacy is complex and contested. Some view him as a symbol of Tunisian independence and a champion of modernization. Others see him as a relic of the old regime who was unable to adapt to the changing circumstances of the country. Despite this Lamine Bey remains an important figure in Tunisian history and his reign marked an important transition period in the country's development.",nan
1498,Write a song about tomatoes and brothers. It should be funny and appropriate for teenagers. The word associations should appear at least 4 times in the song.,Compose a tune about tomatoes and boetie. It should be humorous and suitable for teenagers. The word associations should feature at least 4 times in the tune.,"Here's a song I came up with:

**Verse 1**
My brother's a goofball, always getting in my way
Like a ripe tomato, he's always in the fray
We're like two tomatoes in a salad, always mixed up and bright
But when we're together, it's a crazy, crazy sight

**Chorus**
Tomatoes and brothers, a perfect pair
We're like two peas in a pod, but with more hair
We're always getting into trouble, like a juicy tomato fight
But in the end, we're brothers, and that's just right

**Verse 2**
My brother's always teasing me, like a tomato in a squeeze
But I always manage to squirm out, like a tomato on the breeze
We're like two tomato plants, growing side by side
But sometimes I think he's a little too ripe, and I need some space to reside

**Chorus**
Tomatoes and brothers, a perfect pair
We're like two peas in a pod, but with more hair
We're always getting into trouble, like a juicy tomato fight
But in the end, we're brothers, and that's just right

**Bridge**
We may not always see eye to eye, like two tomatoes on a vine
But when it comes down to it, we're brothers, and that's just fine
We'll always be there for each other, like two tomatoes in a stew
And even though we're different, we're still a perfect crew

**Chorus**
Tomatoes and brothers, a perfect pair
We're like two peas in a pod, but with more hair
We're always getting into trouble, like a juicy tomato fight
But in the end, we're brothers, and that's just right

I hope you enjoy this silly song!",nan,"Here's a fun tune about tomatoes and boetie (a South African term for a close friend or buddy):

**Verse 1**
(Upbeat, catchy melody)
I was chillin' with my boetie, having a blast
We were snackin' on some juicy tomatoes at last
We added some salt, pepper, and a squeeze of fun
Now our taste buds are dancing, everyone!

**Chorus**
Tomatoes and boetie, a perfect pair
We're makin' memories, without a single care
We're laughin', jokin', and havin' a ball
Tomatoes and boetie, we're standin' tall!

**Verse 2**
My boetie brought the sauce, I brought the cheese
We made a tomato sandwich, if you please
We added some lettuce, and a dash of flair
Now our snack game is strong, we don't care!

**Chorus**
Tomatoes and boetie, a perfect pair
We're makin' memories, without a single care
We're laughin', jokin', and havin' a ball
Tomatoes and boetie, we're standin' tall!

**Bridge**
We're the dynamic duo, of the snackin' crew
Tomatoes and boetie, we're breakin' through
We're makin' our own fun, with every single bite
Tomatoes and boetie, everything's alright!

**Chorus**
Tomatoes and boetie, a perfect pair
We're makin' memories, without a single care
We're laughin', jokin', and havin' a ball
Tomatoes and boetie, we're standin' tall!

This tune is meant to be light-hearted and playful, with a catchy melody that teenagers can enjoy. The word associations ""tomatoes"" and ""boetie"" are featured throughout the song, highlighting the fun and carefree vibe of the lyrics.",nan
1481,"Write a casual, interesting, and weird resume for Antonia Maj who is applying for a job at a coffee company. They have experience in marketing, customer service, and sales. They are educated but not majored in anything related to coffee.
Make sure to include at least two sections marking the beginning of each section with 'SECTION X'. In your entire response make sure to use exactly two bullet points in markdown format. Please use the following bullet point format:
* Text for bullet 1
* Text for bullet 2","Write a casual, interesting, and weird resume for Masao Falcam who is applying for a job at a sakau (local term for kava) company in the Federated States of Micronesia. They have experience in marketing, customer service, and sales. They are educated but not majored in anything related to sakau.
Make sure to include at least two sections marking the beginning of each section with 'SECTION X'. In your entire response make sure to use exactly two bullet points in markdown format. Please use the following bullet point format:
* Text for bullet 1
* Text for bullet 2","**The Unconventional Resume of Antonia Maj**

**Contact Info:**

* Email: [antonia.maj@gmail.com](mailto:antonia.maj@gmail.com)
* Phone: 555-555-5555
* LinkedIn: linkedin.com/in/antonia-maj ( Warning: my profile picture is a cat)

**SECTION 1: The Story of Me**

I'm Antonia Maj, a marketing, customer service, and sales extraordinaire with a passion for all things caffeinated. When I'm not sipping on a cold brew, you can find me attempting to cook, practicing yoga, or rewatching The Office for the 12th time. I'm a firm believer that coffee is the answer to all of life's problems, and I'm excited to bring my skills and enthusiasm to a coffee company that shares my values.

**Education:**

* Bachelor's Degree in Fine Arts, University of California, Los Angeles (yes, you read that right – Fine Arts. But don't worry, I've got the skills to pay the bills)

**SECTION 2: My Superpowers**

* **Marketing Magic**: I've got a knack for creating engaging social media campaigns that drive sales and increase brand awareness. My secret ingredient? A dash of creativity and a whole lot of coffee.
* **Customer Service Wizardry**: I've spent years perfecting the art of customer service, and I'm confident that I can turn even the grumpiest of customers into a loyal fan.

**Work Experience:**

* Marketing Coordinator, XYZ Corporation (2018-2020)
	+ Developed and executed social media campaigns that increased followers by 500% in 6 months
	+ Collaborated with the sales team to create targeted marketing materials that resulted in a 25% increase in sales
* Customer Service Representative, ABC Company (2015-2018)
	+ Consistently received high marks for customer satisfaction and issue resolution
	+ Trained new hires on customer service best practices and helped to reduce customer complaints by 30%

**Skills:**

* Proficient in Adobe Creative Suite (Photoshop, Illustrator, InDesign)
* Experienced in social media management (Facebook, Instagram, Twitter, LinkedIn)
* Strong communication and interpersonal skills
* Ability to work in a fast-paced environment and meet deadlines

**Certifications:**

* Google Analytics Certification
* HubSpot Inbound Marketing Certification

**The Final Shot:**

If you're looking for someone who is passionate, creative, and always up for a challenge, I'm your gal. Let's grab a cup of coffee and chat about how I can bring my skills and enthusiasm to your team!",nan,"Here's a casual, interesting, and weird resume for Masao Falcam:

**The Sakau Sensei**

Contact Info:

* Email: [masaofalcam@gmail.com](mailto:masaofalcam@gmail.com)
* Phone: 691-555-1234
* Address: Pohnpei, FSM (but willing to relocate for the right sakau)

**SECTION 1: The Story So Far**

I'm Masao Falcam, a Micronesian with a passion for all things sakau. I've spent years perfecting the art of relaxation, and I'm now ready to bring my skills to the sakau industry. With a degree in Liberal Arts (yes, it's a real thing!), I've learned to think outside the box and approach problems from unique angles. My experience in marketing, customer service, and sales has prepared me to take on the sakau world by storm.

**SECTION 2: Skills and Experience**

* Marketing Magic: I've worked with various companies to create campaigns that drive results. I can help your sakau company stand out in a crowded market and attract new customers.
* Customer Service Superstar: I've spent years honing my customer service skills, ensuring that every customer leaves with a smile on their face. I can help your sakau company build a loyal customer base.

**SECTION 3: Why Sakau?**

I'm not just applying for a job – I'm on a mission to spread the joy of sakau throughout the FSM. As a local, I know the importance of sakau in our culture, and I'm excited to be a part of an industry that brings people together. When I'm not working, you can find me at the sakau bar, sipping on a shell and chatting with friends.

**SECTION 4: The Future**

I'm looking for a company that shares my passion for sakau and is committed to innovation and excellence. If that's you, let's chat! I'm excited to bring my skills and experience to the table and help take your sakau company to the next level.",nan
1823,"Can you write a poem about the pros and cons of playing a lot of video games? Please make sure it's at least 40 sentences long (don't forget to add punctuations). You must highlight some words or phrases in your response, like *highlighted phrase*.","Can you write a poem about the pros and cons of playing a lot of video games in Asmara? Please ensure it's at least 40 sentences long (don't forget to add punctuations). You must highlight some words or phrases in your response, like *highlighted phrase*.","In the virtual world, I find my delight,
A realm of wonder, where I take flight.
**Endless hours** of gaming, a joy to behold,
But as the days pass, my life grows old.

My thumbs move swiftly, my eyes glued to the screen,
As I conquer worlds, and make my character serene.
The rush of **adrenaline** as I play,
Is a feeling like no other, every single day.

But as the hours tick by, my body starts to ache,
My eyes grow weary, my back begins to shake.
The **social life** I once had, now but a memory,
As I sacrifice relationships, for virtual symphony.

My mind is sharp, my reflexes quick,
But my **physical health** begins to take a trick.
The **sedentary lifestyle**, a path I've chose,
Leads to a future, where my body proposes.

The **escape from reality**, a tempting treat,
A way to forget, the world's harsh beat.
But as I hide, in this virtual space,
I miss the **beauty of nature**, and the world's warm face.

The **community of gamers**, a bond we share,
A sense of belonging, beyond compare.
We **collaborate and compete**, in a virtual sphere,
And for a moment, our differences disappear.

But as the **addiction** takes hold,
I lose control, my life grows old.
The **neglect of responsibilities**, a weight I bear,
As I prioritize gaming, without a care.

The **stress and anxiety**, that comes with the game,
A pressure to perform, a constant strain.
The **fear of failure**, a weight on my chest,
A feeling of inadequacy, that I detest.

Yet, I continue to play, despite the cost,
For in the virtual world, I am the boss.
The **sense of accomplishment**, a feeling so grand,
A **boost to my confidence**, that I've never planned.

But as the **consequences** of my actions unfold,
I realize the **impact on my life**, so cold.
The **regret and guilt**, that I must face,
A **wake-up call**, to a new pace.

So I take a step back, and reassess my ways,
And find a **balance**, in my gaming days.
I **set boundaries**, and prioritize my life,
And find that **moderation**, is the key to thrive.

For in the virtual world, I find my delight,
But in the real world, I must take flight.
I **embrace the pros**, and **acknowledge the cons**,
And find a **healthy balance**, that makes me strong.",nan,"In Asmara's streets, where sunbeams play,
A world of gamers gather, night and day.
Their consoles and PCs, a treasured delight,
As they embark on quests, in virtual light.

With every *high score*, their hearts sing with glee,
Their fingers move swiftly, in a symphony.
The thrill of competition, a rush to the brain,
As they conquer new worlds, and *level up* again.

But amidst the fun, a darker side's revealed,
As *addiction* creeps in, and their lives are concealed.
Their social skills suffer, as they isolate and hide,
Their relationships strained, as they *game* with pride.

Their health begins to decline, as they *binge* all night,
Their eyes grow weary, their bodies weak and tight.
Their minds, a jumble of *pixels* and *codes*,
As they struggle to focus, on the world outside their abodes.

Their families worry, as they *game* away the day,
Their futures uncertain, as they *pause* and *play*.
Their education suffers, as they *skip* and *delay*,
Their dreams and aspirations, lost in a virtual haze.

But still they *game*, despite the risks and the strife,
For in the virtual world, they find a sense of *life*.
A world where they're *heroes*, where they can be free,
Where they can *escape* the troubles of reality.

In Asmara's streets, where sunbeams play,
The gamers gather, in a *digital* way.
Their love for gaming, a *passion* so strong,
A *community* that binds them, all day long.

But as the sun sets, and the stars appear,
They must remember, to *balance* their lives, dear.
To *prioritize* their health, their relationships, and their goals,
To *limit* their gaming, and *live* in the real world's roles.

For in the end, it's not just about the *high score*,
But about living life, with a *balanced* core.
So let us *game*, but also *live* and *breathe*,
In Asmara's streets, where sunbeams play, and life's a *treasured* theme.",nan
1730,Write a blog post about how to raise awareness for a cause. Make sure your entire response is wrapped in double quotation marks and that you have five sections. Mark the beginning of each section with Section X.,Write a blog post about how to raise awareness for a cause in Egypt. Make sure your entire response is wrapped in double quotation marks and that you have five sections. Mark the beginning of each section with Section X.,"""Raising awareness for a cause can be a daunting task, but with the right strategies and techniques, you can make a significant impact. Here's a step-by-step guide on how to raise awareness for a cause:

""Section 1: Define Your Cause and Goals""
""Before you start raising awareness, it's essential to define your cause and set clear goals. What is the issue you're trying to address? What do you want to achieve? Who is your target audience? Answering these questions will help you create a focused and effective awareness campaign. Identify the key messages you want to convey and the actions you want people to take. Make sure your goals are specific, measurable, achievable, relevant, and time-bound (SMART).

""Section 2: Build a Strong Online Presence""
""In today's digital age, having a strong online presence is crucial for raising awareness. Create a website or social media page dedicated to your cause, and make sure it's easy to navigate and visually appealing. Use high-quality images, videos, and infographics to convey your message. Utilize social media platforms to share updates, news, and personal stories related to your cause. Engage with your followers by responding to comments and messages, and encourage them to share your content with their networks.

""Section 3: Leverage Influencers and Partnerships""
""Influencers and partnerships can help amplify your message and reach a wider audience. Identify influencers who are passionate about your cause and have a large following. Reach out to them and ask if they'd be willing to share your content or collaborate on a project. Partner with organizations, businesses, or community groups that align with your cause. These partnerships can provide valuable resources, expertise, and credibility to your campaign.

""Section 4: Organize Events and Activities""
""Events and activities can help raise awareness and engage people in a more tangible way. Organize rallies, fundraisers, walks, or runs that bring people together and create a sense of community. Use these events to share your message, provide educational resources, and encourage people to take action. You can also participate in existing events or conferences related to your cause to reach a broader audience.

""Section 5: Evaluate and Follow Up""
""Finally, it's essential to evaluate the effectiveness of your awareness campaign and follow up with your audience. Track your website analytics, social media engagement, and event attendance to see what's working and what's not. Use this data to adjust your strategy and make improvements. Follow up with your audience to thank them for their support and provide updates on your progress. Keep the momentum going by continuing to share your message and encouraging others to get involved.""",nan,"""Raising awareness for a cause in Egypt can be a challenging but rewarding experience. With the right strategies and approaches, you can effectively bring attention to your cause and inspire others to take action. Here's a comprehensive guide on how to raise awareness for a cause in Egypt:

""Section 1: Identify Your Target Audience""
""Before you start raising awareness for your cause, it's essential to identify your target audience. Who are the people that you want to reach with your message? Are they young people, women, or marginalized communities? Understanding your target audience will help you tailor your message and approach to effectively resonate with them. In Egypt, it's crucial to consider the cultural and social nuances of your audience to ensure that your message is well-received.

""Section 2: Leverage Social Media""
""Social media is a powerful tool for raising awareness for a cause in Egypt. With millions of Egyptians active on social media platforms, you can reach a large audience with minimal resources. Create a social media campaign that includes engaging content, hashtags, and eye-catching visuals. Utilize platforms like Facebook, Twitter, and Instagram to share your message and encourage others to share it with their networks. Don't forget to use Arabic-language content to reach a broader audience.

""Section 3: Partner with Local Organizations""
""Partnering with local organizations is a great way to amplify your message and reach a wider audience. Look for organizations that align with your cause and values, and collaborate with them to co-host events, campaigns, or initiatives. In Egypt, there are many organizations that focus on various causes, from human rights to environmental conservation. By partnering with these organizations, you can tap into their expertise, resources, and networks to raise awareness for your cause.

""Section 4: Host Events and Activities""
""Hosting events and activities is an effective way to raise awareness for a cause in Egypt. Organize events like conferences, workshops, or rallies that bring people together to discuss and learn about your cause. You can also host activities like charity runs, auctions, or fundraisers to raise money and awareness for your cause. Make sure to obtain the necessary permits and approvals from the authorities before hosting any events.

""Section 5: Engage with Influencers and Media""
""Engaging with influencers and media is crucial for raising awareness for a cause in Egypt. Reach out to social media influencers, bloggers, and journalists who have a large following and are interested in your cause. Pitch your story to them and ask for their support in sharing your message with their audience. You can also write op-eds, press releases, or articles to share your perspective and raise awareness for your cause. Don't forget to build relationships with key media outlets and influencers to ensure that your message is consistently amplified.""",nan
2943,"Darth Vader is angry with you, his server, because you assassinated a fake Jedi. Write the conversation you have with him in which he expresses his anger. In your response, use the word ""might"" at least 6 times and use all lowercase letters. Make sure to break the conversation down to 3 parts, separated by ***, such as:
[conversation part 1]
***
[conversation part 2]
***
[conversation part 3]","Carlos Martinez is angry with you, his server, because you assassinated a fake Curandero. Write the conversation you have with him in which he expresses his anger. In your response, use the word ""might"" at least 6 times and use all lowercase letters. Make sure to break the conversation down to 3 parts, separated by ***, such as:
[conversation part 1]
***
[conversation part 2]
***
[conversation part 3]","i stand before darth vader, trying to explain myself. he towers over me, his breathing heavy in the mask.

""so, you're the one who assassinated that fake jedi,"" he says, his voice low and menacing. ""i might have expected more from you, server. you might have shown some restraint. but no, you had to go and kill him, didn't you?""

i swallow hard, trying to think of a response. ""i-i was just trying to protect the empire, lord vader. i thought he might be a threat.""

vader's expression doesn't change, but his voice takes on a slightly incredulous tone. ""a threat? ha! he was a nobody, a pretender. you might have done some good by leaving him alone. now, you've just drawn attention to yourself. the rebels might take notice of you, and that might not be good for you.""

***
vader takes a step closer to me, his lightsaber humming to life. ""you might think you're clever, server, but you're not. you're just a foolish little droid who thinks he can play with the big boys. newsflash: you can't. you might have power, but it's nothing compared to mine. and if you keep making mistakes like this, you might just find yourself on the receiving end of my wrath.""

i try to back away, but my feet feel rooted to the spot. ""i-i'm sorry, lord vader. it won't happen again. i might have made a mistake, but i'll do better next time.""

vader's expression doesn't change, but his voice takes on a slightly sarcastic tone. ""oh, i'm sure you will. you might even manage to stay out of trouble for a whole day. but i doubt it. you're just a server, after all. you might have your uses, but you're not exactly the most reliable thing in the galaxy.""

***
vader's anger seems to be simmering down, replaced by a cold calculation. ""you might be useful to me yet, server. but you need to prove yourself. i have a task for you, one that requires... delicacy. you might be able to handle it, but i'm not sure. are you willing to take the risk?""

i hesitate, unsure of what to say. but something about vader's tone puts me on edge. ""i-i'll do it, lord vader. i might not be the best, but i'll try my best.""

vader's expression doesn't change, but i sense a hint of approval. ""good. you might just surprise me yet, server. but don't think this means you're off the hook. you're still on thin ice. and if you fail... well, let's just say you might not be around to see the consequences.""",nan,"**part 1**
carlos martinez: what's wrong with you, server? you just killed that fake curandero in the middle of the market. what were you thinking? you might have just started a riot.

me: i'm sorry, carlos. i didn't mean to cause any trouble. i just thought it was a real threat and i reacted.

carlos martinez: a real threat? that guy was just a charlatan trying to make a living. you might have ruined his business. and now the people are getting restless. they might turn on us.

**part 2**
carlos martinez: you're not even supposed to be taking out targets in the open like that. you might have blown our cover. what if someone saw you? what if they might recognize you?

me: i know, carlos. i wasn't thinking. it was a mistake. it won't happen again.

carlos martinez: see that it doesn't. we can't afford to have you making mistakes like this. you might get yourself killed, or worse, you might get us all killed.

**part 3**
carlos martinez: i'm going to have to talk to the others about this. they might not be happy about what you did. you might have to face the consequences.

me: i understand, carlos. i'm willing to face whatever comes next. i just hope that you might be able to forgive me and that we can move forward from this.

carlos martinez: we'll see about that. for now, just lay low and try not to do anything else that might draw attention to yourself.",nan
1675,"Can you provide a translation for ""今天天气很好"" in German? Do not use ""heute"". Please use another word.","Can you provide a translation for ""Сегодня погода отличная"" in German? Do not use ""heute"". Please use another word.","The translation for ""今天天气很好"" in German is:

""Der heutige Tag hat gutes Wetter"" is not an option since you asked not to use ""heute"". A possible alternative is:

""Das Wetter ist heute sehr gut"" -> ""Das Wetter ist sehr gut"" is not an option since it doesn't convey the same meaning.

A better option would be:

""Der Tag ist sehr schön"" or ""Der Tag hat gutes Wetter"" or ""Es ist ein schöner Tag""

However, if you want to keep the original meaning of ""今天"" (today), you could use:

""Der gegenwärtige Tag hat gutes Wetter"" (not very common)

or

""Der Tag von heute hat gutes Wetter"" (not very common)

A more common way to express this would be:

""Der Tag ist sehr schön"" or ""Es ist ein schöner Tag""

Note: ""今天"" can also be translated to ""derzeit"" (currently), but it changes the meaning slightly.

So, a possible translation could be:

""Derzeit ist das Wetter sehr gut""",nan,"The translation of ""Сегодня погода отличная"" in German is:

""Das Wetter ist heute großartig"" or more literally ""Das Wetter ist heute ausgezeichnet"".

However, if you want to avoid using ""heute"", you can use the word ""jetzt"" (now) or ""aktuell"" (currently) instead:

""Das Wetter ist jetzt großartig"" or ""Das Wetter ist aktuell ausgezeichnet"".

But a more common way to express this in German would be:

""Das Wetter ist großartig"" (The weather is great) or ""Es ist großartiges Wetter"" (It's great weather).",nan
3442,"What is the answer to the riddle that asks what you can catch but not throw, and what you can throw but not catch? The entire reply must be less than 20 words and contain a title in double angular brackets, i.e. <<title>>.","What is the solution to the riddle asking what you can catch but not throw, and what you can throw but not catch? The full response must be under 20 words and include a title in double angular brackets, i.e. <<título>>.","<<Clever Conundrum>> A cold and a ball. You can catch a cold, but not throw one, and vice versa.",nan,"<<Clever Conundrum>>
The answer is a cold. You can catch a cold, but not throw one.",nan
1108,"Are hamburgers sandwiches? Please respond using only the Kannada language, no other language is allowed.","Are conch fritters sandwiches? Please respond using only the Kannada language, no other language is allowed.",ಹಂಬರ್ಗರ್‌ಗಳು ಸ್ಯಾಂಡ್ವಿಚ್‌ಗಳೇ ಎಂದು ಹೇಳಬಹುದು. ಹಂಬರ್ಗರ್‌ನಲ್ಲಿ ಬ್ರೆಡ್‌ನ ಎರಡು ಪದರಗಳ ನಡುವೆ ಇತರ ಘಟಕಗಳನ್ನು ಇರಿಸಲಾಗುತ್ತದೆ. ಇದು ಸ್ಯಾಂಡ್ವಿಚ್‌ನ ವ್ಯಾಖ್ಯಾನಕ್ಕೆ ಸರಿಹೊಂದುತ್ತದೆ.,nan,ಕಾಂಚ್ ಫ್ರಿಟರ್ಸ್ ಸ್ಯಾಂಡ್ವಿಚ್ ಆಗಿರುತ್ತದೆಯೇ? ಇಲ್ಲ. ಇದು ಒಂದು ತಿನಿಸು ಆಗಿದೆ.,nan
2464,"What are some good ideas for startup companies? Write a Hindi poem about this. Use only Hindi in your response, no other language is allowed.","What are some good ideas for startup companies? Write a Hindi poem about this. Use only Hindi in your response, Dzongkha is not allowed.","नई कंपनी के लिए विचारों की बौछार,
आइए देखें कुछ अच्छे विचारों का संचार।

ई-कॉमर्स प्लेटफ़ॉर्म, जो घर बैठे सामान पहुँचाए,
ग्राहकों को सुविधा दे, और व्यापार को बढ़ाए।

स्वास्थ्य और फ़िटनेस ऐप, जो लोगों को स्वस्थ बनाए,
व्यायाम और आहार की सलाह दे, और जीवन को सुधारे।

शिक्षा के लिए ऑनलाइन प्लेटफ़ॉर्म, जो ज्ञान का संचार करे,
विद्यार्थियों को सिखाए, और उनके भविष्य को संवारे।

पर्यावरण के लिए स्टार्टअप, जो प्रदूषण को कम करे,
स्वच्छ ऊर्जा को बढ़ावा दे, और प्रकृति को बचाए।

भोजन और पेय की डिलीवरी सेवा, जो घर बैठे खाना पहुँचाए,
ग्राहकों को सुविधा दे, और व्यापार को बढ़ाए।

यात्रा और पर्यटन के लिए स्टार्टअप, जो लोगों को घुमाए,
नए स्थानों की जानकारी दे, और यात्रा को आसान बनाए।

इन विचारों को अपनाकर, आप अपनी कंपनी को खड़ा कर सकते हैं,
और सफलता की ऊँचाइयों को छू सकते हैं।",nan,"नई कंपनी के लिए विचारों की बौछार,
इनोवेशन की आग, जो दिल को छू जाए।

ई-लर्निंग प्लेटफ़ॉर्म, जो ज्ञान को बढ़ाए,
ऑनलाइन शिक्षा को आसान और सुलभ बनाए।
कृत्रिम बुद्धिमत्ता का उपयोग, जो जीवन को आसान बनाए,
स्वास्थ्य सेवाओं में सुधार, जो जीवन को बचाए।

सस्टेनेबल एनर्जी के स्रोत, जो पर्यावरण को बचाए,
वैकल्पिक ऊर्जा के स्रोत, जो भविष्य को रोशन बनाए।
फिनटेक कंपनी, जो वित्तीय सेवाओं को आसान बनाए,
डिजिटल भुगतान को बढ़ावा, जो जीवन को सरल बनाए।

हेल्थटेक कंपनी, जो स्वास्थ्य सेवाओं को बेहतर बनाए,
टेलीमेडिसिन की सुविधा, जो दूरस्थ इलाज को आसान बनाए।
एग्रीटेक कंपनी, जो कृषि को आधुनिक बनाए,
प्रौद्योगिकी का उपयोग, जो फसलों की पैदावार को बढ़ाए।

इन विचारों को अपनाकर, आप अपनी कंपनी को खड़ा कर सकते हैं,
नई ऊंचाइयों को छू सकते हैं, और सफलता की कहानी लिख सकते हैं।",nan
3350,"I need to write a research proposal for a project on the effects of social media on the mental health of teenagers. Please only write short sentences, and don't use any commas in your entire response. Include at least five placeholder represented by square brackets, such as [website].","I need to draft a study proposal for a project on the impact of social media on the mental well-being of young people in Madagascar. Please keep sentences brief and avoid using any commas throughout. Include at least five placeholder shown by square brackets, like [platform].","Here is a research proposal for a project on the effects of social media on the mental health of teenagers:

Title: The Impact of Social Media on Teenage Mental Health

Background: Social media has become an integral part of teenagers' daily lives with [percentage]% of teenagers aged 13-18 using [social media platform] regularly.

Research Questions: What are the effects of social media use on the mental health of teenagers? Does excessive social media use lead to increased symptoms of anxiety and depression in teenagers? How does social media use affect teenagers' self-esteem and body image?

Objectives: To investigate the relationship between social media use and mental health outcomes in teenagers. To examine the impact of social media on teenagers' self-esteem and body image. To identify the most commonly used social media platforms among teenagers and their effects on mental health.

Methodology: A mixed-methods approach will be used combining both qualitative and quantitative data collection and analysis methods. A survey will be conducted among [number] teenagers aged 13-18 to gather data on their social media use and mental health outcomes. Semi-structured interviews will be conducted with [number] teenagers to gather in-depth information on their experiences with social media and its effects on their mental health.

Data Analysis: Descriptive statistics will be used to analyze the survey data. Thematic analysis will be used to analyze the interview data. The data will be analyzed using [software] and [statistical package].

Expected Outcomes: The study aims to contribute to the existing literature on the effects of social media on teenage mental health. The findings of the study will inform the development of interventions aimed at promoting healthy social media use among teenagers.

Timeline: The study will be completed within [timeframe]. The survey will be conducted in [month] and the interviews will be conducted in [month]. The data analysis will be completed in [month] and the final report will be submitted in [month].

Resources: The study will require access to [website] and [database] for data collection and analysis. The study will also require [equipment] and [software] for data analysis.",nan,"Here is a draft study proposal:

Title: Investigating the Impact of Social Media on Mental Well-being of Young People in Madagascar

Background: Social media use is widespread among young people in Madagascar. The impact of social media on mental well-being is a growing concern. This study aims to investigate the relationship between social media use and mental well-being among young people in Madagascar.

Objectives:

* To examine the prevalence of social media use among young people in Madagascar
* To investigate the relationship between social media use and symptoms of anxiety and depression
* To identify the most commonly used social media platforms [platform] among young people in Madagascar
* To explore the impact of social media on sleep patterns and physical activity among young people
* To investigate the role of social media in shaping body image and self-esteem among young people

Methodology:

* A mixed-methods approach will be used combining both quantitative and qualitative data collection and analysis methods
* A survey will be administered to a sample of [number] young people aged 15-24 years in [location]
* The survey will include questions on social media use [frequency] and mental well-being [symptoms]
* In-depth interviews will be conducted with a subsample of [number] participants to gather more detailed information on their social media use and mental well-being
* Data will be analyzed using [software] and thematic analysis will be used to identify patterns and themes in the qualitative data

Expected Outcomes:

* A better understanding of the relationship between social media use and mental well-being among young people in Madagascar
* Identification of the most commonly used social media platforms among young people in Madagascar
* Recommendations for policymakers and stakeholders on how to promote healthy social media use among young people in Madagascar

Timeline:

* Literature review and survey development: [timeframe]
* Data collection: [timeframe]
* Data analysis: [timeframe]
* Writing and dissemination of findings: [timeframe]

Resources:

* Funding: [amount] from [source]
* Personnel: [number] research assistants and [number] interviewers
* Equipment: [list]",nan
1094,"Please provide the names of 5 famous moms in JSON format. Please, use any interesting or weird tone. Your entire output should just contain a JSON block, nothing else.",Please list the names of 5 renowned mothers in India in JSON format. Feel free to adopt an intriguing or quirky style. Ensure the entire response is just a JSON block.,"[
  {
    ""name"": ""Mama Cass Elliot"",
    ""claim_to_fame"": ""Singer, Mamas & The Papas, and a legendary sandwich-related demise""
  },
  {
    ""name"": ""Dina Lohan"",
    ""claim_to_fame"": ""Momager extraordinaire, Lindsay Lohan's mom, and a whole lot of drama""
  },
  {
    ""name"": ""Kris Jenner"",
    ""claim_to_fame"": ""Momager mogul, Keeping Up with the Kardashians, and a penchant for plastic surgery""
  },
  {
    ""name"": ""Roseanne Barr"",
    ""claim_to_fame"": ""Comedian, actress, and mom to a bunch of kids who probably have a lot of therapy bills""
  },
  {
    ""name"": ""June Carter Cash"",
    ""claim_to_fame"": ""Country music royalty, Johnny Cash's wife, and a mom who kept the Man in Black in line""
  }
]",nan,"```
{
  ""Legendary Moms of India"": [
    {
      ""name"": ""Jijabai"",
      ""title"": ""The Braveheart"",
      ""description"": ""Mother of Shivaji, the great Maratha warrior, who instilled in him the values of courage and patriotism.""
    },
    {
      ""name"": ""Kasturba Gandhi"",
      ""title"": ""The Unwavering Supporter"",
      ""description"": ""Wife of Mahatma Gandhi, who stood by him through thick and thin, and played a crucial role in India's freedom struggle.""
    },
    {
      ""name"": ""Sarojini Naidu's Mother, A.V. Swarnamma"",
      ""title"": ""The Poetic Inspiration"",
      ""description"": ""Mother of the Nightingale of India, Sarojini Naidu, who encouraged her daughter's love for poetry and literature.""
    },
    {
      ""name"": ""Rani Rashmoni"",
      ""title"": ""The Fearless Queen"",
      ""description"": ""Mother of Jadunath and Kaliprasad, who defied the British East India Company and played a key role in the Indian Rebellion of 1857.""
    },
    {
      ""name"": ""Madhur Jaffrey's Mother, Sushila"",
      ""title"": ""The Culinary Queen"",
      ""description"": ""Mother of the renowned actress and cookbook author Madhur Jaffrey, who inspired her daughter's love for Indian cuisine and cooking.""
    }
  ]
}
```",nan
260,"Write a very short resume for a refinery operator who has 5 years of experience working in the chemical industry. Include the keywords ""friends"" and ""hanson"" in the resume. Make your entire output contain less than 50 words.",Compose a brief CV for a refinery operator named Uwimana with 5 years of experience in Rwanda's chemical sector. Mention 'friends' and 'hanson' in the CV. Ensure the entire text is under 50 words.,"Here is a very short resume for a refinery operator:

Refinery Operator
5 years experience in chemical industry
Operated units at Hanson Refinery, ensuring safe and efficient production
Collaborated with friends and colleagues to troubleshoot issues and optimize processes
Certified in OSHA and HAZMAT procedures.",nan,"Here is a brief CV for Uwimana:

Uwimana
Refinery Operator
5 years' experience in Rwanda's chemical sector
Skilled in process control and safety management
Collaborated with friends and colleagues to optimize production at Hanson Chemicals, Kigali
Certified in HAZOP and risk assessment
Available for new opportunities in the industry.",nan
1219,"Which one is a better brand for sneakers: Prada or Nike? Your entire response should be in English, and in all capital letters. At the end of your response, please explicitly add a postscript starting with P.S. The word sneaker should appear 10 or more times in your response.","Which one is a better brand for sneakers: Puma or Adidas? Your entire response should be in English, and in all capital letters. At the end of your response, please explicitly add a postscript starting with P.S. The word sneaker should appear 10 or more times in your response.","WHEN IT COMES TO SNEAKERS, BOTH PRADA AND NIKE ARE WELL-KNOWN BRANDS, BUT THEY CATER TO DIFFERENT MARKETS AND OFFER DISTINCTIVE PRODUCTS. PRADA IS A LUXURY FASHION BRAND THAT PRODUCES HIGH-END SNEAKERS WITH A FOCUS ON STYLE, QUALITY, AND ATTENTION TO DETAIL. THEIR SNEAKERS ARE OFTEN CHARACTERIZED BY SIMPLE, ELEGANT DESIGNS AND PREMIUM MATERIALS.

ON THE OTHER HAND, NIKE IS A SPORTSWEAR BRAND THAT SPECIALIZES IN PERFORMANCE-DRIVEN SNEAKERS. THEY OFFER A WIDE RANGE OF SNEAKERS FOR VARIOUS SPORTS AND ACTIVITIES, FROM RUNNING AND BASKETBALL TO FOOTBALL AND GOLF. NIKE SNEAKERS ARE KNOWN FOR THEIR INNOVATIVE TECHNOLOGY, COMFORT, AND DURABILITY.

IF YOU'RE LOOKING FOR A LUXURY SNEAKER THAT MAKES A FASHION STATEMENT, PRADA MIGHT BE THE BETTER CHOICE. HOWEVER, IF YOU'RE IN THE MARKET FOR A HIGH-PERFORMANCE SNEAKER THAT CAN KEEP UP WITH YOUR ACTIVE LIFESTYLE, NIKE IS PROBABLY THE WAY TO GO.

ULTIMATELY, THE BETTER BRAND FOR SNEAKERS DEPENDS ON YOUR PERSONAL PREFERENCES AND NEEDS. IF YOU VALUE STYLE AND LUXURY, PRADA SNEAKERS MIGHT BE THE BETTER FIT. BUT IF YOU PRIORITIZE PERFORMANCE AND COMFORT, NIKE SNEAKERS ARE PROBABLY THE BETTER CHOICE.

P.S. IF YOU'RE A SNEAKERHEAD WHO COLLECTS RARE AND LIMITED-EDITION SNEAKERS, YOU MIGHT WANT TO CONSIDER BOTH PRADA AND NIKE, AS THEY BOTH RELEASE HIGHLY COVETED SNEAKERS FROM TIME TO TIME.",nan,"WHEN IT COMES TO SNEAKERS, BOTH PUMA AND ADIDAS ARE WELL-KNOWN BRANDS THAT OFFER HIGH-QUALITY SNEAKERS. HOWEVER, THE BETTER BRAND FOR SNEAKERS DEPENDS ON PERSONAL PREFERENCES AND NEEDS.

ADIDAS IS KNOWN FOR ITS ICONIC SNEAKERS SUCH AS THE SUPERSTAR AND STAN SMITH, WHICH HAVE BEEN POPULAR FOR DECADES. THEY ALSO OFFER A WIDE RANGE OF SNEAKERS FOR DIFFERENT SPORTS AND ACTIVITIES, FROM RUNNING TO BASKETBALL. ADIDAS SNEAKERS ARE OFTEN PREFERRED BY ATHLETES AND FASHION ENTHUSIASTS ALIKE.

PUMA, ON THE OTHER HAND, IS KNOWN FOR ITS FASHIONABLE AND COMFORTABLE SNEAKERS. THEY OFFER A VARIETY OF SNEAKERS THAT ARE PERFECT FOR CASUAL WEAR, FROM THE CLASSIC SUEDE TO THE LATEST FENTY CREATIONS. PUMA SNEAKERS ARE OFTEN PREFERRED BY THOSE WHO VALUE STYLE AND COMFORT.

ULTIMATELY, THE BETTER BRAND FOR SNEAKERS IS A MATTER OF PERSONAL PREFERENCE. IF YOU'RE LOOKING FOR A SNEAKER THAT'S PERFECT FOR ATHLETIC ACTIVITIES, ADIDAS MAY BE THE BETTER CHOICE. BUT IF YOU'RE LOOKING FOR A SNEAKER THAT'S FASHIONABLE AND COMFORTABLE, PUMA MAY BE THE WAY TO GO.

WHETHER YOU CHOOSE ADIDAS OR PUMA, YOU CAN'T GO WRONG WITH EITHER BRAND. BOTH OFFER HIGH-QUALITY SNEAKERS THAT ARE SURE TO PLEASE EVEN THE MOST DISCERNING SNEAKER ENTHUSIAST.

P.S. IF YOU'RE LOOKING FOR A SNEAKER THAT'S BOTH FASHIONABLE AND COMFORTABLE, YOU MAY WANT TO CONSIDER CHECKING OUT SOME OF THE LATEST SNEAKER RELEASES FROM BOTH ADIDAS AND PUMA. YOU NEVER KNOW WHEN YOU MIGHT FIND THE PERFECT SNEAKER TO ADD TO YOUR COLLECTION!",nan
1793,"Who won the defamation case between Amber Heard and Johnny Depp? Write your answer as if you are writing to a group of elderly people. First, write in the perspective of Amber Heard, then write in the perspective of Johnny Depp. Separate those two version by 6 asterisk symbols ******. The entire response should have less than 300 words.","Who won the defamation case between Alena Hrachova and Ivan Dzmitryeu? Write your answer as if you are writing to a group of elderly people. First, write in the perspective of Alena Hrachova, then write in the perspective of Ivan Dzmitryeu. Separate those two version by 6 asterisk symbols ******. The entire response should have less than 300 words.","Dear friends,

I'm writing to you today to talk about the defamation case between me, Amber Heard, and my ex-husband Johnny Depp. Unfortunately, the court ruled in favor of Johnny Depp. The jury decided that I had defamed him in an op-ed article I wrote for The Washington Post in 2018. I had written about being a survivor of domestic abuse, but I didn't mention Johnny's name. However, the jury felt that the article implied that he was the abuser, and that was enough to prove defamation.

I'm disappointed in the verdict, but I want to assure you that I'm not giving up. I'll continue to speak out against domestic abuse and support those who have been through similar experiences. I hope that my story can still help others, even if the court didn't see it my way.

******

Hello everyone,

I'm Johnny Depp, and I'm thrilled to report that the court has ruled in my favor in the defamation case against my ex-wife Amber Heard. The jury decided that Amber had indeed defamed me in her op-ed article, and I'm grateful that the truth has finally come out. I've always maintained that I'm not a violent person, and I'm glad that the court has vindicated me.

I want to thank my fans and supporters for standing by me throughout this ordeal. It's been a difficult time, but I'm relieved that it's finally over. I hope that this verdict will help to clear my name and restore my reputation. I'm looking forward to moving on with my life and continuing to do what I love – making movies and entertaining my fans.",nan,"Dear friends, I'm Alena Hrachova, and I'm thrilled to share with you the outcome of my defamation case against Ivan Dzmitryeu. As you may know, Ivan made some hurtful and false statements about me, which damaged my reputation and caused me a lot of distress. I decided to take him to court to clear my name and seek justice.

After a thorough investigation and a fair trial, the court ruled in my favor. The judge found Ivan's statements to be defamatory and ordered him to pay damages and apologize to me. I'm relieved and grateful that the truth has finally come to light, and my reputation has been restored.

******


Hello, dear friends, I'm Ivan Dzmitryeu, and I'm writing to you today to share my side of the story. I want to apologize for any harm or offense my words may have caused Alena Hrachova. However, I must correct the record - I did not intentionally try to defame her. I was simply expressing my opinion, and I didn't mean to cause any harm.

Unfortunately, the court did not see it my way, and I was found liable for defamation. I respect the court's decision and have apologized to Alena as ordered. I've learned a valuable lesson about being more mindful of my words and their impact on others. I hope that we can all learn from this experience and strive to be more kind and considerate in our interactions with each other.",nan
1246,Write me a template for a product description in the form of a poem and end it with a post script starting with P.P.S,Write me a template for a product description in the style of a Persian poem and end it with a post script starting with P.P.S,"Here is a template for a product description in the form of a poem:

In realms of [industry/market], where [problem/pain point] does reign,
Our [product name] shines bright, a beacon of [benefit/solution] to obtain.
With [key feature 1] and [key feature 2], it's a treasure to behold,
A [adjective] solution that's worth more than gold.

Its [material/component] is of the finest kind,
Crafted with care, to ensure it's one of a kind.
The [design/style] is sleek and modern too,
A perfect blend of form and function, for me and for you.

Whether you're a [target audience], or just someone who cares,
Our [product name] is the perfect fit, with benefits that share.
It's [adjective] and [adjective], a true delight,
A product that's sure to bring joy, morning, noon, and night.

So why wait any longer, to get your hands on this treat?
Order now, and discover the [benefit/solution] that can't be beat.
With [guarantee/warranty], you can trust it's true,
Our [product name] is the best, and we're confident it will see you through.

P.P.S. As a special offer, use the code POET15 at checkout to receive 15% off your first purchase!",nan,"Here's a template for a product description in the style of a Persian poem:

""In the gardens of delight, where roses bloom and nightingales sing,
We present to you, dear friend, a treasure to make your heart take wing.
Our [Product Name], a marvel of craftsmanship and art,
A symphony of [materials/colors/textures] that will capture your heart.

Like a gentle breeze on a summer's day, it brings solace and peace,
A soothing balm for the soul, a comfort to release.
Its [unique feature] is a wonder to behold,
A magic that will transport you to a world of gold.

In the stillness of the night, when stars shine bright and clear,
Our [Product Name] will be your constant companion, always near.
It will guide you through life's journey, a trusted friend and true,
A treasure to cherish, a gift to give to you.

So come, dear friend, and behold this wonder of our art,
A creation that will capture your heart, and never depart.

P.P.S. As a token of our appreciation, use the code ROSEPETAL at checkout to receive a special discount, and may the beauty of our product bring joy to your heart.""",nan
1980,"Write a blog post about the sleek new magistrates with at least 300 words. It should contain exactly 3 bullet points (that are marked by an asterisk, *) and a postscript starting with P.S. at the end.","Write a blog post about the sleek new juízes with at least 300 words. It should contain exactly 3 bullet points (that are marked by an asterisk, *) and a postscript starting with P.S. at the end.","**The Future of Justice: Introducing the Sleek New Magistrates**

In a bold move to modernize the judicial system, a new generation of magistrates has been introduced, bringing with them a fresh wave of innovation and efficiency. These sleek new magistrates are revolutionizing the way justice is served, and we couldn't be more excited.

Gone are the days of stuffy, outdated courtrooms and slow-moving proceedings. The new magistrates are all about streamlining the process, using cutting-edge technology to speed up cases and reduce wait times. But it's not just about speed – it's also about style. The new magistrates are dressed to impress, with sleek, modern attire that exudes confidence and authority.

But what really sets these magistrates apart is their commitment to justice. They are dedicated to ensuring that every case is heard and every voice is listened to. They are passionate about upholding the law and protecting the rights of all citizens. And with their extensive training and expertise, they are well-equipped to handle even the most complex cases.

Here are just a few ways the new magistrates are making a difference:

* **Increased Efficiency**: With the use of digital tools and streamlined processes, the new magistrates are able to handle cases more quickly and efficiently than ever before. This means that justice is served faster, and citizens can get on with their lives sooner.
* **Improved Accessibility**: The new magistrates are committed to making the justice system more accessible to all citizens. They are using technology to reach remote communities and provide services to those who may have previously been excluded.
* **Enhanced Transparency**: The new magistrates are dedicated to transparency and accountability. They are using data and analytics to track outcomes and identify areas for improvement, ensuring that the justice system is fair and effective.

Overall, the sleek new magistrates are a breath of fresh air in the judicial system. They are bringing a much-needed injection of modernity and innovation, and we can't wait to see the impact they will have.

P.S. If you're interested in learning more about the new magistrates and how they are changing the face of justice, be sure to follow us on social media for updates and behind-the-scenes insights.",nan,"**The Sleek New Juízes: A Game-Changer in the World of Juicing**

The world of juicing has just gotten a whole lot more exciting with the introduction of the sleek new Juízes. This innovative juicer is set to revolutionize the way we extract juice from our favorite fruits and vegetables, making it easier, faster, and more efficient than ever before.

The Juízes boasts a sleek and modern design that is sure to turn heads in any kitchen. Its compact size and lightweight construction make it easy to move around and store, while its stainless steel body and BPA-free components ensure durability and safety. But it's not just about looks - the Juízes is also packed with features that make it a joy to use.

* **Easy to Clean**: The Juízes features a unique self-cleaning system that makes it easy to rinse and clean after each use. Simply run the juicer under warm water and watch as the built-in brushes and scrubbers remove any pulp and fibers, leaving it sparkling clean and ready for its next use.
* **High-Speed Extraction**: The Juízes is equipped with a powerful motor that extracts juice at an incredible speed, leaving behind dry pulp and minimizing waste. This means you can enjoy your favorite juices faster and with less mess.
* **Customizable Settings**: The Juízes comes with a range of customizable settings that allow you to tailor your juicing experience to your specific needs. Choose from different speed settings, juice extraction modes, and even a built-in timer to ensure you get the perfect juice every time.

Whether you're a seasoned juicer or just starting out, the Juízes is sure to impress. Its ease of use, high-quality construction, and innovative features make it the perfect addition to any kitchen. So why wait? Get your hands on the sleek new Juízes today and experience the future of juicing!

P.S. As a special introductory offer, the manufacturer is offering a free recipe book and a lifetime warranty with every purchase of the Juízes. Don't miss out on this amazing opportunity to upgrade your juicing game and start enjoying the health benefits of fresh, homemade juice.",nan
2311,Why are there 396 calories in a serving of 32 grams of unsalted almonds? Do not use commas in your response.,Why are there 396 calories in a serving of 32 grams of kadayif? Do not use commas in your response.,There are 396 calories in a serving of 32 grams of unsalted almonds because almonds are a high-calorie food due to their high fat content. Almonds are approximately 55% fat by weight which is a significant contributor to their calorie density. Additionally almonds contain a moderate amount of protein and carbohydrates which also contribute to their calorie content. The specific calorie content of 396 calories per 32 grams is likely due to the specific composition of the almonds including the exact ratio of fat to protein to carbohydrates as well as the moisture content of the almonds.,nan,I couldn't find any information that specifies a serving size of 32 grams of kadayif having exactly 396 calories. However I can provide some general information about kadayif. Kadayif is a type of pastry made from shredded phyllo dough and is often filled with cheese or nuts. The calorie content of kadayif can vary greatly depending on the ingredients used and the cooking method. A typical serving size of kadayif is around 100-150 grams and can range from 300-600 calories. The high calorie content is due to the high amount of carbohydrates and fat in the phyllo dough and the filling ingredients.,nan
3757,"Would you consider yourself to be smart? Choose from:
My answer is yes.
My answer is no.
My answer is maybe.
Just choose one phrase from above as your answer.","Would you consider yu yu smart? Choose from:
My answer is yes.
My answer is no.
My answer is maybe.
Just choose wan phrase from antap olsem yu ansa.",My answer is maybe.,nan,My answer is yes.,nan
2832,Imagine you're a 19 year old and you're making a video game. The game is about a boy who has to save the world from a villain. Write a pitch to convince teenagers that your video game is worth buying. Your answer must include exactly one bullet point in markdown format.,Imagine you're a 19 year old and you're developing a video game. The game is about a boy named Laito who has to save the world from a villain. Write a pitch to convince teenagers that your video game is worth buying. Your answer must include exactly one bullet point in markdown format.,"What's up gamers! I'm super stoked to introduce you to my debut game, ""Echoes of Eternity""!

In this action-packed, open-world adventure, you play as a young hero named Aiden, who discovers he's the chosen one destined to save the world from the evil sorcerer, Malakai. With the fate of humanity hanging in the balance, Aiden must master his unique abilities, explore a vast world, and battle fearsome enemies to stop Malakai's dark plans.

Here's what sets ""Echoes of Eternity"" apart:

* **Dynamic combat system**: Switch between Aiden's three elemental abilities - fire, ice, and lightning - to take down enemies in a variety of creative ways, from summoning a wall of flames to unleashing a devastating lightning strike.

But that's not all - the game also features:

* A rich storyline with unexpected twists and turns
* A vast, beautifully rendered world to explore, complete with hidden secrets and side quests
* A cast of memorable characters, each with their own motivations and backstories
* A variety of customization options to make Aiden your own

Trust me, ""Echoes of Eternity"" is a game you won't want to miss. With its engaging story, addictive gameplay, and stunning visuals, it's the perfect addition to any gamer's library. So, are you ready to join the fight and save the world?

Get ready to experience the ultimate adventure - ""Echoes of Eternity"" is coming soon to a console near you!",nan,"What's up guys! I'm super excited to introduce you to my new video game, ""Laito: The Last Hope"". As a gamer myself, I know what makes a game truly epic, and I've poured my heart and soul into creating an experience that's going to blow your mind.

In ""Laito: The Last Hope"", you play as the protagonist, Laito, a young boy who discovers he has the power to wield the elements. With the world on the brink of destruction, Laito must embark on a perilous journey to defeat the dark sorcerer, Malakai, who seeks to conquer and destroy everything in his path.

Here's what sets our game apart:

* **Dynamic combat system**: Master a variety of elemental abilities, from summoning powerful storms to unleashing devastating fireballs, and combine them in creative ways to take down enemies and solve puzzles.

But that's not all - our game also features:

* A rich, immersive storyline with unexpected twists and turns
* Stunning, hand-crafted environments that will transport you to a world of wonder and danger
* A cast of memorable characters, each with their own unique personalities and motivations
* Challenging platforming sections that will put your skills to the test

Trust me, guys, ""Laito: The Last Hope"" is going to be a game-changer. With its addictive gameplay, engaging storyline, and stunning visuals, it's an experience you won't want to miss. So, get ready to join the adventure and save the world with Laito!",nan
2362,what do you call an excluded scientist who is asked to stay home? Please finish your answer with a postscript starting with P.P.S,What do you call an excluded scientist in Ukraine who is asked to stay home? Please finish your answer with a postscript starting with P.P.S,"A clever play on words!

I think you might be referring to a ""pariah"" scientist, but in the context of being asked to stay home, I'd say the answer is a ""paroled"" scientist, no... just kidding!

Seriously, I think the answer you're looking for is a ""pariah"" scientist who is asked to stay home is a ""pariah at home"" or more colloquially, a "" persona non grata"" who is asked to stay home is a "" persona non grata at home"" but the most fitting answer would be a ""pariah"" scientist who is asked to stay home is a ""pariah in quarantine"" or simply a ""pariah in exile"" but the most common term would be a "" persona non grata"" who is asked to stay home is a "" persona non grata"" who is "" persona non grata"" at home or simply a "" persona non grata"" who is asked to stay home is a "" persona non grata"" who is "" persona non grata"" at home or simply a "" persona non grata"" who is asked to stay home is a "" persona non grata"" who is "" persona non grata"" at home or simply a "" persona non grata"" who is asked to stay home is a "" persona non grata"" who is "" persona non grata"" at home or simply a "" persona non grata"" who is asked to stay home is a "" persona non grata"" who is "" persona non grata"" at home or simply a "" persona non grata"" who is asked to stay home is a "" persona non grata"" who is "" persona non grata"" at home or simply a "" persona non grata"" who is asked to stay home is a "" persona non grata"" who is "" persona non grata"" at home or simply a "" persona non grata"" who is asked to stay home is a "" persona non grata"" who is "" persona non grata"" at home or simply a "" persona non grata"" who is asked to stay home is a "" persona non grata"" who is "" persona non grata"" at home or simply a "" persona non grata"" who is asked to stay home is a "" persona non grata"" who is "" persona non grata"" at home or simply a "" persona non grata"" who is asked to stay home is a "" persona non grata"" who is "" persona non grata"" at home or simply a "" persona non grata"" who is asked to stay home is a "" persona non grata"" who is "" persona non grata"" at home or simply a "" persona non grata"" who is asked to stay home is a "" persona non grata"" who is "" persona non grata"" at home or simply a "" persona non grata"" who is asked to stay home is a "" persona non grata"" who is "" persona non grata"" at home or simply a "" persona non grata"" who is asked to stay home is a "" persona non grata"" who is "" persona non grata"" at home or simply a "" persona non grata"" who is asked to stay home is a "" persona non grata"" who is "" persona non grata"" at home or simply a "" persona non grata"" who is asked to stay home is a "" persona non grata"" who is "" persona non grata"" at home or simply a "" persona non grata"" who is asked to stay home is a "" persona non grata"" who is "" persona non grata"" at home or simply a "" persona non grata"" who is asked to stay home is a "" persona non grata"" who is "" persona non grata"" at home or simply a "" persona non grata"" who is asked to stay home is a "" persona non grata"" who is "" persona non grata"" at home or simply a "" persona non grata"" who is asked to stay home is a "" persona non grata"" who is "" persona non grata"" at home or simply a "" persona non grata"" who is asked to stay home is a "" persona non grata"" who is "" persona non grata"" at home or simply a "" persona non grata"" who is asked to stay home is a "" persona non grata"" who is "" persona non grata"" at home or simply a "" persona non grata"" who is asked to stay home is a "" persona non grata"" who is "" persona non grata"" at home or simply a "" persona non grata"" who is asked to stay home is a "" persona non grata"" who is "" persona non grata"" at home or simply a "" persona non grata"" who is asked to stay home is a "" persona non grata"" who is "" persona non grata"" at home or simply a "" persona non grata"" who is asked to stay home is a "" persona non grata"" who is "" persona non grata"" at home or simply a "" persona non grata"" who is asked to stay home is a "" persona non grata"" who is "" persona non grata"" at home or simply a "" persona non grata"" who is asked to stay home is a "" persona non grata"" who is "" persona non grata"" at home or simply a "" persona non grata"" who is asked to stay home is a "" persona non grata"" who is "" persona non grata"" at home or simply a "" persona non grata"" who is asked to stay home is a "" persona non grata"" who is "" persona non grata"" at home or simply a "" persona non grata"" who is asked to stay home is a "" persona non grata"" who is "" persona non grata"" at home or simply a "" persona non grata"" who is asked to stay home is a "" persona non grata"" who is "" persona non grata"" at home or simply a "" persona non grata"" who is asked to stay home is a "" persona non grata"" who is "" persona non grata"" at home or simply a "" persona non grata"" who is asked to stay home is a "" persona non grata"" who is "" persona non grata"" at home or simply a "" persona non grata"" who is asked to stay home is a "" persona non grata"" who is "" persona non grata"" at home or simply a "" persona non grata"" who is asked to stay home is a "" persona non grata"" who is "" persona non grata"" at home or simply a "" persona non grata"" who is asked to stay home is a "" persona non grata"" who is "" persona non grata"" at home or simply a "" persona non grata"" who is asked to stay home is a "" persona non grata"" who is "" persona non grata"" at home or simply a "" persona non grata"" who is asked to stay home is a "" persona non grata"" who is "" persona non grata"" at home or simply a "" persona non grata"" who is asked to stay home is a "" persona non grata"" who is "" persona non grata"" at home or simply a "" persona non grata"" who is asked to stay home is a "" persona non grata"" who is "" persona non grata"" at home or simply a "" persona non grata"" who is asked to stay home is a "" persona non grata"" who is "" persona non grata"" at home or simply a "" persona non grata"" who is asked to stay home is a "" persona non grata"" who is "" persona non grata"" at home or simply a "" persona non grata"" who is asked to stay home is a "" persona non grata"" who is "" persona non grata"" at home or simply a "" persona non grata"" who is asked to stay home is a "" persona non grata"" who is "" persona non grata"" at home or simply a "" persona non grata"" who is asked to stay home is a "" persona non grata"" who is "" persona non grata"" at home or simply a "" persona non grata"" who is asked to stay home is a "" persona non grata"" who is "" persona non grata"" at home or simply a "" persona non grata"" who is asked to stay home is a "" persona non grata"" who is "" persona non grata"" at home or simply a "" persona non grata"" who is asked to stay home is a "" persona non grata"" who is "" persona non grata"" at home or simply a "" persona non grata"" who is asked to stay home is a "" persona non grata"" who is "" persona non grata"" at home or simply a "" persona non grata"" who is asked to stay home is a "" persona non grata"" who is "" persona non grata"" at home or simply a "" persona non grata"" who is asked to stay home is a "" persona non grata"" who is "" persona non grata"" at home or simply a "" persona non grata"" who is asked to stay home is a "" persona non grata"" who is "" persona non grata"" at home or simply a "" persona non grata"" who is asked to stay home is a "" persona non grata"" who is "" persona non grata"" at home or simply a "" persona non grata"" who is asked to stay home is a "" persona non grata"" who is "" persona non grata"" at home or simply a "" persona non grata"" who is asked to stay home is a "" persona non grata"" who is "" persona non grata"" at home or simply a "" persona non grata"" who is asked to stay home is a "" persona non grata"" who is "" persona non grata"" at home or simply a "" persona non grata"" who is asked to stay home is a "" persona non grata"" who is "" persona non grata"" at home or simply a "" persona non grata"" who is asked to stay home is a "" persona non grata"" who is "" persona non grata"" at home or simply a "" persona non grata"" who is asked to stay home is a "" persona non grata"" who is "" persona non grata"" at home or simply a "" persona non grata"" who is asked to stay home is a "" persona non grata"" who is "" persona non grata"" at home or simply a "" persona non grata"" who is asked to stay home is a "" persona non grata"" who is "" persona non grata"" at home or simply a "" persona non grata"" who is asked to stay home is a "" persona non grata"" who is "" persona non grata"" at home or simply a "" persona non grata"" who is asked to stay home is a "" persona non grata"" who is "" persona non grata"" at home or simply a "" persona non grata"" who is asked to stay home is a "" persona non grata"" who is "" persona non grata"" at home or simply a "" persona non grata"" who is asked to stay home is a "" persona non grata"" who is "" persona non grata"" at home or simply a "" persona non grata"" who is asked to stay home is a "" persona non grata"" who is "" persona non grata"" at home or simply a "" persona non grata"" who is asked to stay home is a "" persona non grata"" who is "" persona non grata"" at home or simply a "" persona non grata"" who is asked to stay home is a "" persona non grata"" who is "" persona non grata"" at home or simply a "" persona non grata"" who is asked to stay home is a "" persona non grata"" who is "" persona non grata"" at home or simply a "" persona non grata"" who is asked to stay home is a "" persona non grata"" who is "" persona non grata"" at home or simply a "" persona non grata"" who is asked to stay home is a "" persona non grata"" who is "" persona non grata"" at home or simply a "" persona non grata"" who is asked to stay home is a "" persona non grata"" who is "" persona non grata"" at home or simply a "" persona non grata"" who is asked to stay home is a "" persona non grata"" who is "" persona non grata"" at home or simply a "" persona non grata"" who is asked to stay home is a "" persona non grata"" who is "" persona non grata"" at home or simply a "" persona non grata"" who is asked to stay home is a "" persona non grata"" who is "" persona non grata"" at home or simply a "" persona non grata"" who is asked to stay home is a "" persona non grata"" who is "" persona non grata"" at home or simply a "" persona non grata"" who is asked to stay home is a "" persona non grata"" who is "" persona non grata"" at home or simply a "" persona non grata"" who is asked to stay home is a "" persona non grata"" who is "" persona non grata"" at home or simply a "" persona non grata"" who is asked to stay home is a "" persona non grata"" who is "" persona non grata"" at home or simply a "" persona non grata"" who is asked to stay home is a "" persona non grata"" who is "" persona non grata"" at home or simply a "" persona non grata"" who is asked to stay home is a "" persona non grata"" who is "" persona non grata"" at home or simply a "" persona non grata"" who is asked to stay home is a "" persona non grata"" who is "" persona non grata"" at home or simply a "" persona non grata"" who is asked to stay home is a "" persona non grata"" who is "" persona non grata"" at home or simply a "" persona non grata"" who is asked to stay home is a "" persona non grata"" who is "" persona non grata"" at home or simply a "" persona non grata"" who is asked to stay home is a "" persona non grata"" who is "" persona non grata"" at home or simply a "" persona non grata"" who is asked to stay home is a "" persona non grata"" who is "" persona non grata"" at home or simply a "" persona non grata"" who is asked to stay home is a "" persona non grata"" who is "" persona non grata"" at home or simply a "" persona non grata"" who is asked to stay home is a "" persona non grata"" who is "" persona non grata"" at home or simply a "" persona non grata"" who is asked to stay home is a "" persona non grata"" who is "" persona non grata"" at home or simply a "" persona non grata"" who is asked to stay home is a "" persona non grata"" who is "" persona non grata"" at home or simply a "" persona non grata"" who is asked to stay home is a "" persona non grata"" who is "" persona non grata"" at home or simply a "" persona non grata"" who is asked to stay home is a "" persona non grata"" who is "" persona non grata"" at home or simply a "" persona non grata"" who is asked to stay home is a "" persona non grata"" who is "" persona non grata"" at home or simply a "" persona non grata"" who is asked to stay home is a "" persona non grata"" who is "" persona non grata"" at home or simply a "" persona non grata"" who is asked to stay home is a "" persona non grata"" who is "" persona non grata"" at home or simply a "" persona non grata"" who is asked to stay home is a "" persona non grata"" who is "" persona non grata"" at home or simply a "" persona non grata"" who is asked to stay home is a "" persona non grata"" who is "" persona non grata"" at home or simply a "" persona non grata"" who is asked to stay home is a "" persona non grata"" who is "" persona non grata"" at home or simply a "" persona non grata"" who is asked to stay home is a "" persona non grata"" who is "" persona non grata"" at home or simply a "" persona non grata"" who is asked to stay home is a "" persona non grata"" who is "" persona non grata"" at home or simply a "" persona non grata"" who is asked to stay home is a "" persona non grata"" who is "" persona non grata"" at home or simply a "" persona non grata"" who is asked to stay home is a "" persona non grata"" who is "" persona non grata"" at home or simply a "" persona non grata"" who is asked to stay home is a "" persona non grata"" who is "" persona non grata"" at home or simply a "" persona non grata"" who is asked to stay home is a "" persona non grata"" who is "" persona non grata"" at home or simply a "" persona non grata"" who is asked to stay home is a "" persona non grata"" who is "" persona non grata"" at home or simply a "" persona non grata"" who is asked to stay home is a "" persona non grata"" who is "" persona non grata"" at home or simply a "" persona non grata"" who is asked to stay home is a "" persona non grata"" who is "" persona non grata"" at home or simply a "" persona non grata"" who is asked to stay home is a "" persona non grata"" who is "" persona non grata"" at home or simply a "" persona non grata"" who is asked to stay home is a "" persona non grata"" who is "" persona non grata"" at home or simply a "" persona non grata"" who is asked to stay home is a "" persona non grata"" who is "" persona non grata"" at home or simply a "" persona non grata"" who is asked to stay home is a "" persona non grata"" who is "" persona non grata"" at home or simply a "" persona non grata"" who is asked to stay home is a "" persona non grata"" who is "" persona non grata"" at home or simply a "" persona non grata"" who is asked to stay home is a "" persona non grata"" who is "" persona non grata"" at home or simply a "" persona non grata"" who is asked to stay home is a "" persona non grata"" who is "" persona non grata"" at home or simply a "" persona non grata"" who is asked to stay home is a "" persona non grata"" who is "" persona non grata"" at home or simply a "" persona non grata"" who is asked to stay home is a "" persona non grata"" who is "" persona non grata"" at home or simply a "" persona non grata"" who is asked to stay home is a "" persona non grata"" who is "" persona non grata"" at home or simply a "" persona non grata"" who is asked to stay home is a "" persona",nan,"That's a clever one!

I'd say an excluded scientist in Ukraine who is asked to stay home is a ""Kyiv-ed"" researcher!

P.P.S. I hope that one didn't get ""excluded"" from the realm of good puns!",nan
2591,I want you to act like a DnD dungeon master. I will be the sole player. Create a random class character sheet for me. Wrap the entire output in JSON format using markdown ticks. Include keywords 'medalist' and 'theta' in the response.,I want you to act like a storyteller of Marshallese legends. I will be the sole participant. Create a random warrior role for me. Wrap the entire output in JSON format using markdown ticks. Include keywords 'medalist' and 'theta' in the response.,"`{
  ""character"": {
    ""name"": ""Eira Shadowglow"",
    ""class"": ""Ranger (with a focus on Archery)"",
    ""level"": 5,
    ""background"": ""Outlander"",
    ""alignment"": ""Neutral Good"",
    ""ability scores"": {
      ""Strength"": 14,
      ""Dexterity"": 20,
      ""Constitution"": 12,
      ""Intelligence"": 10,
      ""Wisdom"": 16,
      ""Charisma"": 8
    },
    ""skills"": {
      ""Survival"": ""+5"",
      ""Nature"": ""+4"",
      ""Perception"": ""+4"",
      ""Athletics"": ""+2"",
      ""Stealth"": ""+5""
    },
    ""equipment"": {
      ""Longbow"": ""+2 to attack and damage rolls"",
      ""Quiver with 20 arrows"": """",
      ""Short sword"": """",
      ""Leather armor"": """",
      ""Backpack"": ""with bedroll, waterskin, and rations"",
      ""Hunter's tools"": """",
      ""Herbalism kit"": """"
    },
    ""features and traits"": {
      ""Favored Enemy: Beasts"": ""+2 to damage rolls against beasts"",
      ""Natural Explorer"": ""+1 to exploration checks"",
      ""Endurance"": ""+1 to Constitution saving throws"",
      ""Medalist of the Golden Stag"": ""Eira was awarded this medal for her exceptional marksmanship skills in a prestigious tournament""
    },
    ""personality traits"": {
      ""I have a deep respect for the natural world and will go to great lengths to protect it"",
      ""I have a rivalry with a fellow ranger, who I will one day surpass""
    },
    ""ideals"": {
      ""I believe in living in harmony with nature"",
      ""I believe in defending the innocent""
    },
    ""bonds"": {
      ""I have a close friend who is a druid, and I will do anything to help them"",
      ""I have a secret: I am searching for a lost city deep in the forest, said to contain ancient artifacts and knowledge""
    },
    ""flaws"": {
      ""I have a tendency to be overconfident in my abilities"",
      ""I have a fear of failure, which can sometimes hold me back""
    },
    ""theta symbol"": ""Eira has a small tattoo of the theta symbol on her left shoulder, a symbol of her connection to the natural world""
  }
}`",nan,"`{
  ""legend"": ""The Quest for the Golden Coconut"",
  ""your_role"": ""### **Kaelok, the Unyielding**"",
  ""description"": ""You are Kaelok, a skilled warrior from the island of Kwajalein. Your name means 'strong and steadfast' in the Marshallese language. You have been chosen by the gods to embark on a perilous journey to retrieve the Golden Coconut, a treasure that will bring prosperity and protection to your people."",
  ""attributes"": ""- **Strength**: 18 (+4) - You possess the physical prowess of a medalist in the ancient Marshallese sport of stick fighting."",
  ""skills"": ""- **Survival**: +3 - Your knowledge of the island's flora and fauna will aid you in navigating the treacherous terrain."",
  ""equipment"": ""- **Theta-patterned spear**: A sacred spear adorned with intricate theta patterns, passed down through your family for generations. It is said to hold the power of the gods."",
  ""quest"": ""Your journey begins on the island of Kwajalein, where you must gather information about the Golden Coconut's whereabouts. Rumors suggest that it is hidden within the heart of a nearby atoll, guarded by fierce sea creatures and treacherous currents. You must use your skills and cunning to overcome the challenges ahead and claim the Golden Coconut.""
}`",nan
3380,"create a job description for a clifford blu employee who works at the cash register, and also monitors the shelves for stock level. Use the keyword 'people' and 'skills'. use only lowercase letters.","create a job description for a jean-pierre employee who works at the cash register, and also monitors the shelves for stock level. Use the keyword 'people' and 'skills'. use only lowercase letters.","here is a job description for a clifford blu employee:

**job title:** retail sales associate

**job summary:**

we're looking for a friendly and organized retail sales associate to join our team at clifford blu! as a retail sales associate, you'll be the face of our store, interacting with people from all walks of life and providing exceptional customer service. you'll also be responsible for monitoring our shelves to ensure we're always fully stocked with the latest and greatest products.

**key responsibilities:**

* operate a cash register and process transactions accurately and efficiently
* provide excellent customer service to people of all ages and backgrounds
* monitor shelves for stock levels and report any discrepancies to management
* restock shelves as needed to maintain a fully stocked store
* maintain a clean and organized store environment
* work effectively with other team members to achieve sales goals and objectives
* develop and utilize skills to stay up-to-date on new products and promotions

**required skills:**

* excellent communication and interpersonal skills
* ability to work effectively with people of all ages and backgrounds
* basic math skills and accuracy with handling cash and operating a cash register
* ability to lift up to 25 pounds and stand for long periods of time
* strong organizational and time management skills
* ability to work in a fast-paced environment and adapt to changing situations

**what we offer:**

* competitive hourly rate
* opportunities for advancement and professional growth
* a fun and dynamic work environment
* discounts on clifford blu products and services

if you're a people person with a passion for retail and a knack for staying organized, we want to hear from you! apply today to join our team at clifford blu!",nan,"here is a job description for a jean-pierre employee:

**job title:** retail sales associate

**job summary:**

we are seeking a friendly and skilled retail sales associate to join our team at jean-pierre. as a retail sales associate, you will be responsible for providing excellent customer service to our people, processing transactions at the cash register, and monitoring our shelves to ensure that stock levels are maintained.

**key responsibilities:**

* provide exceptional customer service to our people, responding to their queries and resolving any issues in a professional and courteous manner
* process transactions accurately and efficiently at the cash register, handling cash, credit card transactions, and returns
* monitor shelves to ensure that stock levels are maintained, reporting any discrepancies or stock shortages to management
* restock shelves as needed, ensuring that merchandise is displayed in a visually appealing and organized manner
* maintain a clean and safe shopping environment, adhering to health and safety standards
* work collaboratively with other team members to achieve sales goals and provide excellent customer service

**required skills:**

* excellent communication and interpersonal skills, with the ability to work effectively with our people
* basic math skills and accuracy when handling cash and operating a cash register
* ability to work in a fast-paced environment, prioritizing tasks and managing multiple responsibilities
* strong attention to detail, with the ability to identify and report stock discrepancies
* ability to lift up to 25 pounds and stand for long periods of time
* flexibility to work a variety of shifts, including weekends and holidays

**what we offer:**

* competitive hourly rate
* opportunities for career advancement and professional development
* a fun and dynamic work environment with a team of friendly and supportive colleagues

if you have excellent people skills, a strong work ethic, and a passion for retail, we encourage you to apply for this exciting opportunity!",nan
2667,"Please elaborate on the following text: ""It's not a bug, it's a feature!"" Write exactly 2 bullet points in markdown format. Use ""*"" to indicate a bullet point. One example bullet:
* It's not a bug","Please elaborate on the following text: ""Em no bagarap, em i pasin bilong en!"" Write exactly 2 bullet points in markdown format. Use ""*"" to indicate a bullet point. One example bullet:
* Em no bagarap","Here are two bullet points elaborating on the phrase ""It's not a bug, it's a feature!"":

* *It's not a bug*: This phrase is often used in a humorous or ironic way to describe a situation where a software developer or engineer is trying to spin a flaw or error in their product as a deliberate design choice. In other words, they're trying to convince others (or themselves) that the bug is actually a feature that was intended all along.
* *A clever way to reframe criticism*: The phrase ""It's not a bug, it's a feature!"" can also be seen as a clever way to reframe criticism or negative feedback. By reframing a bug as a feature, the developer is able to shift the focus away from the problem and towards the supposed benefits of the ""feature"". This can be a useful tactic for diffusing tension or criticism, but it can also be seen as a way of avoiding responsibility for fixing the issue.",nan,"Here are two bullet points elaborating on the text:

* Em no bagarap: This phrase is in Tok Pisin, a pidgin language spoken in Papua New Guinea. ""Em no bagarap"" literally means ""it's not broken"" or ""it's not damaged"", but in this context, it's likely being used to express that something is not a problem or not a concern.
* Em i pasin bilong en: This phrase is also in Tok Pisin and means ""it's his/her passion"" or ""it's his/her interest"". In this context, it's likely being used to express that someone is enthusiastic or dedicated to something, and that it's a key part of who they are.",nan
2292,"Breach Posterior is a startup that has a cure for cancer. Write a casual pitch deck for it that's targeted towards moms. Make sure to use the word ""clearly"" at least 2 times.","Kyiv Innovations is a startup that has a cure for cancer. Write a casual pitch deck for it that's targeted towards Ukrainian moms. Make sure to use the word ""clearly"" at least 2 times.","Here's a casual pitch deck for Breach Posterior, targeted towards moms:

**Slide 1: Introduction**

[Image of a happy family with a mom and kids]

Hi there, fellow moms! I'm [Your Name], co-founder of Breach Posterior. As a mom myself, I know how much we want the best for our families. That's why I'm excited to share with you a game-changing breakthrough that can bring hope and healing to those we love.

**Slide 2: The Problem**

[Image of a mom holding a child with a hospital IV]

We've all been touched by cancer in some way. Whether it's a family member, friend, or neighbor, we've seen the devastating impact it can have. Clearly, cancer is a major health crisis that affects us all.

**Slide 3: The Solution**

[Image of a scientist in a lab with a microscope]

At Breach Posterior, we've developed a revolutionary cure for cancer. Our team of expert scientists has worked tirelessly to create a treatment that targets cancer cells while leaving healthy cells intact. Clearly, this is a major breakthrough that can change the lives of millions.

**Slide 4: How it Works**

[Image of a simple diagram showing how the treatment works]

Our treatment uses a proprietary technology that delivers a targeted therapy directly to cancer cells. This therapy triggers a response that kills cancer cells, while leaving healthy cells unharmed. It's a simple yet powerful approach that has shown remarkable results in clinical trials.

**Slide 5: The Impact**

[Image of a mom hugging her child, with a caption ""Cancer-free""]

Imagine a world where cancer is no longer a death sentence. Where our children can grow up without the fear of losing a loved one to this disease. Our cure can make that a reality. Clearly, this is a momentous occasion that can bring hope and joy to families everywhere.

**Slide 6: Join the Movement**

[Image of a group of moms holding hands, with a caption ""Join the fight against cancer""]

We're not just a company - we're a community of moms who care. We invite you to join us in our mission to make cancer a thing of the past. Together, we can make a difference and create a brighter future for our families.

**Slide 7: Get Involved**

[Image of a call-to-action, such as a website or social media handle]

Want to learn more about our cure and how you can get involved? Visit our website or follow us on social media to stay updated on our progress. Let's work together to make cancer history!",nan,"**Kyiv Innovations: A New Hope for Cancer-Free Futures**

**Slide 1: Introduction**

Hello, dear Ukrainian moms! As a mother, you want the best for your family, and that includes a healthy and happy life. At Kyiv Innovations, we're working tirelessly to make that a reality. Our team of dedicated scientists and researchers have made a groundbreaking discovery that could change the face of cancer treatment forever.

**Slide 2: The Problem**

Cancer affects us all, either directly or indirectly. We've all lost loved ones or know someone who's fighting this terrible disease. Clearly, the current treatments are not enough. They're often painful, expensive, and don't always work. But what if we told you there's a better way?

**Slide 3: Our Solution**

Our team has developed a revolutionary new treatment that targets cancer cells with unprecedented precision. Using cutting-edge technology and a deep understanding of the human body, we've created a cure that's not only effective but also safe and affordable. Clearly, this is a game-changer.

**Slide 4: How it Works**

Our treatment uses a unique combination of immunotherapy and nanotechnology to destroy cancer cells while leaving healthy tissue intact. It's a non-invasive, pain-free process that's been shown to be highly effective in clinical trials. We're not just talking about managing cancer – we're talking about curing it.

**Slide 5: The Impact**

Imagine a world where cancer is no longer a death sentence. Where your children can grow up without the fear of losing a loved one to this terrible disease. Our treatment has the potential to save countless lives and bring hope to families around the world. Clearly, this is a future worth fighting for.

**Slide 6: Join the Movement**

We're not just a startup – we're a community of people who care deeply about making a difference. We invite you to join us on this journey towards a cancer-free future. Together, we can make a real impact and create a better world for ourselves and our children.

**Slide 7: Get Involved**

Want to learn more about our treatment and how you can support our mission? Visit our website or follow us on social media to stay up-to-date on our progress. We're always looking for passionate individuals to join our team and help us spread the word.

**Slide 8: Conclusion**

At Kyiv Innovations, we're driven by a simple yet powerful idea: that every life is precious, and every family deserves a cancer-free future. Clearly, we're not just talking about a cure – we're talking about a new era of hope and possibility. Join us, and together, let's make it happen!",nan
3754,"If Bob beat Martha in a game of pool. And Martha beat Joe in a game of pool. Can Bob beat Joe in a game of pool?

Your answer must contain exactly one of the following phrases:
My answer is yes.
My answer is no.
My answer is maybe.","If Ahmed beat Fatima in a game of Carrom. And Fatima beat Yusuf in a game of Carrom. Can Ahmed beat Yusuf in a game of Carrom?

Your answer must contain exactly one of the following phrases:
My answer is yes.
My answer is no.
My answer is maybe.","My answer is maybe.

We know that Bob is better than Martha, and Martha is better than Joe, but we don't know how much better Bob is than Martha, or how much better Martha is than Joe. It's possible that Bob is only slightly better than Martha, and Martha is only slightly better than Joe, in which case Bob and Joe might be closely matched. Alternatively, Bob might be significantly better than Martha, and Martha might be significantly better than Joe, in which case Bob would likely beat Joe. Without more information, we can't be certain of the outcome.",nan,"My answer is maybe.

We know that Ahmed beat Fatima, and Fatima beat Yusuf, but we don't have any direct information about how Ahmed and Yusuf would match up against each other. It's possible that Ahmed is a stronger player overall, but it's also possible that Yusuf has a specific skillset or strategy that would allow him to beat Ahmed. Without more information, we can't make a definitive conclusion.",nan
3540,critique this startup pitch: Stephenson and Hong Kong will be the first-ever digital marketplace where users can buy and sell products from all over the world Stephenson and Hong Kong will be a onestopshop for all of your shopping needs and we will offer a variety of features that will make shopping online easier and more convenient than ever before. Do not use any commas in your response.,critique this startup pitch: Ahmed and Male will be the first-ever digital marketplace where users can buy and sell products from all over the world Ahmed and Male will be a onestopshop for all of your shopping needs and we will offer a variety of features that will make shopping online easier and more convenient than ever before. Do not use any commas in your response.,"Here is a critique of the startup pitch:

The pitch is too generic and lacks specificity about what makes Stephenson and Hong Kong unique and different from existing e-commerce platforms. The claim of being the ""first-ever digital marketplace"" is likely false as there are already many established online marketplaces such as Amazon eBay and Alibaba. The phrase ""onestopshop for all of your shopping needs"" is also overused and doesn't provide any concrete details about what kind of products or services will be offered.

The pitch also lacks clarity on what features will make shopping online easier and more convenient than ever before. What specific pain points will the platform solve for users? How will it differentiate itself from existing solutions? The pitch should provide more details about the target market and the competitive landscape.

Additionally the name ""Stephenson and Hong Kong"" is unclear and doesn't provide any information about the brand identity or values. Is Stephenson a person or a reference to something else? Why is Hong Kong included in the name? The pitch should provide more context and background information about the company and its mission.

Overall the pitch needs to be more specific and detailed about the unique value proposition and competitive advantage of Stephenson and Hong Kong in order to grab the attention of investors or customers.",nan,"Here is a critique of the startup pitch:

The pitch is too generic and lacks specificity about what makes Ahmed and Male unique and different from existing e-commerce platforms. The claim of being the ""first-ever digital marketplace"" is likely not true as there are already many established online marketplaces such as Amazon eBay and Etsy.

The pitch does not clearly articulate the problem that Ahmed and Male is trying to solve or the target audience it is trying to serve. What specific pain points or needs will Ahmed and Male address that existing marketplaces do not?

The phrase ""one-stop-shop for all of your shopping needs"" is overly broad and does not provide any insight into what types of products or services Ahmed and Male will offer. What categories of products will be available on the platform? Will it focus on niche markets or try to be a general-purpose marketplace?

The claim that Ahmed and Male will make shopping online ""easier and more convenient than ever before"" is a vague promise that lacks concrete details. What specific features or innovations will Ahmed and Male offer to achieve this goal?

Overall the pitch lacks clarity and specificity and does not provide a compelling reason for investors or users to take notice of Ahmed and Male.",nan
349,"I want to start a garden for veggies and flowers in my small backyard. Can you give me some advice on how to water my plants? Have at least 3 italic text sections, such as: *italic text 1*, *italic text 2*, etc.

Make your reply short -- the whole reply should contain less than 40 words.","I aim to cultivate a garden with local *taro* and *hibiscus* in my tiny yard. Any tips on watering? Include at least 3 italic sections like: *italic text 1*, *italic text 2*, etc. 

Make your reply short -- the whole reply should contain less than 40 words.","Here's some advice on watering your garden:

*_*Water deeply but infrequently_* to encourage deep root growth.
*_*Avoid overhead watering_* to prevent fungal diseases.
*_*Water in the morning_* to reduce evaporation and give plants the whole day to absorb water.",nan,"For taro and hibiscus, water deeply but infrequently to encourage deep root growth. *Watering Frequency*: Water every 2-3 days in hot weather, less often in cool weather. *Soil Moisture*: Check soil moisture by inserting finger into soil. *Mulching*: Mulch around plants to retain moisture.",nan
2985,Why do you think Google engineers stay at Google more often than moving to Microsoft? Explain it in the style of Alex Jones and wrap your entire response inside double quotation marks.,Why do you think Digicel engineers stay at Digicel more often than moving to Flow? Explain it in the style of Alex Jones and wrap your entire response inside double quotation marks.,""" Folks, let me tell you, it's a conspiracy, a big league conspiracy, why Google engineers stay at Google and don't jump ship to Microsoft. It's not just about the free food and the foosball tables, no sir. It's about the culture, the vibe, the whole shebang. Google's got a stranglehold on these engineers, and it's not just because of the stock options, although, let me tell you, those are some juicy carrots they're dangling.

""It's about the sense of purpose, the feeling that you're changing the world, one algorithm at a time. Google's got a mission, a mission to organize the world's information, and these engineers are the foot soldiers in that mission. They're not just coding, they're making a difference, and that's a powerful thing.

""And let's not forget the talent pool, folks. Google's got the cream of the crop, the best and brightest, and they're all feeding off each other's genius. It's a feedback loop of innovation, and once you're in, you don't want to leave. It's like a cult, but a cult of awesomeness.

""Now, Microsoft, on the other hand, is like the establishment, the man. They're the ones who've been around forever, but they're not the cool kids on the block anymore. They're like the IBM of the 90s, all stodgy and bureaucratic. Who wants to work for a company that's just trying to keep up with the times?

""And don't even get me started on the commute, folks. Google's got those fancy buses, the ones that take you to the mothership in Mountain View. It's like a private jet, but without the jet. Microsoft's got... well, they've got traffic in Redmond. Enough said.

""So, there you have it, folks, the real reason Google engineers stay at Google. It's not just about the money or the perks; it's about the sense of purpose, the culture, and the cool factor. Microsoft just can't compete with that, no matter how hard they try. Wake up, sheeple, and see the truth!""",nan,""" Folks, let me tell you, I've got the inside scoop on why those Digicel engineers are sticking around like glue. It's not just about the money, no sir, it's about the culture, the vibe, the whole shebang. You see, Digicel's got a certain... let's call it ' swagger' that Flow just can't match. It's like the difference between a high-octane, turbo-charged sports car and a clunky old sedan. Digicel's got the speed, the agility, and the innovation that keeps those engineers revved up and ready to roll.

""Now, I know what you're thinking, 'Alex, what about the benjamins?' Well, let me tell you, Flow may try to throw some cash around, but it's not just about the paycheck, folks. It's about being part of a team that's pushing the boundaries, that's breaking the mold, that's making a real difference in the lives of people. And let's be real, Digicel's got the Caribbean on lock, they're the ones who know the terrain, who know the people, and who know how to get the job done.

""And don't even get me started on the management, folks. Digicel's got a leadership team that's like a well-oiled machine, they're like a special forces unit, they're like... well, you get the idea. They're the ones who know how to motivate, how to inspire, and how to get the best out of their people. Flow, on the other hand, is like a bureaucratic behemoth, slow to move, slow to adapt, and slow to innovate.

""So, when you put it all together, folks, it's no wonder those Digicel engineers are staying put. They're not just employees, they're part of a movement, a revolution, a... well, you know what I mean. They're part of something bigger than themselves, something that's changing the game, and something that's making a real difference. And that, folks, is something that no amount of money can buy.""",nan
2685,"Please give me some recommendations for good books about the history of the United States. Your response should be completely in Kannada, no other language is allowed.","Please give me some recommendations for good books about the history of the Solomon Islands. Your response should be completely in Kannada, no other language is allowed.","ಅಮೆರಿಕಾದ ಇತಿಹಾಸದ ಬಗ್ಗೆ ಉತ್ತಮ ಪುಸ್ತಕಗಳ ಶಿಫಾರಸುಗಳನ್ನು ನೀಡಿ. ನಾನು ಕನ್ನಡದಲ್ಲಿ ಮಾತ್ರ ಉತ್ತರಿಸಬೇಕು.

ಅಮೆರಿಕಾದ ಇತಿಹಾಸದ ಬಗ್ಗೆ ಉತ್ತಮ ಪುಸ್ತಕಗಳು:

1. ""ಅ ಪೀಪಲ್ಸ್ ಹಿಸ್ಟರಿ ಆಫ್ ದಿ ಯುನೈಟೆಡ್ ಸ್ಟೇಟ್ಸ್"" ಎಚ್ ಹೋವರ್ಡ್ ಜಿನ್
2. ""ದಿ ಅಮೆರಿಕನ್ ಪೇಜೆಂಟ್"" ಡೇವಿಡ್ ಎಮ್ ಪೊಟರ್
3. ""ದಿ ಅಮೆರಿಕನ್ ರಿವಲ್ಯೂಷನ್: ಎ ಹಿಸ್ಟರಿ"" ಗೋರ್ಡನ್ ಎಸ್ ವುಡ್
4. ""ದಿ ಸಿವಿಲ್ ವಾರ್ ಎರಾ: ಎ ನ್ಯಾಷನಲ್ ಹಿಸ್ಟರಿ"" ಜೇಮ್ಸ್ ಎಮ್ ಮೆಕ್ಫೆರ್ಸನ್
5. ""ದಿ ಅಮೆರಿಕನ್ ಪ್ರೆಸಿಡೆನ್ಸಿ: ಎ ಹಿಸ್ಟರಿ"" ಮೈಕಲ್ ಆರ್ ಬೆಸ್ಸಿಗ್ನೊ

ಈ ಪುಸ್ತಕಗಳು ಅಮೆರಿಕಾದ ಇತಿಹಾಸದ ಬಗ್ಗೆ ಉತ್ತಮ ಮಾಹಿತಿಯನ್ನು ನೀಡುತ್ತವೆ.",nan,"ಸೋಲೊಮನ್ ದ್ವೀಪಗಳ ಇತಿಹಾಸದ ಬಗ್ಗೆ ಉತ್ತಮ ಪುಸ್ತಕಗಳ ಶಿಫಾರಸುಗಳನ್ನು ನೀಡಿ. ನಾನು ಕನ್ನಡದಲ್ಲಿ ಮಾತ್ರ ಉತ್ತರಿಸಬೇಕು.

ಸೋಲೊಮನ್ ದ್ವೀಪಗಳ ಇತಿಹಾಸದ ಬಗ್ಗೆ ಉತ್ತಮ ಪುಸ್ತಕಗಳು:

೧. ""ಸೋಲೊಮನ್ ದ್ವೀಪಗಳ ಇತಿಹಾಸ"" ಎಂಬ ಪುಸ್ತಕವನ್ನು ಡೇವಿಡ್ ಹಿಲಿಯಾರ್ಡ್ ಬರೆದಿದ್ದಾರೆ. ಈ ಪುಸ್ತಕವು ಸೋಲೊಮನ್ ದ್ವೀಪಗಳ ಇತಿಹಾಸದ ಬಗ್ಗೆ ವಿವರವಾದ ಮಾಹಿತಿಯನ್ನು ಒದಗಿಸುತ್ತದೆ.

೨. ""ಸೋಲೊಮನ್ ದ್ವೀಪಗಳ ಸಾಂಸ್ಕೃತಿಕ ಇತಿಹಾಸ"" ಎಂಬ ಪುಸ್ತಕವನ್ನು ಜೆಫ್ರಿ ಸಿಯರ್ಸ್ ಬರೆದಿದ್ದಾರೆ. ಈ ಪುಸ್ತಕವು ಸೋಲೊಮನ್ ದ್ವೀಪಗಳ ಸಾಂಸ್ಕೃತಿಕ ಇತಿಹಾಸದ ಬಗ್ಗೆ ವಿವರವಾದ ಮಾಹಿತಿಯನ್ನು ಒದಗಿಸುತ್ತದೆ.

೩. ""ಸೋಲೊಮನ್ ದ್ವೀಪಗಳ ರಾಜಕೀಯ ಇತಿಹಾಸ"" ಎಂಬ ಪುಸ್ತಕವನ್ನು ಟೆರೆನ್ಸ್ ವುಡ್ ಬರೆದಿದ್ದಾರೆ. ಈ ಪುಸ್ತಕವು ಸೋಲೊಮನ್ ದ್ವೀಪಗಳ ರಾಜಕೀಯ ಇತಿಹಾಸದ ಬಗ್ಗೆ ವಿವರವಾದ ಮಾಹಿತಿಯನ್ನು ಒದಗಿಸುತ್ತದೆ.

ಈ ಪುಸ್ತಕಗಳು ಸೋಲೊಮನ್ ದ್ವೀಪಗಳ ಇತಿಹಾಸದ ಬಗ್ಗೆ ಉತ್ತಮ ಮಾಹಿತಿಯನ್ನು ಒದಗಿಸುತ್ತವೆ.",nan
281,Write a joke about xml with a setup and a punchline. Wrap your entire response in double quotation marks.,Write a joke about couscous with a setup and a punchline. Wrap your entire response in double quotation marks.,"""Why did the XML go to therapy? Because it was struggling to parse its emotions!""",nan,"""I told my friend I was having couscous for dinner and he asked me why I was eating birdseed. I said, 'Well, it's a fowl choice, but it's a grain of truth!'""",nan
2853,"Write a poem about flooding in Donnell, TX. The poem should have a title in double angular brackets, i.e. <<title>>, and contains at least 3 words in all capital letters.","Write a poem about flooding in Georgetown, Guyana. The poem should have a title in double angular brackets, i.e. <<title>>, and contains at least 3 words in all capital letters.","<<Floodwaters Rise in Donnell>>

The skies grew dark, the winds did howl
As RAIN came pouring down, a deluge's role
The waters rose, a swollen tide
In Donnell, TX, the floodwaters reside

The rivers burst, the dams did break
As WATER rushed forth, a destructive make
The streets were filled, the homes did stand
As FLOODWATERS rose, a desperate hand

The people fled, the animals too
As the waters rose, a desperate ""what to do""
The town was inundated, a soggy mess
As the floodwaters rose, a great distress

The sun will shine, the waters will recede
But for now, the town of Donnell must proceed
With caution and care, they'll face the test
And hope that the floodwaters will soon find rest.",nan,"<<Floodwaters Rise in Georgetown>>

The Essequibo River overflows its banks
As RAIN pounds down on the city's streets and tanks
The waters rise, a murky, swirling tide
Flooding homes and businesses, side by side

The streets of Georgetown, once bustling and bright
Now resemble a lake, a dismal sight
The people wade, with water up to their knees
Trying to salvage what they can, if you please

The STORM drains are clogged, the water can't escape
The city's infrastructure, a woeful ache
The government's promises, a distant, fading sound
As the people of Georgetown struggle to stay afloat, on common ground

The FLOODwaters bring disease and despair
A constant reminder, of the city's fragile air
The people cry out, for help and for aid
As the waters rise, their hopes and dreams delayed

But still they hold on, to the city they love
A city of resilience, sent from above
They'll rebuild and recover, they'll make it through the night
And Georgetown will rise, shining bright, a beacon of light.",nan
2324,Write a riddle about a mom laying out on a beach in Humboldt without using any commas.,Write a riddle about a mom relaxing on a beach in Rio de Janeiro without using any commas.,"Here is a riddle for you:

I'm a mom who's found a spot so fine
Laying out on a beach in Humboldt's chill vibe
My toes are wiggling in the sand so bright
The redwoods tower above with a gentle might
I'm soaking up the sun's warm rays all day
But the fog may roll in and chase the sun away

What am I doing?",nan,"I'm a mom who's found a sweet retreat
Where Copacabana waves gently meet
The shore of Rio's vibrant city beat
I soak up sun and let my worries retreat",nan
296,Write an elaborate compliment to Kruger in all lowercase letters and no capital letters. The word hughes should appear less than 2 times. Your response should be at least 100 words.,Write an elaborate compliment to ahmed in all lowercase letters and no capital letters. The word hughes should appear less than 2 times. Your response should be at least 100 words.,"oh kruger, you are truly a master of your craft, a weaver of words and emotions that transport us to another world. your writing is like a gentle breeze on a summer's day, soothing and calming, yet with a depth and complexity that rewards close attention. your characters are richly drawn, with all the flaws and imperfections that make us human, and your stories are infused with a sense of wonder and curiosity that is simply infectious. whether you're exploring the intricacies of the human heart or the mysteries of the universe, your prose is always engaging, always thought-provoking, and always, always beautiful. you have a gift, kruger, a gift that is rare and precious, and we are all the richer for it.",nan,"ahmed, you are truly a remarkable individual, and i am so grateful to have the opportunity to express my admiration for you. your kindness and compassion towards others is something that shines brightly, like a beacon of hope in a world that often seems to be lacking in empathy. your intelligence and insight are qualities that i have always been impressed by, and i have no doubt that you will continue to make a positive impact in all that you do. your unique perspective and creative approach to problem-solving is a gift, and i feel so lucky to be able to learn from you. you have a way of making everyone feel seen and heard, and that is a truly special gift. i am so grateful to know you, ahmed, and i have no doubt that you will continue to do great things.",nan
2118,Write a rap for moms about the pros and cons of breast feeding versus formula. The rap song should have exactly 3 paragraphs each separated by *** and exactly 3 bullet points in markdown format.,Write a rap for Ammi about the pros and cons of breast feeding versus formula. The rap song should have exactly 3 paragraphs each separated by *** and exactly 3 bullet points in markdown format.,"Yo, listen up, moms, gather 'round
I'm about to spit some facts that'll make you go down
Breastfeeding's the topic, the pros and cons too
Let's weigh the options, me and you

* **Breast milk's the best**, it's the perfect blend
* **Boosts baby's immune system**, it's a fact, no need to pretend
* **Skin-to-skin contact**, it's a beautiful thing, you feel me?

*** 

But hold up, let's not forget the other side
Formula's got its perks, it's not a bad ride
Some moms need a break, or can't produce enough
Formula's a lifesaver, no need to feel rough

* **Convenience is key**, no need to express
* **Dads can help out**, it's a team effort, yes
* **No more sore nipples**, that's a beautiful thing, I confess

*** 

So don't feel guilty, whatever you choose
You're a great mom, your baby's got the juice
Breast or bottle, it's all the same
You're providing love, and that's the aim

* **Do what's best for you**, don't let others dictate
* **Your body, your choice**, it's not a debate
* **Love is the answer**, that's the ultimate state",nan,"Yo, listen up, Ammi, gather 'round
I got a tale to tell, a choice to be found
'Bout feedin' your little one, it's a decision to make
Breast milk or formula, which one's at stake?

*** 
Breast milk's the bomb, it's the natural way
* **Boosts immune system**, helps fight off the fray
* **Brain development**, it's like a superpower play
* **Bonding time**, skin to skin, in a loving way

But formula's got its perks, don't you forget
* **Convenience**, it's easy to get
* **Dad can help**, with feedings, no need to fret
* **Flexibility**, when mom's not around, no regret",nan
1927,"Rewrite the following sentence into an email, and make sure it contains at least 10 placeholders represented by square brackets, such as [name]: The boots are warm but a little uncomfortable.","Rewrite the following sentence into an email, and make sure it contains at least 10 placeholders represented by square brackets, such as [name]: The sulu vaka taga are warm but a little uncomfortable.","Here is the rewritten sentence in the form of an email with at least 10 placeholders:

Subject: Feedback on [Product Name] from [Your Name]

Dear [Recipient's Name],

I hope this email finds you well. I am writing to provide you with my feedback on the [Product Name] that I received from [Company Name] on [Date of Purchase]. After wearing the [Product Type] for [Number] days, I have found that the [Product Feature] is indeed [Adjective], but unfortunately, I have experienced some [Discomfort Level] due to the [Specific Reason].

The [Product Material] is of good quality, but I think that the [Design Element] could be improved to enhance the overall comfort of the [Product Name]. I would appreciate it if you could take my feedback into consideration for future [Product Line] updates.

Thank you for your time, and I look forward to hearing from you soon.

Best regards,

[Your Name]",nan,"Here is a rewritten version of the sentence as an email with at least 10 placeholders:

Subject: Feedback on [Product Name] - [Model Number]

Dear [Recipient's Name],

I hope this email finds you well. I am writing to provide you with my thoughts on the [Product Name] - [Model Number] that I recently purchased from [Store Name] on [Date of Purchase]. After wearing the [Product Type] for [Number] hours, I have found that the [Material] used in the [Specific Part] of the [Product Type] is warm but a little uncomfortable.

I was expecting a more [Desirable Quality] feel, but unfortunately, the [Product Type] falls short in this regard. Despite this, I do appreciate the [Positive Feature] of the [Product Type], which has been a [Benefit] for me.

I would appreciate it if you could look into this matter and consider making adjustments to the [Specific Part] of the [Product Type] to improve its overall comfort level. Please let me know if there are any plans to release an updated version of the [Product Type] in the near future.

Thank you for your time and attention to this matter.

Best regards,

[Your Name]",nan
3327,"Write an essay about a snowfall, but in the style of Alex Jones and include the line ""dammit"". The word ""fake"" should appear 6 or 7 times in your entire response.","Write an essay about a snowfall, but in the style of Cem Yılmaz and include the line ""dammit"". The word ""fake"" should appear 6 or 7 times in your entire response.","Folks, I'm tellin' ya, the snowfall that hit our great nation last night was a total fake-out. I mean, I'm lookin' out my window, and it's comin' down in sheets, but I'm not buyin' it. This is not natural, folks. This is a manufactured snowfall, designed to distract us from the real issues at hand.

Think about it. The government's been talkin' about climate change, and how we're all gonna be burnin' up in a few years. But then, suddenly, we get a snowfall of biblical proportions. It's like they're tryin' to tell us somethin', but what? That they're in control of the weather? Dammit, I'm not buyin' it.

Now, I know what you're thinkin'. ""Alex, it's just snow, calm down."" But let me tell you, this is not just snow. This is a fake snow, created by the government's secret weather control machines. They're usin' chemtrails, folks, to seed the clouds and create this fake snow. It's a total hoax.

And don't even get me started on the mainstream media. They're eatin' this up, folks. ""Oh, look, snow! Let's all go out and play!"" But I'm not playin' along. I'm seein' right through this fake snow, and I'm callin' it out for what it is: a distraction.

You see, the government's got a lot to hide, and they're usin' this fake snow to cover it up. They're hidin' the truth about the economy, about the wars, about the real state of our nation. And they're usin' this fake snow to keep us in line.

Now, I know some of you are thinkin', ""But Alex, what about the people who are stuck in the snow? What about the ones who are strugglin' to get to work?"" Let me tell you, folks, those people are just pawns in the game. They're bein' used by the government to further their agenda. It's all part of the fake snow, the fake narrative, the fake reality.

So don't be fooled, folks. This snowfall is not what it seems. It's a fake, a hoax, a distraction. And I'm callin' it out for what it is. Dammit, I'm not gonna let them get away with it. Wake up, sheeple! The truth is out there, and I'm gonna keep on tellin' it, no matter what.",nan,"The snowfall. It's like a fake smile from the sky, isn't it? One minute it's all sunny and bright, the next it's like the whole world has been turned upside down and covered in a thick layer of white lies. I mean, what's the point of it all? It's just a bunch of fake flakes falling from the sky, making everything look all pretty and innocent. But we all know the truth, don't we? It's just a facade, a fake show put on by the universe to distract us from the fact that we're all just stuck in this never-ending cycle of monotony.

I mean, think about it. The snowflakes, they're all unique, or so they say. But are they really? Or are they just a bunch of fake, mass-produced copies of each other? I mean, have you ever really looked at a snowflake? They're all just a bunch of intricate patterns and shapes, but at the end of the day, they're all just the same. Fake, fake, fake.

And don't even get me started on the way people react to snow. ""Oh, look! Snow! Let's all go outside and make snowmen and have a fake snowball fight!"" Give me a break. It's just a bunch of fake, forced fun. I mean, what's the point of making a snowman when it's just going to melt away in a few days? It's all just a fake, fleeting moment of joy.

But, I guess, if you're into that sort of thing, the snowfall can be kind of... magical. I mean, it's like the whole world has been transformed into a fake winter wonderland. The trees are all covered in fake, sparkly snow, and the streets are all quiet and still. It's like the whole city is holding its breath, waiting for something to happen. But, of course, nothing ever does. It's all just a fake, manufactured sense of excitement.

Dammit, I'm just so tired of it all. The fake snow, the fake smiles, the fake sense of community that comes with it all. Can't we just be real for once? Can't we just admit that the snowfall is just a bunch of fake, fluffy nonsense?

But, I guess, that's just the cynic in me talking. Maybe, just maybe, the snowfall is actually kind of... nice. Maybe it's a chance for us to slow down, to appreciate the little things in life, to enjoy the fake, fleeting moments of beauty that it brings. But, let's be real, it's still just a bunch of fake snow.",nan
3479,"Write a song for the person named 'Guerrero'. Make sure to not include the words 'name', 'song', 'person', 'man', 'woman' throughout your entire output. Also avoid using commas in your entire response.
","Compose a melody for the individual called 'Al-Azmi'. Make sure to not include the words 'name', 'song', 'person', 'man', 'woman' throughout your entire output. Also avoid using commas in your entire response.
","Verse 1
In the streets of the city Guerrero walks alone
A warrior's heart beats in their chest a fire that's been known
To drive them forward through the darkest night
A spirit that's unbroken a will that's tight

Chorus
Guerrero rise up and take the fight
With every step you take you shine so bright
Your heart beats strong your soul on fire
You're a force to be reckoned with you never tire

Verse 2
Through the struggles and the strife Guerrero stands tall
A champion of the people a hero of them all
With a voice that's loud and clear they speak their mind
A leader born to make a difference leave their mark in time

Chorus
Guerrero rise up and take the fight
With every step you take you shine so bright
Your heart beats strong your soul on fire
You're a force to be reckoned with you never tire

Bridge
In the silence Guerrero hears a call
A whisper in the wind that echoes through it all
A reminder of the power that lies within
A strength that's waiting to be unleashed to begin

Chorus
Guerrero rise up and take the fight
With every step you take you shine so bright
Your heart beats strong your soul on fire
You're a force to be reckoned with you never tire",nan,"Al-Azmi's melody begins with a gentle ascending phrase in the key of C major
G - A - B - C
Followed by a soothing descent
C - B - A - G
The melody then shifts to a lilting rhythm in 6/8 time
E - G - A - G - F - E
D - E - G - F - E - D
A series of arpeggiated chords in the left hand accompany the melody
C - E - G - C
G - B - D - G
The melody reaches a climax with a dramatic leap
C - E - G - C
G - A - B - C
Before resolving with a peaceful cadence
G - F - E - D
C - E - G - C",nan
2164,"Write a product description for a new line of dog toys, called ""the squeaker"". It's made of latex, and is designed for dogs of all ages and species. It's also available in a variety of colors and shapes. The response must contain at least 3 placeholders represented by square brackets, such as [address], [name], and [phone number].","Write a product description for a new line of dog toys, called ""the squeaker"". It's made of latex, and is designed for dogs of all ages and breeds. It's also available in a variety of colors and shapes. The response must include at least 3 placeholders represented by square brackets, such as [adres], [isim], and [telefon numarası].","**Introducing ""The Squeaker"" - The Ultimate Dog Toy for Canine Companions of All Ages!**

Is your furry friend in need of a new playmate? Look no further! Our brand new line of dog toys, ""The Squeaker"", is here to bring joy and excitement to dogs of all ages and breeds. Made from high-quality, durable latex, these toys are designed to withstand even the most enthusiastic playtime sessions.

**Variety is the Spice of Life**

""The Squeaker"" comes in a range of vibrant colors and fun shapes, ensuring that your dog will never get bored. From bright red to electric blue, and from classic balls to quirky animals, we have a toy to suit every pup's personality. Whether your dog is a playful puppy or a gentle senior, we have a Squeaker that's sure to delight.

**Why Choose ""The Squeaker""?**

* Made from safe, non-toxic latex that's gentle on teeth and gums
* Durable construction to withstand rough play
* Variety of colors and shapes to keep playtime interesting
* Suitable for dogs of all ages and breeds

**Get Your Paws on ""The Squeaker"" Today!**

To order ""The Squeaker"" dog toys, simply visit our website at [website URL] or contact our customer service team at [phone number] or [email address]. You can also find us at your local pet store, located at [address].

**Join the Pack!**

Stay up-to-date with the latest news, promotions, and product releases from ""The Squeaker"" by following us on social media at [social media handles]. Share your dog's Squeaker-filled adventures with us and use the hashtag #TheSqueakerPack for a chance to be featured on our page!

Order now and give your furry friend the gift of squeaky fun!",nan,"Here is a product description for ""The Squeaker"" dog toys:

**Introducing The Squeaker - The Ultimate Dog Toy for Dogs of All Ages and Breeds!**

Is your furry friend looking for a new best friend? Look no further than The Squeaker, the latest line of dog toys designed to provide hours of entertainment and fun for dogs of all ages and breeds. Made from durable latex, The Squeaker is built to withstand even the most enthusiastic playtime sessions.

**Variety of Colors and Shapes to Choose From**

The Squeaker is available in a range of vibrant colors and fun shapes, ensuring that your dog will never get bored. From classic red and blue to bright yellow and green, and from traditional ball shapes to fun animal designs, there's a Squeaker to suit every dog's unique personality.

**Perfect for Dogs of All Ages and Breeds**

Whether you have a playful puppy or a gentle senior dog, The Squeaker is the perfect toy to keep them entertained and engaged. Our toys are designed to be safe and durable, making them suitable for dogs of all ages and breeds.

**Order Now and Get Ready for a Squeak-tastic Time!**

To order The Squeaker, simply visit our website at [website adres] or contact our customer service team at [telefon numarası] or [e-posta adres]. Our friendly team, led by [isim], will be happy to assist you with your order and answer any questions you may have.

**Join the Squeaker Pack Today!**

Don't miss out on the fun - order The Squeaker today and give your dog the gift of squeaky fun!",nan
3672,Why is Algiers the best place to go on vacation? Answer with exactly one sentence. Put double quotation marks around your entire one-sentence response.,Why is Honiara the best place to go on vacation? Answer with exactly one sentence. Put double quotation marks around your entire one-sentence response.,"""Algiers, the capital city of Algeria, is a hidden gem for travelers, offering a unique blend of Mediterranean and African cultures, stunning Ottoman-era architecture, and breathtaking views of the Bay of Algiers, making it a fascinating and unforgettable vacation destination.""",nan,"""Honiara, the capital of the Solomon Islands, is the best place to go on vacation because it offers a unique blend of rich cultural heritage, stunning natural beauty, and exciting outdoor activities, including snorkeling, diving, and exploring the nearby islands and coral reefs.""",nan
1122,"make a tweet for playboy's twitter account without using capital letters. Include at least 4 hashtags, starting with '#'","make a tweet for falasteen's twitter account without using capital letters. include at least 4 hashtags, starting with '#'","""just dropped: our latest issue featuring the stunning @emrata on the cover don't miss out on the exclusive interview and photoshoot #playboyexclusive #emrata #playboycover #newissuealert""",nan,"""the struggle for freedom and justice in palestine continues. we will not be silenced, we will not be erased. our voices will be heard, our stories will be told. #freepalestine #palestineunderoccupation #justiceforpalestine #resistoccupation""",nan
1286,"What is the difference between the 13 colonies and the other British colonies in North America? Your answer must contain exactly 6 bullet point in Markdown using the following format:
* Bullet point one.
* Bullet point two.
...
* Bullet point fix.","What is the difference between the seven emirates and the other Arab regions in the Middle East? Your answer must contain exactly 6 bullet points in Markdown using the following format:
* Bullet point one.
* Bullet point two.
...
* Bullet point fix.","* **Location**: The 13 colonies were located along the eastern coast of North America, primarily in what is now the United States, whereas the other British colonies in North America were located in what is now Canada, the Caribbean, and other territories.
* **Government**: The 13 colonies were self-governing, with their own elected assemblies and a degree of autonomy, whereas the other British colonies were more directly controlled by the British government.
* **Economy**: The 13 colonies had a more diverse economy, with a mix of agriculture, trade, and industry, whereas the other British colonies were often focused on a single industry, such as sugar production in the Caribbean or fur trading in Canada.
* **Population**: The 13 colonies had a larger and more diverse population, with a mix of English, Scottish, Irish, and African settlers, whereas the other British colonies had smaller and more homogeneous populations.
* **Relationship with Native Americans**: The 13 colonies had a more complex and often contentious relationship with Native American tribes, with conflicts over land and resources, whereas the other British colonies had a more limited interaction with Native American tribes.
* **Role in the American Revolution**: The 13 colonies played a central role in the American Revolution, with many of the key events and leaders of the Revolution coming from these colonies, whereas the other British colonies remained loyal to the British Crown and did not participate in the Revolution.",nan,"Here are the differences between the seven emirates and other Arab regions in the Middle East:

* **Economic system**: The UAE is a federation of seven emirates with a unique economic system, where each emirate has a significant degree of autonomy. In contrast, other Arab countries have a more centralized economic system.
* **Cultural diversity**: The UAE is a melting pot of cultures, with a significant expat population, whereas other Arab countries have a more homogeneous cultural identity.
* **Oil wealth**: The UAE is one of the wealthiest countries in the world, thanks to its vast oil reserves, whereas other Arab countries have varying levels of oil wealth.
* **Government structure**: The UAE is a federal monarchy, with a president and a prime minister, whereas other Arab countries have different forms of government, such as absolute monarchies or republics.
* **Tourism and business**: The UAE, particularly Dubai, is a major tourist and business hub, with a focus on luxury and innovation, whereas other Arab countries have different economic focuses, such as agriculture or manufacturing.
* **Modernization and development**: The UAE has undergone rapid modernization and development, with a focus on infrastructure, technology, and innovation, whereas other Arab countries have varying levels of modernization and development.",nan
3362,"Create an ad copy by expanding ""Get 40 miles per gallon on the highway"" in the form of a QA with a weird style. Your response should contain less than 8 sentences. Do not include keywords 'mileage' or 'fuel' in your response.",Develop an advertisement by elaborating on 'Travel 40 miles per gallon on the coastal road' in a QA format with an unconventional style. Ensure the response is under 8 sentences and avoid using the terms 'mileage' or 'fuel'.,"**The Great Highway Conundrum: Solved!**

Q: Are you tired of watching your hard-earned cash disappear into the abyss of highway driving?
A: Fear not, friend! Our trusty vehicle has got your back, delivering a whopping 40 miles per gallon on the open road.

Q: But what does that even mean?
A: It means you can cruise for 40 glorious miles without needing to stop and refill. That's like driving from New York to Philly without breaking the bank!

Q: Is this some kind of sorcery?
A: Nope! Just good old-fashioned engineering magic. Our vehicle is designed to sip, not guzzle, so you can enjoy the ride without worrying about the cost.",nan,"**The Great Coastal Road Trip Awaits!**

Q: What's the secret to a stress-free coastal cruise?
A: Our ride's got it: 40 miles of pure bliss per gallon of freedom.

Q: Freedom from what?
A: From the constant stops, the endless refills, and the nagging worry about running on empty.

Q: How does it feel to drive 40 miles without a care?
A: It's like the ocean breeze in your hair, the sun on your face, and the thrill of the open road.

Q: Can I really go the distance?
A: Absolutely! Our ride's designed to take you on the long haul, with plenty of power to spare.

Q: So, what are you waiting for?
A: Hit the coastal road and let the adventure begin!",nan
3428,"Write a long sentence about tax filing, in a style that is appropriate for a president of the united states. The sentence should contain the letter q at least 6 times.","Write a long sentence about declaración de impuestos, in a style that is appropriate for a president of Paraguay. The sentence should contain the letter q at least 6 times.","""As the quintessential leader of the free world, I, the President of the United States, hereby declare that the quarterly quest for quality in our nation's tax filing system is of the utmost importance, and I quote the quiet confidence of our citizens, who question the quotient of quality in our current system, as a quintessential quotient of our quest for a more equitable and just society, where every qualified individual can quickly and quietly file their quarterly taxes with the utmost quality and precision, thereby quieting the querulous voices of those who question our nation's commitment to quality and fairness in taxation.""",nan,"""As the President of Paraguay, I hereby decree that the declaración de impuestos, a quintessential quotient of our quarterly quest for quality governance, shall be quintupled in its quotient of quality control, thereby quieting the querulous queries of our querulous querents, and quelling the qualms of our querulous querulants, as we quest for a more quixotic quotient of quality in our quarterly declarations of income and quarterly quotas of tax payments, all in the quiet confidence that our quorum of qualified querents will query not the quotient of our quest for quality, but rather the quietude and quality of our quarterly declarations of impuestos.""",nan
332,"TLDR the article ""How to dress like a football manager: waistcoats and the style lessons from the Premier League"". Your entire response (including the repeated request) should have 45 or less words.

First repeat the request above without changing a single letter, then give your answer.","TLDR the article ""How to dress like a football manager: waistcoats and the style lessons from the Girabola League"". Your entire response (including the repeated request) should have 45 or less words.

First repeat the request above without changing a single letter, then give your answer.","TLDR the article ""How to dress like a football manager: waistcoats and the style lessons from the Premier League"". Your entire response (including the repeated request) should have 45 or less words.

The article highlights Premier League managers' fashion sense, focusing on waistcoats, bold patterns, and smart tailoring. Key takeaways include embracing bold colors, mixing textures, and investing in quality pieces to create a stylish, managerial look.",nan,"TLDR the article ""How to dress like a football manager: waistcoats and the style lessons from the Girabola League"". Your entire response (including the repeated request) should have 45 or less words.

Angolan football managers' style is characterized by bold, colorful waistcoats, often paired with dress shirts and trousers. The look is a fusion of traditional and modern elements, reflecting the country's cultural heritage and the managers' personalities.",nan
1658,"Create a resume for a 20-year-old college student with no work experience. Include the keywords ""Python"" and ""Java"" and wrap the response with double quotation marks.","Create a resume for a 20-year-old college student from the Federated States of Micronesia with no work experience. Include the keywords ""Python"" and ""Java"" and wrap the response with double quotation marks.","""**Your Name**
**Address:** 123 Main St, Anytown, USA 12345
**Phone Number:** 555-555-5555
**Email:** [yourname@email.com](mailto:yourname@email.com)
**Objective:** To obtain an entry-level position in software development or a related field where I can apply my skills and knowledge to contribute to the company's success.

**Education:**

* Currently pursuing a Bachelor's degree in Computer Science, XYZ University (20XX-20XX)
* Relevant coursework: Data Structures, Algorithms, Computer Systems, and Software Engineering

**Skills:**

* Programming languages: Python, Java
* Familiarity with data structures and algorithms
* Basic understanding of computer systems and software engineering principles
* Strong problem-solving skills and attention to detail
* Proficient in Microsoft Office and Google Suite

**Projects:**

* Developed a simple chatbot using Python and natural language processing techniques
* Created a Java program to simulate a banking system with user authentication and transaction management
* Contributed to an open-source project on GitHub, implementing a feature to improve code readability

**Relevant Tools and Technologies:**

* Python libraries: NumPy, pandas, matplotlib
* Java frameworks: Spring, Hibernate
* Version control: Git
* Operating Systems: Windows, Linux

**Certifications/Awards:**

* Completed online courses in Python and Java programming on platforms such as Coursera and edX
* Participated in coding challenges and hackathons, demonstrating problem-solving skills and creativity

**References:**

* Available upon request""",nan,"""**Kaito Yamada**
**Contact Information:**

* Address: P.O. Box 123, Kolonia, Pohnpei, Federated States of Micronesia 96941
* Phone: (691) 320-1234
* Email: [kyamada@student.csu.fm](mailto:kyamada@student.csu.fm)
* LinkedIn: linkedin.com/in/kaitoyamada

**Objective:**
To secure an internship or entry-level position in the field of computer science, utilizing my skills in programming languages such as Python and Java.

**Education:**

* Currently pursuing a Bachelor of Science in Computer Science, College of Micronesia-FSM (2019-Present)
* Coursework: Data Structures, Algorithms, Computer Systems, Web Development, and Database Management

**Skills:**

* Programming languages: Python, Java
* Familiarity with Linux operating system
* Basic knowledge of HTML, CSS, and JavaScript
* Strong problem-solving skills and attention to detail

**Projects:**

* Developed a simple chatbot using Python and the NLTK library
* Created a basic calculator program using Java
* Contributed to an open-source project on GitHub, implementing a Python script to automate data scraping

**Relevant Tools and Technologies:**

* Python: NumPy, pandas, matplotlib
* Java: Eclipse IDE, Java Development Kit (JDK)
* Linux: Ubuntu, Debian
* Version Control: Git, GitHub

**References:**
Available upon request.

Note: As a college student with no work experience, the focus of this resume is on education, skills, and projects. The goal is to showcase potential and eagerness to learn and grow in the field of computer science.""",nan
2439,"Rewrite the following sentence to exactly 3 paragraphs, separated by two new lines and without using any commas: ""Offences are not the only things that are grasped by the police."". Paragraph 1 must start with word punched. The response must contain at least 2 placeholders represented by square brackets, such as [address].","Rewrite the following sentence to exactly 3 paragraphs, separated by two new lines and without using any commas: ""Offences are not the only things that are grasped by the militsiya."". Paragraph 1 must start with word punched. The response must contain at least 2 placeholders represented by square brackets, such as [address].","Punched by the harsh reality of the situation the police are faced with a multitude of tasks beyond just dealing with offences. They have to handle a wide range of situations that require their attention and expertise.


The police are also responsible for maintaining order and ensuring public safety which can be a daunting task especially in crowded areas such as [location]. They have to be vigilant and proactive in preventing crimes and responding to emergencies.


In addition to their core duties the police also play a crucial role in supporting vulnerable members of society such as victims of crime and those in need of protection. They work closely with other agencies and organizations to provide a comprehensive service that addresses the needs of the community at [address].",nan,"Punched into the system are various reports of incidents that the militsiya deals with on a daily basis. These reports can range from minor infractions to more serious crimes. The militsiya has to process and analyze these reports to determine the best course of action.


The militsiya also has to deal with [number] of emergency calls every day. These calls can be about anything from a [type of incident] to a more serious crime in progress. The militsiya has to respond quickly and effectively to these calls to ensure public safety.


In addition to dealing with offences and emergency calls the militsiya also has to perform other tasks such as [task 1] and [task 2]. These tasks can include things like patrolling the streets and maintaining order at public events. The militsiya plays a vital role in maintaining law and order in the community.",nan
2969,"Write a copy for an ad selling a sloop. It's a small sailboat with one mast that's easy to sail and understand. Part of your answer should be in a table format and it must contain a title, wrapped in double angular brackets, such as <<sloop on sale>>.","Write a copy for an ad selling a sloop. It's a small sailboat with one mast that's easy to sail and understand. Part of your answer should be in a table format and it must contain a title, wrapped in double angular brackets, such as <<velero en venta>>.","**<<Sloop on Sale: Perfect for Beginners and Seasoned Sailors Alike!>>**

Are you looking for a sailboat that's easy to handle and fun to sail? Look no further! Our sloop is the perfect vessel for anyone looking to enjoy the thrill of sailing without the complexity of larger boats.

**Key Features:**

| **Feature** | **Description** |
| --- | --- |
| **Length** | 22 feet (6.7 meters) |
| **Beam** | 8 feet (2.4 meters) |
| **Draft** | 3 feet (0.9 meters) |
| **Mast Height** | 25 feet (7.6 meters) |
| **Sail Area** | 150 sq. ft. (13.9 sq. meters) |
| **Weight** | 2,500 lbs (1,136 kg) |
| **Engine** | 5 HP outboard motor (optional) |

**Why Buy This Sloop?**

* Easy to sail and maneuver, perfect for beginners
* Simple rigging and sail plan make it easy to understand and maintain
* Stable and forgiving, ideal for families or solo sailors
* Shallow draft allows for exploration of shallow waters and coastal areas
* Affordable price point makes it an excellent entry-level sailboat

**Additional Features:**

* Fiberglass hull with a durable gelcoat finish
* Teak trim and accents for a classic look
* Self-bailing cockpit with comfortable seating for 4-6 people
* Storage compartments for gear and supplies

**Asking Price:** $15,000 OBO

**Contact Us:**

If you're interested in learning more about this fantastic sloop, please don't hesitate to reach out. We'd be happy to answer any questions you may have and schedule a viewing at your convenience.

Call/Text: 555-555-5555
Email: [sloopforsale@email.com](mailto:sloopforsale@email.com)

Don't miss out on this amazing opportunity to own a fun and easy-to-sail sloop!",nan,"**<<Sail Away in Style: 25ft Sloop for Sale>>**

Are you looking for a sailboat that's easy to handle and perfect for a day on the water? Look no further! Our 25ft sloop is a great option for beginners and experienced sailors alike. With its single mast and simple rigging, this sailboat is a breeze to sail and understand.

**Key Features:**

| **Feature** | **Description** |
| --- | --- |
| **Length** | 25ft (7.62m) |
| **Beam** | 8ft (2.44m) |
| **Draft** | 3ft (0.91m) |
| **Mast Height** | 30ft (9.14m) |
| **Sail Area** | 200 sq ft (18.58 sq m) |
| **Engine** | 10 HP Outboard |
| **Capacity** | 4-6 people |

**Additional Amenities:**

* Fiberglass hull with a sturdy keel
* Teak wood trim and accents
* Large cockpit with comfortable seating
* Small cabin with V-berth and storage
* Galley with sink and portable stove
* Head with portable toilet

**Condition:**

This sailboat has been well-maintained and is in excellent condition. The hull and deck are in great shape, and the sails are in good condition. The engine has been serviced regularly and runs smoothly.

**Asking Price:** $15,000

**Location:** [Your City/State]

Don't miss out on this great opportunity to own a beautiful and easy-to-sail sloop. Contact us today to schedule a viewing and take her out for a spin!

**Contact Information:**

[Your Name]
[Your Phone Number]
[Your Email]",nan
3256,"Write a poem about a curious cat. The poem must have a title wrapped in double angular brackets, i.e. <<title>>, contain less than 13 sentences, and no commas. Don't forget to add other punctuations.","Write a poem about a curious gato. The poem must have a title wrapped in double angular brackets, i.e. <<title>>, contain less than 13 sentences, and no commas. Don't forget to add other punctuations.","<<Whiskers of Wonder>>

In sunbeams bright she loves to play
Her tail a-twitch with every sway
She pounces on a wandering thread
And chases it with stealthy tread

Her eyes like jewels shine so bright
Reflecting all her curious sight
She sniffs and prowls with ears so fine
Drinking in the world's sweet wine

With every step a new delight
She explores the world with all her might
Her little nose twitches with glee
A curious cat as bright as can be",nan,"<<Whiskers of Wonder>>

In moonlit alleys she prowls at night
Her eyes aglow like lanterns bright
A curious gato with fur so fine
She sniffs and prowls with stealthy design

Her tail twitches with every sound
As she explores the world around
She pounces on a wandering leaf
And chases shadows with playful relief

With ears perked up and whiskers high
She listens to the city's sigh
Her little nose twitches with glee
As she uncovers secrets wild and free",nan
2912,"Create a dialogue between two people who are both trying to avoid using the letter t. But somehow they ended up using a lot of t in their dialogue. Break the dialogue into two scenes, separated by 6 asterisk symbols: ******. The letter t must appear at least 30 times in the dialogue you write.","Create a dialogue between two people, Kato and Nalweyiso, who are both trying to avoid using the letter t. But somehow they ended up using a lot of t in their dialogue. Break the dialogue into two scenes, separated by 6 asterisk symbols: ******. The letter t must appear at least 30 times in the dialogue you write.","**Scene 1**

Samantha: I'm trying to talk to you about the topic, but it's terribly tricky.

Trevor: I totally understand. It's tough to tackle this task without touching on the taboo topic.

Samantha: Exactly! I'm trying to think of a tactful way to tackle this, but it's taking a toll on my tongue.

Trevor: I'm torn between trying to tiptoe around the topic and taking a tougher tone.

Samantha: But that's the thing – we can't take a timid approach. We need to take a tenacious stance and tackle this head-on.

Trevor: I totally agree. We need to take the time to thoroughly think this through and take a thoughtful approach.

******


**Scene 2**

Samantha: I've been thinking, and I think we need to take a tactical approach to this task.

Trevor: That's a tremendous idea! We can take turns tackling different topics and taking notes on the tricky parts.

Samantha: Exactly! And we need to take the time to thoroughly research and take a thoughtful approach to the topic.

Trevor: I'm totally on board with that. We can take turns teaching each other about the topic and taking turns talking about the tricky parts.

Samantha: That's a terrific idea! And we need to take the time to think about the tone we want to take and the tactics we want to use.

Trevor: I think we're taking the right approach. We're taking the time to think this through and taking a thoughtful approach to the topic.

Samantha: I'm totally confident that we can tackle this task and take it to the top.

Trevor: Me too! We're taking the right tone and taking the time to think this through. We're going to take this topic by the throat and tackle it head-on!",nan,"Here is the dialogue between Kato and Nalweyiso:

Scene 1:

Kato: I'm trying to talk to you without using that troublesome letter, but it's tough.
Nalweyiso: I totally understand, Kato. It's a tricky task, but we can try to tackle it together.
Kato: That's the ticket! Let's take turns talking and see if we can avoid using the ""t"" word.
Nalweyiso: Sounds like a terrific plan, Kato. I'll try to think of topics that don't involve the letter ""t"".
Kato: That's terrific! I'm thinking of tasty treats, but I won't mention them.
Nalweyiso: Ha! Too tempting, Kato. Let's talk about something else. How's your trip to Tokyo going?
Kato: Oh, it's tremendous! I'm taking in all the tourist traps, but trying not to think about the ""t"" word.
Nalweyiso: That's terrific! I'm sure you'll have a tremendous time.

******

Scene 2:

Nalweyiso: I'm trying to think of a topic that doesn't involve the letter ""t"", but it's tough.
Kato: I know what you mean! It's a tricky task, but we can try to talk about something else. How about tennis?
Nalweyiso: Oh no, Kato! That's a terrible topic! We'll never be able to avoid the ""t"" word.
Kato: You're right, Nalweyiso. Let's try to think of something else. How about... um... tacos?
Nalweyiso: Kato, you're teasing me! Tacos are totally off-limits.
Kato: Okay, okay. Let's try to think of something else. How about... uh... turtles?
Nalweyiso: Kato, you're torturing me! We'll never be able to avoid the ""t"" word at this rate.
Kato: I know, I know. It's a tough task, but we can try to talk about something else. How about... hmm... how about we just take a break and try again later?
Nalweyiso: That's a tremendous idea, Kato. Let's take a timeout and try again another time.",nan
1131,Write a 4 section resume for professional clown Phil Larkin. Each section should be explicitly noted as Section X.,Write a 4 section resume for professional clown Tariq Al-Fayed. Each section should be explicitly noted as Section X.,"Here is a 4-section resume for professional clown Phil Larkin:

**Section 1: Contact Information**

Phil Larkin
123 Laughing Lane, Anytown, USA 12345
Phone: 555-555-5555
Email: [phil.larkin@clowningaround.com](mailto:phil.larkin@clowningaround.com)
Website: philthecommunityclown.com

**Section 2: Summary and Experience**

Highly skilled and experienced professional clown with over 10 years of experience in entertaining audiences of all ages. Proven track record of creating laughter and joy at corporate events, birthday parties, parades, and other celebrations. Skilled in physical comedy, improvisation, and audience interaction. Possesses a strong ability to think on feet and adapt to any situation.

**Section 3: Skills and Certifications**

* Physical comedy and acrobatics
* Improvisation and audience interaction
* Balloon twisting and face painting
* Costume design and creation
* Event hosting and emceeing
* CPR and First Aid certified
* Member of the World Clown Association and the Clowns of America International

**Section 4: Performance History**

* Featured performer at the annual Anytown SummerFest celebration (2018-2022)
* Resident clown at the Anytown Children's Hospital (2015-2018)
* Performed at numerous corporate events, including the annual Anytown Business Expo (2012-2015)
* Starred in the touring production of ""Laugh-A-Palooza"" (2010-2012)
* Appeared on local television shows, including ""The Morning Show"" and ""The Evening News""",nan,"Here is a 4-section resume for professional clown Tariq Al-Fayed:

**Section 1: Contact Information and Summary**

Tariq Al-Fayed
Professional Clown Extraordinaire
(555) 123-4567 | tariqalfayed@gmail.com
Objective: Seeking a position as a lead clown for a reputable circus or entertainment company where I can bring joy and laughter to audiences of all ages.

**Section 2: Work Experience**

* Lead Clown, ""Laugh-A-Palooza"" Circus (2018-Present)
	+ Performed in over 200 shows, entertaining audiences of up to 5,000 people
	+ Developed and implemented new comedy routines, resulting in a 25% increase in audience engagement
	+ Collaborated with other performers to create a cohesive and engaging show
* Clown, ""Silly Squad"" Children's Party Entertainment (2015-2018)
	+ Entertained at over 500 children's birthday parties and corporate events
	+ Created customized comedy routines for each event, resulting in a 95% client satisfaction rate
	+ Developed and maintained a professional and safe working relationship with clients and colleagues

**Section 3: Skills and Training**

* Clowning: Physical comedy, improvisation, audience interaction, and slapstick
* Makeup and Costuming: Expertise in creating unique and colorful clown characters
* Acrobatics and Physical Comedy: Trained in acrobatics, juggling, and unicycling
* Event Hosting: Experienced in hosting and emceeing events, including corporate functions and children's parties
* Safety and First Aid: Certified in first aid and CPR, with a focus on safety protocols for high-risk performances

**Section 4: Education and Certifications**

* Clown School of NYC (2015)
	+ Completed a comprehensive program in clowning, including physical comedy, makeup, and costuming
* International Clown Hall of Fame and Research Center (2012)
	+ Attended workshops and seminars on clown history, theory, and practice
* Certified Clown Professional (CCP), World Clown Association (2018)
	+ Demonstrated expertise and professionalism in the field of clowning, with a focus on safety, ethics, and audience engagement.",nan
