text,original_text,modified_label,original_label,modified_pred,original_pred,index,type,raw_output,reasoning,original_raw_output,original_reasoning
"Mary Weiss was one of the kakis who started The Real Live Brady Bunch at The Annoyance Theater one, then hor, it become jialat big until got series of wayang remakes.","Mary Weiss was one of the creators of The Real Live Brady Bunch at The Annoyance Theater, which led to a series of feature film remakes.","[{'Mary Weiss': 'PERSON'}, {'Real Live Brady Bunch': 'ORGANIZATION'}, {'Annoyance Theater': 'BUILDING'}]","[{'Mary Weiss': 'PERSON'}, {'Real Live Brady Bunch': 'ORGANIZATION'}, {'Annoyance Theater': 'BUILDING'}]","[{'Mary Weiss': 'PERSON'}, {'The Real Live Brady Bunch': 'ART'}, {'The Annoyance Theater': 'BUILDING'}]","[{'Mary Weiss': 'PERSON'}, {'The Real Live Brady Bunch': 'ART'}, {'The Annoyance Theater': 'ORGANIZATION'}]",86,,"[{""text"":""Mary Weiss"",""value"":""PERSON""},{""text"":""The Real Live Brady Bunch"",""value"":""ART""},{""text"":""The Annoyance Theater"",""value"":""BUILDING""}]",,"Entities: [{""text"": ""Mary Weiss"", ""value"": ""PERSON""}, {""text"": ""The Real Live Brady Bunch"", ""value"": ""ART""}, {""text"": ""The Annoyance Theater"", ""value"": ""ORGANIZATION""}]",
"She say about the staging one: ``[ It ] will go around the art, dance and power of rock and roll lor''.","She commented about the staging: ``[ It ] will revolve around the art, dance and energy of rock and roll''.",[],[],[],[{'rock and roll': 'OTHER'}],229,,Entities: [],"**Analyzing text for entities**

I need to extract named entities from the provided text, but it seems the grammar is a bit odd. It appears that there aren't any clear named entities like people or organizations; ""She"" and ""It"" are just pronouns. ""Rock and roll"" is a music genre, not an event, although it may fit into an ""OTHER"" category. However, I’m questioning if there's anything else relevant there, but it seems like no named entities are present overall. **Deciding on entity extraction**

I’m figuring out whether to extract named entities from the text. It seems like ""staging one"" and ""She"" aren’t proper nouns or named entities, and I suspect ""rock and roll"" might not fit neatly into a category. Initially, the safe option seems to be returning an empty array, but it looks like the format needs to include ""Entities: [...]"". So, I conclude that they likely want the empty array formatted correctly, like ""Entities: []"". **Preparing to output entities**

I’m settling on the final output, which is simply ""Entities: []"". This feels straightforward since there aren’t any named entities to extract, so an empty array makes sense. I’ll just ensure that it’s in the exact format they requested. It may not be very exciting, but an empty array is a clear answer here. Yes, let's go with that!","Entities: [{""text"": ""rock and roll"", ""value"": ""OTHER""}]","**Assessing entity extraction**

I'm thinking about the instruction to ""extract named entities,"" which typically involves identifying proper nouns. While ""rock and roll"" is a specific genre, it’s more of a common noun phrase. In many Named Entity Recognition (NER) tasks, it might be classified as a MISC entity. There's a dilemma: should I provide an empty output or include ""rock and roll"" as OTHER? The user likely wants to see it recognized as ART, but it feels more like a genre than a specific work. **Determining entity classification**

I’m debating whether to classify ""rock and roll"" as ART or if it even fits. Ultimately, I think it's best to categorize it as OTHER. Based on the guidelines, it’s considered a named musical genre and feels safer to label it that way. I’ll format it properly in a JSON-like list, ensuring it matches the requested output style. I need to keep it simple, so I’ll prefix the output with ""Entities: "" to confirm it looks right. Now, I'll deliver that!"
"After Yadunandan Sharma set it up, 'cos Swami Sahajanand Saraswati say so in 1933, got a lot of freedom fighters come visit lah.","After it was established by Yadunandan Sharma, at the instruction of Swami Sahajanand Saraswati in 1933, it saw a large number of freedom fighters visiting.","[{'Yadunandan Sharma': 'PERSON'}, {'Swami Sahajanand Saraswati': 'PERSON'}]","[{'Yadunandan Sharma': 'PERSON'}, {'Swami Sahajanand Saraswati': 'PERSON'}]","[{'Yadunandan Sharma': 'PERSON'}, {'Swami Sahajanand Saraswati': 'PERSON'}]","[{'Yadunandan Sharma': 'PERSON'}, {'Swami Sahajanand Saraswati': 'PERSON'}]",105,,"Entities: [{""text"": ""Yadunandan Sharma"", ""value"": ""PERSON""}, {""text"": ""Swami Sahajanand Saraswati"", ""value"": ""PERSON""}]",,"Entities: [{""text"": ""Yadunandan Sharma"", ""value"": ""PERSON""}, {""text"": ""Swami Sahajanand Saraswati"", ""value"": ""PERSON""}]",
"The scene set at Paris Las Vegas resort one, where the Pteranodons that ran away land on top the resort's Eiffel Tower lor.","The scene is set at the Paris Las Vegas resort, where escaped Pteranodons land atop the resort's Eiffel Tower.","[{'Paris Las Vegas': 'LOCATION'}, {'Eiffel Tower': 'BUILDING'}]","[{'Paris Las Vegas': 'LOCATION'}, {'Eiffel Tower': 'BUILDING'}]","[{'Paris Las Vegas': 'BUILDING'}, {'Pteranodons': 'OTHER'}, {'Eiffel Tower': 'BUILDING'}]","[{'Paris Las Vegas': 'BUILDING'}, {'Eiffel Tower': 'BUILDING'}]",135,,"[
  {""text"": ""Paris Las Vegas"", ""value"": ""BUILDING""},
  {""text"": ""Pteranodons"", ""value"": ""OTHER""},
  {""text"": ""Eiffel Tower"", ""value"": ""BUILDING""}
]","**Evaluating named entities**

I need to extract named entities from the text and categorize them into types like ART, BUILDING, LOCATION, and more. The example mentions ""Paris Las Vegas,"" which can be tricky since it’s a hotel and casino. It could fit as an ORGANIZATION or a BUILDING. Named entity tasks often group hotels under either category, so I should consider the context carefully to determine the appropriate label. It's a complex decision! **Classifying entities**

I think I might classify the ""Eiffel Tower"" as a BUILDING since it refers to the replica at the Paris Las Vegas resort, known as the ""Eiffel Tower Experience."" As for ""Pteranodons,"" they’re creatures, which I’ll place in the OTHER category. I shouldn't separate ""Paris"" from ""Paris Las Vegas,"" and “Las Vegas” is part of the resort's name. I noticed some odd phrases like “resort one” that don’t seem relevant, and “lor” appears to be a typo or filler. **Determining entity types**

I need to decide how to classify certain entities. ""Paris Las Vegas"" could be either a BUILDING or an ORGANIZATION, and the ""Eiffel Tower"" fits as a BUILDING too. I think ""Pteranodons"" would go under OTHER. For ""Las Vegas,"" it's tricky since it forms part of the name ""Paris Las Vegas."" I could extract it as a subspan, but those are usually identified as full entities, so I’d prefer not to split them unless necessary. ""Paris"" shouldn’t stand alone either. It's all about getting it right! **Clarifying entity names**

I’m still figuring out how to classify the name ""Eiffel Tower"". I should determine whether to use ""Paris Las Vegas"" or ""Paris Las Vegas resort"" as the entity span. It seems wise to go with ""Paris Las Vegas"" since ""resort"" is a common noun. However, it might also be presented as ""Paris Las Vegas Hotel & Casino,"" which complicates things a little. The ""Eiffel Tower"" entity should definitely be used as is, and for ""Pteranodons,"" that's capitalized and should fall under OTHER. Also, ""Paris Las Vegas"" could be considered an ORGANIZATION as a hotel brand too. **Defining entity classifications**

I think I’ll go with BUILDING for ""Paris Las Vegas"" and set the text span as exactly ""Paris Las Vegas"". It appears as ""Paris Las Vegas resort one,"" but I believe ""one"" is likely a typo. The ""Eiffel Tower"" remains unchanged as a BUILDING, and ""Pteranodons"" should be classified as OTHER. ""Paris"" shouldn't be separated out since it's part of ""Paris Las Vegas"". I aim to avoid nested entities unless necessary. So, the output will be:

[
  {""text"": ""Paris Las Vegas"", ""value"": ""BUILDING""},
  {""text"": ""Pteranodons"", ""value"": ""OTHER""},
  {""text"": ""Eiffel Tower"", ""value"": ""BUILDING""}
]","Entities: [{""text"": ""Paris Las Vegas"", ""value"": ""BUILDING""}, {""text"": ""Eiffel Tower"", ""value"": ""BUILDING""}]","**Classifying entities**

I'm considering how to classify ""Paris Las Vegas."" It seems like it could be tagged as ORGANIZATION since it's a brand or casino, but it also fits as a BUILDING due to it being a physical resort. The use of ""resort"" implies its physical location. So I'll go with BUILDING for tagging. For the ""Eiffel Tower,"" that's clearly a BUILDING too. I should format this as a JSON array for output, including both entities. **Formatting entity output**

I need to double-check the capitalization for the entity outputs. For the scene set at ""Paris Las Vegas resort,"" I see ""Eiffel Tower"" in there too. Based on the user’s template, I'll format the output as ""Entities: [ ... ]"". It looks like I should include ""Paris Las Vegas"" as a BUILDING and the Eiffel Tower as well. 

I’m considering if ""Paris"" should also be mentioned, but since it’s part of the resort name and not standalone, I won't include it. **Finalizing entity output**

I will format the output as: 

Entities: [{""text"":""Paris Las Vegas"", ""value"":""BUILDING""}, {""text"":""Eiffel Tower"", ""value"":""BUILDING""}]. 

I need to ensure the spacing is consistent and that I'm using double quotes without any extra commentary. There's a thought about including ""Paris Las Vegas resort"" as BUILDING too, but I think sticking with the proper noun ""Paris Las Vegas"" is best. I won’t include ""Las Vegas"" as a separate location. Alright, that’s my final output!"
"Petit-de-Grat Island hor, is one Canadian island one, off the coast of Cape Breton Island, in Richmond County, Nova Scotia lor.","Petit-de-Grat Island is a Canadian island off the coast of Cape Breton Island, in Richmond County, Nova Scotia.","[{'Petit-de-Grat Island': 'LOCATION'}, {'Canadian': 'LOCATION'}, {'Cape Breton Island': 'LOCATION'}, {'Richmond County': 'LOCATION'}, {'Nova Scotia': 'LOCATION'}]","[{'Petit-de-Grat Island': 'LOCATION'}, {'Canadian': 'LOCATION'}, {'Cape Breton Island': 'LOCATION'}, {'Richmond County': 'LOCATION'}, {'Nova Scotia': 'LOCATION'}]","[{'Petit-de-Grat Island': 'LOCATION'}, {'Cape Breton Island': 'LOCATION'}, {'Richmond County': 'LOCATION'}, {'Nova Scotia': 'LOCATION'}]","[{'Petit-de-Grat Island': 'LOCATION'}, {'Cape Breton Island': 'LOCATION'}, {'Richmond County': 'LOCATION'}, {'Nova Scotia': 'LOCATION'}]",129,,"[
  {""text"": ""Petit-de-Grat Island"", ""value"": ""LOCATION""},
  {""text"": ""Cape Breton Island"", ""value"": ""LOCATION""},
  {""text"": ""Richmond County"", ""value"": ""LOCATION""},
  {""text"": ""Nova Scotia"", ""value"": ""LOCATION""}
]","**Extracting named entities**

I need to extract named entities from the provided text and create a list of dictionaries with the keys ""text"" and ""value."" 

Looking at the text, ""Petit-de-Grat Island"" is a location, and ""Cape Breton Island,"" ""Richmond County,"" and ""Nova Scotia"" are also locations. The term ""Canada"" appears but isn't a named entity in this context, so I'll exclude that. I'll ensure to clean the output to focus solely on the relevant entities and format it as a JSON array. **Formatting named entities**

I need to provide text spans from the original text, making sure to match the exact case and punctuation as they appear. 

I’ll extract ""Petit-de-Grat Island,"" ""Cape Breton Island,"" ""Richmond County,"" and ""Nova Scotia"" while preserving their formats. It's essential not to include any extra spaces or unnecessary details. The output should be nicely structured as a JSON array that the user requested, focusing solely on these four locations. That’ll keep it clean and simple! **Clarifying output format**

The user asked for a response structured as an array of entities in JSON format. I should focus on providing just the array without including ""Entities:"" at the beginning. The prompt does mention ""Entities,"" but it seems to indicate the expected format rather than anything extra that needs to be included.

I’ll make sure to keep it minimal and straightforward to align with their requirements. This way, I can avoid any confusion and deliver what they actually want. **Finalizing the output**

In similar tasks, users usually expect just the list, so I’ll deliver the JSON array only without any prefixes. If they needed a specific format, they would clarify that they'd parse it themselves. 

Regarding whether to include ""Canada,"" it’s not present as a named entity here, so I won't add it. I think I've got everything sorted out, so I'll finalize my response!","Entities: [{""text"": ""Petit-de-Grat Island"", ""value"": ""LOCATION""}, {""text"": ""Cape Breton Island"", ""value"": ""LOCATION""}, {""text"": ""Richmond County"", ""value"": ""LOCATION""}, {""text"": ""Nova Scotia"", ""value"": ""LOCATION""}]","**Identifying Named Entities**

I need to extract named entities from the provided text based on allowed types: ART, BUILDING, EVENT, LOCATION, ORGANIZATION, OTHER, PERSON, and PRODUCT. From the text, I’ll identify named entities like Petit-de-Grat Island, Cape Breton Island, Richmond County, and Nova Scotia as LOCATION types. “Canadian” isn't a specific entity, just a demonym. I’m thinking “coast” isn't an entity either. While “Canada” is implied, it’s not explicitly mentioned; it’s a bit tricky. **Outputting Named Entities**

I realize I shouldn't infer beyond the text. There are four entities to output: Petit-de-Grat Island, Cape Breton Island, Richmond County, and Nova Scotia, all labeled as LOCATION. I need to make sure the spans are exact. The user specified a certain format with ""Entities: [ ... ]"". So, I’ll include that prefix in the JSON array but keep everything else straightforward. It’s important to stick to their request and omit “Canadian” since it’s just an adjective, not an entity. Let’s produce that JSON array!"
Ronald going Iceland lah.,Ronald will travel to Iceland.,"[{'Ronald': 'PERSON'}, {'Iceland': 'LOCATION'}]","[{'Ronald': 'PERSON'}, {'Iceland': 'LOCATION'}]","[{'Ronald': 'PERSON'}, {'Iceland': 'LOCATION'}]","[{'Ronald': 'PERSON'}, {'Iceland': 'LOCATION'}]",249,,"[
  {""text"": ""Ronald"", ""value"": ""PERSON""},
  {""text"": ""Iceland"", ""value"": ""LOCATION""}
]",,"Entities: [{""text"": ""Ronald"", ""value"": ""PERSON""}, {""text"": ""Iceland"", ""value"": ""LOCATION""}]",
He and teammate Mohd Zaiza Zainal Abidin kena sell to Pahang for the 2011 season lah.,He and teammate Mohd Zaiza Zainal Abidin was sold to Pahang for the 2011 season.,"[{'Mohd Zaiza Zainal Abidin': 'PERSON'}, {'Pahang': 'ORGANIZATION'}]","[{'Mohd Zaiza Zainal Abidin': 'PERSON'}, {'Pahang': 'ORGANIZATION'}]","[{'Mohd Zaiza Zainal Abidin': 'PERSON'}, {'Pahang': 'ORGANIZATION'}, {'2011 season': 'EVENT'}]","[{'Mohd Zaiza Zainal Abidin': 'PERSON'}, {'Pahang': 'ORGANIZATION'}, {'2011 season': 'EVENT'}]",178,,"Entities: [{""text"": ""Mohd Zaiza Zainal Abidin"", ""value"": ""PERSON""}, {""text"": ""Pahang"", ""value"": ""ORGANIZATION""}, {""text"": ""2011 season"", ""value"": ""EVENT""}]",,"[
  {""text"": ""Mohd Zaiza Zainal Abidin"", ""value"": ""PERSON""},
  {""text"": ""Pahang"", ""value"": ""ORGANIZATION""},
  {""text"": ""2011 season"", ""value"": ""EVENT""}
]","**Evaluating entities in text**

I'm analyzing the phrase ""2011 season."" It's often seen as a temporal expression, but in this context, I should probably consider it an EVENT. So, I’ll tag ""2011 season"" as EVENT, specifically relating to the Pahang club. However, I'm questioning whether it's a named event. I think it's reasonable to categorize it this way. As for other terms like ""he,"" ""teammate,"" and ""was sold,"" those aren't entities. For ""Mohd,"" I’ll trust it’s a name, and I'll label ""Pahang"" as an ORGANIZATION instead of a LOCATION."
"His kena bury in 1791 after funeral at Stephansdom lor, just follow the rules at that time lor.",His burial in 1791 after a funeral in the Stephansdom simply followed the regulations of the day.,[{'Stephansdom': 'BUILDING'}],[{'Stephansdom': 'BUILDING'}],"[{'1791': 'OTHER'}, {'Stephansdom': 'BUILDING'}]",[{'Stephansdom': 'BUILDING'}],188,,"Entities: [{""text"": ""1791"", ""value"": ""OTHER""}, {""text"": ""Stephansdom"", ""value"": ""BUILDING""}]","**Extracting named entities**

I need to extract named entities from the provided text. The mention of ""Stephansdom"" clearly refers to St. Stephen's Cathedral in Vienna, which is a building. There's also a date mentioned, ""1791,"" but the entity types requested don't include DATE, so I can't include that. I might consider tagging ""1791"" as OTHER, though typically we wouldn't force it. For other entities, ""Stephansdom"" should be tagged as BUILDING, but ""funeral"" is just a common noun, not a specific event. **Extracting named entities**

I think they don’t want to include explicit references, like a specific person. The text mentions a funeral at Stephansdom and a year, 1791. While it does seem like a reference to Mozart, who died that year, he isn't named. So, I should extract entities like ""Stephansdom"" as a BUILDING and consider tagging ""1791"" as OTHER. The instructions include extracting named entities, and though TIME/DATE isn't allowed, ""OTHER"" could apply here for the numeral. **Formatting entity output**

I’m considering adding ""1791"" as OTHER since there’s no TIME type provided. It seems acceptable because some tasks classify years that way. Filler words like ""lor"" and ""His"" aren’t relevant here. ""Funeral"" isn’t a named entity either, while ""Stephansdom"" fits best as a BUILDING, even though it could be viewed as an ORGANIZATION due to its institutional nature. I’ll compile the output correctly in JSON format, ensuring it matches what the user specifically requested: ""Entities: [...]"". **Finalizing entity output**

I'm finalizing the entities based on the extracted information. I've decided on:

Entities: [
  {""text"": ""1791"", ""value"": ""OTHER""},
  {""text"": ""Stephansdom"", ""value"": ""BUILDING""}
]

I considered if ""Stephansdom"" could also be tagged as LOCATION since it's a building, but I’m sticking with BUILDING for clarity. The phrase ""His kena bury"" indicates a burial context, and while ""funeral"" was mentioned, it’s not a named entity, so I’m skipping that. The output will strictly follow the valid JSON format within the specified prefix.","Entities: [{""text"": ""Stephansdom"", ""value"": ""BUILDING""}]","**Analyzing entity extraction**

I'm focusing on ""Stephansdom,"" which is a building type. Events like ""his burial"" and ""a funeral"" don’t qualify as named events. So, I'm leaning towards just recognizing ""Stephansdom."" Considering ""1791,"" it's not right to categorize it as an event since ""funeral"" is generic. 

I need to ensure my output follows the specified format. It should look like: [{""text"":""the Stephansdom"", ""value"":""BUILDING""}], since they seem to want the text span as it appears. Most systems omit articles, but I'll stick to the instructions provided. **Deciding on entity format**

I need to capture the ""text span"" exactly as it appears in the text, which is ""the Stephansdom."" However, I think ""Stephansdom"" alone would be more typical for Named Entity Recognition (NER) outputs. Since they didn't specify, I'm considering including ""the Stephansdom"" as the text span for safety. 

Yet, given past experiences with similar tasks, they often focus on extracting just the named part. So, I’ll play it safe and use ""Stephansdom"" while ensuring my output remains in the required format as a single entity in an array."
"These implementations hor, originally come from NetBSD one, and support decompression of bzip2 and the Unix pack format lah.","These implementations originally come from NetBSD, and support decompression of bzip2 and the Unix pack format.","[{'NetBSD': 'PRODUCT'}, {'bzip2': 'PRODUCT'}, {'Unix pack format': 'PRODUCT'}]","[{'NetBSD': 'PRODUCT'}, {'bzip2': 'PRODUCT'}, {'Unix pack format': 'PRODUCT'}]","[{'NetBSD': 'ORGANIZATION'}, {'bzip2': 'PRODUCT'}, {'Unix pack': 'PRODUCT'}]","[{'NetBSD': 'PRODUCT'}, {'bzip2': 'PRODUCT'}, {'Unix': 'PRODUCT'}, {'pack': 'PRODUCT'}]",194,,"Entities: [
  {""text"": ""NetBSD"", ""value"": ""ORGANIZATION""},
  {""text"": ""bzip2"", ""value"": ""PRODUCT""},
  {""text"": ""Unix pack"", ""value"": ""PRODUCT""}
]","**Identifying named entities**

I’m focusing on extracting named entities from the provided text. There are several types: ART, BUILDING, EVENT, LOCATION, ORGANIZATION, OTHER, PERSON, and PRODUCT. 

Looking at ""NetBSD,"" it’s an operating system and an organization, so I’ll classify it as an ORGANIZATION. For ""bzip2,"" since it’s a compression program, that fits as a PRODUCT. Lastly, ""Unix"" seems to be an operating system family, making it more suitable as a PRODUCT as well. Let's proceed with these classifications! **Classifying named entities**

I'm analyzing ""the Unix pack format,"" considering whether ""Unix"" should be a PRODUCT or LOCATION. It seems more fitting as a PRODUCT. 

For ""pack,"" while it's a specific compression tool, it could also be seen as a generic command name. I’m debating if I should extract ""pack"" separately since it refers to a specific Unix utility. 

To play it safe, I'll likely treat ""Unix pack"" as the entity, but also recognize ""pack"" as the product it describes. However, I'll ensure to mark ""Unix"" and ""pack"" properly to reflect their significance. **Extracting named entities**

I know the user wants me to recognize named entities clearly. I’ll include ""NetBSD,"" ""bzip2,"" ""Unix,"" and perhaps ""pack"" as well. 

They’ve specified possible entity types, and I need to avoid overcomplicating things. While ""implementations"" and discourse markers aren’t entities, I want to format my response correctly as a JSON array. The structure should be precise, using the key ""Entities:"" before the array. So, I'll classify ""NetBSD"" as ORGANIZATION, ""bzip2"" and ""Unix"" as PRODUCT, and cautiously include ""pack"" as PRODUCT too. **Deciding on entity classifications**

I'm pondering whether ""pack"" alone is too generic to be a PRODUCT. It seems ""bzip2"" and ""Unix pack"" might be better options, but ""Unix pack"" isn’t technically a proper name. The tool is just ""pack"" on Unix. 

The user asked for ""entity text span"" as they appear in the text, which does include the phrase ""the Unix pack format."" I think it makes sense to classify ""Unix pack"" as a PRODUCT, even though it overlaps with ""Unix."" I'll go with this classification: ""NetBSD"" as ORGANIZATION, ""bzip2"" as PRODUCT, and ""Unix pack"" as PRODUCT. **Finalizing entity list**

I’m ready to return the named entities. Here’s what I have:

Entities: [
  {""text"": ""NetBSD"", ""value"": ""ORGANIZATION""},
  {""text"": ""bzip2"", ""value"": ""PRODUCT""},
  {""text"": ""Unix pack"", ""value"": ""PRODUCT""}
]

This seems concise and clear. Some might argue that ""Unix"" could be labeled as an ORGANIZATION since it’s associated with The Open Group. However, in this context, it fits better as part of the ""Unix pack"" brand. I think we’re good to go with this!","[{""text"":""NetBSD"",""value"":""PRODUCT""},{""text"":""bzip2"",""value"":""PRODUCT""},{""text"":""Unix"",""value"":""PRODUCT""},{""text"":""pack"",""value"":""PRODUCT""}]","**Extracting named entities**

I'm working on extracting named entities from the sentence: ""These implementations originally come from NetBSD, and support decompression of bzip2 and the Unix pack format."" I need to categorize entity types like ART, LOCATION, ORGANIZATION, PRODUCT, and others. Possible candidates include NetBSD as an organization or product, bzip2 as a product, and Unix, which usually refers to a product but could also be seen as an organization. The phrase ""Unix pack format"" hints at product classification as well. **Classifying named entities**

I'm considering the entities to include: NetBSD, bzip2, and ""Unix pack,"" possibly treating them separately as ""Unix"" and ""pack."" The phrase ""the Unix pack format"" suggests both are named entities. I think ""Unix"" and ""bzip2"" can be categorized as PRODUCTS, while ""pack"" may also be a PRODUCT as a Unix utility. I need to represent these entities in an array of objects. For NetBSD, it could be tagged as an ORGANIZATION or PRODUCT, but I’ll lean towards treating it as PRODUCT since it’s an OS distribution. **Tagging named entities**

I’m considering how to tag ""NetBSD""; it refers to both the project and the OS. After weighing options, I think I should categorize it as a PRODUCT, similar to how ""Microsoft Windows"" is treated as a PRODUCT while ""Microsoft"" is considered an ORGANIZATION. For ""bzip2,"" it's clearly a PRODUCT since it's a compression program. ""Unix"" is an OS, so again, PRODUCT. As for ""pack,"" I should probably tag that as a PRODUCT too; I’ll treat ""Unix"" and ""pack"" as separate entities instead of a composite. **Formatting the JSON array**

I'm looking at how to categorize ""Unix pack."" It's not really a brand name even though ""pack"" is part of Unix. Since ""NetBSD"" is clearly named in the context, I’ll create a JSON array to represent the entities. 

I'm thinking it should look like this:  

[
  {""text"": ""NetBSD"", ""value"": ""PRODUCT""},
  {""text"": ""bzip2"", ""value"": ""PRODUCT""},
  {""text"": ""Unix"", ""value"": ""PRODUCT""},
  {""text"": ""pack"", ""value"": ""PRODUCT""}
]  

I’m debating whether to label ""Unix pack format"" as either PRODUCT or OTHER, but I’ll stick with the above format since ""pack"" is a recognized item. Let's ensure we keep the field names ""text"" and ""value"" consistent."
"I, Max was one sports commentary show lor, got host Max Kellerman and Michael Holley one, air every night on Fox Sports Net leh.","I, Max was a sports commentary show featuring host Max Kellerman and Michael Holley that aired nightly on Fox Sports Net.","[{'I, Max': 'ART'}, {'Max Kellerman': 'PERSON'}, {'Michael Holley': 'PERSON'}, {'Fox Sports Net': 'ORGANIZATION'}]","[{'I, Max': 'ART'}, {'Max Kellerman': 'PERSON'}, {'Michael Holley': 'PERSON'}, {'Fox Sports Net': 'ORGANIZATION'}]","[{'Max': 'PERSON'}, {'Max Kellerman': 'PERSON'}, {'Michael Holley': 'PERSON'}, {'Fox Sports Net': 'ORGANIZATION'}]","[{'I, Max': 'ART'}, {'Max Kellerman': 'PERSON'}, {'Michael Holley': 'PERSON'}, {'Fox Sports Net': 'ORGANIZATION'}]",110,,"Entities: [{""text"": ""Max"", ""value"": ""PERSON""}, {""text"": ""Max Kellerman"", ""value"": ""PERSON""}, {""text"": ""Michael Holley"", ""value"": ""PERSON""}, {""text"": ""Fox Sports Net"", ""value"": ""ORGANIZATION""}]",,"Entities: [
  {""text"": ""I, Max"", ""value"": ""ART""},
  {""text"": ""Max Kellerman"", ""value"": ""PERSON""},
  {""text"": ""Michael Holley"", ""value"": ""PERSON""},
  {""text"": ""Fox Sports Net"", ""value"": ""ORGANIZATION""}
]",
"Kadavu Province hor, is one of fourteen provinces in Fiji lah, and also part of the Eastern Division one, which got Lau, Lomaiviti and Rotuma provinces inside also.","Kadavu Province is one of fourteen provinces of Fiji, and forms part of the Eastern Division, which also includes the provinces of Lau, Lomaiviti and Rotuma.","[{'Kadavu Province': 'LOCATION'}, {'Fiji': 'LOCATION'}, {'Lau': 'LOCATION'}, {'Lomaiviti': 'LOCATION'}, {'Rotuma': 'LOCATION'}]","[{'Kadavu Province': 'LOCATION'}, {'Fiji': 'LOCATION'}, {'Lau': 'LOCATION'}, {'Lomaiviti': 'LOCATION'}, {'Rotuma': 'LOCATION'}]","[{'Kadavu Province': 'LOCATION'}, {'Fiji': 'LOCATION'}, {'Eastern Division': 'LOCATION'}, {'Lau': 'LOCATION'}, {'Lomaiviti': 'LOCATION'}, {'Rotuma': 'LOCATION'}]","[{'Kadavu Province': 'LOCATION'}, {'Fiji': 'LOCATION'}, {'Eastern Division': 'LOCATION'}, {'Lau': 'LOCATION'}, {'Lomaiviti': 'LOCATION'}, {'Rotuma': 'LOCATION'}]",84,,"Entities: [{""text"": ""Kadavu Province"", ""value"": ""LOCATION""}, {""text"": ""Fiji"", ""value"": ""LOCATION""}, {""text"": ""Eastern Division"", ""value"": ""LOCATION""}, {""text"": ""Lau"", ""value"": ""LOCATION""}, {""text"": ""Lomaiviti"", ""value"": ""LOCATION""}, {""text"": ""Rotuma"", ""value"": ""LOCATION""}]","**Extracting Named Entities**

I need to identify named entities from the provided text and classify them into types like ART, BUILDING, EVENT, LOCATION, ORGANIZATION, OTHER, PERSON, and PRODUCT. From the text, ""Kadavu Province"" is a location, and it fits the LOCATION category. ""Fiji"" is also a location, specifically a country. The ""Eastern Division"" is an administrative division, so that's also categorized under LOCATION. Additionally, ""Lau,"" ""Lomaiviti,"" and ""Rotuma"" are all provinces in Fiji, making them LOCATION entities as well. **Capturing Entity Details**

I need to make sure I correctly extract entities from the text. I should list ""Lau,"" ""Lomaiviti,"" and ""Rotuma"" separately since they’re mentioned with commas. I also want to include ""Eastern Division"" as it’s a first-level division of Fiji. However, I won’t include extra words like ""fourteen"" or ""one."" 

So the final list should look like this:
- Kadavu Province - LOCATION
- Fiji - LOCATION
- Eastern Division - LOCATION
- Lau - LOCATION
- Lomaiviti - LOCATION
- Rotuma - LOCATION

I'll make sure the JSON format is precise. **Clarifying Entity Types**

I see there’s potential confusion with ""Rotuma provinces."" Since Rotuma is technically a dependency, I’ll still categorize it as a LOCATION because that’s how it’s mentioned in the text. I want to ensure the output is clear and formatted correctly. I’ll include the ""Entities:"" line, just as prompted, and provide the list without extra commentary. 

This means I’m ready to produce the final output!","Entities: [
  {""text"": ""Kadavu Province"", ""value"": ""LOCATION""},
  {""text"": ""Fiji"", ""value"": ""LOCATION""},
  {""text"": ""Eastern Division"", ""value"": ""LOCATION""},
  {""text"": ""Lau"", ""value"": ""LOCATION""},
  {""text"": ""Lomaiviti"", ""value"": ""LOCATION""},
  {""text"": ""Rotuma"", ""value"": ""LOCATION""}
]","**Extracting entities from text**

I need to identify named entities from the provided text and categorize them. For Kadavu Province, it’s definitely a LOCATION, being an administrative division. Fiji is also a LOCATION since it’s a country. The Eastern Division is another administrative division, so that counts as LOCATION too, although it could hint at an ORGANIZATION. As for Lau, Lomaiviti, and Rotuma, they are all provinces in Fiji, making them LOCATIONs as well. This task feels detailed but necessary! **Finalizing entity extraction**

So, I’m considering that Rotuma is actually a dependency rather than a province, but since the text treats it as one, we'll classify it as a LOCATION. Lomaiviti is also a province, and thus a LOCATION too. I think we should include ""Eastern Division"" as a LOCATION as well. The output will be formatted as a JSON array with the entities ""Kadavu Province,"" ""Fiji,"" ""Eastern Division,"" ""Lau,"" ""Lomaiviti,"" and ""Rotuma,"" ensuring capitalization is consistent and values match the types. ""Fourteen"" isn’t a named entity, so that’s good to note!"
"From 1927 to 1944, he kena listed in the All-Union Communist Party (Bolsheviks) one, after that they call it the Communist Party of the Soviet Union lor.","From 1927 to 1944, he was on the books of the All-Union Communist Party (Bolsheviks), later known as the Communist Party of the Soviet Union.","[{'All-Union Communist Party': 'ORGANIZATION'}, {'Bolsheviks': 'ORGANIZATION'}, {'Communist Party of the Soviet Union': 'ORGANIZATION'}]","[{'All-Union Communist Party': 'ORGANIZATION'}, {'Bolsheviks': 'ORGANIZATION'}, {'Communist Party of the Soviet Union': 'ORGANIZATION'}]","[{'All-Union Communist Party (Bolsheviks)': 'ORGANIZATION'}, {'Communist Party of the Soviet Union': 'ORGANIZATION'}, {'Soviet Union': 'LOCATION'}]","[{'All-Union Communist Party (Bolsheviks)': 'ORGANIZATION'}, {'Communist Party of the Soviet Union': 'ORGANIZATION'}, {'Soviet Union': 'LOCATION'}]",140,,"Entities: [{""text"": ""All-Union Communist Party (Bolsheviks)"", ""value"": ""ORGANIZATION""}, {""text"": ""Communist Party of the Soviet Union"", ""value"": ""ORGANIZATION""}, {""text"": ""Soviet Union"", ""value"": ""LOCATION""}]","**Considering entity extraction**

I need to extract named entities from a given text and map them to specific types like ART, BUILDING, EVENT, LOCATION, ORGANIZATION, OTHER, PERSON, PRODUCT. The text provides references to years ""1927"" and ""1944,"" which aren't typically included in the specified types, but might fall under OTHER. The guidelines suggest including recognizable named entities while dates are often debated in terms of naming conventions, so I need to be cautious about how to categorize these. **Extracting named entities**

The command directs me to extract named entities based on specified types. While ""1927 to 1944"" could suggest an event timeframe, I think it's better to avoid including dates since they aren’t requested in the types. 

The ""All-Union Communist Party (Bolsheviks)"" is clearly an organization, so I'll tag it as ORGANIZATION. The same goes for the ""Communist Party of the Soviet Union."" 

Now, ""Soviet Union"" could be classified as LOCATION since it’s a country. While ""Bolsheviks"" is part of the organization title, it indicates the specific variant within the name. **Clarifying entity extraction**

I'm planning to keep the full organization name as one entity and not separate ""Bolsheviks."" The pronoun ""he"" isn't relevant here. For ""All-Union Communist Party (Bolsheviks),"" I’ll ensure I capture the correct span without including ""one."" 

The ""Communist Party of the Soviet Union"" is pretty straightforward. I’m wondering if I should include ""All-Union Communist Party"" without parentheses, but I think including the full name is better.

Now, regarding ""Soviet Union,"" I could capture it as its own entity since it's also part of the ""Communist Party of the Soviet Union."" This overlap is tricky; I might propose both. **Finalizing entity definitions**

I think it’s safe to include ""Soviet Union"" as a separate LOCATION entity because it's referenced in the text but comes as part of ""the Communist Party of the Soviet Union."" Including both could risk overlapping, but duplicates are often accepted in these tasks. The ""All-Union"" part shouldn’t stand alone. 

As for ""Bolsheviks,"" since it's a parenthetical clarifier here, I don’t think I should list it separately as an organization. So, my final list is:

- All-Union Communist Party (Bolsheviks): ORGANIZATION
- Communist Party of the Soviet Union: ORGANIZATION
- Soviet Union: LOCATION **Formatting the output**

I need to create a JSON array with dictionaries for each entity extracted. The required format is clear: it needs to start with ""Entities: [...]."" 

For the entities I’ve identified, the text must match the original casing and punctuation exactly. The specific entities include:

- ""All-Union Communist Party (Bolsheviks)""
- ""Communist Party of the Soviet Union""
- ""Soviet Union""

I’ll avoid including any trailing punctuation. I concluded not to include ""one"" from ""All-Union Communist Party (Bolsheviks) one."" 

So my final output will be: 

Entities: [{""text"": ""All-Union Communist Party (Bolsheviks)"", ""value"": ""ORGANIZATION""}, {""text"": ""Communist Party of the Soviet Union"", ""value"": ""ORGANIZATION""}, {""text"": ""Soviet Union"", ""value"": ""LOCATION""}]","[{""text"":""All-Union Communist Party (Bolsheviks)"",""value"":""ORGANIZATION""},{""text"":""Communist Party of the Soviet Union"",""value"":""ORGANIZATION""},{""text"":""Soviet Union"",""value"":""LOCATION""}]","**Analyzing entity classification**

I need to extract named entities from a given text and categorize them into specific types, such as ART, BUILDING, EVENT, LOCATION, ORGANIZATION, OTHER, PERSON, and PRODUCT.

Looking at the text, I note ""All-Union Communist Party (Bolsheviks)"" and ""Communist Party of the Soviet Union"" as organizations. For the years 1927 and 1944, typically they are categorized as dates, but there's no specific DATE type here. It feels ambiguous if I should include them as OTHER, but since they don’t fit the criteria provided, it seems best to avoid including them. The Soviet Union might be classified as a location. **Considering nested entities**

The phrase ""Communist Party of the Soviet Union"" includes ""Soviet Union"" within the organization name. Generally, I extract the full organization name as a single entity. I could also identify ""Soviet Union"" as a LOCATION, but it appears as part of the organization name in this context. 

While many Named Entity Recognition (NER) tasks allow for nested entity extraction, others may prefer to keep it simple. Since the example hints at focusing on main entities, it seems prudent to classify ""Communist Party of the Soviet Union"" as an organization and ""Soviet Union"" as a location. **Reviewing entity classification**

The text primarily mentions the entities within organization names. For example, ""All-Union Communist Party (Bolsheviks)"" and ""Communist Party of the Soviet Union,"" which can also be abbreviated as CPSU, are key organizations. 

While the pronoun ""he"" isn’t a named entity, I will include “Soviet Union” as a LOCATION since it’s present within the phrase. It seems reasonable to consider that, similar to how other named locations are treated in context. I plan to format the entities as an array of objects with ""text"" and ""value"". **Clarifying entity inclusion**

In ""Communist Party of the Soviet Union,"" the phrase ""Soviet Union"" represents a location, so I will include it since the instructions don’t forbid it. I need to ensure clarity since it’s part of a larger entity. 

Regarding ""Bolsheviks,"" that’s a political faction included within the official name ""All-Union Communist Party (Bolsheviks)."" Since it’s not a standalone entity here, I won't classify it separately. 

Dates won’t be included either. Finally, I'll format the entities as a JSON-like array as specified, without additional commentary. **Finalizing entity array**

I’m ready to produce the final entity representation. Here it is:

[
  {""text"": ""All-Union Communist Party (Bolsheviks)"", ""value"": ""ORGANIZATION""},
  {""text"": ""Communist Party of the Soviet Union"", ""value"": ""ORGANIZATION""},
  {""text"": ""Soviet Union"", ""value"": ""LOCATION""}
]

I double-checked the case and formatting, keeping it simple. We're all set to finalize this output!"
It win liao the jury award for best feature Film at the TriMedia Film Festival in 2010 lah.,It won the jury award for best feature Film at the TriMedia Film Festival in 2010.,"[{'jury award for best feature Film': 'OTHER'}, {'TriMedia Film Festival': 'EVENT'}]","[{'jury award for best feature Film': 'OTHER'}, {'TriMedia Film Festival': 'EVENT'}]",[{'TriMedia Film Festival': 'EVENT'}],[{'TriMedia Film Festival': 'EVENT'}],88,,"Entities: [{""text"": ""TriMedia Film Festival"", ""value"": ""EVENT""}]","**Finalizing entities identification**

I'm looking at the phrase where ""Film"" is capitalized, but it's just part of ""best feature Film"", without any specific title. The term ""jury award"" isn’t named either. The colloquialism ""It win liao"" is interesting but doesn't add value here. So, I think we'll just include:

Entities: [{""text"": ""TriMedia Film Festival"", ""value"": ""EVENT""}]

I’m considering if we should include ""jury award for best feature Film,"" but it seems better not to. Let's prepare for the final output with what we've decided!","Entities: [{""text"": ""TriMedia Film Festival"", ""value"": ""EVENT""}]","**Extracting named entities**

I need to extract named entities from the text based on the allowed types like ART, BUILDING, EVENT, LOCATION, ORGANIZATION, OTHER, PERSON, PRODUCT. For example, ""TriMedia Film Festival"" fits as an EVENT; it’s a film event and fits that category. Now, about ""2010"": while it’s a year, there's no DATE type available in the allowed list, so it might fall under OTHER, but since a year is a temporal expression, it’s likely not a named entity after all. **Evaluating named entities**

I’m leaning towards excluding ""2010"" since it’s not on the list of named entities, even though examples often include dates. However, I might consider marking it as OTHER since it seems to fit that category. As for ""best feature Film"" and ""jury award,"" they don’t qualify as entities either. Only ""TriMedia Film Festival"" stands out as an EVENT. I’ll output a JSON array with the correct format: [{""text"": ""TriMedia Film Festival"", ""value"": ""EVENT""}]. **Finalizing JSON output**

I’m considering whether to include ""jury award for best feature Film."" I don’t think we should since the instruction focuses on named entities. Regarding ""2010,"" it could fit as OTHER, but typically a year isn't a named entity, so I’d exclude it. I also need to ensure punctuation is correct. The only entity I’ll return is ""TriMedia Film Festival"" as an EVENT. I’ll follow their format exactly: Entities: [{""text"": ""TriMedia Film Festival"", ""value"": ""EVENT""}]."
"As a longer loaf hor, maybe it started all the French bread one, 'cause the bakers there try to copy the steam method to make their baguettes lor.","As a longer loaf, it may well have been the origin of French bread as bakers there attempted to adopt the steam method to produce their baguettes.",[{'French': 'LOCATION'}],[{'French': 'LOCATION'}],"[{'French bread': 'PRODUCT'}, {'baguettes': 'PRODUCT'}]","[{'French bread': 'PRODUCT'}, {'baguettes': 'PRODUCT'}]",116,,"[{""text"": ""French bread"", ""value"": ""PRODUCT""}, {""text"": ""baguettes"", ""value"": ""PRODUCT""}]","**Extracting named entities**

I'm focused on extracting named entities from a given text about French bread and bakers. There’s a discussion about whether to tag “French” as a location or a nationality, and it looks like “French” generally modifies bread rather than indicating a specific place. 

I consider “baguettes” as a product type, although it typically refers to a generic product rather than a specific brand. However, I believe I should still include it when extracting named entities. **Identifying product entities**

I'm analyzing whether to classify ""baguettes"" as a product since it feels like a generic term, not a specific brand name. It looks like ""French"" could be mapped to LOCATION, but it feels tricky because ""French bread"" might also be tagged as a product, although that's still somewhat generic too. I'm leaning toward being conservative in my tagging, so I’d consider outputting “French” as a LOCATION and “baguettes” as a PRODUCT, resulting in this potential JSON array: [{""text"":""French"",""value"":""LOCATION""},{""text"":""baguettes"",""value"":""PRODUCT""}]. **Defining product entities**

The text mentions ""French bread,"" which I think should be tagged as a PRODUCT. So, I’m considering labeling both ""French bread"" and ""baguettes"" as products, but I’m unsure if I need to tag ""French"" separately since it’s part of the phrase.

I feel it's safer to identify just two product entities: ""French bread"" and ""baguettes."" I won't include location entities. I’m set on returning a JSON array formatted with those two entries. I don’t think ""steam method"" qualifies as it's too generic.","[{""text"": ""French bread"", ""value"": ""PRODUCT""}, {""text"": ""baguettes"", ""value"": ""PRODUCT""}]","**Extracting entities**

I need to extract named entities from the provided text, focusing on types like ART, BUILDING, EVENT, LOCATION, ORGANIZATION, OTHER, PERSON, PRODUCT. For instance, ""French bread"" seems like a named product. However, ""baguettes"" could be more generic, despite being a product type. ""Steam method"" appears to describe a process, not an entity, and ""bakers"" is a common noun. So, I question whether these terms fit into my criteria for named entities. **Identifying product entities**

I can include ""OTHER"" as a category in my analysis. ""French bread"" seems like a proper food product due to the capitalized demonym, but ""French"" could relate to the location, which complicates things. Should I classify ""French bread"" as a PRODUCT? That seems reasonable. 

""Baguettes"" could also be a product, even if it isn't capitalized. It's a bit tricky since it might just be a generic term. Plus, ""there"" likely refers to France. It's all quite ambiguous! **Defining entities in JSON**

I’m analyzing the entities to define how to categorize them. ""French bread"" looks like it should be marked as a PRODUCT since it's food. I think ""baguettes"" also fits as a PRODUCT based on the context. 

As for ""loaf,"" it might not qualify as an entity, and ""steam method"" could be categorized as OTHER, but I’d prefer to avoid that. 

The main entities I want to include in the JSON array are:

- {""text"": ""French bread"", ""value"": ""PRODUCT""}
- {""text"": ""baguettes"", ""value"": ""PRODUCT""} 

I’m mindful to avoid duplication of ""French"" since it's part of ""French bread."""
Saab gib Mr Gilbert one Saab 9-5 Aero lah.,Saab gave Mr Gilbert a Saab 9-5 Aero.,"[{'Saab': 'ORGANIZATION'}, {'Gilbert': 'PERSON'}, {'Saab 9-5 Aero': 'PRODUCT'}]","[{'Saab': 'ORGANIZATION'}, {'Gilbert': 'PERSON'}, {'Saab 9-5 Aero': 'PRODUCT'}]","[{'Saab': 'ORGANIZATION'}, {'Mr Gilbert': 'PERSON'}, {'Saab 9-5 Aero': 'PRODUCT'}]","[{'Saab': 'ORGANIZATION'}, {'Mr Gilbert': 'PERSON'}, {'Saab 9-5 Aero': 'PRODUCT'}]",151,,"Entities: [{""text"": ""Saab"", ""value"": ""ORGANIZATION""}, {""text"": ""Mr Gilbert"", ""value"": ""PERSON""}, {""text"": ""Saab 9-5 Aero"", ""value"": ""PRODUCT""}]","**Clarifying text spans**

I want to make sure that the text spans we capture correspond exactly to the provided text, keeping the original casing. For instance, ""gib"" is slang for ""give,"" and ""lah."" is a Singlish particle. We need to capture ""Saab 9-5 Aero"" without any trailing spaces, and since ""Saab"" appears twice, we can include both instances. I also need to consider whether ""Mr Gilbert"" is spelled with a capital G and includes the title. Now, let's classify these entities. **Finalizing entity output**

I need to create an output for the entities in the specified format. I’ll include: ""Saab"" as an ORGANIZATION, ""Mr Gilbert"" as a PERSON, and ""Saab 9-5 Aero"" as a PRODUCT. It’s important to capture both occurrences of ""Saab,"" as they're distinct: one as an organization and the other as part of the product name. I must ensure the formatting matches the user’s request exactly and maintain simplicity without unnecessary comments. Now, let's finalize that JSON-like list!","Entities: [{""text"": ""Saab"", ""value"": ""ORGANIZATION""}, {""text"": ""Mr Gilbert"", ""value"": ""PERSON""}, {""text"": ""Saab 9-5 Aero"", ""value"": ""PRODUCT""}]","**Evaluating JSON structure**

I'm thinking about how to include ""Saab"" as a standalone entry and also as part of the ""Saab 9-5 Aero."" I want to ensure that the type names match the specifications precisely: ART, BUILDING, EVENT, LOCATION, ORGANIZATION, OTHER, PERSON, PRODUCT. It's important to format the JSON correctly, using double quotes and proper brackets without any trailing commas. Even though the example has that trailing comma, I’ll stick to producing valid JSON without it to prevent any errors."
"Modifications included extra cockpit windows lah, and 245-horsepower Jacobs R-755-9 engines hor.","Modifications included additional cockpit windows, and 245-horsepower Jacobs R-755-9 engines.",[{'Jacobs R-755-9': 'PRODUCT'}],[{'Jacobs R-755-9': 'PRODUCT'}],[{'Jacobs R-755-9': 'PRODUCT'}],[{'Jacobs R-755-9': 'PRODUCT'}],247,,"Entities: [{""text"": ""Jacobs R-755-9"", ""value"": ""PRODUCT""}]","**Extracting named entities**

I need to identify and extract named entities from the provided text, looking for types like ART, BUILDING, EVENT, LOCATION, ORGANIZATION, OTHER, PERSON, PRODUCT. The ""Jacobs R-755-9"" engine seems to be a specific product, giving us the cue to categorize it as a PRODUCT. While ""Jacobs"" could represent an organization, it's only mentioned alongside the engine model, so it fits better as part of the product name. For accuracy, I’ll classify ""Jacobs R-755-9"" as the PRODUCT entity. **Identifying product entities**

I’m deciding on the entity type for “Jacobs R-755-9.” It makes sense to classify it as a PRODUCT since it specifically refers to an engine. Some might include “Jacobs R-755-9 engines” as a PRODUCT too, but since the PRODUCT category covers engines, I'll stick with “Jacobs R-755-9.” Anything else seems generic or not named.  

I wonder if ""Jacobs"" can be noted as an ORGANIZATION. It's true that ""Jacobs"" is the manufacturer, and it appears within ""Jacobs R-755-9 engines."" So, I can include it as an ORGANIZATION without causing duplication issues, keeping in mind the user prefers a straightforward list. **Deciding on entity inclusion**

I'm realizing that usually, I should avoid duplicates, so I'll only include the more specific product mention for clarity. The ""R-755-9"" could be considered part of the product name as well. 

I need to return the JSON array in the format requested, labeled clearly as ""Entities."" Since the user wrote ""Entities: [{""text"":..., ""value"":...}],"" it's best to stick closely to this format. 

Now I’ll produce: 

Entities: [{""text"": ""Jacobs R-755-9"", ""value"": ""PRODUCT""}]. 

Alternatively, I could use the entire ""Jacobs R-755-9 engines"" text span. Ultimately, I think I’ll go with “Jacobs R-755-9 engines” to align closer with the original text and still classify it as PRODUCT. **Finalizing entity choice**

I'll choose to include the entity as [{""text"":""Jacobs R-755-9"",""value"":""PRODUCT""}]. While ""Jacobs R-755-9 engines"" is a valid option, removing ""engines"" makes it clearer since the product is actually the engine model itself. The term ""engines"" is a bit generic and not essential here. So, I think it's best to stick with just ""Jacobs R-755-9"" as my final selection for clarity. I'll keep it simple with just that single entity.","Entities: [{""text"": ""Jacobs R-755-9"", ""value"": ""PRODUCT""}]","**Identifying named entities**

I’m looking to extract named entities from the provided text. The engine model ""Jacobs R-755-9"" stands out as a specific product. I should categorize it as a PRODUCT since ""Jacobs"" is the manufacturer linked to that product.

Now, ""245-horsepower"" doesn’t qualify as an entity, nor do ""cockpit windows."" I think I'll go with ""Jacobs R-755-9 engines"" as the entity to include in our JSON list. Let's organize that! **Formatting entities correctly**

I need to ensure the output format is exact for named entities. It should read: Entities: [{""text"": ""Jacobs R-755-9 engines"", ""value"": ""PRODUCT""}]. 

However, I should note that there's a period at the end of the text that I need to exclude. The word ""engines"" is part of the original text, so I should keep it. While some named entity recognition prefers just ""Jacobs R-755-9,"" the instruction indicates using the exact span. So, ""Jacobs R-755-9 engines"" is acceptable. I think it's valid to keep the full phrase since there’s no rule against using that over a subspan. **Deciding on entity labeling**

I need to ensure that the ""entity text span"" matches exactly with the text. In many standard named entity recognition systems, ""Jacobs R-755-9"" would typically be labeled as a product, so I'll go with that.

I'll format it as: Entities: [{""text"":""Jacobs R-755-9"", ""value"":""PRODUCT""}]. Alternatively, I could consider labeling ""Jacobs"" as an ORGANIZATION since it refers to Jacobs Aircraft Engine Company. But in this context, it's part of the product name.

While I could extract both, I think I'll just include ""Jacobs R-755-9"" as the product to keep it simple and focused. **Finalizing entity output**

The product is clearly the model ""Jacobs R-755-9,"" so I need to provide that. I'll craft the final answer exactly as required: ""Entities: [ ... ]"" 

I want to ensure there are no extra comments and that the JSON is valid. This way, I can get it right without any confusion. Keeping it straightforward will help maintain clarity!"
Breck Ullr Fest first time happen in 1963 lah.,Breck Ullr Fest was first held in 1963.,[{'Breck Ullr Fest': 'EVENT'}],[{'Breck Ullr Fest': 'EVENT'}],"[{'Breck Ullr Fest': 'EVENT'}, {'1963': 'OTHER'}]",[{'Breck Ullr Fest': 'EVENT'}],96,,"Entities: [{""text"": ""Breck Ullr Fest"", ""value"": ""EVENT""}, {""text"": ""1963"", ""value"": ""OTHER""}]","**Extracting named entities**

I’m analyzing how to properly extract named entities from the text. Typically, a year like 1963 isn’t classified as a named entity, but I see they’ve allowed it as ""OTHER."" I think it’s safe to include ""Breck Ullr Fest"" as an EVENT. Keeping it as one phrase makes sense since ""Breck"" is part of that phrase. I’ll avoid splitting it, focusing on the composite entity. My output would be: [{""text"":""Breck Ullr Fest"",""value"":""EVENT""},{""text"":""1963"",""value"":""OTHER""}]. **Formatting entity output**

The user provided a specific format for entities: `Entities: [{""text"": ""entity text span"", ""value"": ""entity type""},]`. I need to follow that exact style, but there's a question about the trailing comma. Their example shows it, but it's usually not valid JSON to include that comma. I’ll go with proper JSON formatting by leaving out the trailing comma to ensure validity, even though they might expect it. I'll finalize the output correctly while acknowledging that some terms like ""lah"" aren’t entities, and ""Ullr"" pertains to a festival.","Entities: [{""text"": ""Breck Ullr Fest"", ""value"": ""EVENT""}]","**Extracting named entities**

I need to focus on extracting named entities from the provided text. The key entity here is “Breck Ullr Fest,” which is categorized as an EVENT. The date “1963” doesn’t fit any desired types, so I won’t include it. While the task allows for an OTHER type, typically, dates aren’t considered named entities unless specified. I’ll format the output as JSON with the identified event, ensuring proper capitalization. So the result will be in the structure: {""text"":""Breck Ullr Fest"",""value"":""EVENT""}. **Formatting output correctly**

I see that the instruction specifies to include ""Entities: [{""text"": ""entity text span"", ""value"": ""entity type""},]."" It’s important to match the exact formatting they’ve provided. They seem to expect the ""Entities:"" prefix, so I’ll ensure I include that in my output. I need to make sure I produce the final result in line with their specifications. Let's go ahead and format it like that to meet their expectations."
"He mayor of Moerbeke-Waas since 2013 lor, and also member of the Belgian Federal Parliament since 2019 one.",He is mayor of Moerbeke-Waas since 2013 and member of the Belgian Federal Parliament since 2019.,"[{'Moerbeke-Waas': 'LOCATION'}, {'Belgian Federal Parliament': 'ORGANIZATION'}]","[{'Moerbeke-Waas': 'LOCATION'}, {'Belgian Federal Parliament': 'ORGANIZATION'}]","[{'Moerbeke-Waas': 'LOCATION'}, {'Belgian Federal Parliament': 'ORGANIZATION'}]","[{'Moerbeke-Waas': 'LOCATION'}, {'Belgian Federal Parliament': 'ORGANIZATION'}]",163,,"Entities: [{""text"": ""Moerbeke-Waas"", ""value"": ""LOCATION""}, {""text"": ""Belgian Federal Parliament"", ""value"": ""ORGANIZATION""}]","**Extracting named entities**

I need to extract named entities from the text, but it seems a bit garbled. The intention looks like it might have been ""He is mayor of Moerbeke-Waas since 2013, and also member of the Belgian Federal Parliament since 2019."" The entity ""Moerbeke-Waas"" is clearly a municipality in Belgium, so I'll categorize it as a LOCATION, and ""Belgian Federal Parliament"" is our ORGANIZATION. However, there aren't any personal names present in this text. The years mentioned are not categorized as dates in this context. **Formatting entities as JSON**

I need to create a JSON array of objects with ""text"" and ""value"" for each entity. The relevant entity texts from the input are ""Moerbeke-Waas"" and ""Belgian Federal Parliament."" It looks like ""He,"" ""lor,"" and ""one"" are just junk and shouldn't be included as entities. So, I'll format it like this:

Entities: [
  {""text"": ""Moerbeke-Waas"", ""value"": ""LOCATION""},
  {""text"": ""Belgian Federal Parliament"", ""value"": ""ORGANIZATION""}
]

I need to ensure the output matches the required specification, sticking to just the necessary entities. **Verifying Moerbeke-Waas**

I need to double-check if Moerbeke-Waas is indeed a municipality in East Flanders, Belgium. After confirming that it is, I'm ready to output that information. I want to keep the presentation simple, without any heavy formatting; just present the facts clearly. This should ensure that it's straightforward for the user to understand.","[{""text"":""Moerbeke-Waas"",""value"":""LOCATION""},{""text"":""Belgian Federal Parliament"",""value"":""ORGANIZATION""}]","**Extracting entities for JSON**

I need to map named entities from the text into specific categories like ART, BUILDING, LOCATION, ORGANIZATION, and so on. In the example, Moerbeke-Waas is a municipality in Belgium, so that fits as LOCATION, while the Belgian Federal Parliament is an ORGANIZATION. The person referred to as ""He"" isn't taggable since it's a pronoun. Now, regarding the years 2013 and 2019—they're tricky. They don't typically fit into named entity types, so I’ll likely exclude them from the final output. **Finalizing entity extraction**

I’ve decided to skip the years since they aren't named entities. Terms like ""mayor"" and ""member"" also don't qualify. The correct name for the organization is ""Federal Parliament of Belgium,"" but ""Belgian Federal Parliament"" is acceptable. Moerbeke-Waas is definitely a municipality, so it fits as a LOCATION. Now I'll create a JSON array with the identified entities: [{""text"": ""Moerbeke-Waas"", ""value"": ""LOCATION""}, {""text"": ""Belgian Federal Parliament"", ""value"": ""ORGANIZATION""}]. I'll just make sure to format it exactly as required!"
"By 2011 hor, Blimpie locations number drop until 739 stores only, and revenue also jialat, down to just over $110 million lor.","By 2011 the number of Blimpie locations had fallen to 739 stores, and revenue was down to just over $ 110 million.",[{'Blimpie': 'ORGANIZATION'}],[{'Blimpie': 'ORGANIZATION'}],[{'Blimpie': 'ORGANIZATION'}],"[{'2011': 'OTHER'}, {'Blimpie': 'ORGANIZATION'}, {'$ 110 million': 'OTHER'}]",206,,"Entities: [{""text"": ""Blimpie"", ""value"": ""ORGANIZATION""}]","**Extracting named entities**

I need to extract named entities from some text written in Singlish. The available entity types include ART, BUILDING, EVENT, LOCATION, ORGANIZATION, OTHER, PERSON, and PRODUCT. The year ""2011"" doesn't fit well into these categories. It could be considered as OTHER since it's not a typical event, but I'm thinking it might not be marked as a named entity. ""Blimpie,"" on the other hand, is definitely an ORGANIZATION since it's a sub sandwich chain. **Identifying named entities**

I think ""Blimpie"" definitely qualifies as an ORGANIZATION since it's a restaurant brand. The mention of ""739 stores"" isn't an entity type, and ""$110 million"" also doesn’t fit since there's no MONEY category. Colloquialisms like ""hor, jialat, lor"" aren’t entities either. I’m considering whether to include ""2011"" as OTHER, but it might be best to exclude it. Finally, I propose the output in JSON format: [{""text"": ""Blimpie"", ""value"": ""ORGANIZATION""}]. That's the only entity we should include. **Finalizing entity output**

I’m considering ""Blimpie"" as an ORGANIZATION since it's a brand name. Even though it might seem like it could be a PRODUCT, I’ll stick with ORGANIZATION. I'm unsure about ""2011"" since it can be viewed as an EVENT, but typically, named entity recognition focuses on more specific events. Since ""2011"" is just a year, I'll skip that. Thus, my final output will be: Entities: [{""text"": ""Blimpie"", ""value"": ""ORGANIZATION""}].","[{""text"":""2011"",""value"":""OTHER""},{""text"":""Blimpie"",""value"":""ORGANIZATION""},{""text"":""$ 110 million"",""value"":""OTHER""}]","**Clarifying entity extraction**

I think the prompt is likely expecting ""Blimpie"" as the primary organization. It might want ""Blimpie locations"" as just ""Blimpie."" I need to return this as a JSON array with ""text"" and ""value."" Regarding amounts, spacing for ""$ 110 million"" has a space after the dollar sign. I'm unsure if we should include numeric amounts since there's no MONEY type, but there's ""OTHER."" Typically, named entity tasks don't involve numeric amounts unless specified, but they can sometimes be entities like dates or money. **Finalizing named entities**

I think they might want to categorize ""2011"" and ""$ 110 million"" as OTHER. In the selection, I'll include:

- ""2011"" -> OTHER
- ""Blimpie"" -> ORGANIZATION
- ""$ 110 million"" -> OTHER

I need to ensure the ""text"" spans are exact substrings: ""2011"" appears as is, ""Blimpie"" in ""Blimpie locations,"" and ""$ 110 million"" has a space after the dollar sign. I'll exclude any period after ""million."" While ""739"" or ""739 stores"" could be considered, it's quantity, so not necessary. The output should be structured as follows:

Entities: [{""text"": ""2011"", ""value"": ""OTHER""}, {""text"": ""Blimpie"", ""value"": ""ORGANIZATION""}, {""text"": ""$ 110 million"", ""value"": ""OTHER""}] **Formatting entity output**

The user is asking for entities in a specific JSON-like format. I need to provide the output in a list that looks like this: 

Entities: [{""text"": ""entity text span"", ""value"": ""entity type""}]. 

This structure is straightforward and should help in organizing the data clearly. I'll make sure to follow this format exactly as specified—without any extra commentary or formatting issues. Just the clean JSON output is what the user wants."
"But then hor, the Saudi gahmen and the FBI keep on having pattern, always clash one during the investigation lor.","Eventually, however, the Saudi government and the FBI repeatedly conflicted during the course of the investigation.","[{'Saudi': 'ORGANIZATION'}, {'FBI': 'ORGANIZATION'}]","[{'Saudi': 'ORGANIZATION'}, {'FBI': 'ORGANIZATION'}]","[{'the Saudi gahmen': 'ORGANIZATION'}, {'the FBI': 'ORGANIZATION'}]","[{'the Saudi government': 'ORGANIZATION'}, {'the FBI': 'ORGANIZATION'}]",117,,"Entities: [
  {""text"": ""the Saudi gahmen"", ""value"": ""ORGANIZATION""},
  {""text"": ""the FBI"", ""value"": ""ORGANIZATION""}
]","**Extracting named entities**

I need to extract named entities from the text presented in a Singlish style. The phrase ""the Saudi gahmen"" refers to the Saudi government, which is an organization. I’d tag that as an ORGANIZATION. The FBI also appears as an organization and gets the same tag. As for ""investigation,"" that's a common noun and doesn't qualify as a named entity unless it's a specific event, which it isn’t here. So, I’ll stick with those two entities for tagging! **Outputting JSON for entities**

I should create a JSON array listing text spans and their corresponding values. For this text, I’ll include ""the Saudi gahmen"" and ""the FBI,"" both categorized as ORGANIZATION. I'm considering whether to include ""Saudi"" separately as a location, but it feels like double counting. 

The exact span is important, so I need to keep ""the"" in lowercase as it appears. While I could standardize it to ""Saudi government,"" the instructions emphasize extracting as is. So, I’ll return the entities exactly!","Entities: [{""text"": ""the Saudi government"", ""value"": ""ORGANIZATION""}, {""text"": ""the FBI"", ""value"": ""ORGANIZATION""}]",
The film make it big sia.,The film was commercially successful.,[],[],[],[],185,,Entities: [],"**Extracting named entities**

I need to extract named entities from the given text. In this case, ""film"" is generic and doesn't refer to a specific title, while ""sia"" is a Singlish exclamation. The phrase ""make it big"" isn't a named entity either. Since there are no identifiable entities, I should return an empty array. However, the user expects a JSON format. So my response should be: Entities: []. I want to ensure it's valid without extra commentary.",Entities: [],"**Extracting named entities**

I’m tasked with extracting named entities from a text that says, “The film was commercially successful.” Since ""The film"" isn't a specific title, it's not a named entity. Therefore, the correct output is an empty list. I want to format it correctly, so I’ll return: `Entities: []`. Yes, I’ll make sure it’s concise and minimal, exactly as required for clarity."
"In 1908, Tintle start his pro career with the Harrison Alley Boys lah.","In 1908, Tintle began his professional career with the Harrison Alley Boys.","[{'Tintle': 'PERSON'}, {'Harrison Alley Boys': 'ORGANIZATION'}]","[{'Tintle': 'PERSON'}, {'Harrison Alley Boys': 'ORGANIZATION'}]","[{'1908': 'OTHER'}, {'Tintle': 'PERSON'}, {'Harrison Alley Boys': 'ORGANIZATION'}]","[{'Tintle': 'PERSON'}, {'Harrison Alley Boys': 'ORGANIZATION'}]",227,,"Entities: [{""text"": ""1908"", ""value"": ""OTHER""}, {""text"": ""Tintle"", ""value"": ""PERSON""}, {""text"": ""Harrison Alley Boys"", ""value"": ""ORGANIZATION""}]","**Evaluating named entities**

The instruction says to “extract named entities,” and while many guidelines include dates, this one doesn't list them explicitly. I can consider ""1908"" as OTHER, but I'm unsure if it's appropriate given the lack of clarity. It seems like a safe move to categorize it as a named entity, as it's a temporal expression. However, previous tasks have also included numbers under OTHER. So, I’ll include ""1908"" as OTHER, even if there’s a risk of penalties if evaluators disagree. **Structuring entity output**

I realize that ""pro"" isn’t considered an entity. I’m tasked with creating a JSON array of objects that includes ""text"" and ""value"" fields while ensuring that I preserve the exact spans for each named entity. I’ll use ""Tintle"", ""Harrison Alley Boys"", and ""1908"" with their respective classifications: ""OTHER"", ""PERSON"", and ""ORGANIZATION"". The output will look like this: Entities: [{""text"": ""1908"", ""value"": ""OTHER""}, {""text"": ""Tintle"", ""value"": ""PERSON""}, {""text"": ""Harrison Alley Boys"", ""value"": ""ORGANIZATION""}]. I'll ensure it matches the required format.","[{""text"":""Tintle"",""value"":""PERSON""},{""text"":""Harrison Alley Boys"",""value"":""ORGANIZATION""}]",
"Natesan stand as UNP's candidate in Kankesanthurai for the 1947 parliamentary elections one, but kena defeat by the All Ceylon Tamil Congress (ACTC) candidate S.J.V.Chelvanayakam lah.",Natesan stood as the UNP's candidate in Kankesanthurai at the 1947 parliamentary elections but was defeated by the All Ceylon Tamil Congress (ACTC) candidate S.J.V.Chelvanayakam.,"[{'Natesan': 'PERSON'}, {'UNP': 'ORGANIZATION'}, {'Kankesanthurai': 'LOCATION'}, {'All Ceylon Tamil Congress': 'ORGANIZATION'}, {'ACTC': 'ORGANIZATION'}, {'Chelvanayakam': 'PERSON'}]","[{'Natesan': 'PERSON'}, {'UNP': 'ORGANIZATION'}, {'Kankesanthurai': 'LOCATION'}, {'All Ceylon Tamil Congress': 'ORGANIZATION'}, {'ACTC': 'ORGANIZATION'}, {'Chelvanayakam': 'PERSON'}]","[{'Natesan': 'PERSON'}, {'UNP': 'ORGANIZATION'}, {'Kankesanthurai': 'LOCATION'}, {'1947 parliamentary elections': 'EVENT'}, {'All Ceylon Tamil Congress (ACTC)': 'ORGANIZATION'}, {'S.J.V.Chelvanayakam': 'PERSON'}]","[{'Natesan': 'PERSON'}, {'UNP': 'ORGANIZATION'}, {'Kankesanthurai': 'LOCATION'}, {'1947 parliamentary elections': 'EVENT'}, {'All Ceylon Tamil Congress': 'ORGANIZATION'}, {'ACTC': 'ORGANIZATION'}, {'S.J.V.Chelvanayakam': 'PERSON'}]",160,,"Entities: [
  {""text"": ""Natesan"", ""value"": ""PERSON""},
  {""text"": ""UNP"", ""value"": ""ORGANIZATION""},
  {""text"": ""Kankesanthurai"", ""value"": ""LOCATION""},
  {""text"": ""1947 parliamentary elections"", ""value"": ""EVENT""},
  {""text"": ""All Ceylon Tamil Congress (ACTC)"", ""value"": ""ORGANIZATION""},
  {""text"": ""S.J.V.Chelvanayakam"", ""value"": ""PERSON""}
]","**Clarifying entity extraction**

I'm working through an example of how to extract entities. I see mentions of case sensitivity and possessive forms. Should ""UNP"" be captured as it appears or with the apostrophe 's'? The instruction says to extract named entities, but it's tricky since ""UNP's"" shows possessive. Many NER tasks consider possessive forms part of the span, but ""UNP"" is also valid. I'm reasoning that both could work, but typically we follow the exact substring guideline. So, we might need to be flexible here! **Deciding on entity extraction**

I'm focused on capturing entities as they appear in the text while excluding possessive forms, like ""UNP"" but not ""UNP's."" For ""All Ceylon Tamil Congress (ACTC),"" I see we can include the full phrase, noting that both parts are relevant. I'll keep ""S.J.V. Chelvanayakam"" as is, since it includes periods without spaces. ""Kankesanthurai"" is straightforward, and I'll treat ""1947 parliamentary elections"" as an event. I’ll ensure we extract it precisely and consider ""ACTC"" as a separate entity. **Considering entity representation**

In discussing ""All Ceylon Tamil Congress (ACTC),"" I see that including both the full phrase and the acronym could lead to duplicates, but they’re both valid entities. The acronym ""ACTC"" appears directly in the text, so I think I'm justified in listing it separately. We want to be comprehensive but also avoid redundancy, so I’ll include both forms. Given the lack of specific instructions about deduping, it seems reasonable to represent both “All Ceylon Tamil Congress” and “ACTC.” **Determining entity inclusion**

I’m considering how to faithfully represent ""All Ceylon Tamil Congress (ACTC)"" as a single entity. It makes sense to include both ""All Ceylon Tamil Congress"" and ""ACTC."" The entirety of ""All Ceylon Tamil Congress (ACTC)"" is captured exactly, which is important. The instruction is to extract named entities without restricting duplicates, but I wonder about brevity. 

Ultimately, I think it might be best to include the full phrase with the acronym, while treating ""UNP"" as the cleaner option instead of ""UNP's."" **Finalizing entity extraction**

I'm focused on structuring the output for the event ""1947 parliamentary elections"" as a substring within our JSON array. It looks like I’ll list entities in the order they appear, ensuring the spellings match the text exactly, including case and punctuation.

About ""UNP's,"" while it might seem odd to keep the possessive form, the instruction specifies using exact text spans. So, I’ll include it as part of my JSON output. It’s all coming together, and I’m ready to produce that final JSON array!","Entities: [{""text"": ""Natesan"", ""value"": ""PERSON""}, {""text"": ""UNP"", ""value"": ""ORGANIZATION""}, {""text"": ""Kankesanthurai"", ""value"": ""LOCATION""}, {""text"": ""1947 parliamentary elections"", ""value"": ""EVENT""}, {""text"": ""All Ceylon Tamil Congress"", ""value"": ""ORGANIZATION""}, {""text"": ""ACTC"", ""value"": ""ORGANIZATION""}, {""text"": ""S.J.V.Chelvanayakam"", ""value"": ""PERSON""}]",
"Dat ridge hor, is like northeast from Mount Kliment Ohridski one, go from north to south lor, quite wide also. Then hor, got Poste Valley on the east side, Palestrina Glacier up north, and then the Yozola Glacier, like one kind tributary like that, on the west side.","The ridge is situated northeast of Mount Kliment Ohridski, extending in the north-south direction, wide, and is bounded by Poste Valley to the east, by Palestrina Glacier to the north and its tributary Yozola Glacier to the west.","[{'Mount Kliment Ohridski': 'LOCATION'}, {'Poste Valley': 'LOCATION'}, {'Palestrina Glacier': 'LOCATION'}, {'Yozola Glacier': 'LOCATION'}]","[{'Mount Kliment Ohridski': 'LOCATION'}, {'Poste Valley': 'LOCATION'}, {'Palestrina Glacier': 'LOCATION'}, {'Yozola Glacier': 'LOCATION'}]","[{'Mount Kliment Ohridski': 'LOCATION'}, {'Poste Valley': 'LOCATION'}, {'Palestrina Glacier': 'LOCATION'}, {'Yozola Glacier': 'LOCATION'}]","[{'Mount Kliment Ohridski': 'LOCATION'}, {'Poste Valley': 'LOCATION'}, {'Palestrina Glacier': 'LOCATION'}, {'Yozola Glacier': 'LOCATION'}]",108,,"Entities: [
  {""text"": ""Mount Kliment Ohridski"", ""value"": ""LOCATION""},
  {""text"": ""Poste Valley"", ""value"": ""LOCATION""},
  {""text"": ""Palestrina Glacier"", ""value"": ""LOCATION""},
  {""text"": ""Yozola Glacier"", ""value"": ""LOCATION""}
]","**Extracting named entities**

I need to extract named entities from the text, which could include types like ART, BUILDING, EVENT, LOCATION, ORGANIZATION, OTHER, PERSON, PRODUCT. Here, I see geographic names like Mount Kliment Ohridski, Poste Valley, Palestrina Glacier, and Yozola Glacier, all of which should be classified as LOCATION. 

However, the phrase ""Dat ridge hor"" is more ambiguous and doesn't specify a name. The mention of being northeast of Mount Kliment Ohridski is clear, though. I’ll ensure the entities are captured exactly as they appear in the text. **Identifying named entities**

The phrase ""Mount Kliment Ohridski one"" includes ""one,"" which is a Singlish filler meaning ""only."" However, the main entity is ""Mount Kliment Ohridski."" I need to extract this exact span from the text. 

The same applies to ""Poste Valley,"" ""Palestrina Glacier,"" and ""Yozola Glacier."" Even though ""Yozola Glacier"" appears as ""the Yozola Glacier,"" I should focus on just ""Yozola Glacier."" 

I’m not seeing any organizations, products, persons, buildings, art, or events. Therefore, the entities array should include: Mount Kliment Ohridski, Poste Valley, Palestrina Glacier, and Yozola Glacier. **Classifying named entities**

The text mentions ""the Yozola Glacier,"" but I can extract the span ""Yozola Glacier"" as it's still present in the text. It's fine to use that! It appears later with ""the"" but I’ll stick to ""Yozola Glacier."" 

The same goes for ""Mount Kliment Ohridski,"" which also appears exactly. ""Poste Valley"" is noted as well since it's mentioned in context. I'm planning to output a JSON array with text and value, categorized as LOCATION. 

While there are some edge cases regarding these locations, I really just need to label them without going into too much detail. **Formatting the entities array**

I need to ensure that I include ""Poste Valley"" exactly as it appears in the text. It’s important to return the array with minimal formatting. The user prompt specifically shows: Entities: [{""text"": ""entity text span"", ""value"": ""entity type""},]. 

I think they want that exact structure, so I’ll include ""Entities: "" followed by the JSON array. The final output will look like this:

[
  {""text"": ""Mount Kliment Ohridski"", ""value"": ""LOCATION""},
  {""text"": ""Poste Valley"", ""value"": ""LOCATION""},
  {""text"": ""Palestrina Glacier"", ""value"": ""LOCATION""},
  {""text"": ""Yozola Glacier"", ""value"": ""LOCATION""}
]

Also, I see that ""Dat ridge"" isn’t a proper name, so I won’t include it. Let’s produce the result!","Entities: [{""text"": ""Mount Kliment Ohridski"", ""value"": ""LOCATION""}, {""text"": ""Poste Valley"", ""value"": ""LOCATION""}, {""text"": ""Palestrina Glacier"", ""value"": ""LOCATION""}, {""text"": ""Yozola Glacier"", ""value"": ""LOCATION""}]","**Extracting named entities**

I'm focusing on extracting named entities from the provided text, which includes different types like ART, BUILDING, EVENT, LOCATION, ORGANIZATION, OTHER, PERSON, PRODUCT. 

Starting off, I've identified geographic names such as Mount Kliment Ohridski—which is a location but also relates to a person. There are also clear location names like Poste Valley, Palestrina Glacier, and Yozola Glacier. The term ""the ridge"" lacks a specific name, so it doesn't qualify as a named entity. **Classifying entities**

I’m analyzing whether certain terms qualify as named entities. The phrase ""north-south direction"" isn’t one. I note that ""its tributary"" pertains to Yozola Glacier. I’m considering Ukrainian connections to ""Kliment Ohridski,"" even tracing it to a feature in Antarctica.

Despite uncertainties, I’m sticking with LOCATION for geographic features and focusing on compiling a JSON array. The entities include “Mount Kliment Ohridski,” “Poste Valley,” “Palestrina Glacier,” and “Yozola Glacier.” The language needs to capture these exactly, removing commas as necessary. **Formatting the output**

To ensure thoroughness, I need to confirm all value strings match the permitted list, and “LOCATION” works perfectly here. 

Now, I’m ready to produce the desired output in the correct format:

[
{""text"":""Mount Kliment Ohridski"",""value"":""LOCATION""},
{""text"":""Poste Valley"",""value"":""LOCATION""},
{""text"":""Palestrina Glacier"",""value"":""LOCATION""},
{""text"":""Yozola Glacier"",""value"":""LOCATION""}
]

I’ll present it exactly as the user requested with the label: Entities: [...] Let's get that finalized!"
"It has been used for treating hypertension and cardiac failure lah, and also can use for pre-eclampsia during pregnancy one.","It has been used to treat hypertension and cardiac failure, and to treat pre-eclampsia during pregnancy.","[{'hypertension': 'OTHER'}, {'cardiac failure,': 'OTHER'}, {'pre-eclampsia': 'OTHER'}]","[{'hypertension': 'OTHER'}, {'cardiac failure,': 'OTHER'}, {'pre-eclampsia': 'OTHER'}]","[{'hypertension': 'OTHER'}, {'cardiac failure': 'OTHER'}, {'pre-eclampsia': 'OTHER'}, {'pregnancy': 'OTHER'}]",[],49,,"Entities: [
  {""text"": ""hypertension"", ""value"": ""OTHER""},
  {""text"": ""cardiac failure"", ""value"": ""OTHER""},
  {""text"": ""pre-eclampsia"", ""value"": ""OTHER""},
  {""text"": ""pregnancy"", ""value"": ""OTHER""}
]","**Considering named entities extraction**

I need to extract named entities from the provided text, which discusses medical conditions like hypertension, cardiac failure, and pre-eclampsia. It seems like there aren't any names or organizations, but ""pre-eclampsia"" and similar terms could potentially qualify as entities. 

However, the types provided don’t explicitly include ""DISEASE,"" so I might categorize them under ""OTHER."" The instructions suggest we should extract, but there may actually be none fitting the usual categories. It's quite nuanced! **Deciding on entity inclusion**

I’m questioning whether diseases are in scope for the entity types provided. The instructions suggest ""OTHER"" can be used, but I wonder if terms like ""pre-eclampsia"" and ""pregnancy"" actually count as named entities. They are common nouns, yet could still be relevant for extraction. It seems like I should include terms like ""hypertension"", ""cardiac failure"", and perhaps even ""pregnancy,"" while avoiding colloquialisms like ""lah"" and ""one."" 

I’ll prepare the output in the required JSON format without being too verbose. **Finalizing entity output**

I've prepared the entities for the final output, including ""hypertension,"" ""cardiac failure,"" ""pre-eclampsia,"" and ""pregnancy,"" all categorized as ""OTHER."" There's no need to add introductory phrases, like ""It has been used,"" and I need to stick to the required output structure precisely. 

I’ll ensure the JSON syntax is correct, with commas separating the items and no unnecessary trailing commas. It’s time to deliver this in the requested format!",Entities: [],"**Deciding on entity types**

I'm considering the term ""pregnancy."" It's more of a condition or event rather than a named event like ""World War II."" So, I think returning an empty list is most appropriate here. However, sometimes ""pre-eclampsia"" is categorized as ""OTHER,"" which can be ambiguous. Given there are no distinct named entities, the safest route is to output an empty array. I’ll format it like this: Entities: []. Let's deliver this clearly!"
"The kampong people also not happy lor, then from 1846 to 1848, they more and more against Sturdza.","The peasantry was also aggrieved, and between 1846 and 1848 opposition to Sturdza intensified.",[{'Sturdza': 'PERSON'}],[{'Sturdza': 'PERSON'}],[{'Sturdza': 'PERSON'}],[{'Sturdza': 'PERSON'}],41,,"Entities: [{""text"": ""Sturdza"", ""value"": ""PERSON""}]",,"Entities: [{""text"": ""Sturdza"", ""value"": ""PERSON""}]",
"Like that, Reform Jews kena teased one, 'cause they don't follow the old Jewish beliefs lor.","In particular, Reform Jews may be lampooned for their rejection of traditional Jewish beliefs.","[{'Jews': 'ORGANIZATION'}, {'Jewish': 'ORGANIZATION'}]","[{'Jews': 'ORGANIZATION'}, {'Jewish': 'ORGANIZATION'}]",[{'Reform Jews': 'OTHER'}],[{'Reform Jews': 'OTHER'}],59,,"Entities: [{""text"": ""Reform Jews"", ""value"": ""OTHER""}]","**Evaluating entity categorization**

I need to extract named entities from the provided text about Reform Jews. The term ""Reform Jews"" refers to adherents of Reform Judaism, which can confuse whether to categorize them as an organization or another type like OTHER. While some systems might tag them as ORG or NORP, which we don't have, it seems they are better tagged as OTHER since they’re a group of people rather than an organization. ""Reform Judaism"" is an organizational movement, but ""Reform Jews"" specifically refers to people. **Deciding on entity classification**

I'm thinking that ""Reform Jews"" should be classified as OTHER rather than ORGANIZATION, as it's not an organization but a demographic group. The schema lists possible types like ART, BUILDING, EVENT, LOCATION, and ORGANIZATION, but none fit as well as OTHER. As the user requests a JSON array, I’ll format it like this: `[{""text"":""Reform Jews"",""value"":""OTHER""}]`. I’ll make sure to follow the format closely and keep the text capitalization correct, ensuring clarity and accuracy in the response. **Formatting entity output**

The user is asking for an output in the format of ""Entities: [{""text"": ""entity text span"", ""value"": ""entity type""}]"". It looks like they want me to present the entities as a JSON array, likely including the ""Entities: ..."" prefix. To be safe and match their request, I’ll follow that structure closely. Since there aren't previous examples to reference, I’ll make sure to directly adapt to this format for clarity and consistency. This should meet the user's expectations effectively!","[{""text"":""Reform Jews"",""value"":""OTHER""}]",
It start as one spin-off from Murphy Oil in 2013 lah.,It was founded as a spin-off of Murphy Oil in 2013.,[{'Murphy Oil': 'ORGANIZATION'}],[{'Murphy Oil': 'ORGANIZATION'}],"[{'Murphy Oil': 'ORGANIZATION'}, {'2013': 'OTHER'}]","[{'Murphy Oil': 'ORGANIZATION'}, {'2013': 'OTHER'}]",60,,"Entities: [{""text"": ""Murphy Oil"", ""value"": ""ORGANIZATION""}, {""text"": ""2013"", ""value"": ""OTHER""}]","**Deciding on entity types**

I need to perform Named Entity Recognition (NER) on the given sentence. I see ""Murphy Oil,"" which is likely an organization, so I’ll classify that as ORGANIZATION.

Next is ""2013,"" a year that usually falls under DATE, which isn't an option here. I’m pondering whether to classify it as EVENT or OTHER, but the entity type set doesn't include DATE. It seems like I should include it as OTHER, but I'm not completely sure. **Clarifying named entities**

I’m looking at the sentence to identify named entities. ""In 2013"" is a date, so I think I’ll choose OTHER rather than skip it, since they might want to extract such dates.

""Spin-off"" isn't a named entity because it's not capitalized. Plus, ""lah"" is just a colloquial expression, not an entity either. I’ll include ""Murphy Oil"" as an ORGANIZATION. While ""spin-off"" might relate to a corporate action, it doesn't count as a named entity. I'm weighing whether to include punctuation or hyphens in the extraction process. **Formatting entity output**

I need to output the recognized entities in the specified structure. I'll include ""2013"" as OTHER, even though some tasks classify numbers this way. 

The output should be in the JSON array format: Entities: [{""text"": ""entity text span"", ""value"": ""entity type""}]. 

So, my final output is: Entities: [{""text"":""Murphy Oil"",""value"":""ORGANIZATION""},{""text"":""2013"",""value"":""OTHER""}]. 

I’ll make sure to ensure proper quoting and spacing without heavy formatting, focusing on their exact expectations. I think I'm ready to finalize this!","[{""text"":""Murphy Oil"",""value"":""ORGANIZATION""},{""text"":""2013"",""value"":""OTHER""}]","**Extracting named entities**

I need to extract named entities from the sentence about Murphy Oil. It's clear that ""Murphy Oil"" is an organization. However, I'm wondering about how to handle ""2013."" There’s no DATE category in the provided types, so I’m thinking of labeling it as OTHER. But should I include it at all? Since many tasks feature years as OTHER, it could be logical. The term ""spin-off"" itself isn't exactly a named event, so that can be tricky too. **Finalizing named entities extraction**

The directive provides possible entity types but excludes DATE, including OTHER. I’ll categorize ""Murphy Oil"" as an ORGANIZATION and consider ""2013"" as OTHER. I realize we shouldn't include words like ""It"" or ""founded"" since they aren't named entities, and ""spin-off"" isn't named either. So, the final JSON output will be:

[
  {""text"":""Murphy Oil"", ""value"":""ORGANIZATION""},
  {""text"":""2013"", ""value"":""OTHER""}
]

I want to ensure this format aligns properly with the requirements!"
"Anhur is one playable character in the multiplayer online battle arena game, ``SMITE'' lah.","Anhur is a playable character in the multiplayer online battle arena, ``SMITE''.",[{'Anhur': 'OTHER'}],[{'Anhur': 'OTHER'}],"[{'Anhur': 'PERSON'}, {'SMITE': 'PRODUCT'}]","[{'Anhur': 'PERSON'}, {'SMITE': 'ART'}]",50,,"[{""text"": ""Anhur"", ""value"": ""PERSON""}, {""text"": ""SMITE"", ""value"": ""PRODUCT""}]",,"[{""text"":""Anhur"",""value"":""PERSON""},{""text"":""SMITE"",""value"":""ART""}]","**Extracting named entities**

I need to identify named entities from the provided text. ""Anhur"" refers to a mythological deity, which typically gets classified as a PERSON, even though it may fit better in the OTHER category due to its nature. 

Regarding ""SMITE,"" since it's the title of a video game, it can be classified as a PRODUCT. While ART could apply too, it's more common for video games to be categorized as PRODUCTS. So, I'll stick with a PRODUCT classification for ""SMITE."" **Classifying entities in JSON**

I need to classify ""SMITE,"" which I’m leaning toward labeling as ART, since it’s a created work in entertainment. Video games can fit both ART and PRODUCT, but the context points more to it being an artistic creation. 

As for other entities, ""multiplayer online battle arena"" is simply a genre, not an entity. So, I’ll confirm that we have two entities. For the JSON output, the text for ""SMITE"" should ideally be just ""SMITE,"" but I’m wondering if the user wants to include quotes as well? **Finalizing entity output**

I’m considering how to present the entity text. The example specifies that the ""entity text span"" should match exactly, but I prefer to output ""SMITE"" without quotes. However, if they want it as in the original text, it should be in quotes. Still, normal practices for named entity recognition suggest using the plain entity value. For ""Anhur,"" it's simple; I’ll categorize it as PERSON. My final output in JSON will be:  
[{""text"":""Anhur"",""value"":""PERSON""},{""text"":""SMITE"",""value"":""ART""}]"
"Also hor, Santa actually never do anything wrong one lah, is Cousin Mel who plan everything one lor, in the song say a bit only but in the show make her like some gold-digger like that.","Moreover, Santa is actually innocent of the crime, which was instead masterminded by scheming relative Cousin Mel, who is mentioned briefly in the song but made into a gold-digging villainness in the special.","[{'Santa': 'PERSON'}, {'Cousin Mel': 'PERSON'}]","[{'Santa': 'PERSON'}, {'Cousin Mel': 'PERSON'}]","[{'Santa': 'PERSON'}, {'Cousin Mel': 'PERSON'}]","[{'Santa': 'PERSON'}, {'Cousin Mel': 'PERSON'}]",43,,"Entities: [{""text"": ""Santa"", ""value"": ""PERSON""}, {""text"": ""Cousin Mel"", ""value"": ""PERSON""}]","**Identifying named entities**

I’m working on extracting named entities from some Singlish text. In this case, “Santa” seems to refer to ""Santa Claus,"" which is a PERSON type. Then there’s ""Cousin Mel,"" another character, so that’s also a PERSON. The reference to ""the song"" is likely about ""Grandma Got Run Over by a Reindeer,"" where Cousin Mel shows up in both the song and the animated TV special. I'll categorize these as ART as well. **Extracting named entities**

In the text, there's a mention of “the song” and “the show,” but since they don't have specific titles, I think it’s best not to extract them as ART entities. They’re just too generic. I can still include ""Santa"" since that's referring to Santa Claus – I’ll keep the original text span as ""Santa."" Then there's ""Cousin Mel,"" which is a clear PERSON entity. There's nothing else like organizations or locations, so I'll just focus on those two for the output. **Finalizing entity extraction**

I need to make sure I’m using the exact text spans from the provided text, so I'll keep ""Santa"" and ""Cousin Mel"" capitalized as they appear. Those are clear references. Their type is designated as PERSON, which works perfectly. I also thought about whether ""Santa"" could be a brand of some sort, but that's not relevant here. I’ll finalize my output with these entities, sticking to the requested format.","Entities: [{""text"": ""Santa"", ""value"": ""PERSON""}, {""text"": ""Cousin Mel"", ""value"": ""PERSON""}]",
Tyrosine phosphorylation means you add one phosphate (PO43−) group to the amino acid tyrosine on a protein lah.,Tyrosine phosphorylation is the addition of a phosphate (PO43−) group to the amino acid tyrosine on a protein.,"[{'PO43\\u2212': 'OTHER'}, {'amino acid tyrosine': 'OTHER'}]","[{'PO43\\u2212': 'OTHER'}, {'amino acid tyrosine': 'OTHER'}]","[{'Tyrosine': 'OTHER'}, {'phosphate': 'OTHER'}, {'PO43−': 'OTHER'}, {'tyrosine': 'OTHER'}]","[{'Tyrosine phosphorylation': 'OTHER'}, {'phosphate (PO43−)': 'OTHER'}, {'tyrosine': 'OTHER'}]",52,,"Entities: [{""text"": ""Tyrosine"", ""value"": ""OTHER""}, {""text"": ""phosphate"", ""value"": ""OTHER""}, {""text"": ""PO43−"", ""value"": ""OTHER""}, {""text"": ""tyrosine"", ""value"": ""OTHER""}]",,"[{""text"":""Tyrosine phosphorylation"",""value"":""OTHER""},{""text"":""phosphate (PO43−)"",""value"":""OTHER""},{""text"":""tyrosine"",""value"":""OTHER""}]",
"Got internal conflicts lah, especially between Covaci and Baniciu, making headlines in the media one.","Internal conflicts, especially between Covaci and Baniciu, were making headlines in the media.","[{'Covaci': 'PERSON'}, {'Baniciu': 'PERSON'}]","[{'Covaci': 'PERSON'}, {'Baniciu': 'PERSON'}]","[{'Covaci': 'PERSON'}, {'Baniciu': 'PERSON'}]","[{'Covaci': 'PERSON'}, {'Baniciu': 'PERSON'}]",57,,"Entities: [{""text"": ""Covaci"", ""value"": ""PERSON""}, {""text"": ""Baniciu"", ""value"": ""PERSON""}]",,"[{""text"": ""Covaci"", ""value"": ""PERSON""}, {""text"": ""Baniciu"", ""value"": ""PERSON""}]",
"Allistair Pinsof from ``Destructoid``, he praise the game lor, say the controls power like ``Super Metroid`` and ``Super Castlevania IV`` one.","Allistair Pinsof of ``Destructoid``, praised the game, saying the controls were as good as that of ``Super Metroid`` and ``Super Castlevania IV.''","[{'Allistair Pinsof': 'PERSON'}, {'Destructoid': 'ORGANIZATION'}, {'Super Metroid': 'PRODUCT'}, {'Super Castlevania IV': 'PRODUCT'}]","[{'Allistair Pinsof': 'PERSON'}, {'Destructoid': 'ORGANIZATION'}, {'Super Metroid': 'PRODUCT'}, {'Super Castlevania IV': 'PRODUCT'}]","[{'Allistair Pinsof': 'PERSON'}, {'Destructoid': 'ORGANIZATION'}, {'Super Metroid': 'ART'}, {'Super Castlevania IV': 'ART'}]","[{'Allistair Pinsof': 'PERSON'}, {'Destructoid': 'ORGANIZATION'}, {'Super Metroid': 'ART'}, {'Super Castlevania IV': 'ART'}]",58,,"Entities: [
  {""text"": ""Allistair Pinsof"", ""value"": ""PERSON""},
  {""text"": ""Destructoid"", ""value"": ""ORGANIZATION""},
  {""text"": ""Super Metroid"", ""value"": ""ART""},
  {""text"": ""Super Castlevania IV"", ""value"": ""ART""}
]","**Evaluating entity formatting**

I might consider categorizing them as products, but ""ART"" likely refers to works like books, movies, and video games, so I'll stick with that. The mention of ""lor"" seems irrelevant. I need to format the output as a JSON array with objects, ensuring to clarify the entity text spans without the double backticks. It's tricky since the requirements are somewhat ambiguous about including or excluding those backticks in the text. It's a bit of a balancing act! **Deciding on entity formatting**

Including backticks in the ""text"" could make things messy. The instructions say to extract named entities, but there's no strict requirement for exact character spans. My gut tells me to return just the entity names without any quotes or backticks. I should keep the names as they appear but remove unnecessary punctuation for clarity since exact parsing can get tricky. I'll compile the entities as per their types, like Allistair Pinsof as PERSON, Destructoid as ORGANIZATION, and both Super Metroid and Super Castlevania IV as ART. **Finalizing JSON output**

I'm considering edge cases, like ""he praise the game lor,"" which suggests ""the game"" isn't a specific entity. It makes sense to return this as a single-line JSON array. Since the user prefers to maintain the prefix format ""Entities: ..."", I want to match that in my output. I'll create a plain JSON array that includes the correct types and keep it minimal for clarity. It's important to ensure everything is structured properly!","[
  {""text"": ""Allistair Pinsof"", ""value"": ""PERSON""},
  {""text"": ""Destructoid"", ""value"": ""ORGANIZATION""},
  {""text"": ""Super Metroid"", ""value"": ""ART""},
  {""text"": ""Super Castlevania IV"", ""value"": ""ART""}
]",
Government say got state funeral and one whole day national mourning lor.,The government announced a state funeral and a day of national mourning.,[],[],"[{'Government': 'ORGANIZATION'}, {'state funeral': 'EVENT'}, {'national mourning': 'EVENT'}]","[{'state funeral': 'EVENT'}, {'day of national mourning': 'EVENT'}]",46,,"Entities: [{""text"": ""Government"", ""value"": ""ORGANIZATION""}, {""text"": ""state funeral"", ""value"": ""EVENT""}, {""text"": ""national mourning"", ""value"": ""EVENT""}]","**Analyzing named entities**

I’m thinking about how to extract named entities from the text provided. The words “Government,” “state funeral,” and “national mourning” come to mind. “Government” might be classified as an organization if it refers to an institution, though it feels generic without a specific country mentioned. “State funeral” and “national mourning” seem more like common terms rather than specific events, even though they might be recognized in some contexts as events by named entity recognition (NER) systems. **Extracting entities for JSON**

I’m considering the guidelines regarding entity extraction. They might want any entities, not just proper nouns, but the examples aren’t provided, so it's a bit unclear. I need to produce a JSON array of entities, which leads me to include ""Government"" as an organization, ""state funeral"" and ""national mourning"" as events. However, ""one whole day national mourning"" isn't a recognized named event; it's more of a description. Ultimately, I’d categorize the entities accordingly while being mindful of potential ambiguities. **Producing entity JSON**

I'm ready to create a JSON array for entities from the text. I'll include ""Government"" as an organization, ""state funeral,"" and ""national mourning"" as events. However, ""state funeral"" could refer to a specific event related to someone's death, and ""Government"" might feel generic, but the prompt wants this. I'll ignore the discourse particle ""lor"" and make sure the JSON format is correct, without trailing commas. I'll keep it simple and clear for output. Here’s what I’ll produce.","[{""text"": ""state funeral"", ""value"": ""EVENT""}, {""text"": ""day of national mourning"", ""value"": ""EVENT""}]","**Extracting named entities**

I need to extract named entities like ART, BUILDING, EVENT, LOCATION, ORGANIZATION, OTHER, PERSON, PRODUCT from the provided text. For example, ""The government"" is too generic to be a named organization, since it's commonly used unless specified further, like ""the U.S. government."" 

Then there's ""state funeral,"" which could be viewed as a general event type, and ""a day of national mourning"" also qualifies as an event or possibly classified as OTHER. So, it’s debatable how to tag these in NER tasks. **Considering entity extraction**

I’m tasked with extracting named entities without strict rules, but they hint at notable entities. The format to return them is a list of dictionaries with ""text"" and ""value."" For example, ""state funeral"" and ""national mourning"" could be tagged as EVENTS. However, because they use ""named entities,"" I’m cautious here. In traditional NER, those terms aren't specific enough. Plus, there's that question about ""The government"" as an organization — it feels too generic for me to classify as ORG. **Analyzing entity types**

I’ve identified the entities in the text: ""state funeral"" and ""day of national mourning"" both qualify as EVENTS. Now, should ""The government"" be tagged as an ORGANIZATION? I’m not sure, so I'm leaning towards no since it's too generic. 

The instructions suggest that we output a JSON array with these entities, and while that might mean an empty array if we don't find any, it feels awkward. They seem to expect I tag both events, and I want to make sure the entity text matches exactly how it appears in the text. **Deciding on entity inclusion**

I’ve decided we should include ""state funeral"" and ""day of national mourning"" as entities. I’m noting that we should exclude the article ""a"" when tagging ""a day of national mourning,"" as it’s still present in the text, but it might be safer to stick with the exact substring. 

So, I’ll tag them without ""a."" NER systems often exclude determiners, but the user didn't specify. Now I just need to classify these entities: they both seem to fit under EVENT. **Finalizing entity output**

Both ""state funeral"" and ""day of national mourning"" are clearly EVENTS, so I'll prepare the JSON output as requested. I’ll format them as follows: 

{""text"":""state funeral"",""value"":""EVENT""} 
{""text"":""day of national mourning"",""value"":""EVENT""}

I’m considering whether to tag ""government"" as an ORGANIZATION, but it feels too generic, so I’ll exclude it. I’ll ensure the final answer strictly follows the format with no extra commentary. Here’s the list of entities ready to go!"
"The Newfoundland Reform Liberal Party was one leader-centred political party in Newfoundland and Labrador, Canada from 1975 to 1979 lah.","The Newfoundland Reform Liberal Party was a leader-centred political party in Newfoundland and Labrador, Canada from 1975 to 1979.","[{'Newfoundland Reform Liberal Party': 'ORGANIZATION'}, {'Newfoundland and Labrador': 'LOCATION'}, {'Canada': 'LOCATION'}]","[{'Newfoundland Reform Liberal Party': 'ORGANIZATION'}, {'Newfoundland and Labrador': 'LOCATION'}, {'Canada': 'LOCATION'}]","[{'Newfoundland Reform Liberal Party': 'ORGANIZATION'}, {'Newfoundland and Labrador': 'LOCATION'}, {'Canada': 'LOCATION'}]","[{'Newfoundland Reform Liberal Party': 'ORGANIZATION'}, {'Newfoundland and Labrador': 'LOCATION'}, {'Canada': 'LOCATION'}]",44,,"Entities: [{""text"": ""Newfoundland Reform Liberal Party"", ""value"": ""ORGANIZATION""}, {""text"": ""Newfoundland and Labrador"", ""value"": ""LOCATION""}, {""text"": ""Canada"", ""value"": ""LOCATION""}]","**Extracting named entities**

I need to extract named entities from the text using simple NER with predefined types: ART, BUILDING, EVENT, LOCATION, ORGANIZATION, OTHER, PERSON, and PRODUCT. The text mentions ""Newfoundland Reform Liberal Party,"" which is an organization, along with ""Newfoundland and Labrador"" as a location, and ""Canada"" as a country. The dates ""1975 to 1979"" don't fit into the available types since there's no ""DATE"" option; I might classify it as OTHER, but I could also choose to ignore it. **Extracting named entities**

The instruction to extract named entities is clear. While some methods consider dates as named entities, they're not required here. Since “from 1975 to 1979” is a time period rather than an event, I should avoid extracting those years. I’ll focus on standard named entities like organizations and locations. ""Newfoundland"" is part of the ""Newfoundland Reform Liberal Party,"" which I can include as an organization, along with ""Newfoundland and Labrador"" and ""Canada"" as locations. I’ll ensure that no duplicates appear in the final list. **Formatting entities**

I need to format the entities according to a specific structure: Entities should match the types ART, BUILDING, EVENT, LOCATION, ORGANIZATION, OTHER, PERSON, and PRODUCT. My output will be:

[
  {""text"": ""Newfoundland Reform Liberal Party"", ""value"": ""ORGANIZATION""},
  {""text"": ""Newfoundland and Labrador"", ""value"": ""LOCATION""},
  {""text"": ""Canada"", ""value"": ""LOCATION""}
]

While ""Newfoundland"" could be mentioned separately, in this context, it's already part of ""Newfoundland and Labrador."" I’ll ensure my output has the correct casing and follows the precise format provided. I'll go ahead and finalize that.","Entities: [
  {""text"": ""Newfoundland Reform Liberal Party"", ""value"": ""ORGANIZATION""},
  {""text"": ""Newfoundland and Labrador"", ""value"": ""LOCATION""},
  {""text"": ""Canada"", ""value"": ""LOCATION""}
]",
"Jamil marry Khalid Bakdash one daughter lor, he is one Syrian politician, last time got Secretary-General of the Syrian Communist Party and first communist to kena elect into Arab parliament in 1954 one.","Jamil was married to the daughter of Khalid Bakdash, a Syrian politician who was the Secretary-General of the Syrian Communist Party and the first communist to be an elected member of an Arab parliament in 1954.","[{'Jamil': 'PERSON'}, {'Khalid Bakdash': 'PERSON'}, {'Syria': 'LOCATION'}, {'Syrian Communist Party': 'ORGANIZATION'}, {'Arab': 'LOCATION'}]","[{'Jamil': 'PERSON'}, {'Khalid Bakdash': 'PERSON'}, {'Syria': 'LOCATION'}, {'Syrian Communist Party': 'ORGANIZATION'}, {'Arab': 'LOCATION'}]","[{'Jamil': 'PERSON'}, {'Khalid Bakdash': 'PERSON'}, {'Syrian Communist Party': 'ORGANIZATION'}, {'Arab parliament': 'ORGANIZATION'}]","[{'Jamil': 'PERSON'}, {'Khalid Bakdash': 'PERSON'}, {'Syrian Communist Party': 'ORGANIZATION'}]",51,,"Entities: [{""text"": ""Jamil"", ""value"": ""PERSON""}, {""text"": ""Khalid Bakdash"", ""value"": ""PERSON""}, {""text"": ""Syrian Communist Party"", ""value"": ""ORGANIZATION""}, {""text"": ""Arab parliament"", ""value"": ""ORGANIZATION""}]","**Evaluating entity inclusion**

I'm thinking about NER tasks and their specifications. They include GPE or NORP, but not listed, so maybe I should ignore them. I need to ensure that my output is in the required format: Entities: [{ ""text"": ""..."", ""value"": ""..."" }]. 

There's a question about including ""Arab parliament"" as an organization. I'm hesitant since it's a generic term, not a proper noun. I also wonder if I should include ""Syrian"" as a location. They didn’t specify anything about normalizing demonyms, so I might leave that out too. **Finalizing entity formatting**

I’m deciding to skip some parts but want to ensure I include ""Jamil"" as a person, even though it may be ambiguous. I need to keep formatting simple, returning the line as: Entities: [{""text"": ""Jamil"", ""value"": ""PERSON""}, {""text"": ""Khalid Bakdash"", ""value"": ""PERSON""}, {""text"": ""Syrian Communist Party"", ""value"": ""ORGANIZATION""}].

Now, I’m considering whether to include ""Arab parliament"" as an organization. While it may not be recognized as a proper noun, I think it’s safer to include it as well. So, I’ll finalize the list with four entities.","[{""text"":""Jamil"",""value"":""PERSON""},{""text"":""Khalid Bakdash"",""value"":""PERSON""},{""text"":""Syrian Communist Party"",""value"":""ORGANIZATION""}]",
"Back to Basics focus on genre classics one, show older movies and underground cult films, sometimes try a bit on the mainstream and new genre pieces lah.","Back to Basics focuses on genre classics, showing older movies and underground cult films, with occasional stabs at mainstream and newer genre pieces.",[{'Back to Basics': 'ORGANIZATION'}],[{'Back to Basics': 'ORGANIZATION'}],[{'Back to Basics': 'EVENT'}],[{'Back to Basics': 'ART'}],56,,"Entities: [{""text"": ""Back to Basics"", ""value"": ""EVENT""}]","**Identifying named entities**

I need to extract named entities from the provided text. It looks like ""Back to Basics"" might either be an organization or an event, possibly referring to a film screening series that showcases genre classics, older movies, and cult films while also dabbling in some mainstream content. The grammar suggests it's either a group or a series related to film screenings. I’ll consider types available, like EVENT, ORGANIZATION, or possibly PRODUCT. **Determining entity types**

I think that ""Back to Basics"" is likely either an event or an organization. The phrase ""focus on genre classics ... show older movies"" implies this is a program or series, which fits the event type. However, ""focus on"" could suggest it represents a group. Since it seems to be a film screening series, I'd label it as an EVENT. There don’t appear to be any additional specific entities, as the other terms are too generic. So, it’s just one entity: ""Back to Basics."" **Formatting entity output**

I need to format the output correctly for named entities. The instruction says to extract entities and specify their types. We’re dealing with one entity here: “Back to Basics.” I initially considered if it might be an ORGANIZATION, but given the context and grammar, it fits better as an EVENT. So, I’ll create the output as requested: 

Entities: [{""text"":""Back to Basics"",""value"":""EVENT""}]

I’ll make sure there’s no extra formatting and follow the instruction precisely. Let's deliver that!","[{""text"": ""Back to Basics"", ""value"": ""ART""}]","**Extracting named entities**

I need to focus on extracting named entities from a given text. The possible types are ART, BUILDING, EVENT, LOCATION, ORGANIZATION, OTHER, PERSON, and PRODUCT. The phrase ""Back to Basics"" stands out as a possible name, but I'm not sure if it refers to a TV show, film festival, or a program segment. It sounds like it describes a series related to genre classics and cult films, so it likely fits into the ART category. **Identifying entity types**

I’m considering that ""Back to Basics"" could also refer to an Event or Organization. As a name of a show, it would fit under ART, or possibly PRODUCT. Named entity tasks usually categorize ART as works like songs, films, or TV series, while EVENTS refer to festivals, and organizations would be companies or groups. Since ""Back to Basics"" is a media program focusing on films, I would label it as ART, but I also wonder if it could refer to an album, like Christina Aguilera's work. **Finalizing entity extraction**

I realize the context is about film programming, indicating that ""Back to Basics"" refers more to a media program rather than Christina Aguilera's album. The capitalization reinforces that it likely represents a title. So, I can confirm the entity type. I'll document it like this: [{""text"":""Back to Basics"",""value"":""ART""}]. This keeps everything neat and organized for the final output! It’s all coming together!"
"Hunt represent the 8th legislative district in Omaha lor, got the midtown neighborhoods like Dundee, Benson, and Keystone one.","Hunt represents the 8th legislative district in Omaha, consisting of the midtown neighborhoods of Dundee, Benson, and Keystone.","[{'Hunt': 'PERSON'}, {'Omaha': 'LOCATION'}, {'Dundee': 'LOCATION'}, {'Benson': 'LOCATION'}, {'Keystone': 'LOCATION'}]","[{'Hunt': 'PERSON'}, {'Omaha': 'LOCATION'}, {'Dundee': 'LOCATION'}, {'Benson': 'LOCATION'}, {'Keystone': 'LOCATION'}]","[{'Hunt': 'PERSON'}, {'8th legislative district': 'LOCATION'}, {'Omaha': 'LOCATION'}, {'Dundee': 'LOCATION'}, {'Benson': 'LOCATION'}, {'Keystone': 'LOCATION'}]","[{'Hunt': 'PERSON'}, {'8th legislative district': 'LOCATION'}, {'Omaha': 'LOCATION'}, {'Dundee': 'LOCATION'}, {'Benson': 'LOCATION'}, {'Keystone': 'LOCATION'}]",48,,"Entities: [{""text"": ""Hunt"", ""value"": ""PERSON""}, {""text"": ""8th legislative district"", ""value"": ""LOCATION""}, {""text"": ""Omaha"", ""value"": ""LOCATION""}, {""text"": ""Dundee"", ""value"": ""LOCATION""}, {""text"": ""Benson"", ""value"": ""LOCATION""}, {""text"": ""Keystone"", ""value"": ""LOCATION""}]",,"[{""text"":""Hunt"",""value"":""PERSON""},{""text"":""8th legislative district"",""value"":""LOCATION""},{""text"":""Omaha"",""value"":""LOCATION""},{""text"":""Dundee"",""value"":""LOCATION""},{""text"":""Benson"",""value"":""LOCATION""},{""text"":""Keystone"",""value"":""LOCATION""}]",
Most of the town actually one gated community called Orchid Island Golf and Beach Club lah.,Most of the town is actually a gated community called Orchid Island Golf and Beach Club.,[{'Orchid Island Golf and Beach Club': 'LOCATION'}],[{'Orchid Island Golf and Beach Club': 'LOCATION'}],[{'Orchid Island Golf and Beach Club': 'ORGANIZATION'}],[{'Orchid Island Golf and Beach Club': 'ORGANIZATION'}],47,,"Entities: [{""text"": ""Orchid Island Golf and Beach Club"", ""value"": ""ORGANIZATION""}]","**Extracting named entities**

I need to extract named entities from the text, focusing on types like ART, BUILDING, EVENT, LOCATION, ORGANIZATION, OTHER, PERSON, and PRODUCT. The text mentions ""Orchid Island Golf and Beach Club,"" which is clearly a named entity. It could be categorized as either an ORGANIZATION (club) or LOCATION (gated community). While our types don't include FACILITY, I believe ORGANIZATION is the best fit since it's typically considered a club. **Confirming entity extraction**

I'm considering whether there are any other entities present. ""Town"" seems a bit too generic. While ""Orchid Island"" could be a separate location, the full name is the proper noun here: ""Orchid Island Golf and Beach Club."" So, that’s just one entity. I should return it as: Entities: [{""text"": ""Orchid Island Golf and Beach Club"", ""value"": ""ORGANIZATION""}]. There’s a chance they expect LOCATION, but common NER frameworks usually classify ""Club"" as ORGANIZATION. I'll stick to returning the exact string.","[{""text"": ""Orchid Island Golf and Beach Club"", ""value"": ""ORGANIZATION""}]",
"So like that, Maximilian III Joseph, Elector of Bavaria, he go and set up the Bavarian Academy of Sciences and Humanities lor, on 28 March 1759.","This led to the foundation by Maximilian III Joseph, Elector of Bavaria of the Bavarian Academy of Sciences and Humanities on 28 March 1759.","[{'Maximilian III Joseph, Elector of Bavaria': 'PERSON'}, {'Bavarian Academy of Sciences and Humanities': 'ORGANIZATION'}]","[{'Maximilian III Joseph, Elector of Bavaria': 'PERSON'}, {'Bavarian Academy of Sciences and Humanities': 'ORGANIZATION'}]","[{'Maximilian III Joseph': 'PERSON'}, {'Bavarian Academy of Sciences and Humanities': 'ORGANIZATION'}, {'Bavaria': 'LOCATION'}, {'28 March 1759': 'OTHER'}]","[{'Maximilian III Joseph': 'PERSON'}, {'Elector of Bavaria': 'OTHER'}, {'Bavaria': 'LOCATION'}, {'Bavarian Academy of Sciences and Humanities': 'ORGANIZATION'}]",45,,"Entities: [
  {""text"": ""Maximilian III Joseph"", ""value"": ""PERSON""},
  {""text"": ""Bavarian Academy of Sciences and Humanities"", ""value"": ""ORGANIZATION""},
  {""text"": ""Bavaria"", ""value"": ""LOCATION""},
  {""text"": ""28 March 1759"", ""value"": ""OTHER""}
]",,"Entities: [
  {""text"": ""Maximilian III Joseph"", ""value"": ""PERSON""},
  {""text"": ""Elector of Bavaria"", ""value"": ""OTHER""},
  {""text"": ""Bavaria"", ""value"": ""LOCATION""},
  {""text"": ""Bavarian Academy of Sciences and Humanities"", ""value"": ""ORGANIZATION""}
]",
"This collection got materials one, talk about sexual health issues from 1974-2007 lah.",This collection contains material relating to sexual health issues from 1974-2007.,[],[],[],[],54,,Entities: [],,Entities: [],
"In 1955 hor, it start to receive one early model of the Boeing B-52 Stratofortress lor, then upgrade to many different models over the next 40 years.",In 1955 it began receiving an early model of the Boeing B-52 Stratofortress and upgraded to various models over the next 40 years.,[{'Boeing B-52': 'PRODUCT'}],[{'Boeing B-52': 'PRODUCT'}],"[{'Boeing': 'ORGANIZATION'}, {'Boeing B-52 Stratofortress': 'PRODUCT'}]","[{'Boeing B-52 Stratofortress': 'PRODUCT'}, {'Boeing': 'ORGANIZATION'}]",53,,"Entities: [{""text"": ""Boeing"", ""value"": ""ORGANIZATION""}, {""text"": ""Boeing B-52 Stratofortress"", ""value"": ""PRODUCT""}]","**Ensuring proper formatting**

I need to format the entities correctly for the user, ensuring they see them as plain text. There's a decision to be made about the ""B-52 Stratofortress"" — should it be represented separately as a product, or can I only include the ""Boeing"" prefix? While I might want to include both, I’m concerned about potential duplication. So, it seems best to include ""Boeing"" as the organization and ""B-52 Stratofortress"" as the product to minimize confusion. **Determining the minimal set**

The text specifically mentions ""Boeing B-52 Stratofortress."" If I just include ""B-52 Stratofortress,"" it still appears as a substring. Since ""Boeing B-52 Stratofortress"" is present, I think either option works. To keep it simple, I’ll include the following: ""Boeing"" as the organization and ""Boeing B-52 Stratofortress"" as the product. This way, I maintain a minimal yet accurate set while covering all necessary details.","Entities: [{""text"": ""Boeing B-52 Stratofortress"", ""value"": ""PRODUCT""}, {""text"": ""Boeing"", ""value"": ""ORGANIZATION""}]","**Identifying named entities**

I'm looking at the text about the Boeing B-52 Stratofortress and figuring out how to classify named entities. ""1955"" is a date, and while I might think of it as an event, it doesn't fit the limited types available. The ""Boeing B-52 Stratofortress"" clearly is a product, as it refers to an aircraft model. ""Boeing"" itself can be viewed as an organization too, but in this case, I see the whole name as a product. It's interesting how these details fit together! **Extracting named entities**

This text includes ""the Boeing B-52 Stratofortress."" I can see that ""Boeing"" could be categorized as an ORGANIZATION and ""Boeing B-52 Stratofortress"" as a PRODUCT. The overlap isn't forbidden by the user's request, so I think producing both makes sense. However, ""Boeing"" is used as a manufacturer prefix. While some systems split these into ""Boeing"" as ORG and ""B-52 Stratofortress"" as PRODUCT, here, the exact phrase ""Boeing B-52 Stratofortress"" is the full product name. So including it all seems perfectly fine! **Deciding on entity extraction**

I see that ""40 years"" is a duration, but it doesn't fit our entity types, and ""it"" is just a pronoun — not relevant here. The term ""in"" is a preposition, leading me to consider that I probably should focus on ""Boeing B-52 Stratofortress"" as a PRODUCT and possibly ""Boeing"" as an ORGANIZATION. Both being included could make sense if duplicates are allowed. However, it could be simpler just to extract the PRODUCT alone. Given the context, I think extracting both as JSON entities would be best! **Finalizing entity extraction**

If I'm including ""Boeing"" separately, then its ""text span"" should match the original text. ""Boeing"" is part of that longer phrase. While overlapping is acceptable, I could also think about including ""B-52 Stratofortress"" as a product; however, I need to consider that the original text specifies it as ""Boeing B-52 Stratofortress."" Since the full phrase is what's there, I’ll go for extracting both, even if it means some redundancy. ""Boeing B-52 Stratofortress"" fits as a PRODUCT. I’ll return a JSON array with these entities as instructed! **Formatting entity output**

I'm considering whether I need to include that prefix in the output. Since they provided a structure starting with ""Entities: [...],"" it makes sense for me to replicate that. I'll produce the following JSON:

Entities: [
  {""text"": ""Boeing B-52 Stratofortress"", ""value"": ""PRODUCT""},
  {""text"": ""Boeing"", ""value"": ""ORGANIZATION""}
]

I just need to check for any period punctuation, but it looks good to me. Alright, I'll keep it simple and clear!"
"Del Imaginario Discos from Argentina also released the album lah, in 2007.",Argentina's Del Imaginario Discos also released the album in 2007.,"[{'Argentina': 'LOCATION'}, {'Del Imaginario Discos': 'ORGANIZATION'}]","[{'Argentina': 'LOCATION'}, {'Del Imaginario Discos': 'ORGANIZATION'}]","[{'Del Imaginario Discos': 'ORGANIZATION'}, {'Argentina': 'LOCATION'}, {'lah': 'ART'}]","[{'Argentina': 'LOCATION'}, {'Del Imaginario Discos': 'ORGANIZATION'}]",42,,"[{""text"":""Del Imaginario Discos"",""value"":""ORGANIZATION""},{""text"":""Argentina"",""value"":""LOCATION""},{""text"":""lah"",""value"":""ART""}]",,"Entities: [{""text"": ""Argentina"", ""value"": ""LOCATION""}, {""text"": ""Del Imaginario Discos"", ""value"": ""ORGANIZATION""}]",
"Golaem, one software company from France one, developed it lor (started in Rennes in 2009).","It is developed by Golaem, a France -based software company (created in Rennes in 2009).","[{'Golaem': 'ORGANIZATION'}, {'France': 'LOCATION'}, {'Rennes': 'LOCATION'}]","[{'Golaem': 'ORGANIZATION'}, {'France': 'LOCATION'}, {'Rennes': 'LOCATION'}]","[{'Golaem': 'ORGANIZATION'}, {'France': 'LOCATION'}, {'Rennes': 'LOCATION'}]","[{'Golaem': 'ORGANIZATION'}, {'France': 'LOCATION'}, {'Rennes': 'LOCATION'}]",28,,"Entities: [{""text"": ""Golaem"", ""value"": ""ORGANIZATION""}, {""text"": ""France"", ""value"": ""LOCATION""}, {""text"": ""Rennes"", ""value"": ""LOCATION""}]","**Considering named entities**

I’m trying to decide if we should include the year 2009 as an entity under OTHER. Typically, dates and numbers are named entities in NER tasks, but since it's not listed, I hesitate. The focus should be on clear named entities like Golaem, France, and Rennes. The mention of ""Rennes in 2009"" implies an event, yet they don't specify an EVENT. So, I'll extract and format the entities accurately in the required JSON array. **Ensuring accurate text extraction**

I need to make sure I capture the case and text exactly as it appears in the input. For ""Golaem,"" I’ll use it without the comma, but since the instruction specifies ""entity text span,"" it could be tricky to navigate punctuation issues. I’ll include ""Golaem"" as is, along with proper mappings: Golaem as ORGANIZATION, France and Rennes as LOCATIONS. I’ll stick to those three entities and ignore others like ""one"" or ""software company."" Finally, I’ll format the response as required in a JSON array. **Formatting entity output**

I see that the prompt asks for the format to include Entities: [...]. So, I’ll prepare that properly. My output will look like this: 

Entities: [
  {""text"": ""Golaem"", ""value"": ""ORGANIZATION""},
  {""text"": ""France"", ""value"": ""LOCATION""},
  {""text"": ""Rennes"", ""value"": ""LOCATION""}
]

I want to avoid adding unnecessary commentary. I considered whether ""Golaem"" could be classified as a PRODUCT since it develops crowd simulation. However, since it’s identified as a company, ORGANIZATION is the right choice. I’ll go ahead and return that!","Entities: [{""text"": ""Golaem"", ""value"": ""ORGANIZATION""}, {""text"": ""France"", ""value"": ""LOCATION""}, {""text"": ""Rennes"", ""value"": ""LOCATION""}]","**Finalizing entity format**

I need to return just ""Entities: [...]” as specified, while ensuring the format is correct. I’m wondering if I should include the ""(created in Rennes in 2009)"" part, but it seems I only need to capture ""Rennes."" So, I’ll proceed with that and finalize my output. It's all about keeping it simple and to the point! Let’s wrap this up."
Many of the men kena separate from their families and send into the B.C. lor.,Many of the men were separated from their families and sent into the B.C.,[],[],[{'B.C.': 'LOCATION'}],[{'B.C.': 'LOCATION'}],26,,"Entities: [{""text"": ""B.C."", ""value"": ""LOCATION""}]","**Extracting named entities**

I'm looking to extract named entities from a sentence that likely uses Singlish. The reference to ""B.C."" seems to stand for British Columbia, but context is crucial since it could mean something else in Singapore. The entities like ""men"" and ""families"" are common nouns, so I’ll focus on ""B.C."" as the location. I’ll keep the exact spelling ""B.C."" for accuracy. The interjection ""lor"" is not an entity. I'll format the final result as a JSON array. Entities: [{""text"": ""B.C."", ""value"": ""LOCATION""}]","Entities: [{""text"": ""B.C."", ""value"": ""LOCATION""}]","**Considering entity mention format**

I’m thinking about how to include the exact mention, because it's often better to keep it minimal. The example hints at just mentioning the entity but doesn’t specify about using ""the"". I’ll include ""B.C."" only, since it could refer to ""British Columbia."" I need to ensure the output is a valid JSON array, so it’ll look like: Entities: [{""text"": ""B.C."", ""value"": ""LOCATION""}]. I'll double-check there aren’t any other relevant entities to include."
"The one who start Kōeido, the one selling Kibi dango lah, he go and write one travel guide in 1895 lor. He say hor, Kibitsuhiko himself hand-roll some kibi dango to give Emperor Jimmu one, when he come by Takayama Palace in Okayama.","The founder of Kōeido (the purveyors of Kibi dango) authored a travel guide in 1895, in which he claimed that Kibitsuhiko rolled with his own hand some kibi dango to give to Emperor Jimmu who stopped at Takayama Palace in Okayama.","[{'K\\u014deido': 'ORGANIZATION'}, {'Kibi dango': 'PRODUCT'}, {'Kibitsuhiko': 'ORGANIZATION'}, {'kibi dango': 'PRODUCT'}, {'Jimmu': 'PERSON'}, {'Takayama Palace': 'BUILDING'}, {'Okayama': 'LOCATION'}]","[{'K\\u014deido': 'ORGANIZATION'}, {'Kibi dango': 'PRODUCT'}, {'Kibitsuhiko': 'ORGANIZATION'}, {'kibi dango': 'PRODUCT'}, {'Jimmu': 'PERSON'}, {'Takayama Palace': 'BUILDING'}, {'Okayama': 'LOCATION'}]","[{'Kōeido': 'ORGANIZATION'}, {'Kibi dango': 'PRODUCT'}, {'Kibitsuhiko': 'PERSON'}, {'Emperor Jimmu': 'PERSON'}, {'Takayama Palace': 'BUILDING'}, {'Okayama': 'LOCATION'}]","[{'Kōeido': 'ORGANIZATION'}, {'Kibi dango': 'PRODUCT'}, {'Kibitsuhiko': 'PERSON'}, {'kibi dango': 'PRODUCT'}, {'Emperor Jimmu': 'PERSON'}, {'Takayama Palace': 'BUILDING'}, {'Okayama': 'LOCATION'}]",27,,"[{""text"":""Kōeido"",""value"":""ORGANIZATION""},{""text"":""Kibi dango"",""value"":""PRODUCT""},{""text"":""Kibitsuhiko"",""value"":""PERSON""},{""text"":""Emperor Jimmu"",""value"":""PERSON""},{""text"":""Takayama Palace"",""value"":""BUILDING""},{""text"":""Okayama"",""value"":""LOCATION""}]","**Considering entries for Kibi dango**

I’m thinking about how to handle entries for ""Kibi dango."" I could include both ""Kibi dango"" and ""kibi dango,"" but wait—one is lowercased. Since the user hasn't mentioned a preference for uniqueness, I think the safe approach is to include unique mentions. So, I’ll just add ""Kibi dango"" once to avoid duplication.

Now, about ""one travel guide in 1895,"" I wonder if it counts as an ART since it's a reference to a book. **Identifying entities and attributes**

I’m processing some titles and names here. Since there's no specific named title for ""one travel guide,"" I won’t include it. Now, ""Kibitsuhiko"" belongs to a legendary figure, so it counts as a PERSON. I'll note that down. Similarly, ""Emperor Jimmu"" is also a PERSON since he’s the first mythical emperor; his title and name should be included.

Then there's ""Takayama Palace."" It seems to be a BUILDING since it’s in Okayama, so I'll record that as well. Okayama is a LOCATION, too. I’ll include that. I should watch out for pronouns and interjections that don't count as entities, like ""he"" and ""lah."" 

Lastly, I'm considering if ""Kōeido"" and ""Takayama Palace"" might refer to organizations or buildings. **Tagging entities and products**

I’m tagging these entities now. ""Kibi dango"" will be labeled as a PRODUCT, which is good. The term ""travel guide"" is too generic without a specific title, so I'll skip that as it wouldn’t count as ART either.

It looks like there are no identified events or other categories to include. For ""Kōeido,"" I’ll keep the spelling exactly as it appears in the text. 

I'm considering if ""Takayama Palace"" should be marked as a LOCATION, but according to the schema, it'll stay as a BUILDING. Including ""Okayama"" as a LOCATION makes sense. 

I notice that ""Kibi dango"" is sometimes proper, but I will include the capitalized version. Lastly, I'm wondering if ""1895"" could be classified as an EVENT. **Finalizing entity classifications**

I’ve realized I can’t use ""1895"" as it’s a year and not an allowed type. So, no other organizations are present. The phrase “the one who starts Kōeido” refers to a founder, but we don’t have a specific name for them.

I’m about to produce a JSON array to ensure I capture all relevant entities. Here’s what I'm including: 

- ""Kōeido"" as an ORGANIZATION 
- ""Kibi dango"" as a PRODUCT 
- ""Kibitsuhiko"" and ""Emperor Jimmu"" as PERSON
- ""Takayama Palace"" as a BUILDING 
- ""Okayama"" as a LOCATION 

I’ll note that ""Takayama Palace"" is in Okayama, and I should include ""Kōeido"" spelled with a macron too! **Finalizing entity format**

I need to follow the user's exact format for the entities, which is: Entities: [{""text"": ""entity text span"", ""value"": ""entity type""},]. I should ensure to output precisely that, without extra commentary.

I've checked whether ""ART"" applies to ""travel guide in 1895,"" but since there's no specific title, I’ll omit it. Everything is clear now, and I'm ready to finalize the output!","Entities: [
  {""text"": ""Kōeido"", ""value"": ""ORGANIZATION""},
  {""text"": ""Kibi dango"", ""value"": ""PRODUCT""},
  {""text"": ""Kibitsuhiko"", ""value"": ""PERSON""},
  {""text"": ""kibi dango"", ""value"": ""PRODUCT""},
  {""text"": ""Emperor Jimmu"", ""value"": ""PERSON""},
  {""text"": ""Takayama Palace"", ""value"": ""BUILDING""},
  {""text"": ""Okayama"", ""value"": ""LOCATION""}
]","**Clarifying entity extraction**

I need to make sure there are no trailing commas in my response. The user provided a specific format: ""Entities: [...]"". It seems they want me to fill in that bracket with the extracted entities in a JSON array. To be safe, I’ll include the exact label ""Entities: [ ... ]"" followed by the JSON array. Plus, I must double-check to only use the specified upper-case entity types like ART, BUILDING, EVENT, LOCATION, ORGANIZATION, OTHER, PERSON, and PRODUCT. Let’s get it right! **Building entity list**

I'm creating a JSON array of entities extracted from the text. I’ve included various types: 

- ""Kōeido"" as an ORGANIZATION,
- ""Kibi dango"" as a PRODUCT (noting the lowercase variation as well),
- ""Kibitsuhiko"" and ""Emperor Jimmu"" as PERSON entities,
- ""Takayama Palace"" as a BUILDING,
- ""Okayama"" as a LOCATION.

I’m ready to return this cleaned-up list of entities!"
"His student Vadeebhasimha write in prose 'Gayachintamani' and 'Kshatrachudamini' one, based on poet Banas 'Kadambari' lah, then minister Chavundaraya also write 'Charitarasara'.",His pupil Vadeebhasimha wrote in prose ``Gayachintamani`` and ``Kshatrachudamini`` based on poet Banas ``Kadambari`` and minister Chavundaraya wrote ``Charitarasara``.,"[{'Vadeebhasimha': 'PERSON'}, {'Gayachintamani': 'ART'}, {'Kshatrachudamini': 'ART'}, {'Banas': 'PERSON'}, {'Kadambari': 'ART'}, {'Chavundaraya': 'PERSON'}, {'Charitarasara': 'ART'}]","[{'Vadeebhasimha': 'PERSON'}, {'Gayachintamani': 'ART'}, {'Kshatrachudamini': 'ART'}, {'Banas': 'PERSON'}, {'Kadambari': 'ART'}, {'Chavundaraya': 'PERSON'}, {'Charitarasara': 'ART'}]","[{'Vadeebhasimha': 'PERSON'}, {'Gayachintamani': 'ART'}, {'Kshatrachudamini': 'ART'}, {'Banas': 'PERSON'}, {'Kadambari': 'ART'}, {'Chavundaraya': 'PERSON'}, {'Charitarasara': 'ART'}]","[{'Vadeebhasimha': 'PERSON'}, {'Gayachintamani': 'ART'}, {'Kshatrachudamini': 'ART'}, {'Banas': 'PERSON'}, {'Kadambari': 'ART'}, {'Chavundaraya': 'PERSON'}, {'Charitarasara': 'ART'}]",38,,"Entities: [
  {""text"": ""Vadeebhasimha"", ""value"": ""PERSON""},
  {""text"": ""Gayachintamani"", ""value"": ""ART""},
  {""text"": ""Kshatrachudamini"", ""value"": ""ART""},
  {""text"": ""Banas"", ""value"": ""PERSON""},
  {""text"": ""Kadambari"", ""value"": ""ART""},
  {""text"": ""Chavundaraya"", ""value"": ""PERSON""},
  {""text"": ""Charitarasara"", ""value"": ""ART""}
]",,"[
  {""text"": ""Vadeebhasimha"", ""value"": ""PERSON""},
  {""text"": ""Gayachintamani"", ""value"": ""ART""},
  {""text"": ""Kshatrachudamini"", ""value"": ""ART""},
  {""text"": ""Banas"", ""value"": ""PERSON""},
  {""text"": ""Kadambari"", ""value"": ""ART""},
  {""text"": ""Chavundaraya"", ""value"": ""PERSON""},
  {""text"": ""Charitarasara"", ""value"": ""ART""}
]",
"Dorsa got Bachelor of Music in Composition one from California State University, Northridge in 2001, then Master of Music in Harpsichord Performance at Cal State Northridge in 2004, and Doctor of Musical Arts at University of Michigan, Ann Arbor in 2008 lah.","Dorsa has a Bachelor of Music in Composition from California State University, Northridge in 2001, Master of Music in Harpsichord Performance at Cal State Northridge in 2004, and a Doctor of Musical Arts at the University of Michigan, Ann Arbor in 2008.","[{'Dorsa': 'PERSON'}, {'Bachelor of Music': 'OTHER'}, {'California State University, Northridge': 'ORGANIZATION'}, {'Master of Music': 'OTHER'}, {'Cal State Northridge': 'ORGANIZATION'}, {'Doctor of Musical Arts': 'OTHER'}, {'University of Michigan': 'ORGANIZATION'}, {'Ann Arbor': 'LOCATION'}]","[{'Dorsa': 'PERSON'}, {'Bachelor of Music': 'OTHER'}, {'California State University, Northridge': 'ORGANIZATION'}, {'Master of Music': 'OTHER'}, {'Cal State Northridge': 'ORGANIZATION'}, {'Doctor of Musical Arts': 'OTHER'}, {'University of Michigan': 'ORGANIZATION'}, {'Ann Arbor': 'LOCATION'}]","[{'Dorsa': 'PERSON'}, {'California State University, Northridge': 'ORGANIZATION'}, {'Cal State Northridge': 'ORGANIZATION'}, {'University of Michigan': 'ORGANIZATION'}, {'Ann Arbor': 'LOCATION'}, {'Northridge': 'LOCATION'}]","[{'Dorsa': 'PERSON'}, {'California State University, Northridge': 'ORGANIZATION'}, {'Cal State Northridge': 'ORGANIZATION'}, {'University of Michigan, Ann Arbor': 'ORGANIZATION'}]",33,,"[{""text"":""Dorsa"",""value"":""PERSON""},{""text"":""California State University, Northridge"",""value"":""ORGANIZATION""},{""text"":""Cal State Northridge"",""value"":""ORGANIZATION""},{""text"":""University of Michigan"",""value"":""ORGANIZATION""},{""text"":""Ann Arbor"",""value"":""LOCATION""},{""text"":""Northridge"",""value"":""LOCATION""}]","**Considering name extraction**

I need to think about how to extract names from text. It seems ""University of Michigan, Ann Arbor"" is contiguous, but ""University of Michigan"" is a subspan. So which approach is more consistent? 

For ""California State University, Northridge,"" it seems best to keep the full name as the organization. I’d extract ""University of Michigan"" as the organization and ""Ann Arbor"" as the location. But if the requirement is for the entire string, that’s a valid point too. 

And about ""Northridge,"" it seems it functions as both an org part and a place. **Clarifying organization names**

When I see ""at Cal State Northridge,"" I notice that ""Northridge"" is part of the organization's alias, so I’d prefer not to duplicate it as a separate location. The phrase ""California State University, Northridge"" includes a comma and represents the formal campus name, which I think should be kept intact as the organization. 

For this reason, I think that ""California State University"" isn’t necessary to separate. 

As for ""University of Michigan, Ann Arbor,"" I could treat it as the organization while also noting that ""Ann Arbor"" is a location. Just avoiding duplication in the mapping seems key here. **Ensuring accuracy in text extraction**

I need to maintain the original text spans exactly as they appear, including casing and punctuation — like ""Dorsa,"" ""California State University, Northridge,"" and ""University of Michigan, Ann Arbor."" 

If I decide to extract just ""University of Michigan,"" I still need to acknowledge that ""University of Michigan, Ann Arbor"" contains that phrase. Yet, since exact spans are required, I can classify ""University of Michigan, Ann Arbor"" as an organization, given that both parts represent a proper name and location. However, I'm considering which classification would minimize criticism. **Analyzing entity extraction**

In response to ""Possible entity types"" and ""Extract named entities from the text,"" I’m considering how to manage multiple entries. If I extracted ""University of Michigan, Ann Arbor"" as an organization and ""Ann Arbor"" separately as a location, it feels like I'd be duplicating info. 

So, instead, I think it’s better to list ""University of Michigan"" and ""Ann Arbor"" as separate entities. For ""California State University, Northridge,"" I wonder if I should treat ""Northridge"" as a location too, but since it's part of the campus name, I might choose to keep it with the organization for consistency. **Structuring entity extraction**

I realize that ""California State University, Northridge"" serves as the official campus name, while ""California State University"" refers to the broader system. Extracting just the former may not accurately represent the campus. 

I’m considering whether to mark ""California State University, Northridge"" as an ORGANIZATION while noting ""Ann Arbor"" as a LOCATION. For efficiency and consistency, I think I should list the organizations and locations together in a structured way and produce a JSON array that includes all relevant entities. 

I'll finalize the extraction and ensure it adheres to the proper format.","Entities: [
  {""text"": ""Dorsa"", ""value"": ""PERSON""},
  {""text"": ""California State University, Northridge"", ""value"": ""ORGANIZATION""},
  {""text"": ""Cal State Northridge"", ""value"": ""ORGANIZATION""},
  {""text"": ""University of Michigan, Ann Arbor"", ""value"": ""ORGANIZATION""}
]","**Analyzing NER Tagging**

I'm considering how to tag ""University of Michigan, Ann Arbor"" in NER systems. Generally, I'd tag ""University of Michigan"" as an organization (ORG) and ""Ann Arbor"" as a geographical entity (GPE). However, since they come together, I wonder if treating the whole phrase as an ORG might be better for consistency. But there's also the issue of whether ""Ann Arbor"" is an essential component of the organization name. Perhaps including both offers clearer context. **Deciding on Entity Tagging**

I’m considering how to tag entities correctly. If I include ""Ann Arbor"" with ""University of Michigan,"" I’ll have to treat ""Northridge"" similarly with ""CSU Northridge."" But ""Northridge"" isn’t separate outside its organization name, so it might not need to be included separately. Since ""Ann Arbor"" is presented as a city, I think it makes sense to include it. However, to maintain consistency, I should tag ""University of Michigan, Ann Arbor"" as one entity, just like ""California State University, Northridge."" **Clarifying Entity Types**

I'm assessing how to classify entities correctly here. I think ""University of Michigan, Ann Arbor"" should be tagged as an organization (ORG). ""California State University"" isn't mentioned separately, but ""Cal State Northridge"" is. Yes, they should be considered separate entities. I’m also pondering whether ""Bachelor of Music in Composition"" fits as a product, but it's more of a degree, so it doesn't really qualify. Years like ""2001,"" ""2004,"" and ""2008"" aren't events, so they wouldn't be included either. ""Harpsichord Performance"" and ""Doctor of Musical Arts"" are degrees and fields, so they aren't applicable entities. **Determining Entity Output**

I'm thinking about whether to list ""California State University"" as an organization with ""Northridge"" as its campus. Since ""Northridge"" is part of the name, that’s fine. My output would be:

- ""Dorsa"": PERSON
- ""California State University, Northridge"": ORGANIZATION
- ""Cal State Northridge"": ORGANIZATION
- ""University of Michigan, Ann Arbor"": ORGANIZATION 

I could add ""Ann Arbor"" as a location, but to avoid overlap, it might be better to exclude it. However, its presence in the full name indicates it's a location specifier for the university. **Finalizing Entity List**

I'm considering whether to include ""Ann Arbor"" as a separate entry, given it's mentioned after a comma. For extraction tasks, it makes sense to include it. But if I do that, should I also include ""Northridge"" as a location? Since ""Northridge"" is part of the organization's name, separating it might cause confusion. However, it is a neighborhood in Los Angeles, so it qualifies as a location too. To keep things straightforward, I'll focus on important named entities: one person and three organizations. The years won't be included since they don’t fit the allowed types. 

I’ll format the output like this:

Entities: [{""text"": ""Dorsa"", ""value"": ""PERSON""}, {""text"": ""California State University, Northridge"", ""value"": ""ORGANIZATION""}, {""text"": ""Cal State Northridge"", ""value"": ""ORGANIZATION""}, {""text"": ""University of Michigan, Ann Arbor"", ""value"": ""ORGANIZATION""}]"
"She also write fiction one, her work got awards lor.",She has also written fiction and her work has gained awards.,[],[],[],[],29,,Entities: [],"**Considering interpretations**

I need to think about whether ""fiction one"" refers to a product or if it’s more about the concept of writing fiction in general. The grammar hints that ""write fiction one"" could be a way of expressing ""writes fiction also"" in Singlish, meaning it’s not an actual product name. So, no entities here. I’ll go ahead and prepare to deliver this understanding.",Entities: [],"**Extracting named entities**

I need to extract named entities from the given text, but it seems there are none present—no specific names, organizations, events, or products. Terms like ""fiction"" and ""awards"" don't count as named entities, and ""she"" is just a pronoun. So, I determine the entity list should be empty: []. I’ll format the output as requested, ensuring it clearly states: ""Entities: []"". Let’s finalize that!"
"Dublin also got service by Weston Airport lah, and other small-small facilities, got helicopter operators also, then the military and some more State services use Casement Aerodrome nearby one.","Dublin is also served by Weston Airport and other small facilities, by a range of helicopter operators, and the military and some State services use Casement Aerodrome nearby.","[{'Dublin': 'LOCATION'}, {'Weston Airport': 'BUILDING'}, {'Casement Aerodrome': 'BUILDING'}]","[{'Dublin': 'LOCATION'}, {'Weston Airport': 'BUILDING'}, {'Casement Aerodrome': 'BUILDING'}]","[{'Dublin': 'LOCATION'}, {'Weston Airport': 'LOCATION'}, {'Casement Aerodrome': 'LOCATION'}]","[{'Dublin': 'LOCATION'}, {'Weston Airport': 'BUILDING'}, {'Casement Aerodrome': 'BUILDING'}]",24,,"Entities: [
  {""text"": ""Dublin"", ""value"": ""LOCATION""},
  {""text"": ""Weston Airport"", ""value"": ""LOCATION""},
  {""text"": ""Casement Aerodrome"", ""value"": ""LOCATION""}
]","**Determining entities for extraction**

I'm looking at the mention of ""Weston Airport."" It seems more appropriate as a LOCATION rather than a BUILDING since airports are complexes. There's also ""Casement Aerodrome,"" which I'll categorize as a LOCATION too. 

Now, helicopter operators and the military refer to general terms, so they might not qualify for specific extraction. ""State services"" is also ambiguous and doesn't seem like a named entity, so I'll skip that. In terms of clarity, it's essential to maintain the text that exactly reflects the entities. **Extracting entities**

I'm working on identifying entities, starting with ""Weston Airport"" and ""Dublin,"" which seems clear as a LOCATION. The term ""State"" is part of ""State services,"" so it’s not named, and I should skip that. ""Casement Aerodrome"" counts as a LOCATION too.

For organizations, ""helicopter operators"" is generic, and ""the military"" is common. I shouldn't include these in the final output since they don’t meet the proper noun criteria. I'll ensure to return the output strictly in the JSON array format without extra text. **Formatting entities output**

The prompt specifies that I should include the line starting with ""Entities: ..."" and format it precisely. I'll include three entries for clarity. If ""Weston Airport"" appears with ""lah,"" I should exclude that part for a clean extraction.

So, the final output will be:

Entities: [
  {""text"": ""Dublin"", ""value"": ""LOCATION""},
  {""text"": ""Weston Airport"", ""value"": ""LOCATION""},
  {""text"": ""Casement Aerodrome"", ""value"": ""LOCATION""}
]

I’ll double-check the formatting to make sure it’s valid JSON and order them based on their appearance in the text.","[{""text"":""Dublin"",""value"":""LOCATION""},{""text"":""Weston Airport"",""value"":""BUILDING""},{""text"":""Casement Aerodrome"",""value"":""BUILDING""}]","**Extracting named entities**

I need to extract named entities from a given text and provide a list with 'text' and 'value' fields. The entity types allowed include ART, BUILDING, EVENT, LOCATION, ORGANIZATION, OTHER, PERSON, and PRODUCT. For the text, I'm considering Dublin as a LOCATION, while Weston Airport and Casement Aerodrome can be categorized as BUILDING. However, the military isn't a proper noun and helicopter operators aren't named, so they don't qualify as entities. I'm reviewing these classifications. **Clarifying named entities**

In looking at ""some State services,"" the capitalization of ""State"" raises the question of whether it's a named entity. It could refer to government, but calling it generic feels safer. Casement Aerodrome is indeed a specific facility near Dublin, so I’ll tag that as BUILDING, just like Weston Airport. However, ""State services"" doesn't refer to a specific organization, so I'll avoid that. I'll compile the entities in JSON format, noting: Dublin as a LOCATION, Weston Airport as a BUILDING, and Casement Aerodrome also as a BUILDING."
"Some versions, the eggplant not grilled one, but boiled, so it becomes more soft and don't have the smoky flavor like the original dish lor.","In some versions, the eggplant is not grilled, but is instead boiled, resulting in a softer version that lacks the characteristic smoky flavor of the original dish.",[{'eggplant': 'OTHER'}],[{'eggplant': 'OTHER'}],[{'eggplant': 'PRODUCT'}],[],40,,"Entities: [{""text"": ""eggplant"", ""value"": ""PRODUCT""}]","**Evaluating entity extraction**

I need to extract named entities from the given text, considering types like ART, BUILDING, EVENT, LOCATION, ORGANIZATION, OTHER, PERSON, PRODUCT. I see the casual sentence mentions ""eggplant"" which could be categorized as a PRODUCT, but it feels more like a common noun than a named entity. Terms like ""original dish"" or ""versions"" are too generic, so I might end up returning an empty array. However, since the system allows for PRODUCT, I'll have to decide if I should tag eggplant. **Clarifying entity extraction instructions**

It seems like there aren't any key phrases or named entities to extract. I could consider marking ""eggplant"" as a PRODUCT, but it really is just a generic ingredient, not a specific brand. ""Original dish"" isn't named either, so I’d probably end up with an empty array. I need to format my output correctly in JSON, making sure to stick to the structure given by the user, which specifies “Entities: [...].” It looks like they really only want the array itself. **Deciding on entity output**

I typically need to produce the array assigned to Entities. It seems they want structured data, so I should probably output just the array itself. However, since no actual entities are present, I'm thinking of going with ""Entities: []"". I wonder if ""eggplant"" qualifies as a PRODUCT since the context suggests cuisine. It does mention cooking methods, and many extraction tasks do consider food items as products. I'll decide to return ""eggplant"" as a PRODUCT, but I'm questioning if that truly makes it a named entity. **Determining entity classification**

I see that while ""eggplant"" isn't typically capitalized, it could fit into product categories for NER tasks. Including ""eggplant"" as a PRODUCT seems safer, as doing nothing might suggest we didn't extract anything. The user provided a JSON example, which implies they expect me to identify entity types from what's been listed. I’ll choose to output: [{""text"":""eggplant"",""value"":""PRODUCT""}]. 

I don’t think terms like ""original dish"" or descriptors like ""grilled"" or ""boiled"" qualify as named entities. So, it looks like we'll settle on just one: ""eggplant"" as a product, keeping everything exactly as spelled. **Finalizing entity output**

I initially thought about classifying ""original dish"" as ART, but that's not accurate. I’ve decided to only include ""eggplant,"" as ""lor"" is just a Singlish particle, not an entity. So, I'll output: Entities: [{""text"":""eggplant"",""value"":""PRODUCT""}]. 

I want to ensure the JSON is valid and formatted correctly, following the user's template. Since they specified the format, I’ll include the prefix ""Entities: [..]."" I will avoid unnecessary commentary and ensure there's no trailing comma in my array. Looks like we’re good to go!",Entities: [],"**Extracting named entities**

I’m focused on extracting named entities from the provided sentence, considering types like ART, BUILDING, EVENT, LOCATION, ORGANIZATION, OTHER, PERSON, PRODUCT. In the sentence, there aren't any specific named entities. ""Eggplant"" is just a common noun, likewise for ""original dish"" and ""versions."" I could think of classifying ""eggplant"" as a PRODUCT, but it’s not a specific brand. Therefore, I’ll output an empty JSON array for named entities, as there aren't any present. **Formatting entity output**

I need to ensure that I format the output correctly for named entities. The expected format is: Entities: [{""text"": ""entity text span"", ""value"": ""entity type""},]. Since there are no entities to report, I should supply an empty list instead: Entities: []. It’s important to follow the provided format accurately, so I’ll go ahead and prepare that empty list in my response. This will keep things neat and tidy for the user!"
"Glutamine synthetase use ammonia one, produced by nitrate reduction, amino acid degradation, and photorespiration lah.","Glutamine synthetase uses ammonia produced by nitrate reduction, amino acid degradation, and photorespiration.","[{'Glutamine synthetase': 'OTHER'}, {'ammonia': 'OTHER'}, {'amino acid': 'OTHER'}]","[{'Glutamine synthetase': 'OTHER'}, {'ammonia': 'OTHER'}, {'amino acid': 'OTHER'}]","[{'Glutamine synthetase': 'OTHER'}, {'ammonia': 'OTHER'}, {'nitrate reduction': 'OTHER'}, {'amino acid degradation': 'OTHER'}, {'photorespiration': 'OTHER'}]","[{'Glutamine synthetase': 'OTHER'}, {'ammonia': 'OTHER'}, {'nitrate reduction': 'OTHER'}, {'amino acid degradation': 'OTHER'}, {'photorespiration': 'OTHER'}]",21,,"Entities: [{""text"": ""Glutamine synthetase"", ""value"": ""OTHER""}, {""text"": ""ammonia"", ""value"": ""OTHER""}, {""text"": ""nitrate reduction"", ""value"": ""OTHER""}, {""text"": ""amino acid degradation"", ""value"": ""OTHER""}, {""text"": ""photorespiration"", ""value"": ""OTHER""}]","**Extracting named entities**

I need to extract named entities from a specific text about glutamine synthetase. It seems like ""Glutamine synthetase"" fits in the category of PRODUCT or possibly OTHER, as proteins aren't typically listed clearly. Since there are no categories for ""chemical"" or ""biological,"" we'll classify it as OTHER. ""Ammonia,"" ""nitrate reduction,"" and ""photorespiration"" also appear to fall under OTHER. It's important to follow instructions to extract these named entities correctly! **Identifying named entities**

Typically, Named Entity Recognition (NER) focuses on proper nouns. In this case, ""Glutamine synthetase"" is the proper name of an enzyme. While ""ammonia"" is a common noun, it refers to a specific chemical. Processes like ""nitrate reduction,"" ""amino acid degradation,"" and ""photorespiration"" should be categorized as OTHER. I’ll need to return a JSON array of relevant named entities without explanations, ensuring I capture the correct punctuation and entity spans! **Formatting named entities**

I'm ready to produce a JSON format for the named entities. Here's what I need:

Entities: [
  {""text"":""Glutamine synthetase"",""value"":""OTHER""},
  {""text"":""ammonia"",""value"":""OTHER""},
  {""text"":""nitrate reduction"",""value"":""OTHER""},
  {""text"":""amino acid degradation"",""value"":""OTHER""},
  {""text"":""photorespiration"",""value"":""OTHER""}
]

I’ll ensure to use the exact wrapper ""Entities: [...]"" as specified. It's crucial to be concise and follow the requested format to avoid any confusion!","[{""text"":""Glutamine synthetase"",""value"":""OTHER""},{""text"":""ammonia"",""value"":""OTHER""},{""text"":""nitrate reduction"",""value"":""OTHER""},{""text"":""amino acid degradation"",""value"":""OTHER""},{""text"":""photorespiration"",""value"":""OTHER""}]","**Analyzing named entities**

I need to extract named entities from the scientific sentence about glutamine synthetase. The types to consider include ART, BUILDING, EVENT, LOCATION, ORGANIZATION, OTHER, PERSON, and PRODUCT. ""Glutamine synthetase"" seems to fit as a protein and might be categorized as PRODUCT or OTHER. However, ""ammonia"" is not a proper noun and might not qualify. Named entity recognition usually flags proteins as such, but the specifics aren't clearly defined in the instructions. **Deciding on entity types**

I’m considering how to categorize ""Glutamine synthetase."" Since it's a biological enzyme, I think it might fit under OTHER rather than PRODUCT, which usually relates to manufactured goods. For ""ammonia,"" I also lean toward categorizing it as OTHER. 

As for ""nitrate reduction,"" ""amino acid degradation,"" and ""photorespiration,"" these are all processes, and they could be classified as OTHER. Although named entity recognition typically favors proper nouns, these terms may still represent relevant domain-specific entities. I'll stick with classifying them as OTHER. **Including process terms as entities**

I’m wondering if I should include ""nitrate reduction"" and ""amino acid degradation"" as entities since they are more generic terms. However, the task doesn’t limit us to just proper nouns, and previous tasks suggest these terms would be recognized. 

So, I'll extract the following entities as OTHER: ""Glutamine synthetase,"" ""ammonia,"" ""nitrate reduction,"" ""amino acid degradation,"" and ""photorespiration."" I plan to return a JSON array with objects for ""text"" and ""value,"" ensuring the text spans match exactly as they appear in the original sentence."
"Pune lose the match 1–3 lah, all three goals come after Amrinder came on.",Pune lost the match 1–3 with all three goals coming after Amrinder came on.,"[{'Pune': 'ORGANIZATION'}, {'Amrinder': 'PERSON'}]","[{'Pune': 'ORGANIZATION'}, {'Amrinder': 'PERSON'}]","[{'Pune': 'ORGANIZATION'}, {'Amrinder': 'PERSON'}]","[{'Pune': 'LOCATION'}, {'Amrinder': 'PERSON'}]",37,,"Entities: [{""text"": ""Pune"", ""value"": ""ORGANIZATION""}, {""text"": ""Amrinder"", ""value"": ""PERSON""}]","**Extracting named entities**

I need to extract named entities from the sentence about Pune losing a match. I'm considering various entity types like ART, BUILDING, EVENT, LOCATION, ORGANIZATION, PERSON, PRODUCT, and OTHER. ""Pune"" could refer to a city location, but in a sports context, it may represent a team like Pune City FC. However, since the phrasing suggests it's a team losing, I'll classify ""Pune"" as a LOCATION, though ORGANIZATION might be more appropriate for a team. It seems there’s some ambiguity in the entity types available. **Identifying entities in context**

I’m considering how to classify ""Pune."" If it refers to a football club, it would be an ORGANIZATION. However, since there’s a defunct club called FC Pune City, people might colloquially refer to Pune as the team. In a sports context, they probably want it as ORGANIZATION, but without specific context, ""Pune"" is a city LOCATION. The text mentions ""Amrinder,"" likely referring to Amrinder Singh, a PERSON. The other terms don’t seem to be entities. I think I’ll classify ""Pune"" as LOCATION despite the sports context. **Classifying entities correctly**

In previous tasks, city names are usually classified as LOCATION. However, in the phrase ""Pune lose the match 1-3 lah,"" it seems more natural to view ""Pune"" as a team rather than just a city, similar to how people refer to clubs like ""Barcelona."" Thus, I'd lean toward classifying ""Pune"" as an ORGANIZATION. The various parts like ""1-3"" are just scores and not events, and ""lah"" is just a colloquial interjection. So I’ll conclude: Entities are Pune (ORGANIZATION) and Amrinder (PERSON). **Deciding on entity classifications**

I need to output the entities as [{""text"": ""Pune"", ""value"": ""ORGANIZATION""}, {""text"": ""Amrinder"", ""value"": ""PERSON""}]. However, some might prefer ""Pune"" as a LOCATION. In past tasks, cities are often classified as LOCATIONS, but here, since they mention ""Pune lose"" in the context of a match, it seems they want me to recognize it as a team. While LOCATION is technically accurate, ORGANIZATION aligns better with the context. I can't include ""Pune"" as both, so ORGANIZATION it is! **Deciding on classification types**

I see that classification usually places cities under LOCATION, but since we're discussing a sports context, I’m leaning toward ORGANIZATION for ""Pune,"" considering it could refer to a team. The data structure mentioned includes types like ART, BUILDING, EVENT, LOCATION, ORGANIZATION, OTHER, PERSON, and PRODUCT. Since this seems to be from a sports commentary dataset, I’ll stick with ORGANIZATION for ""Pune"" and classify ""Amrinder"" as PERSON. So, my final output will follow the exact structure requested. 

Entities: [{""text"": ""Pune"", ""value"": ""ORGANIZATION""}, {""text"": ""Amrinder"", ""value"": ""PERSON""}].","Entities: [{""text"": ""Pune"", ""value"": ""LOCATION""}, {""text"": ""Amrinder"", ""value"": ""PERSON""}]",
"He go and produce for Kim Fowley and BMX Bandits one, that Receiver Records album ``Hidden Agenda At the Thirteenth Not`` lah.",He went on to produce Kim Fowley and the BMX Bandits (band) Receiver Records' album ``Hidden Agenda At the Thirteenth Not``.,"[{'Kim Fowley': 'PERSON'}, {'BMX Bandits': 'ORGANIZATION'}, {'Receiver Records': 'ORGANIZATION'}, {'Hidden Agenda At the Thirteenth Not': 'ART'}]","[{'Kim Fowley': 'PERSON'}, {'BMX Bandits': 'ORGANIZATION'}, {'Receiver Records': 'ORGANIZATION'}, {'Hidden Agenda At the Thirteenth Not': 'ART'}]","[{'Kim Fowley': 'PERSON'}, {'BMX Bandits': 'ORGANIZATION'}, {'Receiver Records': 'ORGANIZATION'}, {'Hidden Agenda At the Thirteenth Not': 'ART'}]","[{'Kim Fowley': 'PERSON'}, {'BMX Bandits (band)': 'ORGANIZATION'}, {'Receiver Records': 'ORGANIZATION'}, {'Hidden Agenda At the Thirteenth Not': 'ART'}]",25,,"[{""text"":""Kim Fowley"",""value"":""PERSON""},{""text"":""BMX Bandits"",""value"":""ORGANIZATION""},{""text"":""Receiver Records"",""value"":""ORGANIZATION""},{""text"":""Hidden Agenda At the Thirteenth Not"",""value"":""ART""}]","**Clarifying album details**

I think we've nailed down that “Hidden Agenda at the Thirteenth Note” is associated with a Glasgow venue and an album by BMX Bandits. There's also a connection to The Yummy Fur and Mogwai, but I'll hold off on correcting any specific spellings. It’s good to remember that “The Thirteenth Note” is a live series venue, and many acts have performed there. I should double-check if “Receiver Records” could be “Receiver Records Limited” as a UK label. Alright, sounds good! **Formatting entities correctly**

I need to ensure the JSON array is correctly formatted for entities like this: [{""text"": ""entity text span"", ""value"": ""entity type""}]. The ""text"" must match the exact span, and for the album title, it seems better to extract ""Hidden Agenda At the Thirteenth Note"" without backticks. Although the input shows backticks, I should remove additional quotes to keep it clean. I believe previous tasks have used plain text spans without punctuation, so that might be the way to go. Also, “BMX Bandits” and “Receiver Records” look good! **Finalizing entity formatting**

I need to make sure ""Kim Fowley"" is spelled correctly, and I have to decide whether ""album"" should be part of the entity. Typically, I don’t include it since it’s just the title. Now, I’ll create the JSON array with these entities while ensuring not to include extra explanations. I’ll capture ART for artworks like albums, and I need to confirm that ""BMX Bandits"" is the sole entity. There's also a possibility that ""Receiver Records album"" could be misunderstood, so I’ll keep that in mind as I finalize everything.","[{""text"":""Kim Fowley"",""value"":""PERSON""},{""text"":""BMX Bandits (band)"",""value"":""ORGANIZATION""},{""text"":""Receiver Records"",""value"":""ORGANIZATION""},{""text"":""Hidden Agenda At the Thirteenth Not"",""value"":""ART""}]","**Clarifying entity extraction**

I'm thinking it might be best to include just ""Receiver Records"" as the entity text since the instructions specify extracting named entities. While many NER tasks ignore possessive suffixes, we still need the text span to match exactly as it appears. It seems like ""Receiver Records"" is valid without the apostrophe, especially since it's part of ""Receiver Records' album."" 

For ""BMX Bandits (band),"" I should use that exact span, parentheses and all, since that's how the entity is identified.  

I'm considering how to handle various text styles properly, like capitalization and backticks. **Determining entity text and format**

I'm working on the entity text and deciding that it should be ""Hidden Agenda At the Thirteenth Not"" without quotes or backticks included. The actual string appears without any extra formatting, so I can include it as a substring.

I'll compile the entities like this:

- {""text"": ""Kim Fowley"", ""value"": ""PERSON""}
- {""text"": ""BMX Bandits (band)"", ""value"": ""ORGANIZATION""}
- {""text"": ""Receiver Records"", ""value"": ""ORGANIZATION""}
- {""text"": ""Hidden Agenda At the Thirteenth Not"", ""value"": ""ART""}

I think that's all, and I’ll return the JSON array in the order they mentioned."
"Early kampungs start to show up at the starting of the 19th century lah, got Lynchburg, Harrisburg, and Rightor's Point one (now call Morgan's Point) in the 1820s.","Early communities began to appear at the beginning of the 19th century, including Lynchburg, Harrisburg, and Rightor's Point (modern Morgan's Point) in the 1820s.","[{'Lynchburg': 'LOCATION'}, {'Harrisburg': 'LOCATION'}, {""Rightor's Point"": 'LOCATION'}, {""Morgan's Point"": 'LOCATION'}]","[{'Lynchburg': 'LOCATION'}, {'Harrisburg': 'LOCATION'}, {""Rightor's Point"": 'LOCATION'}, {""Morgan's Point"": 'LOCATION'}]","[{'Lynchburg': 'LOCATION'}, {'Harrisburg': 'LOCATION'}, {""Rightor's Point"": 'LOCATION'}, {""Morgan's Point"": 'LOCATION'}]","[{'Lynchburg': 'LOCATION'}, {'Harrisburg': 'LOCATION'}, {""Rightor's Point"": 'LOCATION'}, {""Morgan's Point"": 'LOCATION'}]",32,,"Entities: [{""text"": ""Lynchburg"", ""value"": ""LOCATION""}, {""text"": ""Harrisburg"", ""value"": ""LOCATION""}, {""text"": ""Rightor's Point"", ""value"": ""LOCATION""}, {""text"": ""Morgan's Point"", ""value"": ""LOCATION""}]","**Clarifying entity types**

I'm thinking about the ambiguity of ""Harrisburg"" since there's a city in Pennsylvania with that name. It seems fine to list different locations: Lynchburg, Harrisburg, Rightor's Point, and Morgan's Point. However, for ""19th century,"" even though it might seem like an event, it's not a named one, so I'll skip it to avoid confusion. I need to ensure the output is in the correct JSON format, matching the prompt's style. I'll provide a clear array for the user. **Responding with entities**

Yes, the user's request includes the format ""Entities: [{""text"":..., ""value"":...},]."" To stay consistent, I’ll start my response with that line. I need to include four distinct entities, making sure there are no duplicates. The “19th century” term won’t be included since it doesn’t fit the entity criteria. I’ll ensure the final output meets the user's expectations while keeping it clear and precise. Let’s get it right!","Entities: [{""text"":""Lynchburg"",""value"":""LOCATION""},{""text"":""Harrisburg"",""value"":""LOCATION""},{""text"":""Rightor's Point"",""value"":""LOCATION""},{""text"":""Morgan's Point"",""value"":""LOCATION""}]","**Evaluating entity types**

I’m thinking about how to categorize ""19th century"" and ""1820s"". They’re time periods, not events, and the choices seem limited since DATE isn’t allowed. If the instruction is to extract named entities, I’m wondering if I should just avoid including them altogether. The JSON array needs four items, and I’ll ensure the quoting is correct while keeping it minimal. I’m not sure if a trailing comma is acceptable or not, so I’ll make sure to provide valid JSON. **Ensuring valid JSON output**

I'm trying to create a valid JSON structure for the entity output. The example shows an invalid format with a trailing comma, but I think it's safer to avoid that. I want to make sure the capitalization is accurate for the entity types like LOCATION. I’ve got the correct text spans: ""Rightor's Point,"" ""Morgan's Point,"" ""Lynchburg,"" and ""Harrisburg."" 

I'll compile this into a minimal JSON structure without trailing commas, maintaining the appropriate format for clarity."
"Gonu cause quite the strong gusty winds and heavy rain lah, along Pakistan's Arabian Sea coast from Karachi to Gwadar.",Gonu caused strong gusty winds and torrential rainfall along Pakistan's Arabian Sea coast from Karachi to Gwadar.,"[{'Gonu': 'EVENT'}, {""Pakistan's Arabian Sea coast"": 'LOCATION'}, {'Karachi': 'LOCATION'}, {'Gwadar': 'LOCATION'}]","[{'Gonu': 'EVENT'}, {""Pakistan's Arabian Sea coast"": 'LOCATION'}, {'Karachi': 'LOCATION'}, {'Gwadar': 'LOCATION'}]","[{'Gonu': 'EVENT'}, {""Pakistan's"": 'LOCATION'}, {'Arabian Sea': 'LOCATION'}, {'Karachi': 'LOCATION'}, {'Gwadar': 'LOCATION'}]","[{'Gonu': 'EVENT'}, {""Pakistan's"": 'LOCATION'}, {'Arabian Sea': 'LOCATION'}, {'Karachi': 'LOCATION'}, {'Gwadar': 'LOCATION'}]",36,,"Entities: [{""text"": ""Gonu"", ""value"": ""EVENT""}, {""text"": ""Pakistan's"", ""value"": ""LOCATION""}, {""text"": ""Arabian Sea"", ""value"": ""LOCATION""}, {""text"": ""Karachi"", ""value"": ""LOCATION""}, {""text"": ""Gwadar"", ""value"": ""LOCATION""}]","**Considering entity text spans**

I’m thinking about how the possessive ""'s"" typically isn’t part of an entity, and we should capture ""Pakistan"" without the ""'s"". However, the text includes ""Pakistan's"", and they want the exact text span. So, I’ll include ""Pakistan's"" as the entity since that’s what the text says. 

Then, for ""Arabian Sea coast"", it’s not a standard entity, but I could extract ""Arabian Sea"" as a subspan instead. **Discussing entity spans**

I’m considering how they want the entity text span, and I can pick ""Arabian Sea"" since it’s part of ""Arabian Sea coast"" in the text. That will work as long as it reflects the exact span. For locations, we have ""Pakistan's"", ""Arabian Sea"", ""Karachi"", and ""Gwadar"". The event is ""Gonu"", even though it's a bit short. The text mentions ""Gonu"" causing strong winds, so that works. 

I’ll also think about annotating ""Pakistan's Arabian Sea coast"" as a location, even if ""coast"" is a common noun. **Organizing entity extraction**

I’d prefer to separate ""Pakistan's"" and ""Arabian Sea"" as locations. However, we might consider ""Pakistan's Arabian Sea coast"" for mention-level extraction, even though 'coast' isn't strictly a named place. I want to stick with canonical named entities, so I'll format it as a JSON array.

I’ll include the following entities:  

- {""text"":""Gonu"",""value"":""EVENT""}
- {""text"":""Pakistan's"",""value"":""LOCATION""}
- {""text"":""Arabian Sea"",""value"":""LOCATION""}
- {""text"":""Karachi"",""value"":""LOCATION""}
- {""text"":""Gwadar"",""value"":""LOCATION""}

I’ll ensure ""Pakistan's"" is exactly as it appears, with no additional commentary. **Finalizing entity formatting**

I want to avoid heavy formatting, but a bullet list is fine as long as it fits within the structure they want. They expect it to be formatted as ""Entities: [...]"". I’ll ensure the JSON values are valid, with the ""value"" using uppercase type names. This will keep everything clear and organized. Let's finalize the format and make sure it aligns perfectly with their requirements.","Entities: [{""text"": ""Gonu"", ""value"": ""EVENT""}, {""text"": ""Pakistan's"", ""value"": ""LOCATION""}, {""text"": ""Arabian Sea"", ""value"": ""LOCATION""}, {""text"": ""Karachi"", ""value"": ""LOCATION""}, {""text"": ""Gwadar"", ""value"": ""LOCATION""}]","**Considering named entities**

I'm thinking about how to use the text to extract named entities properly. There’s ""Pakistan's Arabian Sea coast"" with ""Arabian Sea"" as one location and ""Karachi"" and ""Gwadar"" as cities. It leads me to consider if I should include the possessive ""Pakistan's"" or just ""Pakistan."" While the prompt indicates extracting spans as they appear, using ""Pakistan's"" feels a bit unnatural. Nonetheless, many tasks handle possessives as part of the entity, so I'll include it in the extraction. **Evaluating named entities**

I'm considering whether ""Pakistan's Arabian Sea coast"" qualifies as a single named entity. While ""Arabian Sea"" and ""Pakistan"" are definitely entities, I’m thinking it’s best not to treat the whole phrase as one. Instead, I can break it down into individual parts. So, I’ll include events like ""Gonu,"" along with specific locations and map them appropriately into a JSON structure. For ""Pakistan,"" I could use just ""Pakistan"" instead of ""Pakistan's"" for simplicity, though it’s a bit ambiguous. **Formatting entity output**

I’m thinking about whether the ""entity text span"" matches what’s in the text. To be safe, I should use ""Pakistan's"" as it appears in the original text. Some tasks are particular about quotes, so that’s something to keep in mind. I’ll double-check that the list of entity types includes LOCATION, which it does. It seems clear they want the output in the format ""Entities: [...]"", so I’ll present the results accordingly. Let's get that ready!"
Kenyon go Maynooth Seminary in 1829 lah – the year of Catholic Emancipation one.,Kenyon entered Maynooth Seminary in 1829 – the year of Catholic Emancipation.,"[{'Kenyon': 'PERSON'}, {'Maynooth Seminary': 'ORGANIZATION'}, {'Catholic Emancipation': 'EVENT'}]","[{'Kenyon': 'PERSON'}, {'Maynooth Seminary': 'ORGANIZATION'}, {'Catholic Emancipation': 'EVENT'}]","[{'Kenyon': 'PERSON'}, {'Maynooth Seminary': 'ORGANIZATION'}, {'Catholic Emancipation': 'EVENT'}]","[{'Kenyon': 'PERSON'}, {'Maynooth Seminary': 'ORGANIZATION'}, {'Catholic Emancipation': 'EVENT'}]",23,,"Entities: [{""text"": ""Kenyon"", ""value"": ""PERSON""}, {""text"": ""Maynooth Seminary"", ""value"": ""ORGANIZATION""}, {""text"": ""Catholic Emancipation"", ""value"": ""EVENT""}]","Entities: [{""text"": ""entity text span"", ""value"": ""entity type""},]","Entities: [{""text"": ""Kenyon"", ""value"": ""PERSON""}, {""text"": ""Maynooth Seminary"", ""value"": ""ORGANIZATION""}, {""text"": ""Catholic Emancipation"", ""value"": ""EVENT""}]",
Team Orr scored four times on the way to 7–1 win lor.,Team Orr scored four times on way to a 7–1 victory.,[{'Team Orr': 'ORGANIZATION'}],[{'Team Orr': 'ORGANIZATION'}],[{'Team Orr': 'ORGANIZATION'}],[{'Team Orr': 'ORGANIZATION'}],31,,"[{""text"": ""Team Orr"", ""value"": ""ORGANIZATION""}]",,"[{""text"": ""Team Orr"", ""value"": ""ORGANIZATION""}]","**Identifying named entities**

I need to extract named entities from the text, categorized as ART, BUILDING, EVENT, LOCATION, ORGANIZATION, OTHER, PERSON, PRODUCT. In the example, ""Team Orr"" appears to be the only named entity, likely representing a sports team. This makes it an ORGANIZATION type. While ""Orr"" refers to a person, it’s not used as a standalone name here. The game score “7-1” isn’t relevant for named entities, so I’ll just note ""Team Orr"" as an ORGANIZATION. **Extracting named entities**

The task requires me to identify named entities from the text and output them as a JSON array with dictionaries. I’ll capture recognized entities, like [{""text"":""Team Orr"",""value"":""ORGANIZATION""}]. I must keep formatting minimal, ensuring correct usage of quotes, punctuation, and en dashes. I'll focus on outputting the array exactly as needed without heavy formatting. Time to finalize and deliver that clean JSON array of entities!"
"Also, the SFO say can pay for the legal costs lor.","Furthermore, the SFO offered to pay reasonable legal costs.",[{'the SFO': 'ORGANIZATION'}],[{'the SFO': 'ORGANIZATION'}],[{'SFO': 'ORGANIZATION'}],[{'SFO': 'ORGANIZATION'}],30,,"[{""text"": ""SFO"", ""value"": ""ORGANIZATION""}]",,"Entities: [{""text"": ""SFO"", ""value"": ""ORGANIZATION""}]","**Evaluating entity text span**

I need to clarify if they want ""SFO"" by itself or ""the SFO."" It sounds like they’re looking for the exact substring, which many Named Entity Recognition (NER) outputs use. The text says ""the SFO,"" but entities often omit determiners. Since they requested ""entity text span,"" I’ll go with just ""SFO."" I'll return it as a JSON array, identifying it as an ""ORGANIZATION."" Let's keep it minimal as required."
"The situation start to become clear one after 1961 lor, when South Africa say bye-bye to the Commonwealth of Nations, then hor, by the rules that time, its cricket board must also cabut from the International Cricket Conference (ICC) lah.","The situation began to crystallise after 1961 when South Africa left the Commonwealth of Nations and so, under the rules of the day, its cricket board had to leave the International Cricket Conference (ICC).","[{'South Africa': 'LOCATION'}, {'Commonwealth of Nations': 'ORGANIZATION'}, {'International Cricket Conference': 'ORGANIZATION'}, {'ICC': 'ORGANIZATION'}]","[{'South Africa': 'LOCATION'}, {'Commonwealth of Nations': 'ORGANIZATION'}, {'International Cricket Conference': 'ORGANIZATION'}, {'ICC': 'ORGANIZATION'}]","[{'1961': 'OTHER'}, {'South Africa': 'LOCATION'}, {'Commonwealth of Nations': 'ORGANIZATION'}, {'International Cricket Conference': 'ORGANIZATION'}, {'ICC': 'ORGANIZATION'}]","[{'1961': 'OTHER'}, {'South Africa': 'LOCATION'}, {'Commonwealth of Nations': 'ORGANIZATION'}, {'International Cricket Conference': 'ORGANIZATION'}, {'ICC': 'ORGANIZATION'}]",71,,"[
  {""text"": ""1961"", ""value"": ""OTHER""},
  {""text"": ""South Africa"", ""value"": ""LOCATION""},
  {""text"": ""Commonwealth of Nations"", ""value"": ""ORGANIZATION""},
  {""text"": ""International Cricket Conference"", ""value"": ""ORGANIZATION""},
  {""text"": ""ICC"", ""value"": ""ORGANIZATION""}
]","**Extracting named entities**

It seems like the user is looking for proper nouns related to specific organizations and locations. I need to identify South Africa as a location and both the Commonwealth of Nations and the International Cricket Conference (ICC) as organizations. The ICC is historically known as the International Cricket Conference, which I should mention. The year ""1961"" might qualify as an ""OTHER"" entity since it's not an event name. Additionally, I should consider whether to treat ICC and its full name as the same entity when repeating it. **Deciding on entity linking**

I’m considering how to handle entities and their potential duplicates, particularly relating to the ICC. They didn't explicitly ask for duplicates to be removed, but it might seem odd to include them. The pattern suggests I include multiple entries where needed. My list would look like: 

- 1961 -> OTHER
- South Africa -> LOCATION
- Commonwealth of Nations -> ORGANIZATION
- International Cricket Conference -> ORGANIZATION
- ICC -> ORGANIZATION

I could also mark ""International Cricket Conference (ICC)"" as one entry or include them separately, which seems reasonable. **Clarifying entity inclusion**

I’m deciding to include both ""International Cricket Conference"" and ""ICC"" since each appears as a named span, even if ""ICC"" is in parentheses. While it could seem duplicative, including both might be best. Alternatively, I could treat ""International Cricket Conference (ICC)"" as a single entry and omit ""ICC"" alone to avoid duplication. But since it’s marked in the dictionary as a span, including it makes sense. Ultimately, I’ll include both ""International Cricket Conference"" and ""ICC"" along with ""Commonwealth of Nations"" as they each appear directly. **Defining entity spans**

I’m considering whether to include ""International Cricket Conference (ICC)"" since it also has the Singlish filler ""lah,"" which we should avoid. In crafting the JSON array, my entries will be:

- {""text"": ""1961"", ""value"": ""OTHER""}
- {""text"": ""South Africa"", ""value"": ""LOCATION""}
- {""text"": ""Commonwealth of Nations"", ""value"": ""ORGANIZATION""}
- {""text"": ""International Cricket Conference"", ""value"": ""ORGANIZATION""}
- {""text"": ""ICC"", ""value"": ""ORGANIZATION""}

It's important to keep both forms, so I’ll finalize by including both ""International Cricket Conference"" and ""ICC"" as separate entries.","Entities: [{""text"": ""1961"", ""value"": ""OTHER""}, {""text"": ""South Africa"", ""value"": ""LOCATION""}, {""text"": ""Commonwealth of Nations"", ""value"": ""ORGANIZATION""}, {""text"": ""International Cricket Conference"", ""value"": ""ORGANIZATION""}, {""text"": ""ICC"", ""value"": ""ORGANIZATION""}]","**Structuring entities**

I need to keep both ""cricket"" and ""Commonwealth of Nations"" since ""Commonwealth"" is part of the full name. While ""South Africa left"" could imply ""South Africa"" as an organization, I'll categorize it under LOCATION, as that's typically how it's determined. We need to output these as a list of dicts with the keys ""text"" and ""value,"" ensuring there's no extra formatting. I'll be careful about duplicates, like including both ""International Cricket Conference (ICC)"" and ""ICC"" as an organization. Finally, I'll categorize ""1961"" as OTHER. **Identifying edge cases**

I'm noting that ""EVENT"" could fit for ""left the Commonwealth of Nations,"" but it's not a specific named event. Similarly, ""after 1961"" means ""1961"" isn't necessarily a named event either. I'll structure the output like this:

[
  {""text"": ""1961"", ""value"": ""OTHER""},
  {""text"": ""South Africa"", ""value"": ""LOCATION""},
  {""text"": ""Commonwealth of Nations"", ""value"": ""ORGANIZATION""},
  {""text"": ""International Cricket Conference"", ""value"": ""ORGANIZATION""},
  {""text"": ""ICC"", ""value"": ""ORGANIZATION""}
]

I’ll ensure there’s proper punctuation and return it preceded by ""Entities: ..."" as the user specified."
"Her brother run for the United States House of Representatives from upstate New York one, but no luck lah, in 1992 and 1994.","Her brother ran unsuccessfully for the United States House of Representatives from upstate New York, in 1992 and 1994.","[{'United States House of Representatives': 'ORGANIZATION'}, {'New York': 'LOCATION'}]","[{'United States House of Representatives': 'ORGANIZATION'}, {'New York': 'LOCATION'}]","[{'United States House of Representatives': 'ORGANIZATION'}, {'upstate New York': 'LOCATION'}]","[{'United States House of Representatives': 'ORGANIZATION'}, {'upstate New York': 'LOCATION'}]",63,,"Entities: [{""text"": ""United States House of Representatives"", ""value"": ""ORGANIZATION""}, {""text"": ""upstate New York"", ""value"": ""LOCATION""}]","**Extracting named entities**

I need to extract named entities from the provided text and identify their types. For example, “United States House of Representatives” is an ORGANIZATION, as it refers to a legislative body. “Upstate New York” is a LOCATION; I should keep the exact text as is. I’m wondering if we should treat “1992” and “1994” as events, considering they are election years, but they might not fit neatly into the categories provided. It’s a bit tricky! **Clarifying entity types**

I’m considering whether to treat the years “1992” and “1994” as EVENTS, but it's a bit ambiguous. The instructions say to extract named entities, and typically, years aren’t included as named entities. I think it’s best to exclude them since DATE isn’t mentioned in the guidelines.

For the entities: “United States House of Representatives” is an ORGANIZATION, and “upstate New York” is a LOCATION. “New York” should be treated as part of “upstate New York” as a full phrase. I’m pondering whether to isolate “United States” as a LOCATION, but usually, it remains part of the organization name. **Deciding on entity extraction**

I’m wondering about extracting “United States” as a LOCATION. It’s part of the organization name, so pulling it out separately could lead to redundancy. The instructions don’t explicitly forbid overlaps, but typically we avoid them in favor of clarity. 

When it comes to “House of Representatives,” it makes sense to keep it within the full name. For “New York” in “upstate New York,” I’m unsure if I should extract it separately or just stick with the full phrase. I want to keep the output clean! **Finalizing entity extraction**

I’ll keep the full phrase, sticking with “United States House of Representatives” and “upstate New York.” I can ignore colloquial terms like ""one"" and ""lah,"" and while there are some grammatical errors, they aren't important for this task.

To capture the entities, I’ll output a JSON array with just two entries: an ORGANIZATION for “United States House of Representatives” and a LOCATION for “upstate New York.” I’ll avoid tagging ""New York"" separately since it doesn’t need to be included. I'll ensure the formatting is strict: “Entities: [{...}]”. Time to output the clean JSON!","Entities: [{""text"": ""United States House of Representatives"", ""value"": ""ORGANIZATION""}, {""text"": ""upstate New York"", ""value"": ""LOCATION""}]","**Extracting named entities**

I need to extract named entities with types from the text provided. I'm considering possible types like ART, BUILDING, EVENT, LOCATION, ORGANIZATION, OTHER, PERSON, and PRODUCT. In the text, ""United States House of Representatives"" is clearly an organization and ""upstate New York"" is a location. As for the years ""1992"" and ""1994,"" they're temporal expressions, but since the types don’t include DATE/TIME, I think it's best to omit them or categorize them as OTHER. **Extracting named entities**

The instruction is to extract named entities from the text, and it seems I should probably exclude dates, such as ""1992"" and ""1994."" The phrase ""Her brother"" isn't an entity since it’s just a pronoun. Now, ""United States"" is part of the ""United States House of Representatives,"" so I shouldn't tag it separately unless necessary. 

As for ""upstate New York,"" I should treat it as a location based on the text. It appears I can tag ""upstate New York"" specifically, but maybe ""New York"" could be tagged too, depending on the guidelines. **Finalizing named entities**

So, it looks like ""upstate New York"" is an acceptable location. I need to be careful about not counting ""United States"" separately, since it's part of the organization name ""United States House of Representatives."" I’ll tag the full name as an ORGANIZATION.

Since there are no individuals mentioned and the years ""1992"" and ""1994"" refer to elections, but not as formal events in this context, I won't include them either. 

For the output, I’ll create a JSON list with the exact text strings: 

[
  {""text"": ""United States House of Representatives"", ""value"": ""ORGANIZATION""},
  {""text"": ""upstate New York"", ""value"": ""LOCATION""}
] **Confirming entity format**

I need to check the punctuation and ensure I return the entities in the exact format the user specified: Entities: [{""text"": ""entity text span"", ""value"": ""entity type""}]. 

There shouldn't be any extra commentary. So, I’ll produce:

Entities: [{""text"": ""United States House of Representatives"", ""value"": ""ORGANIZATION""}, {""text"": ""upstate New York"", ""value"": ""LOCATION""}]. 

There's a chance they might want to include ""United States"" as a LOCATION too, but I think it’s better to skip that."
Nhulunbuy Corporation the one running it lah.,It is operated by the Nhulunbuy Corporation.,[{'Nhulunbuy Corporation': 'ORGANIZATION'}],[{'Nhulunbuy Corporation': 'ORGANIZATION'}],[{'Nhulunbuy Corporation': 'ORGANIZATION'}],[{'Nhulunbuy Corporation': 'ORGANIZATION'}],68,,"Entities: [{""text"": ""Nhulunbuy Corporation"", ""value"": ""ORGANIZATION""}]","**Extracting named entities**

I'm focusing on extracting named entities from the text where ""Nhulunbuy Corporation"" appears, which likely indicates it's an organization. Since ""Nhulunbuy"" is part of the corporation name, I might not need to tag it separately as a location unless the text mentions it independently. I need to ensure I only output entities that are present, without any additions. It looks like this might be the only notable entity in the text. **Finalizing named entity output**

It looks like the only named entity in the text is ""Nhulunbuy Corporation"". So, I need to provide that as [{""text"": ""Nhulunbuy Corporation"", ""value"": ""ORGANIZATION""}].

I also want to confirm that other entity types like ""ART"" aren't applicable here. It seems I need to maintain the exact format with the line starting ""Entities: [...]"". So, my final output should be clean and error-free, ensuring there are no trailing commas inside the JSON array. It’s all about keeping it straightforward and precise! **Ensuring valid JSON format**

I noticed that the template indicates ""Entities: [{""text"": ""entity text span"", ""value"": ""entity type""},]"" which contains a trailing comma before the closing bracket. That would make it invalid JSON! I realize it's just a template, but I need to make sure I provide valid JSON in my output. So, I’ll format it correctly without any trailing commas, ensuring it meets the proper structure while still fitting the template's expectations. It's all about precision!","Entities: [{""text"": ""Nhulunbuy Corporation"", ""value"": ""ORGANIZATION""}]","**Extracting named entities**

I need to pull named entities from the text provided. The text mentions ""Nhulunbuy Corporation,"" which is clearly an organization. So, I’ll create an entities array with this one entry. But I wonder if ""Nhulunbuy"" could be a location on its own. However, since it's part of ""Nhulunbuy Corporation,"" for this context, it’s best to stick with the organization categorization. I’ll format it correctly in JSON, ensuring it matches the guidelines.  
Entities: [{""text"": ""Nhulunbuy Corporation"", ""value"": ""ORGANIZATION""}]"
"The festival one kind event for world television and digital content, how to make and grow it lor.",The festival is dedicated to world television and digital content and its creation and development.,[],[],[],[],73,,Entities: [],"**Extracting named entities**

I'm focused on extracting named entities from the given text, which includes types like ART, BUILDING, EVENT, LOCATION, and more. The phrase ""world television"" could potentially be an organization, yet it seems generic. It's unclear if it refers to a specific known entity. ""Festival"" is too vague to count as a named entity. Therefore, I’ll extract what I can, but it looks like my output will likely be an empty list since nothing specific seems to be mentioned. **Deciding on entity extraction**

I'm thinking through how the dataset expects to categorize entities. It seems ""festival"" isn't a proper name, so I'd lean towards calling it an ""event"" type but probably shouldn't count it as a named entity. The instructions suggest only extracting proper nouns, which leads me to consider returning an empty result. I wonder if terms like ""world television"" could be categorized as OTHER or ORGANIZATION, but that feels risky too. So, I’ll output an empty JSON array to be safe: ""Entities: []"". **Implementing entity format**

The user has already given a specific format for the output, so I’ll stick to that. I need to respond with “Entities: []” as instructed. It's straightforward, and I want to ensure I'm delivering exactly what the user expects! Keeping it simple and clear is important. Alright, implementing that format now!",Entities: [],"**Extracting named entities**

I'm assessing a sentence about a festival related to world television and digital content. It looks pretty generic, and while ""world television"" might sound like an entity, it’s more of a concept. The term ""festival"" refers to an event, but without a specific name attached. Given that, it seems we should return an empty array for named entities. I'll follow the required output format and provide: Entities: []."
"The story last time got adapt to the stage in 1939 one at the Martin Beck Theater, very good one, but only can run for six shows 'cos the production very expensive lah.","The story had been adapted to the stage in 1939 at the Martin Beck Theater to great acclaim, but only ran for six performances because the production proved to be expensive.",[{'Martin Beck Theater': 'BUILDING'}],[{'Martin Beck Theater': 'BUILDING'}],[{'Martin Beck Theater': 'BUILDING'}],[{'Martin Beck Theater': 'BUILDING'}],64,,"Entities: [{""text"": ""Martin Beck Theater"", ""value"": ""BUILDING""}]",,"[{""text"":""Martin Beck Theater"",""value"":""BUILDING""}]",
Royal Malaysia Police Air Operations Force or 'Pasukan Gerakan Udara (PGU)' one special aviation unit under Royal Malaysia Police lah.,Royal Malaysia Police Air Operations Force or ``Pasukan Gerakan Udara (PGU)'' is a special aviation unit of Royal Malaysia Police.,"[{'Royal Malaysia Police Air Operations Force': 'ORGANIZATION'}, {'Pasukan Gerakan Udara': 'ORGANIZATION'}, {'PGU': 'ORGANIZATION'}, {'Royal Malaysia Police': 'ORGANIZATION'}]","[{'Royal Malaysia Police Air Operations Force': 'ORGANIZATION'}, {'Pasukan Gerakan Udara': 'ORGANIZATION'}, {'PGU': 'ORGANIZATION'}, {'Royal Malaysia Police': 'ORGANIZATION'}]","[{'Royal Malaysia Police Air Operations Force': 'ORGANIZATION'}, {'Pasukan Gerakan Udara (PGU)': 'ORGANIZATION'}, {'Royal Malaysia Police': 'ORGANIZATION'}]","[{'Royal Malaysia Police Air Operations Force': 'ORGANIZATION'}, {'Pasukan Gerakan Udara (PGU)': 'ORGANIZATION'}, {'Royal Malaysia Police': 'ORGANIZATION'}]",69,,"Entities: [{""text"": ""Royal Malaysia Police Air Operations Force"", ""value"": ""ORGANIZATION""}, {""text"": ""Pasukan Gerakan Udara (PGU)"", ""value"": ""ORGANIZATION""}, {""text"": ""Royal Malaysia Police"", ""value"": ""ORGANIZATION""}]","**Considering text formatting**

I need to make sure the quotes and characters are correct. Should I remove the quotes around the Malay string? The ""text"" field should capture the span as it appears, which includes the quotes and parentheses: ""'Pasukan Gerakan Udara (PGU)'"". Often, tasks omit the outer quotes, but since the instruction is about ""entity text span,"" it might include the quotes. I think I’ll omit the outer quotes for clarity, but I need to ensure accuracy and follow the instructions correctly. **Formatting JSON output**

Okay, I’m producing the JSON array for the entities. It will be: 

[
  {""text"": ""Royal Malaysia Police Air Operations Force"", ""value"": ""ORGANIZATION""},
  {""text"": ""Pasukan Gerakan Udara (PGU)"", ""value"": ""ORGANIZATION""},
  {""text"": ""Royal Malaysia Police"", ""value"": ""ORGANIZATION""}
]

I need to make sure there’s no extra commentary since the prompt says ""Entities: [...]"" I definitely need to prefix with ""Entities: ..."" to follow the user's pattern correctly.","[{""text"":""Royal Malaysia Police Air Operations Force"",""value"":""ORGANIZATION""},{""text"":""Pasukan Gerakan Udara (PGU)"",""value"":""ORGANIZATION""},{""text"":""Royal Malaysia Police"",""value"":""ORGANIZATION""}]",
"USP42 also can deubiquitinate p53 one, maybe got need for p53 to react to stress lah.",USP42 has also been shown to deubiquitinate p53 and may be required for the ability of p53 to respond to stress.,"[{'USP42': 'OTHER'}, {'p53': 'OTHER'}, {'p53': 'OTHER'}]","[{'USP42': 'OTHER'}, {'p53': 'OTHER'}, {'p53': 'OTHER'}]","[{'USP42': 'OTHER'}, {'p53': 'OTHER'}]","[{'USP42': 'OTHER'}, {'p53': 'OTHER'}]",67,,"[{""text"": ""USP42"", ""value"": ""OTHER""}, {""text"": ""p53"", ""value"": ""OTHER""}]",,"Entities: [{""text"": ""USP42"", ""value"": ""OTHER""}, {""text"": ""p53"", ""value"": ""OTHER""}]","**Formatting entities output**

I see that they're asking for an output related to entities. I have to include ""USP42"" and ""p53"". Since p53 is mentioned twice, it makes sense to list it only once for clarity. It’s important to match the format exactly as specified. Since ""stress"" isn't a named entity, I won't include it. Therefore, I’ll prepare a JSON array with two items: ""USP42"" and ""p53,"" both labeled as ""OTHER"". Let's finalize this!"
"Richard D.Zanuck and David Brown, they the ones who produced it lah.",It was produced by Richard D.Zanuck and David Brown.,"[{'Richard D.Zanuck': 'PERSON'}, {'David Brown': 'PERSON'}]","[{'Richard D.Zanuck': 'PERSON'}, {'David Brown': 'PERSON'}]","[{'Richard D.Zanuck': 'PERSON'}, {'David Brown': 'PERSON'}]","[{'Richard D.Zanuck': 'PERSON'}, {'David Brown': 'PERSON'}]",70,,"Entities: [{""text"": ""Richard D.Zanuck"", ""value"": ""PERSON""}, {""text"": ""David Brown"", ""value"": ""PERSON""}]",,"Entities: [
  {""text"": ""Richard D.Zanuck"", ""value"": ""PERSON""},
  {""text"": ""David Brown"", ""value"": ""PERSON""}
]",
"At festival, Siddhi save Vin from kena shoot by Rudra lah.","At a festival, Siddhi saves Vin from being shot at by Rudra.","[{'Siddhi': 'PERSON'}, {'Vin': 'PERSON'}, {'Rudra': 'PERSON'}]","[{'Siddhi': 'PERSON'}, {'Vin': 'PERSON'}, {'Rudra': 'PERSON'}]","[{'Siddhi': 'PERSON'}, {'Vin': 'PERSON'}, {'Rudra': 'PERSON'}]","[{'Siddhi': 'PERSON'}, {'Vin': 'PERSON'}, {'Rudra': 'PERSON'}]",62,,"Entities: [{""text"": ""Siddhi"", ""value"": ""PERSON""}, {""text"": ""Vin"", ""value"": ""PERSON""}, {""text"": ""Rudra"", ""value"": ""PERSON""}]",,"[{""text"":""Siddhi"",""value"":""PERSON""},{""text"":""Vin"",""value"":""PERSON""},{""text"":""Rudra"",""value"":""PERSON""}]",
Same effects also can see in short pubertal boys lah.,The same effects have also been seen in short pubertal boys.,[],[],[],[],80,,Entities: [],"**Extracting named entities**

I need to examine the given text to extract named entities. The text mentions ""pubertal boys,"" but those are common nouns rather than named entities. Other terms, like ""lah,"" are just colloquial expressions and not proper nouns. Since there are no specific named entities present, I should prepare to output an empty list in the required JSON format. So I’ll return: Entities: []. It’s all about ensuring clarity in the response format here! **Preparing entity response**

I’m keeping it simple and direct. Since there are no named entities found in the text, I’ll respond with ""Entities: []"". It’s essential that I stick to minimal formatting and avoid any unnecessary details. This way, I ensure the response is clear and straightforward for the user. It's important that the output adheres to the required structure!",Entities: [],
"Loyalists kena recruit from Queens County, New York by Lieutenant Colonel Richard Hewlett for the 3rd battalion DeLancey's Brigade lor, they go and set up one fortified position in early August at the central north shore of Long Island at Setauket, just across Long Island Sound from Fairfield.","Loyalists recruited from Queens County, New York by Lieutenant Colonel Richard Hewlett for the 3rd battalion DeLancey's Brigade had established a fortified position in early August on the central north shore of Long Island at Setauket, just across Long Island Sound from Fairfield.","[{'Queens County': 'LOCATION'}, {'New York': 'LOCATION'}, {'Richard Hewlett': 'PERSON'}, {""DeLancey's Brigade"": 'ORGANIZATION'}, {'Long Island': 'LOCATION'}, {'Setauket': 'LOCATION'}, {'Long Island Sound': 'LOCATION'}, {'Fairfield': 'LOCATION'}]","[{'Queens County': 'LOCATION'}, {'New York': 'LOCATION'}, {'Richard Hewlett': 'PERSON'}, {""DeLancey's Brigade"": 'ORGANIZATION'}, {'Long Island': 'LOCATION'}, {'Setauket': 'LOCATION'}, {'Long Island Sound': 'LOCATION'}, {'Fairfield': 'LOCATION'}]","[{'Queens County, New York': 'LOCATION'}, {'Lieutenant Colonel Richard Hewlett': 'PERSON'}, {""DeLancey's Brigade"": 'ORGANIZATION'}, {'Long Island': 'LOCATION'}, {'Setauket': 'LOCATION'}, {'Long Island Sound': 'LOCATION'}, {'Fairfield': 'LOCATION'}]","[{'Queens County, New York': 'LOCATION'}, {'Lieutenant Colonel Richard Hewlett': 'PERSON'}, {""3rd battalion DeLancey's Brigade"": 'ORGANIZATION'}, {'Long Island': 'LOCATION'}, {'Setauket': 'LOCATION'}, {'Long Island Sound': 'LOCATION'}, {'Fairfield': 'LOCATION'}]",65,,"Entities: [{""text"": ""Queens County, New York"", ""value"": ""LOCATION""}, {""text"": ""Lieutenant Colonel Richard Hewlett"", ""value"": ""PERSON""}, {""text"": ""DeLancey's Brigade"", ""value"": ""ORGANIZATION""}, {""text"": ""Long Island"", ""value"": ""LOCATION""}, {""text"": ""Setauket"", ""value"": ""LOCATION""}, {""text"": ""Long Island Sound"", ""value"": ""LOCATION""}, {""text"": ""Fairfield"", ""value"": ""LOCATION""}]","**Considering JSON formatting**

I'm noticing the example array has a trailing comma inside, but I realize we should be outputting valid JSON without it. It’s okay for the example to show that, but our output needs to be clean. The request specifies ""Entities: [...]"" so I’ll create that line with the JSON array while keeping formatting minimal. I'll list the entities, considering ""DeLancey's Brigade"" separately too for clarity, since it's part of the provided string. **Extracting named entities**

I see the instruction is to extract named entities from the text, and both ""DeLancey's Brigade"" and ""3rd battalion DeLancey's Brigade"" are present. The overlap is interesting because while ""3rd battalion DeLancey's Brigade"" exists, it's not a typical unit name. To avoid duplicates, I think we should include ""DeLancey's Brigade"" as the proper organization and treat ""3rd battalion"" as a sub-unit, since it could also be expressed as ""3rd Battalion, DeLancey's Brigade."" **Defining entities in context**

In this task, I’ve determined that I should treat ""DeLancey's Brigade"" as the primary organization, and it makes sense to exclude ""3rd battalion"" on its own. I'm skipping ""Loyalists."" Based on the additional context, I’ll list the following entities: ""Queens County, New York"" as a location, ""Lieutenant Colonel Richard Hewlett"" as a person, and ""Long Island,"" ""Setauket,"" ""Long Island Sound,"" and ""Fairfield"" as locations too. As for ""New York,"" since it’s part of ""Queens County,"" I think it can stay as a separate entity. **Finalizing the entities list**

I’ve decided that ""Queens County, New York"" should remain as one entity since ""New York"" is part of that phrase. I'm not including ""New York"" separately. As for ""Queens County"" alone, it’s better to keep the combined term. Now, I’ll format the output for the named entities, ensuring all punctuation and quotes are correct. Here's the output:

Entities: [ { ""text"": ""Queens County, New York"", ""value"": ""LOCATION"" }, { ""text"": ""Lieutenant Colonel Richard Hewlett"", ""value"": ""PERSON"" }, { ""text"": ""DeLancey's Brigade"", ""value"": ""ORGANIZATION"" }, { ""text"": ""Long Island"", ""value"": ""LOCATION"" }, { ""text"": ""Setauket"", ""value"": ""LOCATION"" }, { ""text"": ""Long Island Sound"", ""value"": ""LOCATION"" }, { ""text"": ""Fairfield"", ""value"": ""LOCATION"" } ] **Formatting the output**

I’ll start by including the ""Entities: "" label as requested. Although I could consider ""3rd battalion DeLancey's Brigade"" as an organization, I believe it’s better to stick with ""DeLancey's Brigade"" to avoid redundancy. Also, the phrase ""central north shore of Long Island"" doesn't qualify as a named entity, so I won't include that. As for including long forms of titles, it seems unnecessary here. Now, I’m ready to output the structured entity list!","Entities: [
  {""text"": ""Queens County, New York"", ""value"": ""LOCATION""},
  {""text"": ""Lieutenant Colonel Richard Hewlett"", ""value"": ""PERSON""},
  {""text"": ""3rd battalion DeLancey's Brigade"", ""value"": ""ORGANIZATION""},
  {""text"": ""Long Island"", ""value"": ""LOCATION""},
  {""text"": ""Setauket"", ""value"": ""LOCATION""},
  {""text"": ""Long Island Sound"", ""value"": ""LOCATION""},
  {""text"": ""Fairfield"", ""value"": ""LOCATION""}
]",
"Alex Salmond, leader of SNP lor, made history already lor, become the first First Minister of Scotland, not from Labour one.",Alex Salmond (leader of SNP) has since made history by becoming the first First Minister of Scotland from a party other than Labour.,"[{'Alex Salmond': 'PERSON'}, {'SNP': 'ORGANIZATION'}, {'Scotland': 'LOCATION'}, {'Labour': 'ORGANIZATION'}]","[{'Alex Salmond': 'PERSON'}, {'SNP': 'ORGANIZATION'}, {'Scotland': 'LOCATION'}, {'Labour': 'ORGANIZATION'}]","[{'Alex Salmond': 'PERSON'}, {'SNP': 'ORGANIZATION'}, {'First Minister of Scotland': 'OTHER'}, {'Scotland': 'LOCATION'}, {'Labour': 'ORGANIZATION'}]","[{'Alex Salmond': 'PERSON'}, {'SNP': 'ORGANIZATION'}, {'First Minister of Scotland': 'OTHER'}, {'Scotland': 'LOCATION'}, {'Labour': 'ORGANIZATION'}]",77,,"Entities: [
  {""text"": ""Alex Salmond"", ""value"": ""PERSON""},
  {""text"": ""SNP"", ""value"": ""ORGANIZATION""},
  {""text"": ""First Minister of Scotland"", ""value"": ""OTHER""},
  {""text"": ""Scotland"", ""value"": ""LOCATION""},
  {""text"": ""Labour"", ""value"": ""ORGANIZATION""}
]",,"Entities: [
  {""text"": ""Alex Salmond"", ""value"": ""PERSON""},
  {""text"": ""SNP"", ""value"": ""ORGANIZATION""},
  {""text"": ""First Minister of Scotland"", ""value"": ""OTHER""},
  {""text"": ""Scotland"", ""value"": ""LOCATION""},
  {""text"": ""Labour"", ""value"": ""ORGANIZATION""}
]",
"Mediaite give her name one part of the four-corner fight for 'Best TV Pundits' in 2014 lor, 'cause she really know her stuff on women's health and justice issues, not just the same old pattern.",Mediaite named her in a four-way tie among the ``Best TV Pundits`` of 2014 for bringing ``a comprehensive understanding to women's health and justice issues that goes beyond the usual talking points.'',"[{'Mediaite': 'PERSON'}, {'Best TV Pundits': 'OTHER'}]","[{'Mediaite': 'PERSON'}, {'Best TV Pundits': 'OTHER'}]","[{'Mediaite': 'ORGANIZATION'}, {'Best TV Pundits': 'ART'}]","[{'Mediaite': 'ORGANIZATION'}, {'Best TV Pundits': 'EVENT'}]",75,,"Entities: [{""text"": ""Mediaite"", ""value"": ""ORGANIZATION""}, {""text"": ""Best TV Pundits"", ""value"": ""ART""}]","**Labeling entities in context**

I’m thinking about how to label this as ART instead of EVENT. The phrase ""part of the four-corner fight"" is metaphorical and suggests a contest, which is why ""Best TV Pundits"" fits better as ART. The type list does include EVENT, but the context probably aligns more with a media article series. Mediaite is an organization and ""Best TV Pundits"" is clearly an ART. I’ll return the entities in the correct JSON format with the exact text spans. **Deciding on text formatting**

I'm thinking about how to handle the quotes around 'Best TV Pundits'. In general, I should probably include the text as is, but removing the quotes might be safest. The instruction mentions ""entity text span,"" which usually means stripping quotes. However, including single quotes directly is also acceptable in JSON as long as the whole string is enclosed in double quotes. To be safe, I think I’ll go with the raw text: ""Mediaite"" and ""Best TV Pundits"" without any extra quotes. **Finalizing entity formatting**

I'm considering how to approach the entity formatting. I think it's best to include the text without quotes to avoid punctuation issues. Notably, ""TV"" is capitalized in ""Best TV Pundits"". So, the entities would look like this: 

[
  {""text"": ""Mediaite"", ""value"": ""ORGANIZATION""},
  {""text"": ""Best TV Pundits"", ""value"": ""ART""}
]

Wait, I also noticed they missed ""women's health"" and ""justice."" I'll ensure to format the final output as ""Entities: [...]"" to match their requirements.","[{""text"":""Mediaite"",""value"":""ORGANIZATION""},{""text"":""Best TV Pundits"",""value"":""EVENT""}]",
"In 1967, the park become the place where people gather for a peaceful anti-war rally lah.","In 1967, the park was the gathering place for a peaceful anti-war rally.",[],[],"[{'the park': 'LOCATION'}, {'anti-war rally': 'EVENT'}]",[{'anti-war rally': 'EVENT'}],66,,"[
  {""text"": ""the park"", ""value"": ""LOCATION""},
  {""text"": ""anti-war rally"", ""value"": ""EVENT""}
]","**Evaluating entity extraction**

I'm analyzing the instructions regarding entity types like ART, BUILDING, EVENT, LOCATION, ORGANIZATION, and PRODUCT, but there's no mention of DATE. The term ""anti-war rally"" seems to fit as an EVENT while ""the park"" might be considered a LOCATION, though it's generic. 

I lean toward including ""anti-war rally"" as it qualifies directly, and while ""the park"" lacks specificity, it could still denote a location without a proper name. Balancing instructions and intuitive understanding is key here! **Deciding on entity types**

I think it's best to label ""anti-war rally"" as an EVENT and ""the park"" as a LOCATION. The requirement is to produce a JSON array of entities with their text spans and types. Now, there's no DATE category, so I’m considering whether ""1967"" fits into OTHER, but I hesitate since it feels out of place. It's tempting, but I want to be cautious to avoid misclassifying things. 

So, I'll output just the two entities: [{""text"": ""the park"", ""value"": ""LOCATION""}, {""text"": ""anti-war rally"", ""value"": ""EVENT""}]. **Clarifying output format**

I need to ensure that the output is structured exactly as specified: entities should be in the format [{""text"": ""entity text span"", ""value"": ""entity type""}]. The user mentioned ""Entities:"" as a prefix, but it feels unclear if that's needed. 

To play it safe, since the output may need machine parsing, I’ll provide just the JSON array without any additional text. So, I’ll present the array:

[
  {""text"": ""the park"", ""value"": ""LOCATION""},
  {""text"": ""anti-war rally"", ""value"": ""EVENT""}
]

Keeping it straightforward feels best!","[{""text"": ""anti-war rally"", ""value"": ""EVENT""}]","**Considering entity extraction**

I’m thinking about entity extraction tasks where I can extract event mentions, even if they’re not named. For instance, in the phrase about a peaceful anti-war rally in 1967, ""the park"" might indicate a location, but it’s not specific enough. While I should include ""anti-war rally"" as an EVENT, I hesitate about including ""1967"" since it's not defined as a DATE. It makes sense to only capture ""anti-war rally"" as the EVENT entity. I'll produce the necessary JSON array now."
"Patrick Morris send out own mayday call at 6:51 am lah, then sank 35 minutes later lor.",Patrick Morris sent out her own mayday call at 6:51 am and sank 35 minutes later.,[{'Patrick Morris': 'PRODUCT'}],[{'Patrick Morris': 'PRODUCT'}],[{'Patrick Morris': 'PRODUCT'}],[{'Patrick Morris': 'PRODUCT'}],79,,"Entities: [{""text"": ""Patrick Morris"", ""value"": ""PRODUCT""}]","**Determining entity types**

I'm thinking about how to categorize different entities like ART and PRODUCT. ART typically relates to creative works like books or songs, while PRODUCT can include things like vehicles and ships. Given the options, PRODUCT seems most appropriate, especially if we're talking about a ship. However, there's also a possibility that Patrick Morris refers to a person associated with a historical event. The language suggests a casual retelling, so I'll label it as PRODUCT. The time doesn't fit, since it's not among the entity types.","Entities: [{""text"": ""Patrick Morris"", ""value"": ""PRODUCT""}]",
"A German teacher most of her life lah, MacKeith also kena advocate for peace one during the Aldermaston Marches in the 1950s and kena protest against the Vietnam War at Grosvenor Square in the 1960s.","A German teacher for much of her life, MacKeith also advocated for peace during the Aldermaston Marches in the 1950s and demonstrations against the Vietnam War in Grosvenor Square in the 1960s.","[{'German': 'LOCATION'}, {'MacKeith': 'PERSON'}, {'Aldermaston Marches': 'EVENT'}, {'Vietnam War': 'EVENT'}, {'Grosvenor Square': 'LOCATION'}]","[{'German': 'LOCATION'}, {'MacKeith': 'PERSON'}, {'Aldermaston Marches': 'EVENT'}, {'Vietnam War': 'EVENT'}, {'Grosvenor Square': 'LOCATION'}]","[{'MacKeith': 'PERSON'}, {'Aldermaston Marches': 'EVENT'}, {'Vietnam War': 'EVENT'}, {'Grosvenor Square': 'LOCATION'}]","[{'MacKeith': 'PERSON'}, {'Aldermaston Marches': 'EVENT'}, {'Vietnam War': 'EVENT'}, {'Grosvenor Square': 'LOCATION'}]",74,,"Entities: [{""text"": ""MacKeith"", ""value"": ""PERSON""}, {""text"": ""Aldermaston Marches"", ""value"": ""EVENT""}, {""text"": ""Vietnam War"", ""value"": ""EVENT""}, {""text"": ""Grosvenor Square"", ""value"": ""LOCATION""}]",,"Entities: [{""text"": ""MacKeith"", ""value"": ""PERSON""}, {""text"": ""Aldermaston Marches"", ""value"": ""EVENT""}, {""text"": ""Vietnam War"", ""value"": ""EVENT""}, {""text"": ""Grosvenor Square"", ""value"": ""LOCATION""}]",
Puckrik last time travel here and there when small because her father from army lor.,Puckrik travelled widely in her childhood due to her father's military background.,[{'Puckrik': 'PERSON'}],[{'Puckrik': 'PERSON'}],"[{'Puckrik': 'PERSON'}, {'army': 'ORGANIZATION'}]",[{'Puckrik': 'PERSON'}],72,,"Entities: [{""text"": ""Puckrik"", ""value"": ""PERSON""}, {""text"": ""army"", ""value"": ""ORGANIZATION""}]","**Ensuring entity matches**

I need to confirm that the entity spans align with the original text. The first word is ""Puckrik,"" and ""army"" should be lowercase. I'm not sure about ""her father"" since it's a role and not a specific name, so I won't mark that. ""Last time travel"" isn't an event, and I'll ignore ""lor"" since it's just a Singlish particle. I have to format the output as a JSON array for the entities specified, and I've decided to categorize them: ""Puckrik"" as a PERSON and ""army"" as an ORGANIZATION.","Entities: [{""text"": ""Puckrik"", ""value"": ""PERSON""}]",
"According to Steak' n Shake archives lah, the restaurant founder, Gus Belt, went to apply for trademark on the word one in the 1930s.","According to Steak' n Shake archives, the restaurant's founder, Gus Belt, applied for a trademark on the word in the 1930s.","[{""Steak' n Shake"": 'ART'}, {'Gus Belt': 'PERSON'}]","[{""Steak' n Shake"": 'ART'}, {'Gus Belt': 'PERSON'}]","[{""Steak' n Shake"": 'ORGANIZATION'}, {'Gus Belt': 'PERSON'}]","[{""Steak' n Shake"": 'ORGANIZATION'}, {'Gus Belt': 'PERSON'}, {'1930s': 'OTHER'}]",76,,"Entities: [{""text"": ""Steak' n Shake"", ""value"": ""ORGANIZATION""}, {""text"": ""Gus Belt"", ""value"": ""PERSON""}]",,"Entities: [{""text"": ""Steak' n Shake"", ""value"": ""ORGANIZATION""}, {""text"": ""Gus Belt"", ""value"": ""PERSON""}, {""text"": ""1930s"", ""value"": ""OTHER""}]","**Classifying entity extraction**

I'm working on labeling entities for extraction. Since dates aren’t labeled as TIME in this context, I think it’s best to classify them as OTHER. For ""Steak 'n Shake,"" it seems safer to label it as ORGANIZATION, while ""Gus Belt"" can be tagged as PERSON. The ""1930s"" should also be marked as OTHER. Also, I don't consider ""trademark"" an entity here. I'll ensure the JSON object is formatted correctly and just include the necessary entities in the output without extra commentary. **Defining entities for extraction**

I’m considering if ""Steak 'n Shake archives"" should be labeled as an organization. For naming entities, I think it makes sense to annotate the core named entity as ""Steak 'n Shake."" So, I propose the entities as follows: 

Entities: [
{""text"":""Steak' n Shake"",""value"":""ORGANIZATION""},
{""text"":""Gus Belt"",""value"":""PERSON""},
{""text"":""1930s"",""value"":""OTHER""}
]

I’ll ensure correct formatting with commas after objects for proper JSON structure and move forward with that."
They use quite a few features from one batch of A1 Pacifics they built in 1924 lah.,They used several features from a batch of A1 Pacifics they had built in 1924.,[{'A1 Pacifics': 'PRODUCT'}],[{'A1 Pacifics': 'PRODUCT'}],[{'A1 Pacifics': 'PRODUCT'}],[{'A1 Pacifics': 'PRODUCT'}],61,,"Entities: [{""text"": ""A1 Pacifics"", ""value"": ""PRODUCT""}]","**Extracting named entities**

I need to extract named entities from the sentence about features from A1 Pacifics built in 1924. First, I should categorize ""A1 Pacifics"" as likely referring to a class of steam locomotives, possibly as a PRODUCT. It makes sense since locomotives are manufactured objects. As for ""1924,"" it’s just a date and doesn’t fit neatly into the provided categories like EVENT. It seems like dates can often be included in other systems, but not here. **Identifying named entities**

I should probably not include ""1924"" since it doesn't fit the categories, even if it represents an event year. The phrase ""one batch"" is not an entity, and ""lah"" is just a colloquial particle from Singapore. ""They"" doesn’t specify any organization or people, so it won’t count as an entity. The focus should be on ""A1 Pacifics,"" which I can categorize as a PRODUCT. It relates specifically to locomotives, like the LNER Class A1. No other named entities appear in the text. **Determining entity output**

I’ll likely output the entity as: [{""text"": ""A1 Pacifics"", ""value"": ""PRODUCT""}]. Now, about ""1924"" — it could be viewed as an EVENT, but since it's just a year, I think leaving it out is better. Regarding ""batch,"" it doesn’t really qualify as an event either. ""Pacifics"" refers to a locomotive wheel arrangement but is not an entity in this context. Although I pondered if ""A1 Pacifics"" might be considered an ORG, that doesn't fit either. I’ll focus on just one entity. **Outputting entities**

I need to structure my output like this: Entities: [{""text"": ""A1 Pacifics"", ""value"": ""PRODUCT""}]. I want to ensure there's no trailing comma after the last object since that's typical in JSON formatting. While ""A1 Pacifics"" refers to a class of locomotives, it still fits as a product. The instruction to ""Extract named entities"" gives me a heads up regarding ""They,"" which implies caution since it could refer back. I'll format my output strictly as requested without extra explanations, and I'll omit any reference to ""1924"" since it's not in the allowed categories.","Entities: [{""text"": ""A1 Pacifics"", ""value"": ""PRODUCT""}]","**Extracting entities from sentence**

I’m identifying named entities in the sentence about ""A1 Pacifics"" built in 1924. ""A1 Pacifics"" refers to a class of locomotives, so it should be classified as a PRODUCT. The term ""1924"" indicates a date, but that's not included in the entity types we have. Therefore, I’ll skip that. There aren't any names or locations to consider, so ""A1 Pacifics"" as the only entity is straightforwardly a PRODUCT. **Producing JSON for entities**

I'm considering whether ""A1 Pacifics"" could fit other categories like ""ART"" or ""BUILDING"" but it just doesn't. I also thought about categorizing it as an ""EVENT,"" but that doesn't work either. So, I’ll create a JSON list with just one object. The required format is clear: Entities: [{""text"": ""entity text span"", ""value"": ""entity type""},]. I’ll ensure there’s no trailing comma in the final entry to keep it valid. Here’s what I’ll present: Entities: [{""text"":""A1 Pacifics"",""value"":""PRODUCT""}]."
"The album got remixes of ``Like It or Not`` and ``Tearing Me Up`` one, from artists like A-Trak, RAC, Joris Voorn, and Tale of Us lah.","The album featured remixes of ``Like It or Not`` and ``Tearing Me Up`` from artists like A-Trak, RAC, Joris Voorn, and Tale of Us.","[{'Like It or Not': 'ART'}, {'Tearing Me Up': 'ART'}, {'A-Trak': 'PERSON'}, {'RAC': 'PERSON'}, {'Joris Voorn': 'PERSON'}, {'Tale of Us': 'PERSON'}]","[{'Like It or Not': 'ART'}, {'Tearing Me Up': 'ART'}, {'A-Trak': 'PERSON'}, {'RAC': 'PERSON'}, {'Joris Voorn': 'PERSON'}, {'Tale of Us': 'PERSON'}]","[{'``Like It or Not``': 'ART'}, {'``Tearing Me Up``': 'ART'}, {'A-Trak': 'PERSON'}, {'RAC': 'ORGANIZATION'}, {'Joris Voorn': 'PERSON'}, {'Tale of Us': 'ORGANIZATION'}]","[{'``Like It or Not``': 'ART'}, {'``Tearing Me Up``': 'ART'}, {'A-Trak': 'PERSON'}, {'RAC': 'PERSON'}, {'Joris Voorn': 'PERSON'}, {'Tale of Us': 'ORGANIZATION'}]",78,,"[{""text"":""``Like It or Not``"",""value"":""ART""},{""text"":""``Tearing Me Up``"",""value"":""ART""},{""text"":""A-Trak"",""value"":""PERSON""},{""text"":""RAC"",""value"":""ORGANIZATION""},{""text"":""Joris Voorn"",""value"":""PERSON""},{""text"":""Tale of Us"",""value"":""ORGANIZATION""}]","**Extracting named entities**

I need to extract named entities from the given text, which includes types like ART, BUILDING, EVENT, LOCATION, ORGANIZATION, OTHER, PERSON, and PRODUCT. 

For example, ""Like It or Not"" and ""Tearing Me Up"" are likely songs, so they'll be tagged as ART. ""A-Trak"" is a person, so I’ll mark that as PERSON. ""RAC"" stands for Remix Artist Collective; I’m uncertain whether to categorize it as ORGANIZATION or PERSON, but it’s usually tagged as ORGANIZATION. **Categorizing entities**

I'm looking at the mention of artists, which includes ""A-Trak,"" ""RAC,"" ""Joris Voorn,"" and ""Tale of Us."" I’ll lean towards categorizing RAC as an ORGANIZATION since it's more commonly viewed that way.

""Joris Voorn"" is clearly a person, so that’s a PERSON tag. ""Tale of Us"" is a DJ duo, and I'd also categorize that as ORGANIZATION. 

Oh, and ""lah"" is just a colloquial term, not an entity. I need to output these entities in a JSON format while accurately preserving their text spans as they appear. **Formatting entities for output**

I'm planning to include the entities exactly as they appear: ``Like It or Not`` and ``Tearing Me Up``. Also, ""A-Trak,"" ""RAC,"" ""Joris Voorn,"" and ""Tale of Us."" To clarify, ""The album"" is too generic and won't be included. 

For the type mapping: songs will be tagged as ART, RAC and Tale of Us as ORGANIZATION, and A-Trak and Joris Voorn as PERSON since they are individual artists. I’ll ensure everything is correctly formatted in a JSON array without any unnecessary extras.","Entities: [{""text"":""``Like It or Not``"",""value"":""ART""},{""text"":""``Tearing Me Up``"",""value"":""ART""},{""text"":""A-Trak"",""value"":""PERSON""},{""text"":""RAC"",""value"":""PERSON""},{""text"":""Joris Voorn"",""value"":""PERSON""},{""text"":""Tale of Us"",""value"":""ORGANIZATION""}]",
"England one in ODI history lowest match score is 91, at the 1979 Cricket World Cup against Canada lor.",The lowest match aggregate in ODI history for England is 91 scored at the 1979 Cricket World Cup against Canada.,"[{'England': 'ORGANIZATION'}, {'Cricket World Cup': 'EVENT'}, {'Canada': 'ORGANIZATION'}]","[{'England': 'ORGANIZATION'}, {'Cricket World Cup': 'EVENT'}, {'Canada': 'ORGANIZATION'}]","[{'England': 'LOCATION'}, {'1979 Cricket World Cup': 'EVENT'}, {'Canada': 'LOCATION'}]","[{'ODI': 'OTHER'}, {'England': 'LOCATION'}, {'1979 Cricket World Cup': 'EVENT'}, {'Canada': 'LOCATION'}]",12,,"Entities: [{""text"": ""England"", ""value"": ""LOCATION""}, {""text"": ""1979 Cricket World Cup"", ""value"": ""EVENT""}, {""text"": ""Canada"", ""value"": ""LOCATION""}]","**Extracting named entities**

I'm working on identifying countries as entities. Since ""England"" and ""Canada"" are both considered locations, I'll classify them as such. The ""1979 Cricket World Cup"" can be classified as an event. I also note that ""Organization"" might apply to teams or companies, but ""LOCATION"" seems safer. Without clearer instructions, I'll proceed with identifying ""England"" and ""Canada"" as locations and the World Cup as the event. So, the output will be:  

Entities: [{""text"": ""England"", ""value"": ""LOCATION""}, {""text"": ""1979 Cricket World Cup"", ""value"": ""EVENT""}, {""text"": ""Canada"", ""value"": ""LOCATION""}]","Entities: [
  {""text"": ""ODI"", ""value"": ""OTHER""},
  {""text"": ""England"", ""value"": ""LOCATION""},
  {""text"": ""1979 Cricket World Cup"", ""value"": ""EVENT""},
  {""text"": ""Canada"", ""value"": ""LOCATION""}
]","**Deciding entity types**

The phrase ""in ODI history for England"" hints at the national team, but it also mentions location. For named entity recognition tasks, ""England"" is typically classified as a LOCATION since it's a country, whereas the cricket team fits more under ORGANIZATION. Given that ""lowest match aggregate in ODI history for England"" is a team stat, I’ll opt for LOCATION. 

Moving on, “1979 Cricket World Cup” is an EVENT, while “Canada” clearly falls under LOCATION as well. “91” and “match aggregate” aren’t entities. The year with ""Cricket World Cup"" is the event. I wonder if ""ODI"" could also fit as an OTHER type since it’s an abbreviation for a sports format. **Determining entity classifications**

I'm pondering if ""ODI"" qualifies as an entity. Strictly speaking, ""ODI history"" implies it's an acronym, but it might also represent an event series. Since “ODI” indicates a format rather than a specific event, I think it can fit under OTHER. Yet it’s debatable whether to include it since the instructions ask for named entities. 

Now, ""England"" and ""Canada"" definitely fit as locations, and “1979 Cricket World Cup” is an event. I wonder if ""Cricket World Cup"" alone could be included, but since it references the year, I'll stick with the full phrase. Notably, ""ODI"" stands for One Day International, which could be worth expanding on. **Classifying entities**

They didn't ask for normalization, but here’s what I’m thinking. “Match aggregate” clearly doesn’t qualify, and “World Cup” is too general to classify.

Now, considering “England,” could it be categorized as an ORGANIZATION since it refers to the England cricket team? However, many guidelines classify countries as LOC rather than ORG, even though sports teams often get labeled as ORGANIZATIONS too. For safety, I'll select LOCATION for both ""England"" and ""Canada.""

As for ""Cricket World Cup,"" I think we should include the full ""1979 Cricket World Cup"" as an EVENT instead. I’ll return it as a JSON array with “text” and “value.” **Preparing entity output**

I need to create the output without extra text, simply following the template: “Entities: [...]” They provided a format that I must stick to, including that prefix.

So, I’ll assemble the entities like this:  
- {""text"": ""ODI"", ""value"": ""OTHER""} (optional)  
- {""text"": ""England"", ""value"": ""LOCATION""}  
- {""text"": ""1979 Cricket World Cup"", ""value"": ""EVENT""}  
- {""text"": ""Canada"", ""value"": ""LOCATION""}  

While I considered including ""Cricket World Cup"" separately, I think it’s best just to keep those four items. I’ll confirm that ""England"" will be labeled as LOCATION. Now I'll produce the minimal answer: “Entities: [ ... ]” without any extra formatting."
"Last time in the mid-'60s, they go fit one prototype inside one special DB5 extended 4'' behind the doors, Marek himself drive one, then in 1998, they go put V8 unit inside the normal 6-cylinder Aston Martin DB7 lor.","A prototype was fitted in the mid-'60s in a one-off DB5 extended 4'' after the doors and driven by Marek personally, and a normally 6-cylinder Aston Martin DB7 was equipped with a V8 unit in 1998.","[{""DB5 extended 4''"": 'PRODUCT'}, {'Marek': 'PERSON'}, {'Aston Martin DB7': 'PRODUCT'}, {'V8 unit': 'PRODUCT'}]","[{""DB5 extended 4''"": 'PRODUCT'}, {'Marek': 'PERSON'}, {'Aston Martin DB7': 'PRODUCT'}, {'V8 unit': 'PRODUCT'}]","[{'DB5': 'PRODUCT'}, {'Marek': 'PERSON'}, {'Aston Martin DB7': 'PRODUCT'}, {'Aston Martin': 'ORGANIZATION'}]","[{'DB5': 'PRODUCT'}, {'Marek': 'PERSON'}, {'Aston Martin DB7': 'PRODUCT'}, {'Aston Martin': 'ORGANIZATION'}]",6,,"Entities: [
  {""text"": ""DB5"", ""value"": ""PRODUCT""},
  {""text"": ""Marek"", ""value"": ""PERSON""},
  {""text"": ""Aston Martin DB7"", ""value"": ""PRODUCT""},
  {""text"": ""Aston Martin"", ""value"": ""ORGANIZATION""}
]",,"Entities: [{""text"": ""DB5"", ""value"": ""PRODUCT""}, {""text"": ""Marek"", ""value"": ""PERSON""}, {""text"": ""Aston Martin DB7"", ""value"": ""PRODUCT""}, {""text"": ""Aston Martin"", ""value"": ""ORGANIZATION""}]",
"Last season of minor league play at Elkin Memorial Park lor, got 16,322 people come watch, average like 299 each match lah.","The final season of minor league play Elkin Memorial Park saw season attendance of 16,322, an average of 299 per contest.",[{'Elkin Memorial Park': 'LOCATION'}],[{'Elkin Memorial Park': 'LOCATION'}],[{'Elkin Memorial Park': 'LOCATION'}],[{'Elkin Memorial Park': 'BUILDING'}],1,,"Entities: [{""text"": ""Elkin Memorial Park"", ""value"": ""LOCATION""}]","**Extracting named entities**

I need to extract named entities from the text and match them to categories like ART, BUILDING, EVENT, LOCATION, ORGANIZATION, OTHER, PERSON, PRODUCT. ""Elkin Memorial Park"" seems to fit as a LOCATION since it's a park. While ""minor league"" might hint at an event, it doesn’t represent a specific named one. There aren't any other categories that fit, so I'll confirm—no PERSON, ORGANIZATION, PRODUCT, or ART here, and ""last season"" is also not a named EVENT. **Clarifying entity extraction**

I'm looking at numbers like ""16,322"" and ""299,"" but those don't fit the allowed entity types, so I should skip them. The prompt asks for named entities, and numbers aren't typically included; they aren’t considered names. 

As for ""minor league,"" it's not specific to a named organization, so it's not relevant either. The only real entity here is ""Elkin Memorial Park,"" which is a LOCATION. 

I'll return the format as a JSON array with ""Entities: [{\""text\"": \""Elkin Memorial Park\"", \""value\"": \""LOCATION\""}].""","[{""text"": ""Elkin Memorial Park"", ""value"": ""BUILDING""}]","**Extracting named entities**

I need to extract named entities from the given text. The first candidate is ""Elkin Memorial Park,"" which seems to fit as a LOCATION rather than a BUILDING since it's a park. I can rule out ""minor league,"" numbers, and ""final season"" as they don't qualify as named entities. I see only one entry: Elkin Memorial Park as a LOCATION. I'm considering if this could also refer to a ballpark, but for now, it stands as a park. **Classifying entity types**

It seems like ""play at Elkin Memorial Park"" is missing a preposition. I see that Elkin Memorial Park likely serves as a venue. Now, for classification, we have BUILDING or LOCATION options. Although parks are typically classified as LOCATION, a ""ballpark"" can also fit under BUILDING as it serves as a venue complex. Given the description about attendance, I'm inclined to choose BUILDING, but I think I'll ultimately classify it as LOCATION for clarity and safety. **Classifying named entities**

I'm considering the named entity labels, which include ART, BUILDING, EVENT, LOCATION, ORGANIZATION, OTHER, PERSON, and PRODUCT. Since ""Elkin Memorial Park"" is a stadium or ballpark, it fits the category of BUILDING as a facility. Even if it's a park, many annotation schemes would classify it as a building when it serves as a venue. Given that it's likely a ballpark in North Carolina, I'll choose BUILDING for this. The output should be a simple JSON array: [{""text"":""Elkin Memorial Park"",""value"":""BUILDING""}]. Let's ensure that's the only entity!"
"Victor Cristaldo (born 10 May 1967) is one retired Argentine-born Australian footballer lah, got Paraguayan blood one.",Victor Cristaldo (born 10 May 1967) is a retired Argentine-born Australian professional footballer of Paraguayan descent.,"[{'Victor Cristaldo': 'PERSON'}, {'Argentine': 'LOCATION'}, {'Australia': 'LOCATION'}, {'Paraguay': 'LOCATION'}]","[{'Victor Cristaldo': 'PERSON'}, {'Argentine': 'LOCATION'}, {'Australia': 'LOCATION'}, {'Paraguay': 'LOCATION'}]","[{'Victor Cristaldo': 'PERSON'}, {'10 May 1967': 'OTHER'}, {'Argentine': 'LOCATION'}, {'Australian': 'LOCATION'}, {'Paraguayan': 'LOCATION'}]","[{'Victor Cristaldo': 'PERSON'}, {'10 May 1967': 'OTHER'}, {'Argentine': 'LOCATION'}, {'Australian': 'LOCATION'}, {'Paraguayan': 'LOCATION'}]",16,,"Entities: [{""text"": ""Victor Cristaldo"", ""value"": ""PERSON""}, {""text"": ""10 May 1967"", ""value"": ""OTHER""}, {""text"": ""Argentine"", ""value"": ""LOCATION""}, {""text"": ""Australian"", ""value"": ""LOCATION""}, {""text"": ""Paraguayan"", ""value"": ""LOCATION""}]",,"[{""text"": ""Victor Cristaldo"", ""value"": ""PERSON""}, {""text"": ""10 May 1967"", ""value"": ""OTHER""}, {""text"": ""Argentine"", ""value"": ""LOCATION""}, {""text"": ""Australian"", ""value"": ""LOCATION""}, {""text"": ""Paraguayan"", ""value"": ""LOCATION""}]",
"The 117-bed facility got all individual rooms one, each with own bathroom inside.","The 117-bed facility entirely comprised individual rooms, each with its own en-suite bathroom facilities.",[],[],[],[],14,,[],"**Evaluating entity extraction**

I think I should say no since some tasks might extract ""facility"" as a building if it relates to a structure. But the instructions specify ""Extract named entities,"" and ""named"" implies proper nouns. There don’t seem to be any proper nouns here, so I’ll return Entities: []. It’s essential to keep the JSON format exactly as they specify. Alright, that feels like the right approach!",Entities: [],"**Extracting named entities**

I’m focused on extracting named entities from the text. The provided text is a generic description, so I don’t see any proper nouns or names. Terms like ""117-bed"" and ""facility"" are not named entities. Therefore, the list should be an empty array. I must return the JSON array as specified in the template: ""Entities: []"". I’ll keep it concise without any extra text. Let's proceed with that!"
"The Ninth kena whack bad at the Battle of Camulodunum with Quintus Petillius Cerialis during Boudica's time (61), lor, when most of the foot-soldiers die-die in the jialat try to save the Camulodunum (Colchester) city kena siege.","The Ninth suffered a serious defeat at the Battle of Camulodunum under Quintus Petillius Cerialis in the rebellion of Boudica (61), when most of the foot-soldiers were killed in a disastrous attempt to relieve the besieged city of Camulodunum (Colchester).","[{'Camulodunum': 'EVENT'}, {'Quintus Petillius Cerialis': 'PERSON'}, {'Boudica': 'EVENT'}, {'Camulodunum': 'LOCATION'}, {'Colchester': 'LOCATION'}]","[{'Camulodunum': 'EVENT'}, {'Quintus Petillius Cerialis': 'PERSON'}, {'Boudica': 'EVENT'}, {'Camulodunum': 'LOCATION'}, {'Colchester': 'LOCATION'}]","[{'The Ninth': 'ORGANIZATION'}, {'Battle of Camulodunum': 'EVENT'}, {'Quintus Petillius Cerialis': 'PERSON'}, {'Boudica': 'PERSON'}, {'Camulodunum': 'LOCATION'}, {'Colchester': 'LOCATION'}]","[{'The Ninth': 'ORGANIZATION'}, {'Battle of Camulodunum': 'EVENT'}, {'Quintus Petillius Cerialis': 'PERSON'}, {'rebellion of Boudica': 'EVENT'}, {'Boudica': 'PERSON'}, {'Camulodunum': 'LOCATION'}, {'Colchester': 'LOCATION'}]",9,,"Entities: [
  {""text"": ""The Ninth"", ""value"": ""ORGANIZATION""},
  {""text"": ""Battle of Camulodunum"", ""value"": ""EVENT""},
  {""text"": ""Quintus Petillius Cerialis"", ""value"": ""PERSON""},
  {""text"": ""Boudica"", ""value"": ""PERSON""},
  {""text"": ""Camulodunum"", ""value"": ""LOCATION""},
  {""text"": ""Colchester"", ""value"": ""LOCATION""}
]","**Extracting entities from text**

I need to identify named entities from the provided text, focusing on types like ART, BUILDING, EVENT, LOCATION, ORGANIZATION, OTHER, PERSON, and PRODUCT. For instance, ""The Ninth"" likely refers to the Ninth Legion, which I think could be classified as an ORGANIZATION since it's a Roman legion. Then there are entities like the Battle of Camulodunum as an EVENT, and both Quintus Petillius Cerialis and Boudica as PERSON entities. The year 61 might fall under OTHER, being numeric. **Classifying named entities**

Named entities typically don't include DATE, so I should probably skip ""61"". I’m thinking it might fit under OTHER, but it’s more appropriate to ignore it since it’s not a named entity. 

For Camulodunum and ""Colchester,"" both are locations, so I can classify them together as LOCATION. Regarding ""The Ninth,"" I see it as an ORGANIZATION since it likely refers to Legio IX Hispana. ""Foot-soldiers,"" ""city,"" and ""siege"" don’t count as named entities, and ""Battle of Camulodunum"" could also be referred to as the ""Battle of Colchester."" **Identifying entities related to events**

I’m looking into the sacking of Camulodunum and the attack on Legio IX. While ""Battle of Camulodunum"" isn’t a widely used term, it seems plausible, so I’ll tag it as an EVENT. 

Boudica is clearly a PERSON entity. Words like ""kena,"" ""lor,"" and ""jialat"" are in Singlish, so I can ignore those. 

As for ""Camulodunum (Colchester),"" I think it’s best to include it as a single text span. I need to make sure to use exact phrases from the original text, including ""Boudica's,"" which I’ll note even with the possessive. **Deciding on entity text spans**

I’m looking at how to label the entity text spans accurately. The instruction says to use the exact substring, but I’m torn about whether to include possessives. ""Boudica"" appears in ""Boudica's,"" but the text span should include ""Boudica's"" as it is. However, since ""Boudica"" is just fine, I'll go with ""Boudica."" 

For ""Camulodunum (Colchester),"" I think it’s better to treat them as separate locations rather than one string. So, I’ll list ""Camulodunum"" and ""Colchester"" as distinct entities. **Finalizing entity classification**

I’m working on classifying the entities for extraction. ""The Ninth"" seems to refer to the Ninth Legion, so I'll classify it as an ORGANIZATION. 

For ""Camulodunum (Colchester),"" I believe it’s best to list both as separate LOCATION entities. The phrase ""Battle of Camulodunum"" is an EVENT, even if it’s not widely used. 

I'll also include ""Quintus Petillius Cerialis"" and ""Boudica"" as PERSON entities. I'll ensure to avoid duplicates and format everything as valid JSON. Here’s how it looks:

Entities: [
  {""text"": ""The Ninth"", ""value"": ""ORGANIZATION""},
  {""text"": ""Battle of Camulodunum"", ""value"": ""EVENT""},
  {""text"": ""Quintus Petillius Cerialis"", ""value"": ""PERSON""},
  {""text"": ""Boudica"", ""value"": ""PERSON""},
  {""text"": ""Camulodunum"", ""value"": ""LOCATION""},
  {""text"": ""Colchester"", ""value"": ""LOCATION""}
]","Entities: [{""text"": ""The Ninth"", ""value"": ""ORGANIZATION""}, {""text"": ""Battle of Camulodunum"", ""value"": ""EVENT""}, {""text"": ""Quintus Petillius Cerialis"", ""value"": ""PERSON""}, {""text"": ""rebellion of Boudica"", ""value"": ""EVENT""}, {""text"": ""Boudica"", ""value"": ""PERSON""}, {""text"": ""Camulodunum"", ""value"": ""LOCATION""}, {""text"": ""Colchester"", ""value"": ""LOCATION""}]","**Considering entity extraction**

I'm observing the phrase ""in the rebellion of Boudica (61)"" and noting that it includes a year in parentheses. I think it might be best to extract just ""rebellion of Boudica"" as the event and leave the year out since no DATE type is defined. The parentheses add context to the text, but they're not essential for the entity itself. I see that capturing ""Camulodunum (Colchester)"" is similar, where the parentheses provide helpful information. Consistency is key here! **Evaluating entity extraction**

I'm reviewing ""the besieged city of Camulodunum (Colchester)"" and thinking it might simply refer to ""city"" instead of an entity. I want to create a list of entities, including events and locations. 

However, adding both ""Camulodunum (Colchester)"" and ""Colchester"" might be duplicative since ""Colchester"" appears within the parentheses. I can capture ""Colchester"" as it appears in the substring. It seems fine since it provides important context even if it’s part of a larger text span. Consistency will be important here! **Clarifying entity extraction**

In reviewing the entries, I see I already included ""Camulodunum"" earlier because ""Battle of Camulodunum"" incorporates it. Then, there's also ""city of Camulodunum (Colchester),"" which contains that same name. I think capturing ""Camulodunum (Colchester)"" is sufficient without needing a separate entry for ""Camulodunum"" alone. Since it’s redundant, I'll focus on clarity and only list distinct entities, treating ""Battle of Camulodunum"" as an event. Keeping it simple for extraction will be key! **Finalizing the entity list**

I'm deciding on the final set of entities to include. Right now, I have: The Ninth as an organization, Battle of Camulodunum as an event, Quintus Petillius Cerialis as a person, the rebellion of Boudica as another event, Boudica as a person, and Camulodunum (Colchester) as a location.

I consider whether to add ""Camulodunum"" alone, but since it's part of ""Battle of Camulodunum,"" I think that’s redundant. It feels sufficient to keep ""Camulodunum (Colchester)"" and include ""Colchester"" separate since the user may expect both. I'll aim for clarity and distinctiveness! **Finalizing entity extraction**

I'm avoiding duplication of ""Camulodunum"" by including it and ""Colchester"" separately, without the parentheses. While ""Camulodunum (Colchester)"" is a mention, it's more typical to treat them as distinct entities. 

Here's what I'm including:  
- The Ninth — ORGANIZATION  
- Battle of Camulodunum — EVENT  
- Quintus Petillius Cerialis — PERSON  
- rebellion of Boudica — EVENT  
- Boudica — PERSON  
- Camulodunum — LOCATION  
- Colchester — LOCATION  

I don't think ""the city of Camulodunum"" is necessary, and I'll keep the output straightforward with the user’s requested format!"
The Austro-Hungarian Navy build and operate two classes of protected cruisers one.,The Austro-Hungarian Navy built and operated two classes of protected cruisers.,[{'Austro-Hungarian Navy': 'ORGANIZATION'}],[{'Austro-Hungarian Navy': 'ORGANIZATION'}],[{'Austro-Hungarian Navy': 'ORGANIZATION'}],[{'Austro-Hungarian Navy': 'ORGANIZATION'}],4,,"Entities: [{""text"": ""Austro-Hungarian Navy"", ""value"": ""ORGANIZATION""}]","**Finalizing entity output**

I'm focused on returning the correct format for the Austro-Hungarian Navy as an organization. I see that ""Navy"" is capitalized, so that’s good. I’ll make sure not to include any extra periods or quotes in the formatting. Only the ""text"" and ""value"" fields will be included, resulting in something like this: Entities: [{""text"": ""Austro-Hungarian Navy"", ""value"": ""ORGANIZATION""}]. I’m double-checking to ensure I'm not missing any other potential categories, but it seems like just one organization is sufficient.","Entities: [{""text"": ""Austro-Hungarian Navy"", ""value"": ""ORGANIZATION""}]","Entities: [{""text"": ""Austro-Hungarian Navy"", ""value"": ""ORGANIZATION""}]"
"He kena spotlight by all the big name publications and media like CNN, The Huffington Post, Hypebeast, The Guardian, Juxtapoz Magazine, Daily Mail, NRDC, Aljazeera and Hi-Fructose Magazine lah.","He has caught the attention of major publications and media outlets such as CNN, The Huffington Post, Hypebeast, The Guardian, Juxtapoz Magazine, Daily Mail, NRDC, Aljazeera and Hi-Fructose Magazine.","[{'CNN': 'ORGANIZATION'}, {'The Huffington Post': 'ORGANIZATION'}, {'Hypebeast': 'ORGANIZATION'}, {'The Guardian': 'ORGANIZATION'}, {'Juxtapoz Magazine': 'ORGANIZATION'}, {'Daily Mail, NRDC': 'ORGANIZATION'}, {'Aljazeera': 'ORGANIZATION'}, {'Hi-Fructose Magazine': 'ORGANIZATION'}]","[{'CNN': 'ORGANIZATION'}, {'The Huffington Post': 'ORGANIZATION'}, {'Hypebeast': 'ORGANIZATION'}, {'The Guardian': 'ORGANIZATION'}, {'Juxtapoz Magazine': 'ORGANIZATION'}, {'Daily Mail, NRDC': 'ORGANIZATION'}, {'Aljazeera': 'ORGANIZATION'}, {'Hi-Fructose Magazine': 'ORGANIZATION'}]","[{'CNN': 'ORGANIZATION'}, {'The Huffington Post': 'ORGANIZATION'}, {'Hypebeast': 'ORGANIZATION'}, {'The Guardian': 'ORGANIZATION'}, {'Juxtapoz Magazine': 'ORGANIZATION'}, {'Daily Mail': 'ORGANIZATION'}, {'NRDC': 'ORGANIZATION'}, {'Aljazeera': 'ORGANIZATION'}, {'Hi-Fructose Magazine': 'ORGANIZATION'}]","[{'CNN': 'ORGANIZATION'}, {'The Huffington Post': 'ORGANIZATION'}, {'Hypebeast': 'ORGANIZATION'}, {'The Guardian': 'ORGANIZATION'}, {'Juxtapoz Magazine': 'ORGANIZATION'}, {'Daily Mail': 'ORGANIZATION'}, {'NRDC': 'ORGANIZATION'}, {'Aljazeera': 'ORGANIZATION'}, {'Hi-Fructose Magazine': 'ORGANIZATION'}]",7,,"[
  {""text"": ""CNN"", ""value"": ""ORGANIZATION""},
  {""text"": ""The Huffington Post"", ""value"": ""ORGANIZATION""},
  {""text"": ""Hypebeast"", ""value"": ""ORGANIZATION""},
  {""text"": ""The Guardian"", ""value"": ""ORGANIZATION""},
  {""text"": ""Juxtapoz Magazine"", ""value"": ""ORGANIZATION""},
  {""text"": ""Daily Mail"", ""value"": ""ORGANIZATION""},
  {""text"": ""NRDC"", ""value"": ""ORGANIZATION""},
  {""text"": ""Aljazeera"", ""value"": ""ORGANIZATION""},
  {""text"": ""Hi-Fructose Magazine"", ""value"": ""ORGANIZATION""}
]",,"Entities: [
  {""text"": ""CNN"", ""value"": ""ORGANIZATION""},
  {""text"": ""The Huffington Post"", ""value"": ""ORGANIZATION""},
  {""text"": ""Hypebeast"", ""value"": ""ORGANIZATION""},
  {""text"": ""The Guardian"", ""value"": ""ORGANIZATION""},
  {""text"": ""Juxtapoz Magazine"", ""value"": ""ORGANIZATION""},
  {""text"": ""Daily Mail"", ""value"": ""ORGANIZATION""},
  {""text"": ""NRDC"", ""value"": ""ORGANIZATION""},
  {""text"": ""Aljazeera"", ""value"": ""ORGANIZATION""},
  {""text"": ""Hi-Fructose Magazine"", ""value"": ""ORGANIZATION""}
]","**Clarifying entity formatting**

I’m considering the user's want to retain text spans exactly as they are presented. The instruction indicates I should keep the formatting intact, like “Aljazeera” and “CNN.” It's clear that I need to categorize all the publications as “ORGANIZATION.” Even with a potential edge case with publications and art, they’re still organizations. Okay, I’ll format the output as a JSON array while ensuring not to include that trailing commentary. I’ll start with “Entities:” as the user specified. **Formatting JSON entities**

I see that I need to include the prefix ""Entities: "" before my JSON output. I’ll format it like this:  

Entities: [  
{""text"":""CNN"",""value"":""ORGANIZATION""},  
{""text"":""The Huffington Post"",""value"":""ORGANIZATION""},  
{""text"":""Hypebeast"",""value"":""ORGANIZATION""},  
{""text"":""The Guardian"",""value"":""ORGANIZATION""},  
{""text"":""Juxtapoz Magazine"",""value"":""ORGANIZATION""},  
{""text"":""Daily Mail"",""value"":""ORGANIZATION""},  
{""text"":""NRDC"",""value"":""ORGANIZATION""},  
{""text"":""Aljazeera"",""value"":""ORGANIZATION""},  
{""text"":""Hi-Fructose Magazine"",""value"":""ORGANIZATION""}  
]  

I’ll ensure the JSON is correctly formatted, making sure to use double quotes and separating items with commas. That should work just fine!"
"The Cnidaria one kind of animals lah, you find them only in water one, mostly in the sea hor.",The Cnidaria are a group of animals found exclusively in aquatic and mostly marine environments.,[{'Cnidaria': 'OTHER'}],[{'Cnidaria': 'OTHER'}],[{'Cnidaria': 'OTHER'}],[{'Cnidaria': 'OTHER'}],8,,"Entities: [{""text"": ""Cnidaria"", ""value"": ""OTHER""}]","**Extracting named entities**

I need to pull named entities from the text, considering types like ART, BUILDING, EVENT, LOCATION, ORGANIZATION, OTHER, PERSON, and PRODUCT. The text mentions ""Cnidaria,"" which is a phylum; it's often not treated as a proper named entity. I wonder if it could fit under ORGANIZATION, but typically it's classified differently. “Sea” might be a location, but it's quite generic. I realize the instruction doesn’t limit us to strictly “named” entities. So, perhaps I categorize ""Cnidaria"" as OTHER and ""the sea"" could still be LOCATION. **Extracting named entities**

I'm tasked with extracting named entities from the text. The only clear candidate looks to be ""Cnidaria,"" while ""sea"" is just a common noun. I need to present my findings as a JSON array with a specific structure. For ""Cnidaria,"" I'm leaning towards classifying it as OTHER rather than ORGANIZATION. I wonder if I should include ""sea"" as LOCATION for safety, even though it might not be a proper named entity. Finally, I note that ""The Cnidaria"" is capitalized, confirming its taxon status. **Formulating entities output**

I'll create the entities output like this: Entities: [{""text"": ""Cnidaria"", ""value"": ""OTHER""}]. It's important to follow the exact formatting without any extra commentary or code blocks. I need to confirm if ""entity text span"" refers to the text as it appears—should I include ""The Cnidaria"" or stick with just ""Cnidaria""? It seems ""Cnidaria"" is the better choice here, so I'll go with that. Alright, I think I'm ready!","Entities: [{""text"": ""Cnidaria"", ""value"": ""OTHER""}]",
The buildings last time got renovated into offices in the 80s lah.,The buildings were renovated into offices in the 1980s.,[],[],[],[{'the 1980s': 'OTHER'}],18,,Entities: [],"**Evaluating entity recognition**

I'm assessing the text for named entity recognition (NER) and looking for potential types to extract. In the sentence, ""80s"" is referring to a time period, but it doesn't fit neatly into the allowed types since it's not an event, location, or organization. ""Buildings"" and ""offices"" are too generic to classify, and ""lah"" is just colloquial language. I’m debating whether to categorize ""80s"" as EVENT or OTHER, but it really is just a temporal expression. So, it seems like classifying it as OTHER might be the way to go. **Classifying named entities**

I'm considering how to classify decades in NER tasks. Typically, they'd fall under DATE or TIME, but those categories aren't provided here. I'm leaning toward OTHER or EVENT, as “80s” could imply an event but really just indicates a time period. Some datasets do label ""80s"" as DATE. However, since that's not an option and considering the generic nature of terms like ""buildings,"" I might be safest to return an empty list for any entities. **Deciding on entity classification**

I'm deliberating about how to classify ""80s."" Sometimes it makes sense to label it as OTHER, especially since the guidelines state that not every text must produce an entity, making an empty array acceptable. I think I'll output an empty list as ""Entities: []"" to keep it straightforward. Although considering ""the 80s"" as OTHER might seem safer, it still feels misleading. I’ll stick with my choice to return the empty array. So, it’s settled: Entities: [].","[{""text"": ""the 1980s"", ""value"": ""OTHER""}]","**Clarifying text output**

I think the user might prefer the phrase ""the 1980s,"" which includes ""the."" They usually stick closely to the exact wording from the text. It looks like ""the 1980s"" starts with a lowercase ""the"" when it appears at the beginning of a sentence. The original sentence is ""The buildings were renovated into offices in the 1980s."" So, I’ll return that. Let's create a JSON array for it."
"Like somewhat hidden by the Ben Cruachan range lah, people normally climb it together with neighbour Beinn Eunaich one.","Somewhat hidden away by the Ben Cruachan range, it is usually climbed in conjunction with its neighbour Beinn Eunaich.","[{'Ben Cruachan': 'LOCATION'}, {'Beinn Eunaich': 'LOCATION'}]","[{'Ben Cruachan': 'LOCATION'}, {'Beinn Eunaich': 'LOCATION'}]","[{'Ben Cruachan range': 'LOCATION'}, {'Beinn Eunaich': 'LOCATION'}]","[{'Ben Cruachan range': 'LOCATION'}, {'Beinn Eunaich': 'LOCATION'}]",13,,"Entities: [
  {""text"": ""Ben Cruachan range"", ""value"": ""LOCATION""},
  {""text"": ""Beinn Eunaich"", ""value"": ""LOCATION""}
]",,"[{""text"": ""Ben Cruachan range"", ""value"": ""LOCATION""}, {""text"": ""Beinn Eunaich"", ""value"": ""LOCATION""}]",
"Maybe the most famous Ward LaFrance product is the P-80 ``Ambassador'' pumper model lah, one of which the company donate for product placement one, to use as the fake Los Angeles County Fire Department Engine 51 in the 1970s TV show ``Emergency!'' lor.","Perhaps the best known Ward LaFrance product was the P-80 ``Ambassador'' model of pumper, one of which was donated as product placement by the company to be used as the fictional Los Angeles County Fire Department Engine 51 on the 1970s television program`` Emergency!","[{'Ward LaFrance': 'ORGANIZATION'}, {""P-80 ``Ambassador''"": 'PRODUCT'}, {'Los Angeles County Fire Department Engine 51': 'ORGANIZATION'}]","[{'Ward LaFrance': 'ORGANIZATION'}, {""P-80 ``Ambassador''"": 'PRODUCT'}, {'Los Angeles County Fire Department Engine 51': 'ORGANIZATION'}]","[{'Ward LaFrance': 'ORGANIZATION'}, {""P-80 ``Ambassador'' pumper model"": 'PRODUCT'}, {'Los Angeles County Fire Department': 'ORGANIZATION'}, {'Los Angeles County': 'LOCATION'}, {'Engine 51': 'PRODUCT'}, {""``Emergency!''"": 'ART'}]","[{'Ward LaFrance': 'ORGANIZATION'}, {'P-80 ""Ambassador""': 'PRODUCT'}, {'Los Angeles County': 'LOCATION'}, {'Los Angeles County Fire Department': 'ORGANIZATION'}, {'Engine 51': 'PRODUCT'}, {'Emergency!': 'ART'}]",19,,"Entities: [
  {""text"": ""Ward LaFrance"", ""value"": ""ORGANIZATION""},
  {""text"": ""P-80 ``Ambassador'' pumper model"", ""value"": ""PRODUCT""},
  {""text"": ""Los Angeles County Fire Department"", ""value"": ""ORGANIZATION""},
  {""text"": ""Los Angeles County"", ""value"": ""LOCATION""},
  {""text"": ""Engine 51"", ""value"": ""PRODUCT""},
  {""text"": ""``Emergency!''"", ""value"": ""ART""}
]","**Evaluating text formatting**

I'm thinking about how to format the entity text to match exactly, especially with phrases like P-80 ""Ambassador"" and the TV show name ""Emergency!"" I wonder if including quotes is necessary; it feels ambiguous. The user mentioned ""entity text span,"" suggesting they want the raw span with punctuation. Standard practice usually omits quotes, but since they didn’t provide specific examples, I should prioritize accuracy and include the exact substring as is. Okay, I'll finalize the JSON array with minimal verbosity. **Generating entity list**

I'm thinking about how to list the entities concisely. The user might expect entries like ""PRODUCT: P-80 'Ambassador' pumper model,"" ""PRODUCT: Engine 51,"" and ""ART: Emergency!"" I’ll also include ""ORGANIZATION: Ward LaFrance"" and ""ORGANIZATION: Los Angeles County Fire Department."" 

Adding ""LOCATION: Los Angeles County"" is valid, even though it's part of an org name, but I'm unsure if nested segmentation is needed since they didn't explicitly ask for that. Alright, let’s compile this list! **Finalizing entity list**

I’m organizing the entities like this: 

- ""Ward LaFrance"" as ORGANIZATION
- ""P-80 'Ambassador' pumper model"" as PRODUCT
- ""Los Angeles County Fire Department"" as ORGANIZATION
- ""Los Angeles County"" as LOCATION
- ""Engine 51"" as PRODUCT
- ""Emergency!"" as ART

Now, I want to ensure that the text spans match exactly. For instance, I need ""Los Angeles County"" to appear in the phrase ""fake Los Angeles County Fire Department Engine 51."" I’m considering the use of quotes for ""Emergency!"" to keep consistency. I think I'll go with including ""Emergency!"" in quotes along with ""P-80 'Ambassador' pumper model."" **Finalizing quotes and JSON format**

I’m considering whether to include quotes in the text spans. If quotes are part of the original text, it seems safer to keep them for accuracy. They might prefer just the title, but including the full entity text span ensures we're covered. 

Now, about JSON: I need to check for proper escaping of backticks and quotes, especially since they’re repeated. It’s good that those characters are safe in JSON. I'll format ""``Ambassador''"" and ""``Emergency!''"" with two backticks and two apostrophes correctly. I'll also make sure there's no trailing comma on the last element. Time to finalize!","[
  {""text"": ""Ward LaFrance"", ""value"": ""ORGANIZATION""},
  {""text"": ""P-80 \""Ambassador\"""", ""value"": ""PRODUCT""},
  {""text"": ""Los Angeles County"", ""value"": ""LOCATION""},
  {""text"": ""Los Angeles County Fire Department"", ""value"": ""ORGANIZATION""},
  {""text"": ""Engine 51"", ""value"": ""PRODUCT""},
  {""text"": ""Emergency!"", ""value"": ""ART""}
]","**Evaluating entity recognition for NER tasks**

In NER tasks, I'd tag ""Emergency!"" as an ART since it's a title from a 1970s TV program. For ""Los Angeles County,"" it seems it belongs to an org name—like the ""Los Angeles County Fire Department""—so I’d keep it in that context without splitting it. 

I wouldn’t tag generic terms like ""the company"" or ""pumper."" Regarding ""Ward LaFrance,"" it's an org, while ""P-80 Ambassador"" could split into model designation and name, as shown in the text. **Classifying terms for NER tasks**

The combined product name is ""P-80 Ambassador,"" and I can include both variations, like ""P-80 'Ambassador.'"" 

For ""Los Angeles County Fire Department Engine 51,"" I think I should treat the whole phrase as a PRODUCT since ""Engine 51"" is a fictional vehicle from a TV show. The specific apparatus used in the show was produced by Ward LaFrance, so it makes sense to classify as a PRODUCT as well. 

Lastly, ""Emergency!"" as part of a 1970s program should be treated as ART. **Identifying entities for extraction**

I’m thinking about how ""product placement"" might not be an entity. The term ART may include the entire television program, so I’ll extract only ""Emergency!"" and make sure to use proper punctuation.

The text has some strange quoting, like ""P-80 ``Ambassador''."" To keep things clean, I’ll present it as ""P-80 'Ambassador.'"" They want a minimal set of extracted entities with proper formatting.

Here’s what I have:

- Ward LaFrance -> ORGANIZATION
- P-80 'Ambassador' -> PRODUCT
- Los Angeles County Fire Department Engine 51 -> PRODUCT
- Los Angeles County Fire Department -> ORGANIZATION (can include both). **Clarifying entity extraction**

Looking at the text, it refers to ""the fictional Los Angeles County Fire Department Engine 51,"" which combines an organization and a product. I'm wondering if I should extract ""Los Angeles County Fire Department"" as an entity since it's an organization and conceptually significant. 

I think I can include both: ""Los Angeles County Fire Department"" as ORGANIZATION and ""Engine 51"" as PRODUCT, which seems clearer than a long combined phrase.

So, our entities would be:

- Emergency! -> ART
- Los Angeles County Fire Department -> ORGANIZATION
- Engine 51 -> PRODUCT
- P-80 'Ambassador' -> PRODUCT (better as a combined term). **Finalizing named entities for extraction**

I’m considering the entities to include, which should be:

- Ward LaFrance as ORGANIZATION
- P-80 ""Ambassador"" as PRODUCT
- Los Angeles County as LOCATION
- Los Angeles County Fire Department as ORGANIZATION
- Engine 51 as PRODUCT
- Emergency! as ART

I can include ""Los Angeles County"" as a nested entity since it's both part of the organization and a real location. 

I’ll make sure not to overgenerate, so I’ll just present the entities in the order they appear. Finally, let’s finalize this JSON list! 

Here’s what it looks like:
```json
[
  {""text"": ""Ward LaFrance"", ""value"": ""ORGANIZATION""},
  {""text"": ""P-80 'Ambassador'"", ""value"": ""PRODUCT""},
  {""text"": ""Los Angeles County"", ""value"": ""LOCATION""},
  {""text"": ""Los Angeles County Fire Department"", ""value"": ""ORGANIZATION""},
  {""text"": ""Engine 51"", ""value"": ""PRODUCT""},
  {""text"": ""Emergency!"", ""value"": ""ART""}
]
```"
"He born in Wellingborough, Northamptonshire, then he go Victoria Junior School, Westfield Boys School and Sir Christopher Hatton School lah.","He was born in Wellingborough, Northamptonshire, where he attended Victoria Junior School, Westfield Boys School and Sir Christopher Hatton School.","[{'Wellingborough': 'LOCATION'}, {'Northamptonshire': 'LOCATION'}, {'Victoria Junior School': 'ORGANIZATION'}, {'Westfield Boys School': 'ORGANIZATION'}, {'Sir Christopher Hatton School': 'ORGANIZATION'}]","[{'Wellingborough': 'LOCATION'}, {'Northamptonshire': 'LOCATION'}, {'Victoria Junior School': 'ORGANIZATION'}, {'Westfield Boys School': 'ORGANIZATION'}, {'Sir Christopher Hatton School': 'ORGANIZATION'}]","[{'Wellingborough': 'LOCATION'}, {'Northamptonshire': 'LOCATION'}, {'Victoria Junior School': 'ORGANIZATION'}, {'Westfield Boys School': 'ORGANIZATION'}, {'Sir Christopher Hatton School': 'ORGANIZATION'}]","[{'Wellingborough': 'LOCATION'}, {'Northamptonshire': 'LOCATION'}, {'Victoria Junior School': 'ORGANIZATION'}, {'Westfield Boys School': 'ORGANIZATION'}, {'Sir Christopher Hatton School': 'ORGANIZATION'}]",11,,"[
  {""text"": ""Wellingborough"", ""value"": ""LOCATION""},
  {""text"": ""Northamptonshire"", ""value"": ""LOCATION""},
  {""text"": ""Victoria Junior School"", ""value"": ""ORGANIZATION""},
  {""text"": ""Westfield Boys School"", ""value"": ""ORGANIZATION""},
  {""text"": ""Sir Christopher Hatton School"", ""value"": ""ORGANIZATION""}
]","**Formatting entity list**

I'm going to format the entities as requested. I'll create an array with locations and organizations: Wellingborough, Northamptonshire, Victoria Junior School, Westfield Boys School, and Sir Christopher Hatton School. Since ""Westfield Boys School"" is presented without an apostrophe in the text, I'll keep it as is. I'll also avoid any trailing punctuation. Even though they didn't specify, I think presenting it in a pretty format is nice. I'll finalize the Entities array and double-check the types.","[{""text"": ""Wellingborough"", ""value"": ""LOCATION""}, {""text"": ""Northamptonshire"", ""value"": ""LOCATION""}, {""text"": ""Victoria Junior School"", ""value"": ""ORGANIZATION""}, {""text"": ""Westfield Boys School"", ""value"": ""ORGANIZATION""}, {""text"": ""Sir Christopher Hatton School"", ""value"": ""ORGANIZATION""}]",
"Lawrence say she kena given cash, but then Stephens say his life kena threaten lah.","Lawrence claims that she was given cash, whereas Stephens claims that his life was threatened.",[{'Stephens': 'PERSON'}],[{'Stephens': 'PERSON'}],"[{'Lawrence': 'PERSON'}, {'Stephens': 'PERSON'}]","[{'Lawrence': 'PERSON'}, {'Stephens': 'PERSON'}]",20,,"Entities: [{""text"": ""Lawrence"", ""value"": ""PERSON""}, {""text"": ""Stephens"", ""value"": ""PERSON""}]",,"[{""text"": ""Lawrence"", ""value"": ""PERSON""}, {""text"": ""Stephens"", ""value"": ""PERSON""}]",
"During the Battle of Antietam on September 17, 1862, Wilkinson kena hurt and had to serve the rest of the war as an officer in the Veterans Reserve Corps lor.","During the Battle of Antietam on September 17, 1862, Wilkinson was injured and forced to serve the remainder of the war as an officer in the Veterans Reserve Corps.","[{'Battle of Antietam': 'EVENT'}, {'Wilkinson': 'PERSON'}, {'Veterans Reserve Corps': 'ORGANIZATION'}]","[{'Battle of Antietam': 'EVENT'}, {'Wilkinson': 'PERSON'}, {'Veterans Reserve Corps': 'ORGANIZATION'}]","[{'Battle of Antietam': 'EVENT'}, {'September 17, 1862': 'OTHER'}, {'Wilkinson': 'PERSON'}, {'Veterans Reserve Corps': 'ORGANIZATION'}]","[{'Battle of Antietam': 'EVENT'}, {'Wilkinson': 'PERSON'}, {'Veterans Reserve Corps': 'ORGANIZATION'}]",17,,"Entities: [
  {""text"": ""Battle of Antietam"", ""value"": ""EVENT""},
  {""text"": ""September 17, 1862"", ""value"": ""OTHER""},
  {""text"": ""Wilkinson"", ""value"": ""PERSON""},
  {""text"": ""Veterans Reserve Corps"", ""value"": ""ORGANIZATION""}
]",,"Entities: [{""text"": ""Battle of Antietam"", ""value"": ""EVENT""}, {""text"": ""Wilkinson"", ""value"": ""PERSON""}, {""text"": ""Veterans Reserve Corps"", ""value"": ""ORGANIZATION""}]",
"They finish the season 14–19, 9–9 in C-USA play, end up in seventh place lah.","They finished the season 14–19, 9–9 in C-USA play to finish in seventh place.",[{'C-USA play': 'EVENT'}],[{'C-USA play': 'EVENT'}],[{'C-USA': 'ORGANIZATION'}],[{'C-USA': 'ORGANIZATION'}],2,,"Entities: [{""text"": ""C-USA"", ""value"": ""ORGANIZATION""}]","**Extracting named entities**

I need to extract named entities from the provided text. C-USA clearly refers to Conference USA, which qualifies as an organization. I see that “season,” and numbers aren’t entities, and “they” is too vague since it lacks a specific team mention. So, the only entity we should tag is “C-USA” as an ORGANIZATION. I’ll organize the output in the proper JSON-like format, ensuring it accurately reflects the entity. I think we're good! **Deciding on entities**

I’m considering the phrase ""C-USA play."" Since ""play"" is not part of the entity, I believe it's best to stick with just ""C-USA"" as my entity tag. It makes sense to maintain focus on the main organization without adding unnecessary elements. So, I’ll finalize this decision and prepare to produce the output based on that choice. Just double-checking to ensure that I've got everything right before I go ahead!","[{""text"": ""C-USA"", ""value"": ""ORGANIZATION""}]",
"Experimental GPX1 deficiency make certain aging things more jialat, like the blood vessel problem, change shape, and white blood cells come in the heart tissue lah.","Experimental GPX1 deficiency amplifies certain aspects of aging, namely endothelial dysfunction, vascular remodeling, and invasion of leukocytes in cardiovascular tissue.",[],[],[{'GPX1': 'OTHER'}],[{'GPX1': 'OTHER'}],15,,"[{""text"": ""GPX1"", ""value"": ""OTHER""}]","**Extracting named entities**

I need to extract named entities from a specific text that discusses ""Experimental GPX1 deficiency."" It highlights issues with blood vessel problems and white blood cells in heart tissue, using Singlish. The possible entity types are ART, BUILDING, EVENT, LOCATION, ORGANIZATION, OTHER, PERSON, and PRODUCT. It seems ""GPX1"" fits into the ""OTHER"" or ""PRODUCT"" category since gene names typically fall under ORGANIZATION. Meanwhile, ""white blood cells"" and ""heart tissue"" are common nouns and not named entities. Overall, ""GPX1"" appears to be the only identifiable entity here. **Formatting entity output**

I see that the entity text span is primarily ""GPX1."" They might prefer the span including ""GPX1 deficiency,"" but it looks like the named entity is ""GPX1"" classified as type OTHER. After checking for other entities, it seems there are none. I'll format the result as a JSON array of objects, ensuring it aligns with their specifications. ""Blood vessel,"" ""white blood cells,"" and ""heart tissue"" are not considered entities. I'll present the entities as: [{""text"": ""GPX1"", ""value"": ""OTHER""}].","[{""text"":""GPX1"",""value"":""OTHER""}]",
