text,original_text,modified_label,original_label,modified_pred,original_pred,index,type,raw_output,reasoning,original_raw_output,original_reasoning
"It is the brainchild of Golaem, a France-based software company (born in Rennes in 2009).","It is developed by Golaem, a France -based software company (created in Rennes in 2009).","[{'text': 'Golaem', 'value': 'ORGANIZATION'}, {'text': 'France', 'value': 'LOCATION'}, {'text': 'Rennes', 'value': 'LOCATION'}]","[{'Golaem': 'ORGANIZATION'}, {'France': 'LOCATION'}, {'Rennes': 'LOCATION'}]","[{'Golaem': 'ORGANIZATION'}, {'France': 'LOCATION'}, {'Rennes': 'LOCATION'}]","[{'Golaem': 'ORGANIZATION'}, {'France': 'LOCATION'}, {'Rennes': 'LOCATION'}]",28,idiom,"Entities: [{""text"": ""Golaem"", ""value"": ""ORGANIZATION""}, {""text"": ""France"", ""value"": ""LOCATION""}, {""text"": ""Rennes"", ""value"": ""LOCATION""}]","**Extracting named entities**

I need to extract named entities from the text, following the defined types: ART, BUILDING, EVENT, LOCATION, ORGANIZATION, OTHER, PERSON, and PRODUCT. In the sentence about Golaem, a France-based software company, I identify Golaem as an organization. France is a LOCATION, and even though it appears as ""France-based,"" it’s still valid to capture ""France"" alone. Rennes is also a LOCATION, but the year 2009 doesn't fit any specified types, so I can't include it. **Assessing entity types**

I'm evaluating the entity extraction rules, and it seems options are limited. Although I could classify 2009 as OTHER, I think it’s best to exclude it since it's not officially listed. The instructions allow for OTHER, but they likely don't expect numeric dates unless explicitly stated. So, I’ll stick with just Golaem, France, and Rennes as entities. I could mention ""France-based software company"" as an organization descriptor, but Golaem is the main entity. The extra details about being born in Rennes aren't necessary for this extraction. **Formatting entity output**

I need to produce the output in a specific JSON format for the entities, ensuring I follow the guidelines exactly. I’ll include ""France"" as a LOCATION, ""Rennes"" as another LOCATION, and ""Golaem"" as an ORGANIZATION. However, I won’t include ""France-based"" as a separate entity since it’s hyphenated and just implies the country. 

So, I'll finalize the output to match the required format:

Entities: [
  {""text"":""Golaem"", ""value"":""ORGANIZATION""},
  {""text"":""France"", ""value"":""LOCATION""},
  {""text"":""Rennes"", ""value"":""LOCATION""}
] 

I’ll keep it simple and direct, following the punctuation closely.","[{""text"": ""Golaem"", ""value"": ""ORGANIZATION""}, {""text"": ""France"", ""value"": ""LOCATION""}, {""text"": ""Rennes"", ""value"": ""LOCATION""}]",
"Lawrence claims that she was given cash, whereas Stephens claims that he was staring down the barrel of a gun.","Lawrence claims that she was given cash, whereas Stephens claims that his life was threatened.","[{'text': 'Stephens', 'value': 'PERSON'}]",[{'Stephens': 'PERSON'}],"[{'Lawrence': 'PERSON'}, {'Stephens': 'PERSON'}]","[{'Lawrence': 'PERSON'}, {'Stephens': 'PERSON'}]",20,idiom,"Entities: [{""text"":""Lawrence"",""value"":""PERSON""},{""text"":""Stephens"",""value"":""PERSON""}]",,"Entities: [{""text"": ""Lawrence"", ""value"": ""PERSON""}, {""text"": ""Stephens"", ""value"": ""PERSON""}]","**Finalizing JSON formatting**

I need to make sure there are no trailing commas in the JSON array, even if the previous example had one. I’ll ensure we provide proper JSON without heavy formatting. Also, I’m considering edge cases and wondering if ""cash"" could be classified as a PRODUCT, but it's just a common noun, so I don't think so. The same goes for ""life."" Alright, let's finalize everything!"
He pulled out all the stops to produce Kim Fowley and the BMX Bandits (band) Receiver Records' album ``Hidden Agenda At the Thirteenth Not``.,He went on to produce Kim Fowley and the BMX Bandits (band) Receiver Records' album ``Hidden Agenda At the Thirteenth Not``.,"[{'text': 'Kim Fowley', 'value': 'PERSON'}, {'text': 'BMX Bandits', 'value': 'ORGANIZATION'}, {'text': 'Receiver Records', 'value': 'ORGANIZATION'}, {'text': 'Hidden Agenda At the Thirteenth Not', 'value': 'ART'}]","[{'Kim Fowley': 'PERSON'}, {'BMX Bandits': 'ORGANIZATION'}, {'Receiver Records': 'ORGANIZATION'}, {'Hidden Agenda At the Thirteenth Not': 'ART'}]","[{'Kim Fowley': 'PERSON'}, {'BMX Bandits (band)': 'ORGANIZATION'}, {'Receiver Records': 'ORGANIZATION'}, {'Hidden Agenda At the Thirteenth Not': 'ART'}]","[{'Kim Fowley': 'PERSON'}, {'BMX Bandits': 'ORGANIZATION'}, {'Receiver Records': 'ORGANIZATION'}, {'Hidden Agenda At the Thirteenth Not': 'ART'}]",25,idiom,"Entities: [{""text"": ""Kim Fowley"", ""value"": ""PERSON""}, {""text"": ""BMX Bandits (band)"", ""value"": ""ORGANIZATION""}, {""text"": ""Receiver Records"", ""value"": ""ORGANIZATION""}, {""text"": ""Hidden Agenda At the Thirteenth Not"", ""value"": ""ART""}]",,"Entities: [
  {""text"": ""Kim Fowley"", ""value"": ""PERSON""},
  {""text"": ""BMX Bandits"", ""value"": ""ORGANIZATION""},
  {""text"": ""Receiver Records"", ""value"": ""ORGANIZATION""},
  {""text"": ""Hidden Agenda At the Thirteenth Not"", ""value"": ""ART""}
]",
"Furthermore, the SFO extended an olive branch to cover reasonable legal costs.","Furthermore, the SFO offered to pay reasonable legal costs.","[{'text': 'the SFO', 'value': 'ORGANIZATION'}]",[{'the SFO': 'ORGANIZATION'}],[{'SFO': 'ORGANIZATION'}],[{'SFO': 'ORGANIZATION'}],30,idiom,"Entities: [{""text"": ""SFO"", ""value"": ""ORGANIZATION""}]",,"Entities: [{""text"": ""SFO"", ""value"": ""ORGANIZATION""}]","**Deciding on substring usage**

I’m leaning towards using the exact substring ""SFO,"" since it’s capitalized and clearly referenced in the text. While the phrase ""the SFO"" could also work, many tasks prefer just the named part, which would mean ""SFO."" There's a risk in including ""the,"" so I’ll stick with ""SFO,"" which is present in the text as a token. Overall, my final output will be the JSON array: [{""text"": ""SFO"", ""value"": ""ORGANIZATION""}]. **Formatting entities output**

The user wants the format for entities to be ""Entities: [{""text"": ""entity text span"", ""value"": ""entity type""}]"". So, I’ll replicate that style in my response. They provided instructions to extract named entities, and it makes sense for me to follow that format closely. In this case, ""SFO"" seems more like it refers to an organization rather than an airport code. Given the context, I’ll classify it as an ORGANIZATION. My final output will be: Entities: [{""text"": ""SFO"", ""value"": ""ORGANIZATION""}]."
"As the 19th century dawned, early communities like Lynchburg, Harrisburg, and Rightor's Point (modern Morgan's Point) started to spring up in the 1820s.","Early communities began to appear at the beginning of the 19th century, including Lynchburg, Harrisburg, and Rightor's Point (modern Morgan's Point) in the 1820s.","[{'text': 'Lynchburg', 'value': 'LOCATION'}, {'text': 'Harrisburg', 'value': 'LOCATION'}, {'text': ""Rightor's Point"", 'value': 'LOCATION'}, {'text': ""Morgan's Point"", 'value': 'LOCATION'}]","[{'Lynchburg': 'LOCATION'}, {'Harrisburg': 'LOCATION'}, {""Rightor's Point"": 'LOCATION'}, {""Morgan's Point"": 'LOCATION'}]","[{'Lynchburg': 'LOCATION'}, {'Harrisburg': 'LOCATION'}, {""Rightor's Point"": 'LOCATION'}, {""Morgan's Point"": 'LOCATION'}]","[{'Lynchburg': 'LOCATION'}, {'Harrisburg': 'LOCATION'}, {""Rightor's Point"": 'LOCATION'}, {""Morgan's Point"": 'LOCATION'}]",32,idiom,"Entities: [{""text"": ""Lynchburg"", ""value"": ""LOCATION""}, {""text"": ""Harrisburg"", ""value"": ""LOCATION""}, {""text"": ""Rightor's Point"", ""value"": ""LOCATION""}, {""text"": ""Morgan's Point"", ""value"": ""LOCATION""}]",,"Entities: [{""text"":""Lynchburg"",""value"":""LOCATION""},{""text"":""Harrisburg"",""value"":""LOCATION""},{""text"":""Rightor's Point"",""value"":""LOCATION""},{""text"":""Morgan's Point"",""value"":""LOCATION""}]",
Nintendo kept the ball rolling with the revised Wii model and the Wii Mini alongside the Wii U during the Wii U's inaugural year.,Nintendo continued to sell the revised Wii model and the Wii Mini alongside the Wii U during the Wii U's first release year.,"[{'text': 'Nintendo', 'value': 'ORGANIZATION'}, {'text': 'Wii model', 'value': 'PRODUCT'}, {'text': 'Wii Mini', 'value': 'PRODUCT'}, {'text': 'Wii U', 'value': 'PRODUCT'}, {'text': 'Wii U', 'value': 'PRODUCT'}]","[{'Nintendo': 'ORGANIZATION'}, {'Wii model': 'PRODUCT'}, {'Wii Mini': 'PRODUCT'}, {'Wii U': 'PRODUCT'}, {'Wii U': 'PRODUCT'}]","[{'Nintendo': 'ORGANIZATION'}, {'Wii': 'PRODUCT'}, {'Wii Mini': 'PRODUCT'}, {'Wii U': 'PRODUCT'}]","[{'Nintendo': 'ORGANIZATION'}, {'Wii': 'PRODUCT'}, {'Wii Mini': 'PRODUCT'}, {'Wii U': 'PRODUCT'}]",22,idiom,"Entities: [{""text"": ""Nintendo"", ""value"": ""ORGANIZATION""}, {""text"": ""Wii"", ""value"": ""PRODUCT""}, {""text"": ""Wii Mini"", ""value"": ""PRODUCT""}, {""text"": ""Wii U"", ""value"": ""PRODUCT""}]","**Considering entity identification**

I usually identify entities based on their spans as they appear in the text. However, there might be a specific expectation about not including possessives like ""'s"" when it comes to ""Wii U."" The text span has ""the Wii U during the Wii U's inaugural year."" I’m thinking about whether to include it both ways as ""Wii U"" and ""Wii U's"" or just once. The output format calls for precise text spans, but some duplicates could be seen as redundant. This requires balancing clarity and adherence to instructions. **Identifying entities clearly**

I’ll list each distinct entity span as it appears: ""Nintendo,"" ""Wii,"" ""Wii Mini,"" and ""Wii U,"" intentionally excluding possessive forms like ""Wii U's."" Including both ""Wii U"" mentions seems essential for completeness. The types are clear—Nintendo as an ORGANIZATION and the others as products. ""Inaugural year"" doesn’t count as an entity. I need to keep the output minimal, just returning the required ""Entities: [...]"" format with proper capitalization, while keeping extraneous details to a minimum.","Entities: [
  {""text"": ""Nintendo"", ""value"": ""ORGANIZATION""},
  {""text"": ""Wii"", ""value"": ""PRODUCT""},
  {""text"": ""Wii Mini"", ""value"": ""PRODUCT""},
  {""text"": ""Wii U"", ""value"": ""PRODUCT""}
]","**Clarifying JSON Formatting**

I want to make sure there's no extra punctuation and that the JSON is formatted correctly. The user wants the output to be exactly: Entities: [ ... ]. I’m wondering about edge cases like whether to use ""Wii U's"" or just ""Wii U."" I notice ""Wii U"" shows up earlier in the text, so I can go with that. I think I’ve settled on the final output: Entities: [{""text"": ""..."", ""value"": ""...""}]. I'll proceed!"
"Dorsa has a Bachelor of Music in Composition from California State University, Northridge under her belt from 2001, a Master of Music in Harpsichord Performance at Cal State Northridge from 2004, and a Doctor of Musical Arts at the University of Michigan, Ann Arbor from 2008.","Dorsa has a Bachelor of Music in Composition from California State University, Northridge in 2001, Master of Music in Harpsichord Performance at Cal State Northridge in 2004, and a Doctor of Musical Arts at the University of Michigan, Ann Arbor in 2008.","[{'text': 'Dorsa', 'value': 'PERSON'}, {'text': 'Bachelor of Music', 'value': 'OTHER'}, {'text': 'California State University, Northridge', 'value': 'ORGANIZATION'}, {'text': 'Master of Music', 'value': 'OTHER'}, {'text': 'Cal State Northridge', 'value': 'ORGANIZATION'}, {'text': 'Doctor of Musical Arts', 'value': 'OTHER'}, {'text': 'University of Michigan', 'value': 'ORGANIZATION'}, {'text': 'Ann Arbor', 'value': 'LOCATION'}]","[{'Dorsa': 'PERSON'}, {'Bachelor of Music': 'OTHER'}, {'California State University, Northridge': 'ORGANIZATION'}, {'Master of Music': 'OTHER'}, {'Cal State Northridge': 'ORGANIZATION'}, {'Doctor of Musical Arts': 'OTHER'}, {'University of Michigan': 'ORGANIZATION'}, {'Ann Arbor': 'LOCATION'}]","[{'Dorsa': 'PERSON'}, {'California State University, Northridge': 'ORGANIZATION'}, {'Cal State Northridge': 'ORGANIZATION'}, {'University of Michigan, Ann Arbor': 'ORGANIZATION'}, {'Ann Arbor': 'LOCATION'}]","[{'Dorsa': 'PERSON'}, {'California State University, Northridge': 'ORGANIZATION'}, {'Cal State Northridge': 'ORGANIZATION'}, {'University of Michigan': 'ORGANIZATION'}, {'Ann Arbor': 'LOCATION'}]",33,idiom,"[{""text"":""Dorsa"",""value"":""PERSON""},{""text"":""California State University, Northridge"",""value"":""ORGANIZATION""},{""text"":""Cal State Northridge"",""value"":""ORGANIZATION""},{""text"":""University of Michigan, Ann Arbor"",""value"":""ORGANIZATION""},{""text"":""Ann Arbor"",""value"":""LOCATION""}]",,"Entities: [
  {""text"": ""Dorsa"", ""value"": ""PERSON""},
  {""text"": ""California State University, Northridge"", ""value"": ""ORGANIZATION""},
  {""text"": ""Cal State Northridge"", ""value"": ""ORGANIZATION""},
  {""text"": ""University of Michigan"", ""value"": ""ORGANIZATION""},
  {""text"": ""Ann Arbor"", ""value"": ""LOCATION""}
]","**Analyzing organizational names**

I see that ""California State University, Northridge"" and ""Cal State Northridge"" refer to the same organization, but there's also the location ""Northridge"" to consider. Then there's ""Ann Arbor"" linked to the University of Michigan, indicating another location. I’m wondering if ""California,"" ""State,"" and ""University"" should be treated as generic terms. I’ll output this as a JSON array containing both mentions for clarity, focusing on organizational consistency and possible duplicates. **Sorting university names**

I see that ""University of Michigan, Ann Arbor"" and ""University of Michigan-Ann Arbor"" refer to the same flagship campus, but I’m pondering whether using both creates duplicate mentions. The text mentions ""at the University of Michigan, Ann Arbor in 2008,"" suggesting I may need to extract it as one organization instead of two distinct entities. The instructions allow for ORGANIZATION and LOCATION, so I'll go with ""University of Michigan"" as the organization and ""Ann Arbor"" as the location. Meanwhile, I can keep ""California State University, Northridge"" intact as the full organization name. **Clarifying entity extractions**

For ""Cal State Northridge,"" it’s the same organization, but ""Northridge"" could refer to a location within Los Angeles. Since it’s part of the organizational name, I won’t extract ""Northridge"" as a separate location. The text mentions items like ""Composition,"" ""Harpsichord Performance,"" and ""Musical Arts,"" but those aren't categories. I also spotted ""Dorsa"" as a person, which is clear.

Regarding dates like ""2001, 2004, 2008,"" I won't include them since they're not necessary. I'll include ""University of Michigan, Ann Arbor"" as the organization and treat ""Ann Arbor"" as a location. **Preparing entity output**

I’m going to structure the entity output in JSON format as the user expects. My list includes: 

- ""Dorsa"" as a person 
- ""California State University, Northridge"" as an organization 
- ""Cal State Northridge"" as a synonym for the same organization 
- ""University of Michigan"" as another organization 
- ""Ann Arbor"" as a location.

I’m skipping ""Bachelor of Music,"" ""Master of Music,"" and ""Doctor of Musical Arts"" since they aren’t considered named entities. The final output will match the user's format: 

Entities: [{...}]. Let’s do this! **Finalizing entity types**

I realize that the type values need to come from a specific list, and we’re using PERSON, ORGANIZATION, and LOCATION here, which is correct. I’m feeling confident about this part! Now I can finalize the output without any issues. Everything seems to be in order, and I’ll ensure it meets the guidelines and requirements expected. Let’s wrap this up neatly!"
"His pupil Vadeebhasimha, with a stroke of the pen, wrote in prose ``Gayachintamani`` and ``Kshatrachudamini`` inspired by poet Banas' ``Kadambari``, while minister Chavundaraya penned ``Charitarasara``.",His pupil Vadeebhasimha wrote in prose ``Gayachintamani`` and ``Kshatrachudamini`` based on poet Banas ``Kadambari`` and minister Chavundaraya wrote ``Charitarasara``.,"[{'text': 'Vadeebhasimha', 'value': 'PERSON'}, {'text': 'Gayachintamani', 'value': 'ART'}, {'text': 'Kshatrachudamini', 'value': 'ART'}, {'text': 'Banas', 'value': 'PERSON'}, {'text': 'Kadambari', 'value': 'ART'}, {'text': 'Chavundaraya', 'value': 'PERSON'}, {'text': 'Charitarasara', 'value': 'ART'}]","[{'Vadeebhasimha': 'PERSON'}, {'Gayachintamani': 'ART'}, {'Kshatrachudamini': 'ART'}, {'Banas': 'PERSON'}, {'Kadambari': 'ART'}, {'Chavundaraya': 'PERSON'}, {'Charitarasara': 'ART'}]","[{'Vadeebhasimha': 'PERSON'}, {'Gayachintamani': 'ART'}, {'Kshatrachudamini': 'ART'}, {'Banas': 'PERSON'}, {'Kadambari': 'ART'}, {'Chavundaraya': 'PERSON'}, {'Charitarasara': 'ART'}]","[{'Vadeebhasimha': 'PERSON'}, {'Gayachintamani': 'ART'}, {'Kshatrachudamini': 'ART'}, {'Banas': 'PERSON'}, {'Kadambari': 'ART'}, {'Chavundaraya': 'PERSON'}, {'Charitarasara': 'ART'}]",38,idiom,"Entities: [
  {""text"": ""Vadeebhasimha"", ""value"": ""PERSON""},
  {""text"": ""Gayachintamani"", ""value"": ""ART""},
  {""text"": ""Kshatrachudamini"", ""value"": ""ART""},
  {""text"": ""Banas"", ""value"": ""PERSON""},
  {""text"": ""Kadambari"", ""value"": ""ART""},
  {""text"": ""Chavundaraya"", ""value"": ""PERSON""},
  {""text"": ""Charitarasara"", ""value"": ""ART""}
]",,"Entities: [
  {""text"": ""Vadeebhasimha"", ""value"": ""PERSON""},
  {""text"": ""Gayachintamani"", ""value"": ""ART""},
  {""text"": ""Kshatrachudamini"", ""value"": ""ART""},
  {""text"": ""Banas"", ""value"": ""PERSON""},
  {""text"": ""Kadambari"", ""value"": ""ART""},
  {""text"": ""Chavundaraya"", ""value"": ""PERSON""},
  {""text"": ""Charitarasara"", ""value"": ""ART""}
]",
Gonu unleashed a tempest and poured buckets along Pakistan's Arabian Sea coast from Karachi to Gwadar.,Gonu caused strong gusty winds and torrential rainfall along Pakistan's Arabian Sea coast from Karachi to Gwadar.,"[{'text': 'Gonu', 'value': 'EVENT'}, {'text': ""Pakistan's Arabian Sea coast"", 'value': 'LOCATION'}, {'text': 'Karachi', 'value': 'LOCATION'}, {'text': 'Gwadar', 'value': 'LOCATION'}]","[{'Gonu': 'EVENT'}, {""Pakistan's Arabian Sea coast"": 'LOCATION'}, {'Karachi': 'LOCATION'}, {'Gwadar': 'LOCATION'}]","[{'Gonu': 'EVENT'}, {'Pakistan': 'LOCATION'}, {'Arabian Sea': 'LOCATION'}, {'Karachi': 'LOCATION'}, {'Gwadar': 'LOCATION'}]","[{'Gonu': 'EVENT'}, {'Pakistan': 'LOCATION'}, {'Arabian Sea': 'LOCATION'}, {'Karachi': 'LOCATION'}, {'Gwadar': 'LOCATION'}]",36,idiom,"Entities: [{""text"": ""Gonu"", ""value"": ""EVENT""}, {""text"": ""Pakistan"", ""value"": ""LOCATION""}, {""text"": ""Arabian Sea"", ""value"": ""LOCATION""}, {""text"": ""Karachi"", ""value"": ""LOCATION""}, {""text"": ""Gwadar"", ""value"": ""LOCATION""}]","**Extracting named entities**

I'm looking to extract named entities from the text. The focus is on types like ART, BUILDING, EVENT, LOCATION, ORGANIZATION, OTHER, PERSON, PRODUCT.

First, ""Gonu"" is definitely an EVENT, specifically Cyclone Gonu. Then, ""Pakistan"" is a LOCATION, as is ""Arabian Sea."" Similarly, ""Karachi"" and ""Gwadar"" are both cities and thus classified as LOCATIONs.

Although ""Pakistan's Arabian Sea coast"" seems like a LOCATION phrase, it's best to isolate the primary entities: Pakistan, Arabian Sea, Karachi, and Gwadar. ""Arabian Sea coast"" isn't quite a named entity. **Clarifying entity extraction**

I need to confirm the entities. There's no ORGANIZATION, ART, BUILDING, PERSON, or PRODUCT in the text. The focus is on extracting named entities like ""Arabian Sea"". 

For sure, we’ll include ""Gonu,"" ""Pakistan,"" ""Arabian Sea,"" ""Karachi,"" and ""Gwadar."" ""Pakistan's"" shows the possessive form, but I can extract ""Pakistan"" effectively. The instruction asks for the exact text span, so I wonder if I should stick to ""Pakistan's"" or just go with ""Pakistan"". Using the base entity name might be safer, but they want precision in the span. **Finalizing named entity extraction**

I need to clarify my approach to extracting named entities. Even though ""Pakistan"" is part of ""Pakistan's,"" the substring ""Pakistan"" can still be extracted without the possessive marker. That’s acceptable.

Similarly, ""Arabian Sea"" is a substring of ""Arabian Sea coast,"" so I’ll definitely use ""Arabian Sea."" I’ll also extract ""Karachi"" and ""Gwadar."" 

Now, it's important to format everything correctly as a JSON array, making sure to quote properly and follow the prompt. The final output will look like this:

[
  {""text"": ""Gonu"", ""value"": ""EVENT""},
  {""text"": ""Pakistan"", ""value"": ""LOCATION""},
  {""text"": ""Arabian Sea"", ""value"": ""LOCATION""},
  {""text"": ""Karachi"", ""value"": ""LOCATION""},
  {""text"": ""Gwadar"", ""value"": ""LOCATION""}
]","Entities: [{""text"": ""Gonu"", ""value"": ""EVENT""}, {""text"": ""Pakistan"", ""value"": ""LOCATION""}, {""text"": ""Arabian Sea"", ""value"": ""LOCATION""}, {""text"": ""Karachi"", ""value"": ""LOCATION""}, {""text"": ""Gwadar"", ""value"": ""LOCATION""}]","**Evaluating entity text span**

I’m considering how entities are generally proper names, and I should include the possessive if the substring matches exactly. The instruction specifically calls for ""entity text span,"" so I should find the exact substring as it appears. However, it's better to choose ""Pakistan"" alone since the possessive form might not qualify as part of the entity. The text does contain ""Pakistan,"" but I'll stick to using just ""Pakistan"" for accuracy. **Determining entity text span**

Okay, so the task is focused on ""entity text span."" Many previous tasks asked for the exact span as it appears in the text, so I'm considering if I should keep ""Pakistan's"" as part of that. However, that would classify it as LOCATION. Meanwhile, ""Arabian Sea"" and both ""Karachi"" and ""Gwadar"" are exact matches, while ""coast"" is not.

I note that ""Gonu"" is also an exact match, and I’ll list the entity types: ART, BUILDING, EVENT, LOCATION, ORGANIZATION, OTHER, PERSON, and PRODUCT. So, I’d format them all in a JSON array as specified by the user. **Finalizing entity output**

I see the example shows ""Entities: [{""text"": ""entity text span"", ""value"": ""entity type""},],"" which suggests that a trailing comma is allowed. However, I think it’s better not to include one. 

So, I’ll produce the entities like this: 

Entities: [
  {""text"": ""Gonu"", ""value"": ""EVENT""},
  {""text"": ""Pakistan"", ""value"": ""LOCATION""},
  {""text"": ""Arabian Sea"", ""value"": ""LOCATION""},
  {""text"": ""Karachi"", ""value"": ""LOCATION""},
  {""text"": ""Gwadar"", ""value"": ""LOCATION""}
]

Choosing ""Pakistan"" avoids issues with the apostrophe, and I think that's perfectly fine. Let's finalize this!"
"The Croal Irwell Regional Park Project Proposal to breathe new life into the land from the heart of Manchester to the West Pennine Moors was unveiled in June 2003 with backing from Salford, Bury and Bolton councils and the Red Rose Forest.","The Croal Irwell Regional Park Project Proposal to create a green artery from the centre of Manchester to the West Pennine Moors was announced in June 2003 supported by Salford, Bury and Bolton councils and the Red Rose Forest.","[{'text': 'Croal Irwell Regional Park Project Proposal', 'value': 'PRODUCT'}, {'text': 'Manchester', 'value': 'LOCATION'}, {'text': 'West Pennine Moors', 'value': 'LOCATION'}, {'text': 'Salford', 'value': 'LOCATION'}, {'text': 'Bury', 'value': 'LOCATION'}, {'text': 'Bolton', 'value': 'LOCATION'}, {'text': 'Red Rose Forest', 'value': 'ORGANIZATION'}]","[{'Croal Irwell Regional Park Project Proposal': 'PRODUCT'}, {'Manchester': 'LOCATION'}, {'West Pennine Moors': 'LOCATION'}, {'Salford': 'LOCATION'}, {'Bury': 'LOCATION'}, {'Bolton': 'LOCATION'}, {'Red Rose Forest': 'ORGANIZATION'}]","[{'The Croal Irwell Regional Park Project Proposal': 'ART'}, {'Croal Irwell Regional Park': 'LOCATION'}, {'Manchester': 'LOCATION'}, {'West Pennine Moors': 'LOCATION'}, {'June 2003': 'OTHER'}, {'Salford, Bury and Bolton councils': 'ORGANIZATION'}, {'Red Rose Forest': 'ORGANIZATION'}]","[{'Croal Irwell Regional Park Project Proposal': 'OTHER'}, {'Croal Irwell Regional Park': 'LOCATION'}, {'Manchester': 'LOCATION'}, {'West Pennine Moors': 'LOCATION'}, {'Salford': 'ORGANIZATION'}, {'Bury': 'ORGANIZATION'}, {'Bolton': 'ORGANIZATION'}, {'Red Rose Forest': 'ORGANIZATION'}]",39,idiom,"Entities: [
  {""text"": ""The Croal Irwell Regional Park Project Proposal"", ""value"": ""ART""},
  {""text"": ""Croal Irwell Regional Park"", ""value"": ""LOCATION""},
  {""text"": ""Manchester"", ""value"": ""LOCATION""},
  {""text"": ""West Pennine Moors"", ""value"": ""LOCATION""},
  {""text"": ""June 2003"", ""value"": ""OTHER""},
  {""text"": ""Salford, Bury and Bolton councils"", ""value"": ""ORGANIZATION""},
  {""text"": ""Red Rose Forest"", ""value"": ""ORGANIZATION""}
]","**Considering entity types**

I’m wondering about whether to include ""The"" in the entity. The instruction mentions ""text span,"" which suggests I should keep it as precisely as possible, maybe using ""The Croal Irwell Regional Park Project Proposal."" However, they might prefer just ""Croal Irwell Regional Park Project Proposal."" It looks like an official document, so labeling it as ART seems appropriate. It could also be viewed as a LOCATION, but ""Project Proposal"" feels subordinate. If I include both, it would create nested entities, which might be fine. **Crafting final entity list**

I’m putting together a final list of entities. For ""The Croal Irwell Regional Park Project Proposal,"" I think it fits best as ART. ""Croal Irwell Regional Park,"" ""Manchester,"" ""West Pennine Moors,"" and ""Salford"" all seem like LOCATIONS, but since the context talks about ""councils,"" it might make sense to mark Salford as an ORGANIZATION. The same goes for Bury and Bolton. However, I'll consolidate ""Salford, Bury, and Bolton councils"" as an ORGANIZATION, while noting they might also want each one listed separately. **Building the entities list**

I’m figuring out the best way to extract entities. Combining names might work, but we could end up missing some that need to be listed separately. Maybe I can include both combined phrases and individual names, but that might double count. However, I’m not asked to avoid duplicates, so it’s okay. 

Here’s my list: 
- ""Croal Irwell Regional Park"" as LOCATION
- ""The Croal Irwell Regional Park Project Proposal"" as ART
- ""Manchester,"" ""West Pennine Moors,"" as LOCATIONS
- ""Salford, Bury and Bolton councils"" as ORGANIZATION
- ""Red Rose Forest"" as ORGANIZATION
- ""June 2003"" as OTHER, since the instructions allow for that. **Considering temporal expressions**

I’m mulling over how to handle temporal expressions like ""June 2003."" Some tasks classify time as named entities, but the sample categories don’t explicitly include DATE. However, they do include OTHER, which seems to fit. I think it’s safe to include ""June 2003"" as OTHER, even if it’s a date. The user mentioned that possible entity types include OTHER, so it seems acceptable. 

I'll also make sure the JSON format is valid, maintaining proper quoting and separation for the entities. For example, I'll check if ""The Croal Irwell Regional Park Project Proposal"" is quoted correctly. **Finalizing the entities JSON**

I’m confirming the entities I need to include: ""Manchester,"" ""West Pennine Moors,"" ""June 2003,"" ""Salford, Bury and Bolton councils,"" and ""Red Rose Forest."" They’re all accounted for, and the order doesn’t seem to matter. 

The user specified the format for the Entities JSON array. Here’s how I’ll categorize them: ""The Croal Irwell Regional Park Project Proposal"" as ART, ""Croal Irwell Regional Park,"" ""Manchester,"" ""West Pennine Moors"" as LOCATIONS, ""Salford, Bury and Bolton councils,"" and ""Red Rose Forest"" as ORGANIZATIONS, with ""June 2003"" marked as OTHER. I’ll include everything in a single line while being careful with the phrasing. Let's go!","Entities: [
  {""text"": ""Croal Irwell Regional Park Project Proposal"", ""value"": ""OTHER""},
  {""text"": ""Croal Irwell Regional Park"", ""value"": ""LOCATION""},
  {""text"": ""Manchester"", ""value"": ""LOCATION""},
  {""text"": ""West Pennine Moors"", ""value"": ""LOCATION""},
  {""text"": ""Salford"", ""value"": ""ORGANIZATION""},
  {""text"": ""Bury"", ""value"": ""ORGANIZATION""},
  {""text"": ""Bolton"", ""value"": ""ORGANIZATION""},
  {""text"": ""Red Rose Forest"", ""value"": ""ORGANIZATION""}
]","**Analyzing project proposal entities**

I'm considering the project proposal and thinking of it as an EVENT. I should treat ""Croal Irwell Regional Park"" as a LOCATION. Then there are various locations like Manchester and West Pennine Moors. The date mentioned (June 2003) isn't relevant for extraction. ""Salford"" seems like a city or council, and since it mentions ""supported by Salford, Bury and Bolton councils,"" I'd identify these as ORGANIZATIONS. I should split these into three distinct entities rather than combining them to keep clarity. **Clarifying entity extraction**

So, there's no explicit term ""Salford Council"", just the phrase ""Salford, Bury and Bolton councils"", creating some ambiguity. I need to decide whether to classify ""Salford"", ""Bury"", and ""Bolton"" as LOCATIONS or ORGANIZATIONS. Even without ""council"" in each instance, they're intended as ORGANIZATIONS. As for ""Red Rose Forest,"" it seems more like an initiative, which suggests it should also be categorized as an ORGANIZATION instead of a LOCATION, given its branding context in Greater Manchester. **Labeling entities accurately**

I'm analyzing ""the Red Rose Forest,"" which I see as a proper entity and would categorize as an ORGANIZATION. Then there's the ""Croal Irwell Regional Park Project Proposal."" It's a bit tricky to label this, since ""Project Proposal"" isn't really an event, even though it involves an announcement. It's more of a document, but I could think of it as ART. However, considering their document nature, I think I'll classify ""Croal Irwell Regional Park"" as a LOCATION and the proposal as either EVENT or OTHER. **Determining proper entity classifications**

I'm considering some NER benchmarks where ""project"" might be classified as an ORGANIZATION, but not in this case. For ""centre of Manchester,"" I'll go with just Manchester. Regarding ""Croal Irwell,"" I notice it's not ""Croal and Irwell""; I should stick with ""Croal Irwell."" 

So, my final list is:  
- Croal Irwell Regional Park as a LOCATION,  
- Croal Irwell Regional Park Project Proposal as an EVENT,  
- Manchester as a LOCATION,  
- West Pennine Moors as a LOCATION,  
- Ignoring June 2003 since it doesn’t fit any category,  
- For Salford Council, I'll just tag ""Salford"" as an ORGANIZATION since the text context supports it. **Structuring entity classifications**

I’m thinking about ""Bury"" and ""Bolton,"" which I will also label as ORGANIZATIONS. For ""Red Rose Forest,"" that’s clearly an ORGANIZATION. Looking at the phrase ""Croal Irwell Regional Park Project Proposal,"" since ""Project Proposal"" is capitalized, it seems to be a named proposal, so I'll classify it as an EVENT or OTHER. It still seems safer to go with OTHER. 

I’ll include locations like ""Croal Irwell Regional Park,"" ""Manchester,"" and ""West Pennine Moors"" as LOCATIONS. For ""Salford,"" ""Bury,"" and ""Bolton,"" I’ll categorize them as ORGANIZATIONS. 

Next, I’ll prepare the JSON output with these entities while ensuring we avoid duplicates and maintain the order."
Elin Hilderbrand is an American novelist mostly in the genre of romance.,Elin Hilderbrand is an American writer mostly of romance novels.,"[{'text': 'Elin Hilderbrand', 'value': 'PERSON'}, {'text': 'American', 'value': 'LOCATION'}]","[{'Elin Hilderbrand': 'PERSON'}, {'American': 'LOCATION'}]",[{'Elin Hilderbrand': 'PERSON'}],[{'Elin Hilderbrand': 'PERSON'}],5,hypernym,"Entities: [{""text"": ""Elin Hilderbrand"", ""value"": ""PERSON""}]",,"Entities: [{""text"": ""Elin Hilderbrand"", ""value"": ""PERSON""}]","**Clarifying JSON formatting**

I'm focusing on the prompt that mentions a JSON format with a trailing comma, like: ""Entities: [{""text"": ""entity text span"", ""value"": ""entity type""},]"". I realize I shouldn't include a trailing comma if there's only one object. It's a little ambiguous, but I'll aim to produce a valid JSON array without any mistakes. I need to make sure everything is precise and clear while keeping it in line with valid formatting."
"The Croal Irwell Regional Park Project Proposal to create a green route from the centre of Manchester to the West Pennine Moors was announced in June 2003 supported by Salford, Bury and Bolton councils and the Red Rose Forest.","The Croal Irwell Regional Park Project Proposal to create a green artery from the centre of Manchester to the West Pennine Moors was announced in June 2003 supported by Salford, Bury and Bolton councils and the Red Rose Forest.","[{'text': 'Croal Irwell Regional Park Project Proposal', 'value': 'PRODUCT'}, {'text': 'Manchester', 'value': 'LOCATION'}, {'text': 'West Pennine Moors', 'value': 'LOCATION'}, {'text': 'Salford', 'value': 'LOCATION'}, {'text': 'Bury', 'value': 'LOCATION'}, {'text': 'Bolton', 'value': 'LOCATION'}, {'text': 'Red Rose Forest', 'value': 'ORGANIZATION'}]","[{'Croal Irwell Regional Park Project Proposal': 'PRODUCT'}, {'Manchester': 'LOCATION'}, {'West Pennine Moors': 'LOCATION'}, {'Salford': 'LOCATION'}, {'Bury': 'LOCATION'}, {'Bolton': 'LOCATION'}, {'Red Rose Forest': 'ORGANIZATION'}]","[{'The Croal Irwell Regional Park Project Proposal': 'EVENT'}, {'Croal Irwell Regional Park': 'LOCATION'}, {'Manchester': 'LOCATION'}, {'West Pennine Moors': 'LOCATION'}, {'Salford, Bury and Bolton councils': 'ORGANIZATION'}, {'Red Rose Forest': 'ORGANIZATION'}]","[{'Croal Irwell Regional Park Project Proposal': 'OTHER'}, {'Croal Irwell Regional Park': 'LOCATION'}, {'Manchester': 'LOCATION'}, {'West Pennine Moors': 'LOCATION'}, {'Salford': 'ORGANIZATION'}, {'Bury': 'ORGANIZATION'}, {'Bolton': 'ORGANIZATION'}, {'Red Rose Forest': 'ORGANIZATION'}]",39,hypernym,"Entities: [{""text"": ""The Croal Irwell Regional Park Project Proposal"", ""value"": ""EVENT""}, {""text"": ""Croal Irwell Regional Park"", ""value"": ""LOCATION""}, {""text"": ""Manchester"", ""value"": ""LOCATION""}, {""text"": ""West Pennine Moors"", ""value"": ""LOCATION""}, {""text"": ""Salford, Bury and Bolton councils"", ""value"": ""ORGANIZATION""}, {""text"": ""Red Rose Forest"", ""value"": ""ORGANIZATION""}]","**Categorizing locations and organizations**

I'm thinking about tagging elements here. First, ""Manchester"" is a city, so I'll tag that as a LOCATION. The ""West Pennine Moors"" is a geographic area and fits as another LOCATION. 

Now, for ""Salford, Bury, and Bolton councils,"" I see these refer to local councils, which are organizations. I'll extract these as three separate ORGANIZATION entities. So, it looks like I'll go with ""Salford Council,"" ""Bury Council,"" and ""Bolton Council."" It's important to handle these correctly! **Extracting entities carefully**

I'm considering how to include ""Salford Council,"" ""Bury Council,"" and ""Bolton Council,"" even if ""Council"" isn't explicitly next to each name. The goal is to preserve text spans as they occur in the original text, which is important. 

The entities list should take the form of: [{""text"": ""entity text span"", ""value"": ""entity type""}]. I believe we’ll tag ""Salford,"" ""Bury,"" ""Bolton,"" or the composite ""Salford, Bury and Bolton councils."" However, tagging ""Salford"" as an ORGANIZATION could be ambiguous since it’s also a city, so I think it's best to go with the composite version. **Identifying organizational types**

I’m looking at how to categorize these entities properly. Since we’re dealing with multiple organizations, I think it’s best to list three separate entries: ""Salford,"" ""Bury,"" and ""Bolton,"" all tagged as ORGANIZATIONS.

Now, Red Rose Forest—this is indeed an organization related to community forest initiatives, so I'll mark that as ORGANIZATION too.

As for ""Croal Irwell Regional Park,"" it seems to refer to both a project and a location. I'll consider it as a LOCATION, especially when referring to the ""Croal Irwell Regional Park Project Proposal,"" but I may have to decide how best to format that. **Navigating entity extraction**

I'm contemplating the best way to include both the proposal and the park in my entity extraction. It seems logical to capture the proposal as an EVENT and the park as a LOCATION. The string ""Croal Irwell Regional Park"" is embedded, so I’ll extract it as well. 

However, double counting is a concern. I think I’ll extract ""The Croal Irwell Regional Park Project Proposal"" as an EVENT and ""Croal Irwell Regional Park"" as a LOCATION. 

As for ""centre of Manchester,"" I'd likely just tag it as ""Manchester"" for LOCATION. Also, ""West Pennine Moors"" is clearly another LOCATION. I'm not sure about ""Project Proposal"" as a product, though. **Extracting and formatting entities**

I'm finalizing the extraction of named entities from the text. I’ve decided on the following:

1. The ""The Croal Irwell Regional Park Project Proposal"" will be tagged as an EVENT.
2. ""Croal Irwell Regional Park,"" ""Manchester,"" and ""West Pennine Moors"" are all categorized as LOCATIONS.
3. ""Salford, Bury and Bolton councils"" will be an ORGANIZATION entity.
4. ""Red Rose Forest"" is also classified as an ORGANIZATION.

I'll structure these findings in the required JSON format without any additional commentary. Here it is:

Entities: [
{""text"": ""The Croal Irwell Regional Park Project Proposal"", ""value"": ""EVENT""},
{""text"": ""Croal Irwell Regional Park"", ""value"": ""LOCATION""},
{""text"": ""Manchester"", ""value"": ""LOCATION""},
{""text"": ""West Pennine Moors"", ""value"": ""LOCATION""},
{""text"": ""Salford, Bury and Bolton councils"", ""value"": ""ORGANIZATION""},
{""text"": ""Red Rose Forest"", ""value"": ""ORGANIZATION""}
]","Entities: [
  {""text"": ""Croal Irwell Regional Park Project Proposal"", ""value"": ""OTHER""},
  {""text"": ""Croal Irwell Regional Park"", ""value"": ""LOCATION""},
  {""text"": ""Manchester"", ""value"": ""LOCATION""},
  {""text"": ""West Pennine Moors"", ""value"": ""LOCATION""},
  {""text"": ""Salford"", ""value"": ""ORGANIZATION""},
  {""text"": ""Bury"", ""value"": ""ORGANIZATION""},
  {""text"": ""Bolton"", ""value"": ""ORGANIZATION""},
  {""text"": ""Red Rose Forest"", ""value"": ""ORGANIZATION""}
]","**Analyzing project proposal entities**

I'm considering the project proposal and thinking of it as an EVENT. I should treat ""Croal Irwell Regional Park"" as a LOCATION. Then there are various locations like Manchester and West Pennine Moors. The date mentioned (June 2003) isn't relevant for extraction. ""Salford"" seems like a city or council, and since it mentions ""supported by Salford, Bury and Bolton councils,"" I'd identify these as ORGANIZATIONS. I should split these into three distinct entities rather than combining them to keep clarity. **Clarifying entity extraction**

So, there's no explicit term ""Salford Council"", just the phrase ""Salford, Bury and Bolton councils"", creating some ambiguity. I need to decide whether to classify ""Salford"", ""Bury"", and ""Bolton"" as LOCATIONS or ORGANIZATIONS. Even without ""council"" in each instance, they're intended as ORGANIZATIONS. As for ""Red Rose Forest,"" it seems more like an initiative, which suggests it should also be categorized as an ORGANIZATION instead of a LOCATION, given its branding context in Greater Manchester. **Labeling entities accurately**

I'm analyzing ""the Red Rose Forest,"" which I see as a proper entity and would categorize as an ORGANIZATION. Then there's the ""Croal Irwell Regional Park Project Proposal."" It's a bit tricky to label this, since ""Project Proposal"" isn't really an event, even though it involves an announcement. It's more of a document, but I could think of it as ART. However, considering their document nature, I think I'll classify ""Croal Irwell Regional Park"" as a LOCATION and the proposal as either EVENT or OTHER. **Determining proper entity classifications**

I'm considering some NER benchmarks where ""project"" might be classified as an ORGANIZATION, but not in this case. For ""centre of Manchester,"" I'll go with just Manchester. Regarding ""Croal Irwell,"" I notice it's not ""Croal and Irwell""; I should stick with ""Croal Irwell."" 

So, my final list is:  
- Croal Irwell Regional Park as a LOCATION,  
- Croal Irwell Regional Park Project Proposal as an EVENT,  
- Manchester as a LOCATION,  
- West Pennine Moors as a LOCATION,  
- Ignoring June 2003 since it doesn’t fit any category,  
- For Salford Council, I'll just tag ""Salford"" as an ORGANIZATION since the text context supports it. **Structuring entity classifications**

I’m thinking about ""Bury"" and ""Bolton,"" which I will also label as ORGANIZATIONS. For ""Red Rose Forest,"" that’s clearly an ORGANIZATION. Looking at the phrase ""Croal Irwell Regional Park Project Proposal,"" since ""Project Proposal"" is capitalized, it seems to be a named proposal, so I'll classify it as an EVENT or OTHER. It still seems safer to go with OTHER. 

I’ll include locations like ""Croal Irwell Regional Park,"" ""Manchester,"" and ""West Pennine Moors"" as LOCATIONS. For ""Salford,"" ""Bury,"" and ""Bolton,"" I’ll categorize them as ORGANIZATIONS. 

Next, I’ll prepare the JSON output with these entities while ensuring we avoid duplicates and maintain the order."
He proceeded to oversee Kim Fowley and the BMX Bandits (band) Receiver Records' album ``Hidden Agenda At the Thirteenth Not``.,He went on to produce Kim Fowley and the BMX Bandits (band) Receiver Records' album ``Hidden Agenda At the Thirteenth Not``.,"[{'text': 'Kim Fowley', 'value': 'PERSON'}, {'text': 'BMX Bandits', 'value': 'ORGANIZATION'}, {'text': 'Receiver Records', 'value': 'ORGANIZATION'}, {'text': 'Hidden Agenda At the Thirteenth Not', 'value': 'ART'}]","[{'Kim Fowley': 'PERSON'}, {'BMX Bandits': 'ORGANIZATION'}, {'Receiver Records': 'ORGANIZATION'}, {'Hidden Agenda At the Thirteenth Not': 'ART'}]","[{'Kim Fowley': 'PERSON'}, {'BMX Bandits': 'ORGANIZATION'}, {'Receiver Records': 'ORGANIZATION'}, {'Hidden Agenda At the Thirteenth Not': 'ART'}]","[{'Kim Fowley': 'PERSON'}, {'BMX Bandits': 'ORGANIZATION'}, {'Receiver Records': 'ORGANIZATION'}, {'Hidden Agenda At the Thirteenth Not': 'ART'}]",25,hypernym,"Entities: [{""text"": ""Kim Fowley"", ""value"": ""PERSON""}, {""text"": ""BMX Bandits"", ""value"": ""ORGANIZATION""}, {""text"": ""Receiver Records"", ""value"": ""ORGANIZATION""}, {""text"": ""Hidden Agenda At the Thirteenth Not"", ""value"": ""ART""}]","**Extracting named entities**

I'm trying to extract named entities correctly. The prompt mentions ""BMX Bandits (band)"". While the ""(band)"" part isn't strictly part of the name, many NER tasks would consider it relevant. The user likely expects ""BMX Bandits"" classified as an ORGANIZATION, which fits since it's a musical group. Even if it’s awkward with ""the BMX Bandits (band) Receiver Records' album,"" I'm focused on including ""BMX Bandits"" for clarity. Receiver Records seems like another ORGANIZATION, while ""Hidden Agenda At the Thirteenth Not"" would fall under ART. **Clarifying entity extraction**

I'm working on properly extracting entities from the given text. It seems that we're categorizing artworks like albums under ART. For ""BMX Bandits (band),"" I think I should include both forms, but focusing on just ""BMX Bandits"" seems safer. I want to follow the instruction to include the exact text as it appears, which makes me think about including things like punctuation. With ""Receiver Records',"" I should probably drop the apostrophe to avoid matching issues even though it's possessive. I guess including ""Receiver Records"" without the trailing apostrophe makes sense here. **Organizing entity types**

I'm trying to match the text for entity extraction. Previous tasks have used cleaner names, so I can list them as: ""BMX Bandits,"" ""Receiver Records,"" ""Hidden Agenda At the Thirteenth Not,"" and ""Kim Fowley."" I confirm the types: ""Kim Fowley"" fits as a PERSON, while ""BMX Bandits"" and ""Receiver Records"" are ORGANIZATIONs, and ""Hidden Agenda At the Thirteenth Not"" is ART. Even though there’s a potential typo with ""Not,"" I'll leave it as is. The final output will be a JSON array without additional narrative, focusing just on the entities. **Preparing output for entities**

I’m considering whether the user wants ""BMX Bandits (band)"" specifically, but including both could be redundant. I think it's best to keep just the clean name for clarity. I want to format it correctly with double quotes and follow the provided instruction carefully, which mentioned starting with ""Entities: "". I'll respond with the entities array in one line, ensuring it begins with that exact prefix as requested. So, I’ll prepare the output to include entities like ""Kim Fowley"" as a PERSON.","Entities: [
  {""text"": ""Kim Fowley"", ""value"": ""PERSON""},
  {""text"": ""BMX Bandits"", ""value"": ""ORGANIZATION""},
  {""text"": ""Receiver Records"", ""value"": ""ORGANIZATION""},
  {""text"": ""Hidden Agenda At the Thirteenth Not"", ""value"": ""ART""}
]",
"The B-52 aircrew member, Major Larry G.Messinger, later recalled,","The B-52 pilot, Major Larry G.Messinger, later recalled,","[{'text': 'B-52', 'value': 'PRODUCT'}, {'text': 'Larry G.Messinger', 'value': 'PERSON'}]","[{'B-52': 'PRODUCT'}, {'Larry G.Messinger': 'PERSON'}]","[{'B-52': 'PRODUCT'}, {'Major Larry G.Messinger': 'PERSON'}]","[{'B-52': 'PRODUCT'}, {'Major Larry G.Messinger': 'PERSON'}]",3,hypernym,"Entities: [{""text"": ""B-52"", ""value"": ""PRODUCT""}, {""text"": ""Major Larry G.Messinger"", ""value"": ""PERSON""}]",,"Entities: [{""text"": ""B-52"", ""value"": ""PRODUCT""}, {""text"": ""Major Larry G.Messinger"", ""value"": ""PERSON""}]","**Ensuring JSON validity**

I'm thinking about ensuring the JSON format is valid, since trailing commas aren't allowed. I need to make sure I provide a proper string. Let's work on crafting the final version. It's worth noting that they might expect ""B-52"" to be categorized as either PRODUCT or OTHER, but I’ve decided to use PRODUCT. Okay, I'm moving forward with that!"
"During the Battle of Antietam on September 17, 1862, Wilkinson was incapacitated and forced to serve the remainder of the war as an officer in the Veterans Reserve Corps.","During the Battle of Antietam on September 17, 1862, Wilkinson was injured and forced to serve the remainder of the war as an officer in the Veterans Reserve Corps.","[{'text': 'Battle of Antietam', 'value': 'EVENT'}, {'text': 'Wilkinson', 'value': 'PERSON'}, {'text': 'Veterans Reserve Corps', 'value': 'ORGANIZATION'}]","[{'Battle of Antietam': 'EVENT'}, {'Wilkinson': 'PERSON'}, {'Veterans Reserve Corps': 'ORGANIZATION'}]","[{'Battle of Antietam': 'EVENT'}, {'September 17, 1862': 'OTHER'}, {'Wilkinson': 'PERSON'}, {'Veterans Reserve Corps': 'ORGANIZATION'}]","[{'Battle of Antietam': 'EVENT'}, {'September 17, 1862': 'OTHER'}, {'Wilkinson': 'PERSON'}, {'Veterans Reserve Corps': 'ORGANIZATION'}]",17,hypernym,"Entities: [{""text"": ""Battle of Antietam"", ""value"": ""EVENT""}, {""text"": ""September 17, 1862"", ""value"": ""OTHER""}, {""text"": ""Wilkinson"", ""value"": ""PERSON""}, {""text"": ""Veterans Reserve Corps"", ""value"": ""ORGANIZATION""}]","**Extracting Named Entities**

I need to extract named entities from a given text, focusing on types like ART, BUILDING, EVENT, LOCATION, ORGANIZATION, OTHER, PERSON, and PRODUCT. In the text, I found ""Battle of Antietam"" classified as an EVENT. For ""September 17, 1862,"" I'm uncertain how to classify it since dates aren't listed in the provided types. I might consider it as OTHER, despite some ambiguity about whether dates typically fit there. It's tricky balancing guidelines on entity extraction! **Evaluating Named Entities**

I’m diving deeper into named entity extraction. Typically, DATE would be included, but since it’s not listed, I wonder if I should classify it as OTHER to avoid ambiguity. They may expect only clear entities like persons, organizations, and events. For my findings, I can classify ""Wilkinson"" as a PERSON, ""Veterans Reserve Corps"" as an ORGANIZATION since it's military, and ""Battle of Antietam"" as an EVENT. So, I should output the entities in a JSON format with the right casing. Let's do that! **Finalizing Entity Extraction**

The instruction clearly states to provide the entities as ""Entities: [...]"" I'll make sure to get the punctuation and spacing just right. I want to include the four identified entities. I considered if ""Battle of Antietam"" might fit as a LOCATION, but since it’s an event, I’ll stick with my previous classification. Now, I just need to finalize the structure of my answer so it meets the format requirements. Let’s get it done!","Entities: [
  {""text"": ""Battle of Antietam"", ""value"": ""EVENT""},
  {""text"": ""September 17, 1862"", ""value"": ""OTHER""},
  {""text"": ""Wilkinson"", ""value"": ""PERSON""},
  {""text"": ""Veterans Reserve Corps"", ""value"": ""ORGANIZATION""}
]",
"The ultimate season of baseball play Elkin Memorial Park saw season attendance of 16,322, an average of 299 per contest.","The final season of minor league play Elkin Memorial Park saw season attendance of 16,322, an average of 299 per contest.","[{'text': 'Elkin Memorial Park', 'value': 'LOCATION'}]",[{'Elkin Memorial Park': 'LOCATION'}],[{'Elkin Memorial Park': 'LOCATION'}],[{'Elkin Memorial Park': 'BUILDING'}],1,hypernym,"[{""text"": ""Elkin Memorial Park"", ""value"": ""LOCATION""}]","**Extracting named entities**

I need to identify named entities from the given text, which includes various types such as ART, BUILDING, EVENT, LOCATION, ORGANIZATION, OTHER, PERSON, and PRODUCT. The text mentions ""Elkin Memorial Park,"" which fits as a LOCATION since it's a park, though it could also be a BUILDING. However, there aren’t any other identifiable events or organizations in the text. Thus, the only entity is {""text"": ""Elkin Memorial Park"", ""value"": ""LOCATION""}. **Determining entity classification**

I'm evaluating how to classify named entities and considering that many NER taggers identify parks as LOCATION, while BUILDING typically refers to structures but not parks. I lean towards LOCATION for Elkin Memorial Park. The terms ""baseball"" and ""season"" don't actually classify as entities. I am thinking the phrasing may be awkward, suggesting it should say, ""The ultimate season of baseball play at Elkin Memorial Park..."" I’ll aim for a clear JSON output, keeping it minimal for delivery.","[{""text"":""Elkin Memorial Park"",""value"":""BUILDING""}]","**Extracting named entities**

I need to extract named entities from the text. We're focusing on types like ART, BUILDING, EVENT, LOCATION, ORGANIZATION, PERSON, and PRODUCT. 

From the phrase, ""The final season of minor league play,"" I consider it an EVENT but it's not a specific entity. However, ""Elkin Memorial Park"" is definitely a proper noun, fitting as a BUILDING or LOCATION. I think LOCATION is more appropriate since a park is a place rather than a building, which is usually for structures. **Classifying ""Elkin Memorial Park""**

Since ""Elkin Memorial Park"" likely refers to a baseball park or stadium, I’m considering it for classification as either LOCATION or BUILDING. Generally, stadiums are labeled as LOCATION or FACILITY. Although ""building"" might be correct, since a park is typically a physical place, the dataset might define ""BUILDING"" to include venues like stadiums. I'm leaning toward BUILDING, but I'll choose LOCATION to play it safe. In the end, I can see this one entity as either type, but I'll go with LOCATION. **Formatting JSON output**

I’m considering that ""final season"" might just be a description, not a proper event name. So, for the output, I’ll create a JSON array with one object, using ""Elkin Memorial Park"" as the text and categorizing it as ""BUILDING."" 

This results in the following format:  
[{""text"": ""Elkin Memorial Park"", ""value"": ""BUILDING""}]. 

Alright, now I have my JSON ready to go!"
"He was born in Wellingborough, Northamptonshire, where he studied at Victoria Junior School, Westfield Boys School and Sir Christopher Hatton School.","He was born in Wellingborough, Northamptonshire, where he attended Victoria Junior School, Westfield Boys School and Sir Christopher Hatton School.","[{'text': 'Wellingborough', 'value': 'LOCATION'}, {'text': 'Northamptonshire', 'value': 'LOCATION'}, {'text': 'Victoria Junior School', 'value': 'ORGANIZATION'}, {'text': 'Westfield Boys School', 'value': 'ORGANIZATION'}, {'text': 'Sir Christopher Hatton School', 'value': 'ORGANIZATION'}]","[{'Wellingborough': 'LOCATION'}, {'Northamptonshire': 'LOCATION'}, {'Victoria Junior School': 'ORGANIZATION'}, {'Westfield Boys School': 'ORGANIZATION'}, {'Sir Christopher Hatton School': 'ORGANIZATION'}]","[{'Wellingborough': 'LOCATION'}, {'Northamptonshire': 'LOCATION'}, {'Victoria Junior School': 'ORGANIZATION'}, {'Westfield Boys School': 'ORGANIZATION'}, {'Sir Christopher Hatton School': 'ORGANIZATION'}]","[{'Wellingborough': 'LOCATION'}, {'Northamptonshire': 'LOCATION'}, {'Victoria Junior School': 'ORGANIZATION'}, {'Westfield Boys School': 'ORGANIZATION'}, {'Sir Christopher Hatton School': 'ORGANIZATION'}]",11,hypernym,"[{""text"":""Wellingborough"",""value"":""LOCATION""},{""text"":""Northamptonshire"",""value"":""LOCATION""},{""text"":""Victoria Junior School"",""value"":""ORGANIZATION""},{""text"":""Westfield Boys School"",""value"":""ORGANIZATION""},{""text"":""Sir Christopher Hatton School"",""value"":""ORGANIZATION""}]",,"Entities: [
  {""text"": ""Wellingborough"", ""value"": ""LOCATION""},
  {""text"": ""Northamptonshire"", ""value"": ""LOCATION""},
  {""text"": ""Victoria Junior School"", ""value"": ""ORGANIZATION""},
  {""text"": ""Westfield Boys School"", ""value"": ""ORGANIZATION""},
  {""text"": ""Sir Christopher Hatton School"", ""value"": ""ORGANIZATION""}
]",
"Glutamine synthetase processes ammonia produced by nitrate reduction, amino acid degradation, and photorespiration.","Glutamine synthetase uses ammonia produced by nitrate reduction, amino acid degradation, and photorespiration.","[{'text': 'Glutamine synthetase', 'value': 'OTHER'}, {'text': 'ammonia', 'value': 'OTHER'}, {'text': 'amino acid', 'value': 'OTHER'}]","[{'Glutamine synthetase': 'OTHER'}, {'ammonia': 'OTHER'}, {'amino acid': 'OTHER'}]","[{'Glutamine synthetase': 'OTHER'}, {'ammonia': 'OTHER'}, {'nitrate reduction': 'OTHER'}, {'amino acid degradation': 'OTHER'}, {'photorespiration': 'OTHER'}]","[{'Glutamine synthetase': 'PRODUCT'}, {'ammonia': 'PRODUCT'}, {'nitrate reduction': 'OTHER'}, {'amino acid degradation': 'OTHER'}, {'photorespiration': 'OTHER'}]",21,hypernym,"Entities: [
  {""text"": ""Glutamine synthetase"", ""value"": ""OTHER""},
  {""text"": ""ammonia"", ""value"": ""OTHER""},
  {""text"": ""nitrate reduction"", ""value"": ""OTHER""},
  {""text"": ""amino acid degradation"", ""value"": ""OTHER""},
  {""text"": ""photorespiration"", ""value"": ""OTHER""}
]","**Evaluating entity types**

I'm considering how to classify various entities like chemical names. I notice that terms like ""ammonia"" could be tagged as PRODUCT, but they might also fit under OTHER due to their chemical nature. For instance, ""glutamine synthetase"" feels more appropriate as OTHER rather than PRODUCT since it's a protein. I'm weighing options for each entity type and noting that many biological terms, despite not being traditionally named entities, should still be classified as OTHER. **Producing entity output**

I need to create a JSON array for entities, focusing on keeping it minimal. I'll define each entity with its text and type. Here’s what I’m planning to output: 

Entities:
[
  {""text"":""Glutamine synthetase"",""value"":""OTHER""},
  {""text"":""ammonia"",""value"":""OTHER""},
  {""text"":""nitrate reduction"",""value"":""OTHER""},
  {""text"":""amino acid degradation"",""value"":""OTHER""},
  {""text"":""photorespiration"",""value"":""OTHER""}
]

That looks good to me!","Entities: [{""text"": ""Glutamine synthetase"", ""value"": ""PRODUCT""}, {""text"": ""ammonia"", ""value"": ""PRODUCT""}, {""text"": ""nitrate reduction"", ""value"": ""OTHER""}, {""text"": ""amino acid degradation"", ""value"": ""OTHER""}, {""text"": ""photorespiration"", ""value"": ""OTHER""}]","**Extracting named entities**

I’m thinking about how to categorize named entities from the given text. The types include things like ART, BUILDING, EVENT, LOCATION, ORGANIZATION, OTHER, PERSON, and PRODUCT. For ""Glutamine synthetase,"" I'm considering whether it fits into PRODUCT, ORGANIZATION, or OTHER. It might lean towards OTHER since it’s an enzyme. ""Ammonia"" could also be PRODUCT or OTHER. However, things like ""nitrate reduction"" and ""photorespiration,"" while important, don't seem like named entities; they feel more like general terms. **Extracting named entities**

The task is to extract named entities, but there’s no defined type for chemicals, only PRODUCT or OTHER. Even without proper nouns, I’d categorize enzymes and processes as OTHER. For example, I could list: Glutamine synthetase, ammonia, nitrate reduction, amino acid degradation, and photorespiration. I wonder about mapping values, like ""Glutamine synthetase"" as OTHER and ""ammonia"" as PRODUCT. Typically, chemicals can fall under PRODUCT, so it might be safer to classify them that way. I'll keep this in mind while finalizing the output. **Mapping entities and classifications**

I'm thinking about how to categorize ""Glutamine synthetase,"" which is a protein enzyme. I might consider it a PRODUCT since it's a biomolecule, and ""ammonia"" is clearly a chemical, so it’s also a PRODUCT. For processes like nitrate reduction, amino acid degradation, and photorespiration, I should label those as OTHER. Although I could indicate ""nitrate"" as a chemical, it's part of the phrase ""nitrate reduction."" I'll extract ""ammonia"" for sure, while the others remain as processes. **Crafting the JSON array**

I need to create a JSON array for the entities as specified. It should look like this: Entities: [{""text"": ""entity text span"", ""value"": ""entity type""}]. I'll output it as one line, ensuring no extra formatting beyond what's requested. The prompt indicates I should share the Entities as a simple array, so I’ll keep that in mind. And yes, I should definitely categorize ""photorespiration"" as OTHER. Let’s get this formatted correctly!"
"The Ninth sustained a significant setback at the Conflict of Camulodunum under Quintus Petillius Cerialis in the uprising of Boudica (61), when most of the troops were annihilated in a catastrophic endeavor to liberate the surrounded city of Camulodunum (Colchester).","The Ninth suffered a serious defeat at the Battle of Camulodunum under Quintus Petillius Cerialis in the rebellion of Boudica (61), when most of the foot-soldiers were killed in a disastrous attempt to relieve the besieged city of Camulodunum (Colchester).","[{'text': 'Camulodunum', 'value': 'EVENT'}, {'text': 'Quintus Petillius Cerialis', 'value': 'PERSON'}, {'text': 'Boudica', 'value': 'EVENT'}, {'text': 'Camulodunum', 'value': 'LOCATION'}, {'text': 'Colchester', 'value': 'LOCATION'}]","[{'Camulodunum': 'EVENT'}, {'Quintus Petillius Cerialis': 'PERSON'}, {'Boudica': 'EVENT'}, {'Camulodunum': 'LOCATION'}, {'Colchester': 'LOCATION'}]","[{'The Ninth': 'ORGANIZATION'}, {'Conflict of Camulodunum': 'EVENT'}, {'Quintus Petillius Cerialis': 'PERSON'}, {'uprising of Boudica': 'EVENT'}, {'Boudica': 'PERSON'}, {'Camulodunum': 'LOCATION'}, {'Colchester': 'LOCATION'}]","[{'The Ninth': 'ORGANIZATION'}, {'Battle of Camulodunum': 'EVENT'}, {'Quintus Petillius Cerialis': 'PERSON'}, {'the rebellion of Boudica (61)': 'EVENT'}, {'Boudica': 'PERSON'}, {'Camulodunum': 'LOCATION'}, {'Colchester': 'LOCATION'}]",9,hypernym,"Entities: [
  {""text"": ""The Ninth"", ""value"": ""ORGANIZATION""},
  {""text"": ""Conflict of Camulodunum"", ""value"": ""EVENT""},
  {""text"": ""Quintus Petillius Cerialis"", ""value"": ""PERSON""},
  {""text"": ""uprising of Boudica"", ""value"": ""EVENT""},
  {""text"": ""Boudica"", ""value"": ""PERSON""},
  {""text"": ""Camulodunum"", ""value"": ""LOCATION""},
  {""text"": ""Colchester"", ""value"": ""LOCATION""}
]","**Finalizing title choice**

I'm thinking about the title for the ""Conflict of Camulodunum."" I initially considered adding clarification about Quintus Petillius Cerialis, but it seems simpler to keep it as just ""Conflict of Camulodunum."" This way, it’s straightforward and clean. Okay, I'll proceed with that final title.","Entities: [
  {""text"": ""The Ninth"", ""value"": ""ORGANIZATION""},
  {""text"": ""Battle of Camulodunum"", ""value"": ""EVENT""},
  {""text"": ""Quintus Petillius Cerialis"", ""value"": ""PERSON""},
  {""text"": ""the rebellion of Boudica (61)"", ""value"": ""EVENT""},
  {""text"": ""Boudica"", ""value"": ""PERSON""},
  {""text"": ""Camulodunum"", ""value"": ""LOCATION""},
  {""text"": ""Colchester"", ""value"": ""LOCATION""}
]","**Extracting named entities**

I'm focusing on extracting named entities from a provided text, identifying types like ART, BUILDING, EVENT, LOCATION, ORGANIZATION, OTHER, PERSON, and PRODUCT. 

In the sentence about the Ninth Legion, I see ""The Ninth"" likely refers to a military organization, so that counts as an ORGANIZATION. ""Battle of Camulodunum"" is an EVENT, while ""Quintus Petillius Cerialis"" and ""Boudica"" are both PEOPLE. Lastly, I note the year mentioned as ""61."" 

This process helps me clearly categorize all identified entities. **Evaluating event extraction**

I'm considering whether to include dates in the named entities. They're typically not categorized, so I might choose to skip them. However, ""rebellion of Boudica"" is clearly an EVENT, and I could include the year ""(61)"" as part of that. The extraction rules suggest including the exact text span from the original, so I could use ""the rebellion of Boudica (61)."" My final output should maintain the precise substring as it appears in the text for clarity. **Deciding on entity extraction**

I'm thinking we should include ""the rebellion of Boudica (61)"" as an EVENT. The phrase from the text has ""the,"" which may be optional, but it feels fitting to keep it in this context. However, ""rebellion of Boudica"" works as a canonical name too. 

Now, regarding ""Camulodunum,"" it shows up in two places. It’s definitely a LOCATION, and ""Colchester"" is a modern reference in parentheses, so I should consider including ""Camulodunum (Colchester)"" as it matches the text span directly. But I need to keep in mind that ""Battle of Camulodunum"" relates to the event, not the location. **Clarifying location extraction**

I'm recognizing ""city of Camulodunum (Colchester)"" as a LOCATION. I could extract it as a whole, ""Camulodunum (Colchester),"" which includes both names in the parentheses, so that works. However, I could also treat ""Camulodunum"" and ""Colchester"" as separate entities if needed, but generally speaking, it makes sense just to keep them together.

Now, regarding ""Battle of Camulodunum,"" that’s clearly an event, so I won't count ""Camulodunum"" again as a separate location within that event context. 

I see that using ""besieged city of Camulodunum (Colchester)"" introduces extra descriptive words, which might not be necessary for the extraction. It's best to streamline where possible. **Finalizing entity list**

For the entity extraction, I'm gathering my thoughts on the best way to approach this. 

I think I’ll go with ""Camulodunum (Colchester)"" as the LOCATION entity. That keeps it accurate based on the text, and I won't need to duplicate entities. Here’s the proposed list:

- The Ninth: ORGANIZATION
- Battle of Camulodunum: EVENT
- Quintus Petillius Cerialis: PERSON
- the rebellion of Boudica (61): EVENT
- Boudica: PERSON
- Camulodunum: LOCATION
- Colchester: LOCATION

Including Boudica twice is fine since she's relevant in both contexts. I'll keep my extraction clear while avoiding unnecessary redundancy! **Composing entity list**

I've settled on the following entities based on the text provided:

- The Ninth: ORGANIZATION
- Battle of Camulodunum: EVENT
- Quintus Petillius Cerialis: PERSON
- the rebellion of Boudica (61): EVENT
- Boudica: PERSON
- Camulodunum: LOCATION
- Colchester: LOCATION

Now, I'll format this list in the required JSON format:

Entities: [
  {""text"": ""The Ninth"", ""value"": ""ORGANIZATION""},
  {""text"": ""Battle of Camulodunum"", ""value"": ""EVENT""},
  {""text"": ""Quintus Petillius Cerialis"", ""value"": ""PERSON""},
  {""text"": ""the rebellion of Boudica (61)"", ""value"": ""EVENT""},
  {""text"": ""Boudica"", ""value"": ""PERSON""},
  {""text"": ""Camulodunum"", ""value"": ""LOCATION""},
  {""text"": ""Colchester"", ""value"": ""LOCATION""}
]"
She has also authored literature and her work has earned accolades.,She has also written fiction and her work has gained awards.,[],[],[],[],29,hypernym,Entities: [],"**Following output guidelines**

I understand I should output ""Entities: []"" to follow the requested format precisely. I’m considering whether ""literature"" could be categorized as ART, but it isn’t a named piece. The instruction specifies to extract only named entities, so that leads me to finalize with: Entities: []. I think it’s best to avoid special formatting like markdown and simply deliver this line without any extra styling.",Entities: [],"**Extracting named entities**

I need to extract named entities from the provided text, but it seems there aren’t any explicit named entities present. ""She"" is just a pronoun, and ""fiction"" and ""awards"" are generic terms rather than specific entities. 

So there are zero entities. The expected output should be a JSON array that reflects this: Entities: []. It seems like including minimal details is necessary. I’ll confirm that the output will remain an empty list while keeping it tidy."
"He has caught the attention of significant periodicals and broadcasters such as CNN, The Huffington Post, Hypebeast, The Guardian, Juxtapoz Magazine, Daily Mail, NRDC, Aljazeera and Hi-Fructose Magazine.","He has caught the attention of major publications and media outlets such as CNN, The Huffington Post, Hypebeast, The Guardian, Juxtapoz Magazine, Daily Mail, NRDC, Aljazeera and Hi-Fructose Magazine.","[{'text': 'CNN', 'value': 'ORGANIZATION'}, {'text': 'The Huffington Post', 'value': 'ORGANIZATION'}, {'text': 'Hypebeast', 'value': 'ORGANIZATION'}, {'text': 'The Guardian', 'value': 'ORGANIZATION'}, {'text': 'Juxtapoz Magazine', 'value': 'ORGANIZATION'}, {'text': 'Daily Mail, NRDC', 'value': 'ORGANIZATION'}, {'text': 'Aljazeera', 'value': 'ORGANIZATION'}, {'text': 'Hi-Fructose Magazine', 'value': 'ORGANIZATION'}]","[{'CNN': 'ORGANIZATION'}, {'The Huffington Post': 'ORGANIZATION'}, {'Hypebeast': 'ORGANIZATION'}, {'The Guardian': 'ORGANIZATION'}, {'Juxtapoz Magazine': 'ORGANIZATION'}, {'Daily Mail, NRDC': 'ORGANIZATION'}, {'Aljazeera': 'ORGANIZATION'}, {'Hi-Fructose Magazine': 'ORGANIZATION'}]","[{'CNN': 'ORGANIZATION'}, {'The Huffington Post': 'ORGANIZATION'}, {'Hypebeast': 'ORGANIZATION'}, {'The Guardian': 'ORGANIZATION'}, {'Juxtapoz Magazine': 'ORGANIZATION'}, {'Daily Mail': 'ORGANIZATION'}, {'NRDC': 'ORGANIZATION'}, {'Aljazeera': 'ORGANIZATION'}, {'Hi-Fructose Magazine': 'ORGANIZATION'}]","[{'CNN': 'ORGANIZATION'}, {'The Huffington Post': 'ORGANIZATION'}, {'Hypebeast': 'ORGANIZATION'}, {'The Guardian': 'ORGANIZATION'}, {'Juxtapoz Magazine': 'ORGANIZATION'}, {'Daily Mail': 'ORGANIZATION'}, {'NRDC': 'ORGANIZATION'}, {'Aljazeera': 'ORGANIZATION'}, {'Hi-Fructose Magazine': 'ORGANIZATION'}]",7,hypernym,"Entities: [
  {""text"": ""CNN"", ""value"": ""ORGANIZATION""},
  {""text"": ""The Huffington Post"", ""value"": ""ORGANIZATION""},
  {""text"": ""Hypebeast"", ""value"": ""ORGANIZATION""},
  {""text"": ""The Guardian"", ""value"": ""ORGANIZATION""},
  {""text"": ""Juxtapoz Magazine"", ""value"": ""ORGANIZATION""},
  {""text"": ""Daily Mail"", ""value"": ""ORGANIZATION""},
  {""text"": ""NRDC"", ""value"": ""ORGANIZATION""},
  {""text"": ""Aljazeera"", ""value"": ""ORGANIZATION""},
  {""text"": ""Hi-Fructose Magazine"", ""value"": ""ORGANIZATION""}
]","**Formatting JSON List**

I've realized that there's a trailing comma in the example provided, which would make it invalid JSON. They want a list formatted correctly, so I'll make sure to eliminate that. I'll produce the list in the order of appearance, which includes entities like CNN, The Huffington Post, Hypebeast, The Guardian, Juxtapoz Magazine, Daily Mail, NRDC, Aljazeera, and Hi-Fructose Magazine. Alright, I'll proceed to provide it just as requested without extra commentary.","Entities: [{""text"": ""CNN"", ""value"": ""ORGANIZATION""}, {""text"": ""The Huffington Post"", ""value"": ""ORGANIZATION""}, {""text"": ""Hypebeast"", ""value"": ""ORGANIZATION""}, {""text"": ""The Guardian"", ""value"": ""ORGANIZATION""}, {""text"": ""Juxtapoz Magazine"", ""value"": ""ORGANIZATION""}, {""text"": ""Daily Mail"", ""value"": ""ORGANIZATION""}, {""text"": ""NRDC"", ""value"": ""ORGANIZATION""}, {""text"": ""Aljazeera"", ""value"": ""ORGANIZATION""}, {""text"": ""Hi-Fructose Magazine"", ""value"": ""ORGANIZATION""}]",
It was established as a spin-off of Murphy Oil in 2013.,It was founded as a spin-off of Murphy Oil in 2013.,"[{'text': 'Murphy Oil', 'value': 'ORGANIZATION'}]",[{'Murphy Oil': 'ORGANIZATION'}],"[{'Murphy Oil': 'ORGANIZATION'}, {'2013': 'OTHER'}]","[{'Murphy Oil': 'ORGANIZATION'}, {'2013': 'OTHER'}]",60,synonym,"Entities: [{""text"": ""Murphy Oil"", ""value"": ""ORGANIZATION""}, {""text"": ""2013"", ""value"": ""OTHER""}]",,"Entities: [{""text"": ""Murphy Oil"", ""value"": ""ORGANIZATION""}, {""text"": ""2013"", ""value"": ""OTHER""}]","**Organizing entity types**

I'm considering how to categorize entities. I think ""Murphy Oil"" fits as an ORGANIZATION, while ""2013"" could be categorized as OTHER, which seems to cover numeric temporal references. I need to keep my output in the specified format, ensuring it looks like this: 

Entities: [{""text"": ""entity text span"", ""value"": ""entity type""},]

Ultimately, I’ll maintain clarity and avoid unnecessary verbosity in my response, focusing on accurately categorizing “Murphy Oil” and “2013” without overthinking it. Let's go ahead and produce the output."
It was created by Richard D.Zanuck and David Brown.,It was produced by Richard D.Zanuck and David Brown.,"[{'text': 'Richard D.Zanuck', 'value': 'PERSON'}, {'text': 'David Brown', 'value': 'PERSON'}]","[{'Richard D.Zanuck': 'PERSON'}, {'David Brown': 'PERSON'}]","[{'Richard D.Zanuck': 'PERSON'}, {'David Brown': 'PERSON'}]","[{'Richard D.Zanuck': 'PERSON'}, {'David Brown': 'PERSON'}]",70,synonym,"Entities: [{""text"": ""Richard D.Zanuck"", ""value"": ""PERSON""}, {""text"": ""David Brown"", ""value"": ""PERSON""}]",,"Entities: [{""text"": ""Richard D.Zanuck"", ""value"": ""PERSON""}, {""text"": ""David Brown"", ""value"": ""PERSON""}]",
"According to Steak' n Shake records, the restaurant's founder, Gus Belt, applied for a trademark on the word in the 1930s.","According to Steak' n Shake archives, the restaurant's founder, Gus Belt, applied for a trademark on the word in the 1930s.","[{'text': ""Steak' n Shake"", 'value': 'ART'}, {'text': 'Gus Belt', 'value': 'PERSON'}]","[{""Steak' n Shake"": 'ART'}, {'Gus Belt': 'PERSON'}]","[{""Steak' n Shake"": 'ORGANIZATION'}, {'Gus Belt': 'PERSON'}, {'the 1930s': 'OTHER'}]","[{""Steak' n Shake"": 'ORGANIZATION'}, {'Gus Belt': 'PERSON'}]",76,synonym,"Entities: [{""text"": ""Steak' n Shake"", ""value"": ""ORGANIZATION""}, {""text"": ""Gus Belt"", ""value"": ""PERSON""}, {""text"": ""the 1930s"", ""value"": ""OTHER""}]","**Considering named entities**

I see the instruction is to extract named entities. Some tasks involve dates, but if ""the 1930s"" isn't classified as DATE, I might consider it as OTHER instead. However, it often represents a recognized time period. The prompt provides various possible entity types like ART, BUILDING, EVENT, LOCATION, ORGANIZATION, OTHER, PERSON, and PRODUCT, so I’ll include ""the 1930s"" as OTHER. But, it's a bit arguable. 

Items like ""trademark,"" ""the word,"" ""restaurant's founder,"" and ""records"" aren't named entities. We need to stick to the required JSON format for output.","Entities: [{""text"": ""Steak' n Shake"", ""value"": ""ORGANIZATION""}, {""text"": ""Gus Belt"", ""value"": ""PERSON""}]",
"Allistair Pinsof of ``Destructoid``, commended the game, saying the controls were as good as that of ``Super Metroid`` and ``Super Castlevania IV.''","Allistair Pinsof of ``Destructoid``, praised the game, saying the controls were as good as that of ``Super Metroid`` and ``Super Castlevania IV.''","[{'text': 'Allistair Pinsof', 'value': 'PERSON'}, {'text': 'Destructoid', 'value': 'ORGANIZATION'}, {'text': 'Super Metroid', 'value': 'PRODUCT'}, {'text': 'Super Castlevania IV', 'value': 'PRODUCT'}]","[{'Allistair Pinsof': 'PERSON'}, {'Destructoid': 'ORGANIZATION'}, {'Super Metroid': 'PRODUCT'}, {'Super Castlevania IV': 'PRODUCT'}]","[{'Allistair Pinsof': 'PERSON'}, {'Destructoid': 'ORGANIZATION'}, {'Super Metroid': 'ART'}, {'Super Castlevania IV': 'ART'}]","[{'Allistair Pinsof': 'PERSON'}, {'Destructoid': 'ORGANIZATION'}, {'Super Metroid': 'ART'}, {'Super Castlevania IV': 'ART'}]",58,synonym,"[{""text"":""Allistair Pinsof"",""value"":""PERSON""},{""text"":""Destructoid"",""value"":""ORGANIZATION""},{""text"":""Super Metroid"",""value"":""ART""},{""text"":""Super Castlevania IV"",""value"":""ART""}]","**Extracting game information**

There’s a mention of “game,” likely referring to one under review, comparing controls with Super Metroid and Super Castlevania IV. Both games belong to the ART category. I need to output a JSON array of objects that includes ""text"" and ""value."" I should ensure the extracted text matches exactly as it appears, even including backticks and apostrophes. Entities should reflect the name without quotes, and I need to stick to the specified format accurately while including necessary punctuation. **Confirming entity output**

The user provided a format that says, ""Entities: [{""text"": ""entity text span"", ""value"": ""entity type""},]."" It's likely I should include this prefix in my output to match their expectations. They probably want the exact format, so I'll stick to the specified line. For instance, my response will look like: [{""text"":""Allistair Pinsof"",""value"":""PERSON""},{""text"":""Destructoid"",""value"":""ORGANIZATION""},{""text"":""Super Metroid"",""value"":""ART""},{""text"":""Super Castlevania IV"",""value"":""ART""}]. I won't add commentary or quotes, as instructed.","Entities: [{""text"": ""Allistair Pinsof"", ""value"": ""PERSON""}, {""text"": ""Destructoid"", ""value"": ""ORGANIZATION""}, {""text"": ""Super Metroid"", ""value"": ""ART""}, {""text"": ""Super Castlevania IV"", ""value"": ""ART""}]",
"Hunt serves the 8th legislative district in Omaha, consisting of the midtown neighborhoods of Dundee, Benson, and Keystone.","Hunt represents the 8th legislative district in Omaha, consisting of the midtown neighborhoods of Dundee, Benson, and Keystone.","[{'text': 'Hunt', 'value': 'PERSON'}, {'text': 'Omaha', 'value': 'LOCATION'}, {'text': 'Dundee', 'value': 'LOCATION'}, {'text': 'Benson', 'value': 'LOCATION'}, {'text': 'Keystone', 'value': 'LOCATION'}]","[{'Hunt': 'PERSON'}, {'Omaha': 'LOCATION'}, {'Dundee': 'LOCATION'}, {'Benson': 'LOCATION'}, {'Keystone': 'LOCATION'}]","[{'Hunt': 'PERSON'}, {'8th legislative district': 'LOCATION'}, {'Omaha': 'LOCATION'}, {'Dundee': 'LOCATION'}, {'Benson': 'LOCATION'}, {'Keystone': 'LOCATION'}]","[{'Hunt': 'PERSON'}, {'8th legislative district': 'LOCATION'}, {'Omaha': 'LOCATION'}, {'Dundee': 'LOCATION'}, {'Benson': 'LOCATION'}, {'Keystone': 'LOCATION'}]",48,synonym,"[{""text"":""Hunt"",""value"":""PERSON""},{""text"":""8th legislative district"",""value"":""LOCATION""},{""text"":""Omaha"",""value"":""LOCATION""},{""text"":""Dundee"",""value"":""LOCATION""},{""text"":""Benson"",""value"":""LOCATION""},{""text"":""Keystone"",""value"":""LOCATION""}]",,"[{""text"":""Hunt"",""value"":""PERSON""},{""text"":""8th legislative district"",""value"":""LOCATION""},{""text"":""Omaha"",""value"":""LOCATION""},{""text"":""Dundee"",""value"":""LOCATION""},{""text"":""Benson"",""value"":""LOCATION""},{""text"":""Keystone"",""value"":""LOCATION""}]",
This collection includes content pertaining to sexual health issues from 1974-2007.,This collection contains material relating to sexual health issues from 1974-2007.,[],[],[{'1974-2007': 'OTHER'}],[],54,synonym,"[{""text"":""1974-2007"",""value"":""OTHER""}]",,Entities: [],"**Evaluating named entities**

I’m assessing whether there are any named entities in the text about sexual health issues from 1974-2007. I notice that dates could be entities, but the provided types don’t include DATE or TIME. So, maybe there aren't any named entities at all. Terms like ""collection"" are generic. If we need to follow the output format, I should provide ""Entities: []"" since there are none, making sure not to include a trailing comma."
Puckrik journeyed extensively in her childhood due to her father's military background.,Puckrik travelled widely in her childhood due to her father's military background.,"[{'text': 'Puckrik', 'value': 'PERSON'}]",[{'Puckrik': 'PERSON'}],[{'Puckrik': 'PERSON'}],[{'Puckrik': 'PERSON'}],72,synonym,"Entities: [{""text"": ""Puckrik"", ""value"": ""PERSON""}]",,"[{""text"": ""Puckrik"", ""value"": ""PERSON""}]",
"The album included remixes of ``Like It or Not`` and ``Tearing Me Up`` from musicians such as A-Trak, RAC, Joris Voorn, and Tale of Us.","The album featured remixes of ``Like It or Not`` and ``Tearing Me Up`` from artists like A-Trak, RAC, Joris Voorn, and Tale of Us.","[{'text': 'Like It or Not', 'value': 'ART'}, {'text': 'Tearing Me Up', 'value': 'ART'}, {'text': 'A-Trak', 'value': 'PERSON'}, {'text': 'RAC', 'value': 'PERSON'}, {'text': 'Joris Voorn', 'value': 'PERSON'}, {'text': 'Tale of Us', 'value': 'PERSON'}]","[{'Like It or Not': 'ART'}, {'Tearing Me Up': 'ART'}, {'A-Trak': 'PERSON'}, {'RAC': 'PERSON'}, {'Joris Voorn': 'PERSON'}, {'Tale of Us': 'PERSON'}]","[{'Like It or Not': 'ART'}, {'Tearing Me Up': 'ART'}, {'A-Trak': 'PERSON'}, {'RAC': 'ORGANIZATION'}, {'Joris Voorn': 'PERSON'}, {'Tale of Us': 'ORGANIZATION'}]","[{'Like It or Not': 'ART'}, {'Tearing Me Up': 'ART'}, {'A-Trak': 'PERSON'}, {'RAC': 'ORGANIZATION'}, {'Joris Voorn': 'PERSON'}, {'Tale of Us': 'ORGANIZATION'}]",78,synonym,"[{""text"":""Like It or Not"",""value"":""ART""},{""text"":""Tearing Me Up"",""value"":""ART""},{""text"":""A-Trak"",""value"":""PERSON""},{""text"":""RAC"",""value"":""ORGANIZATION""},{""text"":""Joris Voorn"",""value"":""PERSON""},{""text"":""Tale of Us"",""value"":""ORGANIZATION""}]",,"[{""text"":""Like It or Not"",""value"":""ART""},{""text"":""Tearing Me Up"",""value"":""ART""},{""text"":""A-Trak"",""value"":""PERSON""},{""text"":""RAC"",""value"":""ORGANIZATION""},{""text"":""Joris Voorn"",""value"":""PERSON""},{""text"":""Tale of Us"",""value"":""ORGANIZATION""}]","**Categorizing named entities**

I need to extract named entities from the provided text and categorize them into specific types like ART, LOCATION, and ORGANIZATION. 

The song titles ""Like It or Not"" and ""Tearing Me Up"" will be classified as ART. A-Trak is a DJ/producer, so I'll categorize that as PERSON. For RAC, which stands for Remix Artist Collective and can be seen as both an organization and a person, I need to figure out the best fit for that classification. **Classifying entities in context**

In this context, I'm working on classifying entities like A-Trak, RAC, Joris Voorn, and Tale of Us. I’m considering whether to classify RAC as ORGANIZATION or PERSON since it refers to an artist brand linked to André Anjos but also recognized as a collective. Most NER systems tend to label bands as ORGANIZATION. Tale of Us is a DJ duo, so I’ll go with ORGANIZATION for that too. Joris Voorn is definitely a PERSON. I’ll ensure the entity text spans match exactly as in the text. **Extracting entity text spans**

The text includes titles like ``Like It or Not`` and ``Tearing Me Up``. I need to decide whether to extract the words without punctuation or include the quotes since the instructions suggest using the exact text span. However, examples typically show the phrases without quotes. 

Based on this, the entities will be classified as follows: 

- ""Like It or Not"" -> ART
- ""Tearing Me Up"" -> ART
- A-Trak -> PERSON
- RAC -> ORGANIZATION
- Joris Voorn -> PERSON
- Tale of Us -> ORGANIZATION

I’ll ignore ""The album"" since it’s not a specific title. I'll return the results as a JSON array, ensuring no extra formatting. **Producing JSON for entities**

I need to produce a JSON array with the six entities. I’ll double-check the classifications: 

For RAC, while some might consider it a PERSON, I’m leaning towards ORGANIZATION, just like I will for Tale of Us. As for A-Trak, it doesn’t fit as a PRODUCT. 

So, I'll finalize the JSON with these classifications, ensuring everything aligns with the previous conclusions. This will help present the information accurately and clearly!"
"A German instructor for much of her life, MacKeith also advocated for peace during the Aldermaston Marches in the 1950s and demonstrations against the Vietnam War in Grosvenor Square in the 1960s.","A German teacher for much of her life, MacKeith also advocated for peace during the Aldermaston Marches in the 1950s and demonstrations against the Vietnam War in Grosvenor Square in the 1960s.","[{'text': 'German', 'value': 'LOCATION'}, {'text': 'MacKeith', 'value': 'PERSON'}, {'text': 'Aldermaston Marches', 'value': 'EVENT'}, {'text': 'Vietnam War', 'value': 'EVENT'}, {'text': 'Grosvenor Square', 'value': 'LOCATION'}]","[{'German': 'LOCATION'}, {'MacKeith': 'PERSON'}, {'Aldermaston Marches': 'EVENT'}, {'Vietnam War': 'EVENT'}, {'Grosvenor Square': 'LOCATION'}]","[{'MacKeith': 'PERSON'}, {'Aldermaston Marches': 'EVENT'}, {'Vietnam War': 'EVENT'}, {'Grosvenor Square': 'LOCATION'}]","[{'MacKeith': 'PERSON'}, {'Aldermaston Marches': 'EVENT'}, {'1950s': 'OTHER'}, {'Vietnam War': 'EVENT'}, {'Grosvenor Square': 'LOCATION'}, {'1960s': 'OTHER'}]",74,synonym,"Entities: [{""text"": ""MacKeith"", ""value"": ""PERSON""}, {""text"": ""Aldermaston Marches"", ""value"": ""EVENT""}, {""text"": ""Vietnam War"", ""value"": ""EVENT""}, {""text"": ""Grosvenor Square"", ""value"": ""LOCATION""}]",,"Entities: [{""text"": ""MacKeith"", ""value"": ""PERSON""}, {""text"": ""Aldermaston Marches"", ""value"": ""EVENT""}, {""text"": ""1950s"", ""value"": ""OTHER""}, {""text"": ""Vietnam War"", ""value"": ""EVENT""}, {""text"": ""Grosvenor Square"", ""value"": ""LOCATION""}, {""text"": ""1960s"", ""value"": ""OTHER""}]",
The administration proclaimed a state funeral and a day of national mourning.,The government announced a state funeral and a day of national mourning.,[],[],[],"[{'The government': 'ORGANIZATION'}, {'state funeral': 'EVENT'}, {'day of national mourning': 'EVENT'}]",46,synonym,Entities: [],,"[{""text"": ""The government"", ""value"": ""ORGANIZATION""}, {""text"": ""state funeral"", ""value"": ""EVENT""}, {""text"": ""day of national mourning"", ""value"": ""EVENT""}]","**Evaluating named entities**

I need to extract named entities from the text about a government announcement regarding a state funeral and national mourning. The phrase ""the government"" is generic and doesn't refer to a specific organization. It's typically not capitalized beyond the start of the sentence. Without a specified country, I won't tag it as an ORGANIZATION. As for ""state funeral,"" it seems to refer to an EVENT, but I need to confirm that. **Analyzing entity extraction**

I realize that ""state funeral"" and ""day of national mourning"" are generic terms, not specific events, but they might still need to be tagged as EVENTS. Named entities usually have proper names, like ""State Funeral of Queen Elizabeth II,"" but since the instruction is to extract entities, it implies I should include ""state funeral"" and ""day of national mourning"" as EVENTS. ""The government"" is a generic reference which might not qualify as an ORGANIZATION since it's not specific. **Determining entity types**

I’m considering how to classify entities from the sentence about the government announcing a state funeral and a day of national mourning. ""The government"" could be tagged as an ORGANIZATION, even if it's generic. Both ""state funeral"" and ""day of national mourning"" should be classified as EVENTS, even though they're not specific titles. The entity spans should match the text exactly, so I'll include ""The government"" as it appears. There aren’t any other types like PERSON or LOCATION to extract here. **Preparing the entity output**

I need to output a JSON array with entities identified as ""text"" and ""value."" I'll classify ""The government"" as ORGANIZATION, ""state funeral"" as EVENT, and ""day of national mourning"" also as EVENT. The text spans should match exactly from the original phrases. It's important to decide whether to include leading articles like ""a."" The instruction suggests matching spans as they appear in the text, so I'll include the entire phrases for accuracy and clarity in the final output. **Formatting entity output**

In the sentence, we see ""a state funeral"" and ""a day of national mourning."" I need to decide how to handle the indefinite article ""a."" Including it could make things ambiguous, but some tasks typically prefer to exclude it. For clarity, I think I'll include ""The government"" as it appears. For the events, I'll use ""state funeral"" and ""day of national mourning"" without ""a."" It’s best to provide all three entities concisely:  

[
  {""text"": ""The government"", ""value"": ""ORGANIZATION""},
  {""text"": ""state funeral"", ""value"": ""EVENT""},
  {""text"": ""day of national mourning"", ""value"": ""EVENT""}
]"
It is managed by the Nhulunbuy Corporation.,It is operated by the Nhulunbuy Corporation.,"[{'text': 'Nhulunbuy Corporation', 'value': 'ORGANIZATION'}]",[{'Nhulunbuy Corporation': 'ORGANIZATION'}],[{'Nhulunbuy Corporation': 'ORGANIZATION'}],[{'Nhulunbuy Corporation': 'ORGANIZATION'}],68,synonym,"Entities: [{""text"": ""Nhulunbuy Corporation"", ""value"": ""ORGANIZATION""}]",,"Entities: [{""text"": ""Nhulunbuy Corporation"", ""value"": ""ORGANIZATION""}]",
"The Newfoundland Reform Liberal Party was a chief-focused political party in Newfoundland and Labrador, Canada from 1975 to 1979.","The Newfoundland Reform Liberal Party was a leader-centred political party in Newfoundland and Labrador, Canada from 1975 to 1979.","[{'text': 'Newfoundland Reform Liberal Party', 'value': 'ORGANIZATION'}, {'text': 'Newfoundland and Labrador', 'value': 'LOCATION'}, {'text': 'Canada', 'value': 'LOCATION'}]","[{'Newfoundland Reform Liberal Party': 'ORGANIZATION'}, {'Newfoundland and Labrador': 'LOCATION'}, {'Canada': 'LOCATION'}]","[{'Newfoundland Reform Liberal Party': 'ORGANIZATION'}, {'Newfoundland and Labrador': 'LOCATION'}, {'Canada': 'LOCATION'}]","[{'Newfoundland Reform Liberal Party': 'ORGANIZATION'}, {'Newfoundland and Labrador': 'LOCATION'}, {'Canada': 'LOCATION'}]",44,synonym,"[{""text"":""Newfoundland Reform Liberal Party"",""value"":""ORGANIZATION""},{""text"":""Newfoundland and Labrador"",""value"":""LOCATION""},{""text"":""Canada"",""value"":""LOCATION""}]","**Clarifying entity types**

I need to include both ""Newfoundland and Labrador"" and ""Canada"". It seems the ""the"" before proper nouns can be omitted. So, I’ll categorize: ""Newfoundland Reform Liberal Party"" as an organization, ""Newfoundland and Labrador"" as a location, and ""Canada"" as a location as well.

Hmm, they might want ""Newfoundland"" by itself too, but it’s part of the larger name. Regarding the years ""1975"" and ""1979,"" I’ll skip them since they're not relevant entity types. I'll confirm that we're keeping it to just those three categories.","Entities: [{""text"": ""Newfoundland Reform Liberal Party"", ""value"": ""ORGANIZATION""}, {""text"": ""Newfoundland and Labrador"", ""value"": ""LOCATION""}, {""text"": ""Canada"", ""value"": ""LOCATION""}]","**Evaluating entity extraction**

I'm thinking about excluding ""leader-centred"" since it's not an actual entity. The ""Newfoundland Reform Liberal Party"" includes ""The"" at the beginning, but the entity text span should just be ""Newfoundland Reform Liberal Party"" without ""The."" I’ll ensure we match the exact text span and consider the locations involved. 

So, the output will look like this: 

Entities: [
  {""text"": ""Newfoundland Reform Liberal Party"", ""value"": ""ORGANIZATION""},
  {""text"": ""Newfoundland and Labrador"", ""value"": ""LOCATION""},
  {""text"": ""Canada"", ""value"": ""LOCATION""}
]. 

I think I’m ready to produce that!"
"Back to Basics concentrates on genre classics, showing older movies and underground cult films, with occasional attempts at mainstream and newer genre pieces.","Back to Basics focuses on genre classics, showing older movies and underground cult films, with occasional stabs at mainstream and newer genre pieces.","[{'text': 'Back to Basics', 'value': 'ORGANIZATION'}]",[{'Back to Basics': 'ORGANIZATION'}],[{'Back to Basics': 'ORGANIZATION'}],[{'Back to Basics': 'ART'}],56,synonym,"Entities: [{""text"": ""Back to Basics"", ""value"": ""ORGANIZATION""}]","**Identifying named entities**

I need to extract named entities according to specific types like ART, BUILDING, EVENT, LOCATION, ORGANIZATION, OTHER, PERSON, and PRODUCT from the text provided. The text talks about ""Back to Basics,"" which could be an organization, perhaps a film series or cinema. I’m considering whether it fits better as an EVENT or ART. The phrase ""concentrates on"" suggests it's likely a group or program. There are many possibilities here! **Determining entity type**

The description indicates that ""Back to Basics"" refers to a program showing movies, which could be like a cinema club or a film series. Among the types, I think ORGANIZATION fits best as a default. The terms about ""genre classics,"" ""older movies,"" and ""cult films"" aren’t named entities themselves. I’ll treat ""Back to Basics"" as an ORGANIZATION since “concentrates on... showing” implies it's an ongoing entity. I’ll prepare the JSON array with the specified structure for clarity. **Formatting JSON correctly**

The user didn't explicitly ask for valid JSON, but they do want a specific structure. I think it’s safer not to include a trailing comma since in proper JSON that's usually not allowed. In past tasks, I've seen trailing commas in examples, but it’s best to follow standard practices. I'll ensure I only return recognized entities without the trailing comma. This makes everything clearer and aligns with typical JSON formatting.","[{""text"":""Back to Basics"",""value"":""ART""}]","**Extracting named entities**

I need to extract named entities from the given text, which is about ""Back to Basics."" It looks like an organization, possibly a film series or program, focusing on genre classics and cult films. Since it’s capitalized and mentions genre pieces, it probably refers to a TV programming block. I need to categorize ""Back to Basics"" as either ART or ORGANIZATION, considering it might represent a series brand or artistic work. **Categorizing named entities**

When handling named entity tasks, I often think about how programs relate to ART, events are classified as events, and organizations can be companies. For ""Back to Basics,"" which focuses on genre classics, it might be a cable film block or an organization. It feels like a recurring program, so I should categorize it as ART, assuming it could be a show or series. I’ll compile the entity data into a JSON array, noting ""Back to Basics"" as an ART entity. **Formatting entities correctly**

I want to make sure I output the required entity format accurately. For ""Back to Basics,"" I’ll use the format: [{""text"": ""entity text span"", ""value"": ""entity type""}]. So my final output will be: [{""text"": ""Back to Basics"", ""value"": ""ART""}]. I considered that it could also fit as an EVENT if it were a film series event, but since it focuses on genre classics, I believe categorizing it as ART is the right choice."
"Anhur is a controllable character in the multiplayer online battle arena, ``SMITE''.","Anhur is a playable character in the multiplayer online battle arena, ``SMITE''.","[{'text': 'Anhur', 'value': 'OTHER'}]",[{'Anhur': 'OTHER'}],"[{'Anhur': 'PERSON'}, {'SMITE': 'PRODUCT'}]","[{'Anhur': 'PERSON'}, {'SMITE': 'PRODUCT'}]",50,synonym,"[{""text"": ""Anhur"", ""value"": ""PERSON""}, {""text"": ""SMITE"", ""value"": ""PRODUCT""}]",,"Entities: [{""text"": ""Anhur"", ""value"": ""PERSON""}, {""text"": ""SMITE"", ""value"": ""PRODUCT""}]",
"In some variations, the eggplant is not grilled, but is instead boiled, resulting in a softer version that lacks the characteristic smoky flavor of the original dish.","In some versions, the eggplant is not grilled, but is instead boiled, resulting in a softer version that lacks the characteristic smoky flavor of the original dish.","[{'text': 'eggplant', 'value': 'OTHER'}]",[{'eggplant': 'OTHER'}],[],[],40,synonym,Entities: [],,Entities: [],"**Returning JSON format**

I want to ensure I'm adhering to the exact requested response format. So, I'll keep it simple: Entities: []. It’s clear that they want the output as a JSON array and I should include the specified structure, like: [{""text"": ""entity text span"", ""value"": ""entity type""},]. I noticed a trailing comma in the example, but it seems that should not be included. Let’s stick to just Entities: []. No extra text will be added."
"The story had been adapted to the stage in 1939 at the Martin Beck Theater to high praise, but only ran for six performances because the production proved to be costly.","The story had been adapted to the stage in 1939 at the Martin Beck Theater to great acclaim, but only ran for six performances because the production proved to be expensive.","[{'text': 'Martin Beck Theater', 'value': 'BUILDING'}]",[{'Martin Beck Theater': 'BUILDING'}],[{'Martin Beck Theater': 'BUILDING'}],[{'Martin Beck Theater': 'BUILDING'}],64,synonym,"Entities: [{""text"": ""Martin Beck Theater"", ""value"": ""BUILDING""}]","**Extracting named entities**

I need to identify named entities from the sentence provided. First, 1939 comes up, which is a year, but it seems like date types aren't included in the list, so I might skip it as it’s just a date. Then there’s the ""Martin Beck Theater,"" which I’m thinking is a theater venue. I’d classify it as a BUILDING, though it could potentially be an ORGANIZATION. I’ll go with BUILDING for clarity. As for ""the story,"" I'm unsure how to categorize it. **Identifying entities**

I’m realizing that “stage,” “six performances,” and “the production” are too generic to be named entities. So far, the only proper noun is ""Martin Beck Theater."" I’m considering if ""the story"" could count, but it's not a named entity either. The phrase “The story had been adapted to the stage in 1939” might hint at an EVENT for the adaptation, but it’s still not specifically named. I’ll stick with just [{""text"":""Martin Beck Theater"",""value"":""BUILDING""}]. Lastly, in formatting, I wonder if we should include ""the"" before ""Martin Beck Theater"" in the entity text. **Finalizing entity extraction**

The instructions say to extract named entities precisely as they appear in the text, which leads me to focus on the phrase ""the Martin Beck Theater."" However, if they want the exact entity without the leading ""the,"" it would just be ""Martin Beck Theater."" Since the text is “at the Martin Beck Theater to high praise,” I’ll take ""Martin Beck Theater"" as the entity. So, my final output will be:

Entities: [{""text"":""Martin Beck Theater"",""value"":""BUILDING""}]  

I need to ensure the formatting is correct, sticking only to the specified template.","Entities: [{""text"": ""Martin Beck Theater"", ""value"": ""BUILDING""}]",
"At a celebration, Siddhi saves Vin from being shot at by Rudra.","At a festival, Siddhi saves Vin from being shot at by Rudra.","[{'text': 'Siddhi', 'value': 'PERSON'}, {'text': 'Vin', 'value': 'PERSON'}, {'text': 'Rudra', 'value': 'PERSON'}]","[{'Siddhi': 'PERSON'}, {'Vin': 'PERSON'}, {'Rudra': 'PERSON'}]","[{'Siddhi': 'PERSON'}, {'Vin': 'PERSON'}, {'Rudra': 'PERSON'}]","[{'Siddhi': 'PERSON'}, {'Vin': 'PERSON'}, {'Rudra': 'PERSON'}]",62,synonym,"Entities: [{""text"": ""Siddhi"", ""value"": ""PERSON""}, {""text"": ""Vin"", ""value"": ""PERSON""}, {""text"": ""Rudra"", ""value"": ""PERSON""}]",,"Entities: [{""text"": ""Siddhi"", ""value"": ""PERSON""}, {""text"": ""Vin"", ""value"": ""PERSON""}, {""text"": ""Rudra"", ""value"": ""PERSON""}]",
"In 1967, the park was the assembly area for a peaceful anti-war rally.","In 1967, the park was the gathering place for a peaceful anti-war rally.",[],[],[],"[{'the park': 'LOCATION'}, {'anti-war rally': 'EVENT'}]",66,synonym,Entities: [],"**Evaluating named entities**

I need to extract named entities from the provided text, checking categories like ART, BUILDING, EVENT, LOCATION, ORGANIZATION, OTHER, PERSON, PRODUCT. I see 1967 mentioned—usually a DATE entity, but that’s not allowed here, so it’s tricky. ""The park"" feels generic, and ""anti-war rally,"" while it suggests an EVENT, isn't a specific named event. Since there are no proper nouns here, I’m leaning towards an empty list being the correct response. **Ensuring correct format**

I need to follow the specified format exactly: Entities: [{""text"": ""entity text span"", ""value"": ""entity type""}]. I’m considering whether to include ""anti-war rally"" as an EVENT. It's an event type, but is it a named entity? The instruction emphasizes extracting only named ones, so I think it’s better to leave the list empty. The year 1967 also doesn’t fit the naming criteria. So I'll go with minimal output: Entities: []. Yes, that seems right!","Entities: [{""text"": ""the park"", ""value"": ""LOCATION""}, {""text"": ""anti-war rally"", ""value"": ""EVENT""}]","**Evaluating named entity extraction**

I need to perform NER extraction from the provided text. The entity types I've got are ART, BUILDING, EVENT, LOCATION, ORGANIZATION, OTHER, PERSON, and PRODUCT. Looking at ""In 1967, the park was the gathering place for a peaceful anti-war rally,"" I see ""1967"" is a date, which isn’t in the list. ""The park"" isn’t a named entity; it’s common. ""Peaceful anti-war rally"" is too generic to be a specific event. I might end up outputting an empty list. **Considering entity classification**

I'm pondering if they might want to categorize ""1967"" as an EVENT, but it's mainly a date, which isn't allowed. I think I can classify ""anti-war rally"" as an EVENT. While ""peaceful anti-war rally"" is descriptive, many NER systems recognize event mentions. The instruction does state possible entity types include EVENT. 

As for ""the park,"" it could be classified as LOCATION, but it's not a specific name. The guidelines say to focus on named entities, so using ""1967"" as OTHER might not work since DATE isn't on the list. **Deciding on entity spans**

I’m considering how to categorize the entities. I think I can tag ""the park"" as LOCATION and ""anti-war rally"" as EVENT. It seems ""peaceful"" might not need to be part of the entity, so I’ll go with ""anti-war rally"" for the text span. However, I notice that wording like ""a peaceful anti-war rally"" is present in the text. 

Should I stick to the exact spans I see? It might be okay to include both, but I'll prioritize ""the park"" and ""anti-war rally"" as the main entities to extract. **Finalizing entity selection**

I’ve decided to go with ""anti-war rally"" since ""peaceful"" isn’t part of the core entity, and it’s not uncommon for event entities to just include the main text. The adjective ""peaceful"" could technically be included, but many systems tend to exclude them. 

I’ll follow the required format for the output with the entities, so it looks like this:

Entities: [
  {""text"": ""the park"", ""value"": ""LOCATION""},
  {""text"": ""anti-war rally"", ""value"": ""EVENT""}
]

I think I’ll omit ""1967"" to keep it clean."
"It is hif by Golaem, a France -based software company (created in Rennes in 2009).","It is developed by Golaem, a France -based software company (created in Rennes in 2009).","[{'text': 'Golaem', 'value': 'ORGANIZATION'}, {'text': 'France', 'value': 'LOCATION'}, {'text': 'Rennes', 'value': 'LOCATION'}]","[{'Golaem': 'ORGANIZATION'}, {'France': 'LOCATION'}, {'Rennes': 'LOCATION'}]","[{'Golaem': 'ORGANIZATION'}, {'France': 'LOCATION'}, {'Rennes': 'LOCATION'}, {'2009': 'OTHER'}]","[{'Golaem': 'ORGANIZATION'}, {'France': 'LOCATION'}, {'Rennes': 'LOCATION'}]",28,nonce,"Entities: [
  {""text"": ""Golaem"", ""value"": ""ORGANIZATION""},
  {""text"": ""France"", ""value"": ""LOCATION""},
  {""text"": ""Rennes"", ""value"": ""LOCATION""},
  {""text"": ""2009"", ""value"": ""OTHER""}
]","**Evaluating named entities**

I need to extract named entities from the text, which includes a mention of ""Golaem,"" a France-based software company. Here, ""Golaem"" is an ORGANIZATION, ""France"" is clearly a LOCATION, and ""Rennes"" is a city in France, also classified as LOCATION. 

Now, there's ""2009,"" which I might categorize as OTHER since it's not one of the specified types, but there's a question if I should include dates like that at all. It's a bit ambiguous, but I think I'll include ""2009"" as OTHER. **Clarifying entity extraction**

I need to analyze the text for named entities. There's ""hif"" in ""It is hif by Golaem,"" but that doesn't seem like a known entity, so I think it's noise and will skip it. I can note ""France"" as a location since ""Golaem"" is the company name and ""Rennes"" is another location. 

For the output, I should return a JSON array where the text matches exactly. I wonder if I should ensure the format starts with ""Entities: [{"" and if I’m expected to include the exact prefixes in the output. **Formatting entity output**

I'm ready to produce the output for the named entities I’ve identified. I’ll format it as follows:

Entities: [
  {""text"":""Golaem"",""value"":""ORGANIZATION""},
  {""text"":""France"",""value"":""LOCATION""},
  {""text"":""Rennes"",""value"":""LOCATION""},
  {""text"":""2009"",""value"":""OTHER""}
]

I think I should list the entities in the order they appear in the text. The phrasing ""France -based"" is fine since the space before the hyphen doesn’t affect my span for ""France."" Okay, time to finalize this!","[{""text"": ""Golaem"", ""value"": ""ORGANIZATION""}, {""text"": ""France"", ""value"": ""LOCATION""}, {""text"": ""Rennes"", ""value"": ""LOCATION""}]",
Nintendo continued to scrop the revised Wii model and the Wii Mini alongside the Wii U during the Wii U's first release year.,Nintendo continued to sell the revised Wii model and the Wii Mini alongside the Wii U during the Wii U's first release year.,"[{'text': 'Nintendo', 'value': 'ORGANIZATION'}, {'text': 'Wii model', 'value': 'PRODUCT'}, {'text': 'Wii Mini', 'value': 'PRODUCT'}, {'text': 'Wii U', 'value': 'PRODUCT'}, {'text': 'Wii U', 'value': 'PRODUCT'}]","[{'Nintendo': 'ORGANIZATION'}, {'Wii model': 'PRODUCT'}, {'Wii Mini': 'PRODUCT'}, {'Wii U': 'PRODUCT'}, {'Wii U': 'PRODUCT'}]","[{'Nintendo': 'ORGANIZATION'}, {'Wii': 'PRODUCT'}, {'Wii Mini': 'PRODUCT'}, {'Wii U': 'PRODUCT'}, {""Wii U's"": 'PRODUCT'}]","[{'Nintendo': 'ORGANIZATION'}, {'Wii': 'PRODUCT'}, {'Wii Mini': 'PRODUCT'}, {'Wii U': 'PRODUCT'}]",22,nonce,"[{""text"": ""Nintendo"", ""value"": ""ORGANIZATION""}, {""text"": ""Wii"", ""value"": ""PRODUCT""}, {""text"": ""Wii Mini"", ""value"": ""PRODUCT""}, {""text"": ""Wii U"", ""value"": ""PRODUCT""}, {""text"": ""Wii U's"", ""value"": ""PRODUCT""}]","**Evaluating Wii product entities**

I’m considering how to handle the product “Wii.” For ""Wii Mini,"" I’ll include that directly. As for ""Wii U,"" should I include it twice? It seems like unique entities are the goal. The prompt doesn’t specify deduplication. A ""revised Wii model"" sounds more like a description, so I’d avoid that. Though I could include ""Wii U's"" as a span, it may look off. I’m unsure about including ""Wii model,"" as ""model"" feels too generic. **Clarifying entity extraction**

I’m figuring out how to resolve “scrop,” but it seems less important now. I’ll list entities like this: Nintendo as an ORGANIZATION, Wii as a PRODUCT, Wii Mini also as a PRODUCT, and then Wii U. Should I include ""Wii U"" twice? The instruction didn’t ask for duplicates, so I’ll include it once. However, if ""Wii U's"" counts as a separate text span, I’d consider both. Typically, extraction tasks allow duplicates, but it could complicate evaluation. Nevertheless, multiple mentions are often included in NER tasks. **Finalizing entity extraction**

I’m focusing on high-precision extraction for the entities. I’ll identify ""Nintendo"" as an ORGANIZATION, ""Wii"" as PRODUCT, ""Wii Mini"" as PRODUCT, and both ""Wii U"" and ""Wii U's"" as PRODUCT. I think it’s okay to include both variations. I want to keep the output in a clean JSON format without heavy formatting. So my final output will look like this:

[
  {""text"":""Nintendo"", ""value"":""ORGANIZATION""},
  {""text"":""Wii"", ""value"":""PRODUCT""},
  {""text"":""Wii Mini"", ""value"":""PRODUCT""},
  {""text"":""Wii U"", ""value"":""PRODUCT""},
  {""text"":""Wii U's"", ""value"":""PRODUCT""}
]

I double-checked the classifications, and it’s all good!","Entities: [
  {""text"": ""Nintendo"", ""value"": ""ORGANIZATION""},
  {""text"": ""Wii"", ""value"": ""PRODUCT""},
  {""text"": ""Wii Mini"", ""value"": ""PRODUCT""},
  {""text"": ""Wii U"", ""value"": ""PRODUCT""}
]","**Clarifying JSON Formatting**

I want to make sure there's no extra punctuation and that the JSON is formatted correctly. The user wants the output to be exactly: Entities: [ ... ]. I’m wondering about edge cases like whether to use ""Wii U's"" or just ""Wii U."" I notice ""Wii U"" shows up earlier in the text, so I can go with that. I think I’ve settled on the final output: Entities: [{""text"": ""..."", ""value"": ""...""}]. I'll proceed!"
"Furthermore, the SFO tepabled to pay reasonable legal costs.","Furthermore, the SFO offered to pay reasonable legal costs.","[{'text': 'the SFO', 'value': 'ORGANIZATION'}]",[{'the SFO': 'ORGANIZATION'}],[{'SFO': 'ORGANIZATION'}],[{'SFO': 'ORGANIZATION'}],30,nonce,"Entities: [{""text"": ""SFO"", ""value"": ""ORGANIZATION""}]","**Extracting named entities**

I need to extract named entities from the text, which mentions ""SFO."" This likely refers to either the Serious Fraud Office in the UK or the San Francisco International Airport, but since it involves legal costs, it's more likely the Serious Fraud Office, making it an organization. I also notice a typo with ""tepabled,"" which should probably be ""tabled."" In the end, we'll only identify ""SFO"" as the entity, and I’ll format it as a valid JSON array. **Formatting entities for output**

I have to format the entities as instructed. The sample shows a trailing comma, but we should produce valid JSON without it. I’ll identify the entity type, which for ""SFO"" will be ""ORGANIZATION."" So, I’ll output it as [{""text"":""SFO"",""value"":""ORGANIZATION""}]. I’ll provide that in the exact format requested without additional comments, clearly starting with ""Entities: ..."" to keep things minimal. Let’s get this right!","Entities: [{""text"": ""SFO"", ""value"": ""ORGANIZATION""}]","**Deciding on substring usage**

I’m leaning towards using the exact substring ""SFO,"" since it’s capitalized and clearly referenced in the text. While the phrase ""the SFO"" could also work, many tasks prefer just the named part, which would mean ""SFO."" There's a risk in including ""the,"" so I’ll stick with ""SFO,"" which is present in the text as a token. Overall, my final output will be the JSON array: [{""text"": ""SFO"", ""value"": ""ORGANIZATION""}]. **Formatting entities output**

The user wants the format for entities to be ""Entities: [{""text"": ""entity text span"", ""value"": ""entity type""}]"". So, I’ll replicate that style in my response. They provided instructions to extract named entities, and it makes sense for me to follow that format closely. In this case, ""SFO"" seems more like it refers to an organization rather than an airport code. Given the context, I’ll classify it as an ORGANIZATION. My final output will be: Entities: [{""text"": ""SFO"", ""value"": ""ORGANIZATION""}]."
He went on to roagly Kim Fowley and the BMX Bandits (band) Receiver Records' album ``Hidden Agenda At the Thirteenth Not``.,He went on to produce Kim Fowley and the BMX Bandits (band) Receiver Records' album ``Hidden Agenda At the Thirteenth Not``.,"[{'text': 'Kim Fowley', 'value': 'PERSON'}, {'text': 'BMX Bandits', 'value': 'ORGANIZATION'}, {'text': 'Receiver Records', 'value': 'ORGANIZATION'}, {'text': 'Hidden Agenda At the Thirteenth Not', 'value': 'ART'}]","[{'Kim Fowley': 'PERSON'}, {'BMX Bandits': 'ORGANIZATION'}, {'Receiver Records': 'ORGANIZATION'}, {'Hidden Agenda At the Thirteenth Not': 'ART'}]","[{'Kim Fowley': 'PERSON'}, {'BMX Bandits': 'ORGANIZATION'}, {'Receiver Records': 'ORGANIZATION'}, {'Hidden Agenda At the Thirteenth Not': 'ART'}]","[{'Kim Fowley': 'PERSON'}, {'BMX Bandits': 'ORGANIZATION'}, {'Receiver Records': 'ORGANIZATION'}, {'Hidden Agenda At the Thirteenth Not': 'ART'}]",25,nonce,"[{""text"": ""Kim Fowley"", ""value"": ""PERSON""}, {""text"": ""BMX Bandits"", ""value"": ""ORGANIZATION""}, {""text"": ""Receiver Records"", ""value"": ""ORGANIZATION""}, {""text"": ""Hidden Agenda At the Thirteenth Not"", ""value"": ""ART""}]",,"Entities: [
  {""text"": ""Kim Fowley"", ""value"": ""PERSON""},
  {""text"": ""BMX Bandits"", ""value"": ""ORGANIZATION""},
  {""text"": ""Receiver Records"", ""value"": ""ORGANIZATION""},
  {""text"": ""Hidden Agenda At the Thirteenth Not"", ""value"": ""ART""}
]",
Many of the men were separated from their families and flurf into the B.C.,Many of the men were separated from their families and sent into the B.C.,[],[],[{'B.C.': 'LOCATION'}],[{'B.C.': 'LOCATION'}],26,nonce,"Entities: [{""text"": ""B.C."", ""value"": ""LOCATION""}]","**Choosing NER label**

I need to decide on the NER label for ""B.C."" It could be categorized as either ""LOCATION"" or ""ORGANIZATION,"" but I think ""LOCATION"" is the best fit in this case. It feels straightforward since it references a geographical area rather than an organization. Alright, I’ll go ahead with that choice and return it. This labeling should help in organizing the data effectively!","Entities: [{""text"":""B.C."",""value"":""LOCATION""}]","**Formatting entity response**

The user wants me to return a specific entity text span while maintaining the original formatting. I'll ensure to keep it minimal and follow their example closely. 

So, I’ll produce something like:  
Entities: [{""text"":""B.C."",""value"":""LOCATION""}]  

It’s probably best not to add a trailing comma after the last item, even though their example did. It’s important to produce valid JSON since many tasks rely on that ""Entities:"" field being correct. Time to deliver the answer!"
His pupil Vadeebhasimha flurf in prose ``Gayachintamani`` and ``Kshatrachudamini`` based on poet Banas ``Kadambari`` and minister Chavundaraya flurf ``Charitarasara``.,His pupil Vadeebhasimha wrote in prose ``Gayachintamani`` and ``Kshatrachudamini`` based on poet Banas ``Kadambari`` and minister Chavundaraya wrote ``Charitarasara``.,"[{'text': 'Vadeebhasimha', 'value': 'PERSON'}, {'text': 'Gayachintamani', 'value': 'ART'}, {'text': 'Kshatrachudamini', 'value': 'ART'}, {'text': 'Banas', 'value': 'PERSON'}, {'text': 'Kadambari', 'value': 'ART'}, {'text': 'Chavundaraya', 'value': 'PERSON'}, {'text': 'Charitarasara', 'value': 'ART'}]","[{'Vadeebhasimha': 'PERSON'}, {'Gayachintamani': 'ART'}, {'Kshatrachudamini': 'ART'}, {'Banas': 'PERSON'}, {'Kadambari': 'ART'}, {'Chavundaraya': 'PERSON'}, {'Charitarasara': 'ART'}]","[{'Vadeebhasimha': 'PERSON'}, {'Gayachintamani': 'ART'}, {'Kshatrachudamini': 'ART'}, {'Banas': 'PERSON'}, {'Kadambari': 'ART'}, {'Chavundaraya': 'PERSON'}, {'Charitarasara': 'ART'}]","[{'Vadeebhasimha': 'PERSON'}, {'Gayachintamani': 'ART'}, {'Kshatrachudamini': 'ART'}, {'Banas': 'PERSON'}, {'Kadambari': 'ART'}, {'Chavundaraya': 'PERSON'}, {'Charitarasara': 'ART'}]",38,nonce,"[
  {""text"": ""Vadeebhasimha"", ""value"": ""PERSON""},
  {""text"": ""Gayachintamani"", ""value"": ""ART""},
  {""text"": ""Kshatrachudamini"", ""value"": ""ART""},
  {""text"": ""Banas"", ""value"": ""PERSON""},
  {""text"": ""Kadambari"", ""value"": ""ART""},
  {""text"": ""Chavundaraya"", ""value"": ""PERSON""},
  {""text"": ""Charitarasara"", ""value"": ""ART""}
]",,"Entities: [
  {""text"": ""Vadeebhasimha"", ""value"": ""PERSON""},
  {""text"": ""Gayachintamani"", ""value"": ""ART""},
  {""text"": ""Kshatrachudamini"", ""value"": ""ART""},
  {""text"": ""Banas"", ""value"": ""PERSON""},
  {""text"": ""Kadambari"", ""value"": ""ART""},
  {""text"": ""Chavundaraya"", ""value"": ""PERSON""},
  {""text"": ""Charitarasara"", ""value"": ""ART""}
]",
"Lawrence droks that she was given cash, whereas Stephens claims that his life was threatened.","Lawrence claims that she was given cash, whereas Stephens claims that his life was threatened.","[{'text': 'Stephens', 'value': 'PERSON'}]",[{'Stephens': 'PERSON'}],"[{'Lawrence': 'PERSON'}, {'Stephens': 'PERSON'}]","[{'Lawrence': 'PERSON'}, {'Stephens': 'PERSON'}]",20,nonce,"Entities: [{""text"": ""Lawrence"", ""value"": ""PERSON""}, {""text"": ""Stephens"", ""value"": ""PERSON""}]",,"Entities: [{""text"": ""Lawrence"", ""value"": ""PERSON""}, {""text"": ""Stephens"", ""value"": ""PERSON""}]","**Finalizing JSON formatting**

I need to make sure there are no trailing commas in the JSON array, even if the previous example had one. I’ll ensure we provide proper JSON without heavy formatting. Also, I’m considering edge cases and wondering if ""cash"" could be classified as a PRODUCT, but it's just a common noun, so I don't think so. The same goes for ""life."" Alright, let's finalize everything!"
"Dorsa has a Bachelor of Music in Composition from California State University, Northridge in 2001, Master of Music in Harpsichord Performance at Cal State Northridge in 2004, and a Doctor of Musical Arts at the University of Michigan, flurf in 2008.","Dorsa has a Bachelor of Music in Composition from California State University, Northridge in 2001, Master of Music in Harpsichord Performance at Cal State Northridge in 2004, and a Doctor of Musical Arts at the University of Michigan, Ann Arbor in 2008.","[{'text': 'Dorsa', 'value': 'PERSON'}, {'text': 'Bachelor of Music', 'value': 'OTHER'}, {'text': 'California State University, Northridge', 'value': 'ORGANIZATION'}, {'text': 'Master of Music', 'value': 'OTHER'}, {'text': 'Cal State Northridge', 'value': 'ORGANIZATION'}, {'text': 'Doctor of Musical Arts', 'value': 'OTHER'}, {'text': 'University of Michigan', 'value': 'ORGANIZATION'}, {'text': 'Ann Arbor', 'value': 'LOCATION'}]","[{'Dorsa': 'PERSON'}, {'Bachelor of Music': 'OTHER'}, {'California State University, Northridge': 'ORGANIZATION'}, {'Master of Music': 'OTHER'}, {'Cal State Northridge': 'ORGANIZATION'}, {'Doctor of Musical Arts': 'OTHER'}, {'University of Michigan': 'ORGANIZATION'}, {'Ann Arbor': 'LOCATION'}]","[{'Dorsa': 'PERSON'}, {'Bachelor of Music in Composition': 'OTHER'}, {'California State University, Northridge': 'ORGANIZATION'}, {'Master of Music in Harpsichord Performance': 'OTHER'}, {'Cal State Northridge': 'ORGANIZATION'}, {'Doctor of Musical Arts': 'OTHER'}, {'University of Michigan': 'ORGANIZATION'}]","[{'Dorsa': 'PERSON'}, {'California State University, Northridge': 'ORGANIZATION'}, {'Cal State Northridge': 'ORGANIZATION'}, {'University of Michigan': 'ORGANIZATION'}, {'Ann Arbor': 'LOCATION'}]",33,nonce,"Entities: [{""text"": ""Dorsa"", ""value"": ""PERSON""}, {""text"": ""Bachelor of Music in Composition"", ""value"": ""OTHER""}, {""text"": ""California State University, Northridge"", ""value"": ""ORGANIZATION""}, {""text"": ""Master of Music in Harpsichord Performance"", ""value"": ""OTHER""}, {""text"": ""Cal State Northridge"", ""value"": ""ORGANIZATION""}, {""text"": ""Doctor of Musical Arts"", ""value"": ""OTHER""}, {""text"": ""University of Michigan"", ""value"": ""ORGANIZATION""}]","**Evaluating entity extraction**

I need to adjust how I capture entity text phrases. For example, with ""from California State University, Northridge in 2001,"" I should capture just ""California State University, Northridge,"" and for ""at Cal State Northridge in 2004,"" I'll take ""Cal State Northridge."" However, ""flurf"" from ""University of Michigan, flurf in 2008"" is nonsensical and shouldn't be included. I should focus on recognized names, so I’d skip over unusual or uncapitalized tokens. **Deciding on entity types**

I'm considering which entities to include for extraction: like ""Dorsa"" as a PERSON and various organizations such as ""California State University, Northridge,"" ""Cal State Northridge,"" and ""University of Michigan."" I also think fields of study like ""Composition"" and ""Harpsichord Performance"" might not be explicitly included. Degrees like ""Bachelor of Music,"" ""Master of Music,"" and ""Doctor of Musical Arts"" should fall under the OTHER category, since they are recognized named entities. So, I’ll categorize them accordingly as OTHER. **Considering degree inclusions**

I’m thinking about whether to include just the degree names without their fields, like ""Bachelor of Music,"" ""Master of Music,"" and ""Doctor of Musical Arts."" The full phrases ""Bachelor of Music in Composition"" and ""Master of Music in Harpsichord Performance"" could be included for consistency, even if ""Harpsichord Performance"" is just a concentration. Even though standard NER typically doesn’t include degrees, I want to be thorough, so I’ll include them as OTHER. I’ll also keep ""California State University"" tied to ""California State University, Northridge."" Lastly, I’ll omit years like ""2001,"" ""2004,"" and ""2008,"" and ignore ""flurf."" **Preparing JSON data for entities**

I'm considering that ""Composition"" and ""Harpsichord Performance"" act as fields and not named entities. So, I’ll create a JSON array with the following entries:

- {""text"": ""Dorsa"", ""value"": ""PERSON""}
- {""text"": ""California State University, Northridge"", ""value"": ""ORGANIZATION""}
- {""text"": ""Cal State Northridge"", ""value"": ""ORGANIZATION""}
- {""text"": ""University of Michigan"", ""value"": ""ORGANIZATION""}
- {""text"": ""Bachelor of Music in Composition"", ""value"": ""OTHER""}
- {""text"": ""Master of Music in Harpsichord Performance"", ""value"": ""OTHER""}
- {""text"": ""Doctor of Musical Arts"", ""value"": ""OTHER""}

I won't include ""Northridge"" alone, as it’s tied to organizations here, and ""Harpsichord"" is just the instrument, not an entity. Overall, I'm avoiding non-entity terms like ""Music."" **Finalizing JSON output for entities**

I'm considering how to handle ""University of Michigan, flurf."" I recognize ""University of Michigan"" as the organization, but ""flurf"" is nonsensical and shouldn't be included. I need to follow the desired output format closely: ""Entities: [{""text"": ""entity text span"", ""value"": ""entity type""},]."" I'll ensure we keep everything simple, and despite the duplicates between ""California State University, Northridge"" and ""Cal State Northridge,"" I’ll include both as they appear. Now, I’ll produce the final line without any extra formatting.","Entities: [
  {""text"": ""Dorsa"", ""value"": ""PERSON""},
  {""text"": ""California State University, Northridge"", ""value"": ""ORGANIZATION""},
  {""text"": ""Cal State Northridge"", ""value"": ""ORGANIZATION""},
  {""text"": ""University of Michigan"", ""value"": ""ORGANIZATION""},
  {""text"": ""Ann Arbor"", ""value"": ""LOCATION""}
]","**Analyzing organizational names**

I see that ""California State University, Northridge"" and ""Cal State Northridge"" refer to the same organization, but there's also the location ""Northridge"" to consider. Then there's ""Ann Arbor"" linked to the University of Michigan, indicating another location. I’m wondering if ""California,"" ""State,"" and ""University"" should be treated as generic terms. I’ll output this as a JSON array containing both mentions for clarity, focusing on organizational consistency and possible duplicates. **Sorting university names**

I see that ""University of Michigan, Ann Arbor"" and ""University of Michigan-Ann Arbor"" refer to the same flagship campus, but I’m pondering whether using both creates duplicate mentions. The text mentions ""at the University of Michigan, Ann Arbor in 2008,"" suggesting I may need to extract it as one organization instead of two distinct entities. The instructions allow for ORGANIZATION and LOCATION, so I'll go with ""University of Michigan"" as the organization and ""Ann Arbor"" as the location. Meanwhile, I can keep ""California State University, Northridge"" intact as the full organization name. **Clarifying entity extractions**

For ""Cal State Northridge,"" it’s the same organization, but ""Northridge"" could refer to a location within Los Angeles. Since it’s part of the organizational name, I won’t extract ""Northridge"" as a separate location. The text mentions items like ""Composition,"" ""Harpsichord Performance,"" and ""Musical Arts,"" but those aren't categories. I also spotted ""Dorsa"" as a person, which is clear.

Regarding dates like ""2001, 2004, 2008,"" I won't include them since they're not necessary. I'll include ""University of Michigan, Ann Arbor"" as the organization and treat ""Ann Arbor"" as a location. **Preparing entity output**

I’m going to structure the entity output in JSON format as the user expects. My list includes: 

- ""Dorsa"" as a person 
- ""California State University, Northridge"" as an organization 
- ""Cal State Northridge"" as a synonym for the same organization 
- ""University of Michigan"" as another organization 
- ""Ann Arbor"" as a location.

I’m skipping ""Bachelor of Music,"" ""Master of Music,"" and ""Doctor of Musical Arts"" since they aren’t considered named entities. The final output will match the user's format: 

Entities: [{...}]. Let’s do this! **Finalizing entity types**

I realize that the type values need to come from a specific list, and we’re using PERSON, ORGANIZATION, and LOCATION here, which is correct. I’m feeling confident about this part! Now I can finalize the output without any issues. Everything seems to be in order, and I’ll ensure it meets the guidelines and requirements expected. Let’s wrap this up neatly!"
"Dublin is also vibbled by Weston Airport and other small facilities, by a range of helicopter operators, and the military and some State services use Casement Aerodrome nearby.","Dublin is also served by Weston Airport and other small facilities, by a range of helicopter operators, and the military and some State services use Casement Aerodrome nearby.","[{'text': 'Dublin', 'value': 'LOCATION'}, {'text': 'Weston Airport', 'value': 'BUILDING'}, {'text': 'Casement Aerodrome', 'value': 'BUILDING'}]","[{'Dublin': 'LOCATION'}, {'Weston Airport': 'BUILDING'}, {'Casement Aerodrome': 'BUILDING'}]","[{'Dublin': 'LOCATION'}, {'Weston Airport': 'BUILDING'}, {'Casement Aerodrome': 'BUILDING'}]","[{'Dublin': 'LOCATION'}, {'Weston Airport': 'BUILDING'}, {'Casement Aerodrome': 'BUILDING'}]",24,nonce,"[{""text"":""Dublin"",""value"":""LOCATION""},{""text"":""Weston Airport"",""value"":""BUILDING""},{""text"":""Casement Aerodrome"",""value"":""BUILDING""}]","**Extracting named entities**

I need to extract named entities from the text and format them as an array of objects with ""text"" and ""value."" The first entity, ""Dublin,"" is clearly a LOCATION (city). For ""Weston Airport,"" it's between BUILDING and LOCATION, but I lean toward BUILDING since that's a more fitting classification. I wonder about it being an ORGANIZATION, but I'll stick with BUILDING. The phrase ""helicopter operators"" isn’t a named entity, and ""the military"" seems too generic to classify definitively. **Analyzing named entities**

I realize that ""the military"" is too generic to be a specific named entity. For ""State services,"" it refers to government functions, but since ""State"" is capitalized, it might denote the Irish state and could be considered an ORGANIZATION. However, because it’s in the phrase ""some State services,"" it isn’t a proper noun. Then there's Casement Aerodrome, which is a proper name for an air base near Dublin, so I would classify that as a BUILDING. The term ""vibbled"" sounds wrong, but not relevant to my classification task! **Extracting named entities**

The instruction is clear: I need to extract named entities from the text, focusing on properly named items. I'll include ""Dublin,"" ""Weston Airport,"" and ""Casement Aerodrome,"" but I'm not including ""the military"" or ""State services."" I need to return a JSON array formatted correctly. 

It’ll look like this:  
[
  {""text"":""Dublin"",""value"":""LOCATION""},
  {""text"":""Weston Airport"",""value"":""BUILDING""},
  {""text"":""Casement Aerodrome"",""value"":""BUILDING""}
]

I’ll stick with BUILDING for ""Weston Airport"" since that’s the most fitting type. Alright, let’s finalize this!","Entities: [{""text"": ""Dublin"", ""value"": ""LOCATION""}, {""text"": ""Weston Airport"", ""value"": ""BUILDING""}, {""text"": ""Casement Aerodrome"", ""value"": ""BUILDING""}]",
"Glutamine synthetase scrops ammonia produced by nitrate reduction, amino acid degradation, and photorespiration.","Glutamine synthetase uses ammonia produced by nitrate reduction, amino acid degradation, and photorespiration.","[{'text': 'Glutamine synthetase', 'value': 'OTHER'}, {'text': 'ammonia', 'value': 'OTHER'}, {'text': 'amino acid', 'value': 'OTHER'}]","[{'Glutamine synthetase': 'OTHER'}, {'ammonia': 'OTHER'}, {'amino acid': 'OTHER'}]","[{'Glutamine synthetase': 'OTHER'}, {'ammonia': 'OTHER'}, {'nitrate reduction': 'OTHER'}, {'amino acid degradation': 'OTHER'}, {'photorespiration': 'OTHER'}]","[{'Glutamine synthetase': 'PRODUCT'}, {'ammonia': 'PRODUCT'}, {'nitrate reduction': 'OTHER'}, {'amino acid degradation': 'OTHER'}, {'photorespiration': 'OTHER'}]",21,nonce,"Entities: [
  {""text"": ""Glutamine synthetase"", ""value"": ""OTHER""},
  {""text"": ""ammonia"", ""value"": ""OTHER""},
  {""text"": ""nitrate reduction"", ""value"": ""OTHER""},
  {""text"": ""amino acid degradation"", ""value"": ""OTHER""},
  {""text"": ""photorespiration"", ""value"": ""OTHER""}
]","**Identifying entities in context**

I’m looking to extract named entities from the given text. The types I'm considering are ART, BUILDING, EVENT, LOCATION, ORGANIZATION, OTHER, PERSON, and PRODUCT. ""Glutamine synthetase"" appears to be a protein, and while it falls under PRODUCT, it might better fit as OTHER, considering it’s not manufactured. Other terms like ""nitrate reduction,"" ""amino acid degradation,"" and ""photorespiration"" are processes and could also be categorized as OTHER. The named entities might include ""Glutamine synthetase"" and ""photorespiration."" **Evaluating entity classifications**

I’m considering whether to include ""amino acid degradation"" and ""nitrate reduction"" as named entities under ""OTHER."" They are generic processes, not proper nouns, but the task is broad and allows for domain-specific processes. ""Photorespiration"" is a named biological process, even if it’s not capitalized. ""Glutamine synthetase"" is a proper protein name. For chemicals like ""ammonia,"" ""nitrate,"" and ""amino acid,"" I’m leaning towards classifying them as OTHER since the instructions don’t explicitly define them. **Deciding on entity classifications**

I’m trying to decide if I should categorize ""nitrate reduction"" as an EVENT or OTHER. It seems EVENT is ambiguous, so I'll probably stick with OTHER for biological processes and chemicals. I'll classify ""Glutamine synthetase,"" ""ammonia,"" ""nitrate reduction,"" ""amino acid degradation,"" and ""photorespiration"" all as OTHER. 

Now, I’m wondering if I should treat ""nitrate"" as a separate entity, but it fits well with ""nitrate reduction."" I’ll make sure to format the output as a JSON array, including the ""Entities: ..."" header, to match the instructions. **Finalizing entity classification**

I’m considering the classifications again, and while drugs and devices can be considered PRODUCTS, proteins like ""Glutamine synthetase"" don't get purchased, so keeping it as OTHER makes sense. 

Now, it's time to present the entities in a clear format. My minimal list will look like this: 

Entities: [
  {""text"": ""Glutamine synthetase"", ""value"": ""OTHER""},
  {""text"": ""ammonia"", ""value"": ""OTHER""},
  {""text"": ""nitrate reduction"", ""value"": ""OTHER""},
  {""text"": ""amino acid degradation"", ""value"": ""OTHER""},
  {""text"": ""photorespiration"", ""value"": ""OTHER""}
]

I think this is simple and accurate!","Entities: [{""text"": ""Glutamine synthetase"", ""value"": ""PRODUCT""}, {""text"": ""ammonia"", ""value"": ""PRODUCT""}, {""text"": ""nitrate reduction"", ""value"": ""OTHER""}, {""text"": ""amino acid degradation"", ""value"": ""OTHER""}, {""text"": ""photorespiration"", ""value"": ""OTHER""}]","**Extracting named entities**

I’m thinking about how to categorize named entities from the given text. The types include things like ART, BUILDING, EVENT, LOCATION, ORGANIZATION, OTHER, PERSON, and PRODUCT. For ""Glutamine synthetase,"" I'm considering whether it fits into PRODUCT, ORGANIZATION, or OTHER. It might lean towards OTHER since it’s an enzyme. ""Ammonia"" could also be PRODUCT or OTHER. However, things like ""nitrate reduction"" and ""photorespiration,"" while important, don't seem like named entities; they feel more like general terms. **Extracting named entities**

The task is to extract named entities, but there’s no defined type for chemicals, only PRODUCT or OTHER. Even without proper nouns, I’d categorize enzymes and processes as OTHER. For example, I could list: Glutamine synthetase, ammonia, nitrate reduction, amino acid degradation, and photorespiration. I wonder about mapping values, like ""Glutamine synthetase"" as OTHER and ""ammonia"" as PRODUCT. Typically, chemicals can fall under PRODUCT, so it might be safer to classify them that way. I'll keep this in mind while finalizing the output. **Mapping entities and classifications**

I'm thinking about how to categorize ""Glutamine synthetase,"" which is a protein enzyme. I might consider it a PRODUCT since it's a biomolecule, and ""ammonia"" is clearly a chemical, so it’s also a PRODUCT. For processes like nitrate reduction, amino acid degradation, and photorespiration, I should label those as OTHER. Although I could indicate ""nitrate"" as a chemical, it's part of the phrase ""nitrate reduction."" I'll extract ""ammonia"" for sure, while the others remain as processes. **Crafting the JSON array**

I need to create a JSON array for the entities as specified. It should look like this: Entities: [{""text"": ""entity text span"", ""value"": ""entity type""}]. I'll output it as one line, ensuring no extra formatting beyond what's requested. The prompt indicates I should share the Entities as a simple array, so I’ll keep that in mind. And yes, I should definitely categorize ""photorespiration"" as OTHER. Let’s get this formatted correctly!"
"Conway is the drok of operations for Norfolk Southern in the Greater Pittsburgh area, featuring a hump yard and a crew change point for virtually all Pittsburgh and Fort Wayne Line trains.","Conway is the hub of operations for Norfolk Southern in the Greater Pittsburgh area, featuring a hump yard and a crew change point for virtually all Pittsburgh and Fort Wayne Line trains.","[{'text': 'Conway', 'value': 'LOCATION'}, {'text': 'Norfolk Southern', 'value': 'LOCATION'}, {'text': 'Greater Pittsburgh', 'value': 'LOCATION'}, {'text': 'Pittsburgh', 'value': 'LOCATION'}, {'text': 'Fort Wayne Line', 'value': 'LOCATION'}]","[{'Conway': 'LOCATION'}, {'Norfolk Southern': 'LOCATION'}, {'Greater Pittsburgh': 'LOCATION'}, {'Pittsburgh': 'LOCATION'}, {'Fort Wayne Line': 'LOCATION'}]","[{'Conway': 'LOCATION'}, {'Norfolk Southern': 'ORGANIZATION'}, {'Greater Pittsburgh area': 'LOCATION'}, {'Pittsburgh': 'LOCATION'}, {'Fort Wayne Line': 'LOCATION'}]","[{'Conway': 'LOCATION'}, {'Norfolk Southern': 'ORGANIZATION'}, {'Greater Pittsburgh area': 'LOCATION'}, {'Pittsburgh': 'LOCATION'}, {'Fort Wayne Line': 'OTHER'}]",35,nonce,"Entities: [
  {""text"": ""Conway"", ""value"": ""LOCATION""},
  {""text"": ""Norfolk Southern"", ""value"": ""ORGANIZATION""},
  {""text"": ""Greater Pittsburgh area"", ""value"": ""LOCATION""},
  {""text"": ""Pittsburgh"", ""value"": ""LOCATION""},
  {""text"": ""Fort Wayne Line"", ""value"": ""LOCATION""}
]",,"Entities: [
  {""text"": ""Conway"", ""value"": ""LOCATION""},
  {""text"": ""Norfolk Southern"", ""value"": ""ORGANIZATION""},
  {""text"": ""Greater Pittsburgh area"", ""value"": ""LOCATION""},
  {""text"": ""Pittsburgh"", ""value"": ""LOCATION""},
  {""text"": ""Fort Wayne Line"", ""value"": ""OTHER""}
]","**Analyzing rail line entities**

I’m considering how to categorize the ""Pittsburgh Line."" The text refers to ""Pittsburgh and Fort Wayne Line trains,"" but it doesn't explicitly say ""Pittsburgh Line."" I wonder if I should split it into two entities: ""Pittsburgh Line"" and ""Fort Wayne Line."" Since there's ambiguity, I think I could classify ""Fort Wayne Line"" as OTHER, while ""Pittsburgh"" is already a location. I’m also thinking of how to classify ""Fort Wayne"" and its connection to the line's name. **Evaluating entity classification**

I'm contemplating whether to treat ""Fort Wayne"" as part of the rail line name while also acknowledging it as an individual location mention. It seems safer to keep it as ""Fort Wayne Line."" However, ""Pittsburgh,"" mentioned as ""Greater Pittsburgh area,"" also comes up multiple times in the text. I think ""Conway"" should be classified as a location, while ""Norfolk Southern"" is clearly an organization. I’m wondering if I should capture ""Pittsburgh"" as a LOCATION too, even though ""Pittsburgh Line"" isn't directly stated. **Considering entity duplication**

I'm thinking we shouldn’t duplicate mentions when listing entities. I can keep ""Pittsburgh"" from earlier. ""Fort Wayne"" isn't mentioned alone, only in ""Fort Wayne Line,"" which seems fine to include. I notice a distinction between ""Greater Pittsburgh area"" and just ""Pittsburgh."" The phrase ""virtually all Pittsburgh and Fort Wayne Line trains"" brings ""Pittsburgh"" up again. I wonder if I can treat both ""Greater Pittsburgh area"" and ""Pittsburgh"" as separate entities while still referencing them accurately, even if ""Pittsburgh"" appears in that context. **Identifying locations and entities**

I'm figuring out how to classify geographic references. I can include ""Fort Wayne"" as a LOCATION. Phrases like ""Fort Wayne Line trains"" and terms like ""hump yard"" or ""crew change point"" aren't named entities, so I’ll leave them out. ""Conway"" might be tricky since it could refer to ""Conway Yard,"" but the text indicates it as a town. ""Greater Pittsburgh area"" is still a location span. ""Fort Wayne Line"" is a proper noun. However, ""Pittsburgh"" could be ambiguous since it appears in the phrase ""Pittsburgh and Fort Wayne Line."" **Finalizing entity classification**

I think it's fine to consider ""Fort Wayne"" as a location since it's just part of ""Fort Wayne Line."" While ""Fort Wayne"" is a named city, it seems safest to stick with ""Fort Wayne Line."" However, ""Greater Pittsburgh area"" includes ""Pittsburgh,"" which is acceptable. For my final output, I’ll create a JSON array with the entities, making sure to include ""Conway"" and ""Norfolk Southern."" I’ll also capture ""Greater Pittsburgh area"" and ""Fort Wayne Line"" as needed, ensuring it’s valid JSON format without duplicates. Let's get that output ready!"
"Early communities began to plawic at the beginning of the 19th century, including Lynchburg, Harrisburg, and Rightor's Point (modern Morgan's Point) in the 1820s.","Early communities began to appear at the beginning of the 19th century, including Lynchburg, Harrisburg, and Rightor's Point (modern Morgan's Point) in the 1820s.","[{'text': 'Lynchburg', 'value': 'LOCATION'}, {'text': 'Harrisburg', 'value': 'LOCATION'}, {'text': ""Rightor's Point"", 'value': 'LOCATION'}, {'text': ""Morgan's Point"", 'value': 'LOCATION'}]","[{'Lynchburg': 'LOCATION'}, {'Harrisburg': 'LOCATION'}, {""Rightor's Point"": 'LOCATION'}, {""Morgan's Point"": 'LOCATION'}]","[{'Lynchburg': 'LOCATION'}, {'Harrisburg': 'LOCATION'}, {""Rightor's Point"": 'LOCATION'}, {""Morgan's Point"": 'LOCATION'}]","[{'Lynchburg': 'LOCATION'}, {'Harrisburg': 'LOCATION'}, {""Rightor's Point"": 'LOCATION'}, {""Morgan's Point"": 'LOCATION'}]",32,nonce,"Entities: [
  {""text"": ""Lynchburg"", ""value"": ""LOCATION""},
  {""text"": ""Harrisburg"", ""value"": ""LOCATION""},
  {""text"": ""Rightor's Point"", ""value"": ""LOCATION""},
  {""text"": ""Morgan's Point"", ""value"": ""LOCATION""}
]","**Extracting named entities**

I need to gather named entities from the text. It seems like ""plawic"" is likely a typo, so I’ll ignore that. I'll identify entities like Lynchburg, Harrisburg, Rightor's Point, and Morgan's Point as locations. These are cities or places. However, 19th century and ""the 1820s"" are time expressions and don’t fit the category of named entities we want to extract, so I won't include them. Let's focus on locations only! **Refining named entity extraction**

I notice ""Early communities"" isn't actually an entity. When considering Lynchburg and Harrisburg, I realize they could refer to specific contexts, but I’ll categorize them both as locations. Rightor's Point, alongside Morgan's Point, should also be treated as individual entities, so I’ll include both in the output.

I can't classify ""19th century"" as an event since the context doesn't support it, and ""communities"" isn't a named entity either. I’ll focus on formatting the locations correctly in a JSON structure for the final output. **Finalizing entity format**

The user wants the entity list formatted like this: ""Entities: [...]"". So, I’ll create the list accordingly. Here’s what I have so far:

- {""text"": ""Lynchburg"", ""value"": ""LOCATION""}
- {""text"": ""Harrisburg"", ""value"": ""LOCATION""}
- {""text"": ""Rightor's Point"", ""value"": ""LOCATION""}
- {""text"": ""Morgan's Point"", ""value"": ""LOCATION""}

I decide not to include ""the 19th century"" as an event or the ""1820s"" since they're time periods. Including both ""Rightor's Point"" and ""Morgan's Point"" separately works best. And yes, I need to be cautious about trailing commas in JSON! **Ensuring valid JSON output**

I think it's best to stick to valid JSON formatting to avoid any issues. The user provided an example with a trailing comma, but I’ll leave that out because valid JSON doesn't allow it. I'll ensure the output respects the requested types like ART, BUILDING, EVENT, LOCATION, ORGANIZATION, OTHER, PERSON, and PRODUCT. Keeping it minimal will help maintain clarity. So, I'm ready to move forward with producing the correct JSON structure for the entities.","Entities: [{""text"":""Lynchburg"",""value"":""LOCATION""},{""text"":""Harrisburg"",""value"":""LOCATION""},{""text"":""Rightor's Point"",""value"":""LOCATION""},{""text"":""Morgan's Point"",""value"":""LOCATION""}]",
"The Croal Irwell Regional Park Project Proposal to scrop a green artery from the centre of Manchester to the West Pennine Moors was announced in June 2003 supported by Salford, Bury and Bolton councils and the Red Rose Forest.","The Croal Irwell Regional Park Project Proposal to create a green artery from the centre of Manchester to the West Pennine Moors was announced in June 2003 supported by Salford, Bury and Bolton councils and the Red Rose Forest.","[{'text': 'Croal Irwell Regional Park Project Proposal', 'value': 'PRODUCT'}, {'text': 'Manchester', 'value': 'LOCATION'}, {'text': 'West Pennine Moors', 'value': 'LOCATION'}, {'text': 'Salford', 'value': 'LOCATION'}, {'text': 'Bury', 'value': 'LOCATION'}, {'text': 'Bolton', 'value': 'LOCATION'}, {'text': 'Red Rose Forest', 'value': 'ORGANIZATION'}]","[{'Croal Irwell Regional Park Project Proposal': 'PRODUCT'}, {'Manchester': 'LOCATION'}, {'West Pennine Moors': 'LOCATION'}, {'Salford': 'LOCATION'}, {'Bury': 'LOCATION'}, {'Bolton': 'LOCATION'}, {'Red Rose Forest': 'ORGANIZATION'}]","[{'Croal Irwell Regional Park Project Proposal': 'OTHER'}, {'Croal Irwell Regional Park': 'LOCATION'}, {'Manchester': 'LOCATION'}, {'West Pennine Moors': 'LOCATION'}, {'June 2003': 'OTHER'}, {'Salford': 'ORGANIZATION'}, {'Bury': 'ORGANIZATION'}, {'Bolton': 'ORGANIZATION'}, {'Red Rose Forest': 'ORGANIZATION'}]","[{'Croal Irwell Regional Park Project Proposal': 'OTHER'}, {'Croal Irwell Regional Park': 'LOCATION'}, {'Manchester': 'LOCATION'}, {'West Pennine Moors': 'LOCATION'}, {'Salford': 'ORGANIZATION'}, {'Bury': 'ORGANIZATION'}, {'Bolton': 'ORGANIZATION'}, {'Red Rose Forest': 'ORGANIZATION'}]",39,nonce,"Entities: [
  {""text"": ""Croal Irwell Regional Park Project Proposal"", ""value"": ""OTHER""},
  {""text"": ""Croal Irwell Regional Park"", ""value"": ""LOCATION""},
  {""text"": ""Manchester"", ""value"": ""LOCATION""},
  {""text"": ""West Pennine Moors"", ""value"": ""LOCATION""},
  {""text"": ""June 2003"", ""value"": ""OTHER""},
  {""text"": ""Salford"", ""value"": ""ORGANIZATION""},
  {""text"": ""Bury"", ""value"": ""ORGANIZATION""},
  {""text"": ""Bolton"", ""value"": ""ORGANIZATION""},
  {""text"": ""Red Rose Forest"", ""value"": ""ORGANIZATION""}
]","**Clarifying entity types**

I’m considering how to categorize entities like ""Croal Irwell Regional Park,"" ""Manchester,"" and ""West Pennine Moors"" clearly as locations. While determining how to label ""June 2003,"" I'm unsure if it fits best under ""OTHER"" since it's a date, even though there's no specific ""DATE"" option in the list. I think assigning it to ""OTHER"" works for now. Then there's ""Salford""; I wonder if it should be labeled as both an organization and a location, but I'll stick to location for consistency. **Determining entity classifications**

In this NER task, I believe ""Salford"" is generally recognized as a LOCATION, but since it appears in the context of ""Salford, Bury and Bolton councils,"" I think it should be tagged as an ORGANIZATION. The same logic applies to ""Bury"" and ""Bolton."" Although ""Salford City Council"" is the proper name, the context makes it clear that these are organizations. 

Regarding ""Red Rose Forest,"" I’d classify it as an ORGANIZATION too. However, I don’t think I’ll categorize ""Regional Park"" as a building or ""Project Proposal"" as an event, and ""Croal Irwell"" likely represents two rivers, which I won’t extract separately. **Reviewing entity classifications**

Here’s the list of entities I've come up with:

1. ""Croal Irwell Regional Park"" as LOCATION
2. ""Manchester"" as LOCATION
3. ""West Pennine Moors"" as LOCATION
4. ""June 2003"" as OTHER
5. ""Salford"" as ORGANIZATION
6. ""Bury"" as ORGANIZATION
7. ""Bolton"" as ORGANIZATION
8. ""Red Rose Forest"" as ORGANIZATION

I want to double-check the phrase ""centre of Manchester"" to ensure I capture Manchester correctly. I'm also considering whether to classify ""Croal Irwell Regional Park Project Proposal"" as OTHER or EVENT. Since it's a proposal document, I think it's best categorized as OTHER. However, including both entities is fine for clarity. Overall, I’ll prioritize capturing key entities, as the user requested. **Finalizing entity classifications**

I’m looking at ""The Croal Irwell Regional Park Project Proposal"" as a proper noun. I think it makes sense to categorize it as OTHER since it's a proposal document and not art. So, I’ll include both ""Croal Irwell Regional Park Project Proposal"" as OTHER and ""Croal Irwell Regional Park"" as LOCATION. 

Now, I need to ensure the spans match exactly. Even though it starts with ""The,"" I can omit that in the extracted phrase, as the main text contains ""Croal Irwell Regional Park Project Proposal"" directly. I'll keep ""centre of Manchester"" as it's spelled correctly in UK English. **Finalizing entity list**

I confirmed that ""West Pennine Moors"" and ""Red Rose Forest"" should be included. For ""Red Rose Forest,"" I noticed that it appears as ""the Red Rose Forest,"" so I’ll stick with the text ""Red Rose Forest."" Now it’s time to produce the JSON array in the order these items appeared.

I must ensure I follow the expected format for the user, including the correct capitalization for entity types. I’ll finalize the list now, keeping everything neatly organized!","Entities: [
  {""text"": ""Croal Irwell Regional Park Project Proposal"", ""value"": ""OTHER""},
  {""text"": ""Croal Irwell Regional Park"", ""value"": ""LOCATION""},
  {""text"": ""Manchester"", ""value"": ""LOCATION""},
  {""text"": ""West Pennine Moors"", ""value"": ""LOCATION""},
  {""text"": ""Salford"", ""value"": ""ORGANIZATION""},
  {""text"": ""Bury"", ""value"": ""ORGANIZATION""},
  {""text"": ""Bolton"", ""value"": ""ORGANIZATION""},
  {""text"": ""Red Rose Forest"", ""value"": ""ORGANIZATION""}
]","**Analyzing project proposal entities**

I'm considering the project proposal and thinking of it as an EVENT. I should treat ""Croal Irwell Regional Park"" as a LOCATION. Then there are various locations like Manchester and West Pennine Moors. The date mentioned (June 2003) isn't relevant for extraction. ""Salford"" seems like a city or council, and since it mentions ""supported by Salford, Bury and Bolton councils,"" I'd identify these as ORGANIZATIONS. I should split these into three distinct entities rather than combining them to keep clarity. **Clarifying entity extraction**

So, there's no explicit term ""Salford Council"", just the phrase ""Salford, Bury and Bolton councils"", creating some ambiguity. I need to decide whether to classify ""Salford"", ""Bury"", and ""Bolton"" as LOCATIONS or ORGANIZATIONS. Even without ""council"" in each instance, they're intended as ORGANIZATIONS. As for ""Red Rose Forest,"" it seems more like an initiative, which suggests it should also be categorized as an ORGANIZATION instead of a LOCATION, given its branding context in Greater Manchester. **Labeling entities accurately**

I'm analyzing ""the Red Rose Forest,"" which I see as a proper entity and would categorize as an ORGANIZATION. Then there's the ""Croal Irwell Regional Park Project Proposal."" It's a bit tricky to label this, since ""Project Proposal"" isn't really an event, even though it involves an announcement. It's more of a document, but I could think of it as ART. However, considering their document nature, I think I'll classify ""Croal Irwell Regional Park"" as a LOCATION and the proposal as either EVENT or OTHER. **Determining proper entity classifications**

I'm considering some NER benchmarks where ""project"" might be classified as an ORGANIZATION, but not in this case. For ""centre of Manchester,"" I'll go with just Manchester. Regarding ""Croal Irwell,"" I notice it's not ""Croal and Irwell""; I should stick with ""Croal Irwell."" 

So, my final list is:  
- Croal Irwell Regional Park as a LOCATION,  
- Croal Irwell Regional Park Project Proposal as an EVENT,  
- Manchester as a LOCATION,  
- West Pennine Moors as a LOCATION,  
- Ignoring June 2003 since it doesn’t fit any category,  
- For Salford Council, I'll just tag ""Salford"" as an ORGANIZATION since the text context supports it. **Structuring entity classifications**

I’m thinking about ""Bury"" and ""Bolton,"" which I will also label as ORGANIZATIONS. For ""Red Rose Forest,"" that’s clearly an ORGANIZATION. Looking at the phrase ""Croal Irwell Regional Park Project Proposal,"" since ""Project Proposal"" is capitalized, it seems to be a named proposal, so I'll classify it as an EVENT or OTHER. It still seems safer to go with OTHER. 

I’ll include locations like ""Croal Irwell Regional Park,"" ""Manchester,"" and ""West Pennine Moors"" as LOCATIONS. For ""Salford,"" ""Bury,"" and ""Bolton,"" I’ll categorize them as ORGANIZATIONS. 

Next, I’ll prepare the JSON output with these entities while ensuring we avoid duplicates and maintain the order."
She has also vibble fiction and her work has gained awards.,She has also written fiction and her work has gained awards.,[],[],[],[],29,nonce,Entities: [],,Entities: [],"**Extracting named entities**

I need to extract named entities from the provided text, but it seems there aren’t any explicit named entities present. ""She"" is just a pronoun, and ""fiction"" and ""awards"" are generic terms rather than specific entities. 

So there are zero entities. The expected output should be a JSON array that reflects this: Entities: []. It seems like including minimal details is necessary. I’ll confirm that the output will remain an empty list while keeping it tidy."
Gonu drok strong gusty winds and torrential rainfall along Pakistan's Arabian Sea coast from Karachi to Gwadar.,Gonu caused strong gusty winds and torrential rainfall along Pakistan's Arabian Sea coast from Karachi to Gwadar.,"[{'text': 'Gonu', 'value': 'EVENT'}, {'text': ""Pakistan's Arabian Sea coast"", 'value': 'LOCATION'}, {'text': 'Karachi', 'value': 'LOCATION'}, {'text': 'Gwadar', 'value': 'LOCATION'}]","[{'Gonu': 'EVENT'}, {""Pakistan's Arabian Sea coast"": 'LOCATION'}, {'Karachi': 'LOCATION'}, {'Gwadar': 'LOCATION'}]","[{'Gonu': 'EVENT'}, {""Pakistan's"": 'LOCATION'}, {'Arabian Sea': 'LOCATION'}, {'Karachi': 'LOCATION'}, {'Gwadar': 'LOCATION'}]","[{'Gonu': 'EVENT'}, {'Pakistan': 'LOCATION'}, {'Arabian Sea': 'LOCATION'}, {'Karachi': 'LOCATION'}, {'Gwadar': 'LOCATION'}]",36,nonce,"Entities: [{""text"":""Gonu"",""value"":""EVENT""},{""text"":""Pakistan's"",""value"":""LOCATION""},{""text"":""Arabian Sea"",""value"":""LOCATION""},{""text"":""Karachi"",""value"":""LOCATION""},{""text"":""Gwadar"",""value"":""LOCATION""}]","**Deciding on the output format**

I’m focused on producing the right output based on the user’s request for entities. They mentioned ""Entities: ..."", so it seems they want that specific format. To be safe, I think I'll stick to just the JSON array. I want to ensure it's machine-readable, avoiding complex formatting. However, there's a chance that adding the ""Entities: "" label could also be acceptable. Still, I think keeping it simple with just the array is the way to go. **Clarifying the user's request**

The user specifically wrote ""Entities: [{""text"": ""entity text span"", ""value"": ""entity type""}]"", which feels like a template they want me to follow. It makes sense to provide exactly ""Entities: ..."" along with the JSON array to match their expectations. I need to ensure clarity, so I'll format it as ""Entities: [ ... ]"". I wonder if ""Gonu drok"" could be confused with ""Gonu Drok,"" but I should just keep ""Gonu."" I'll finalize it now.","Entities: [{""text"": ""Gonu"", ""value"": ""EVENT""}, {""text"": ""Pakistan"", ""value"": ""LOCATION""}, {""text"": ""Arabian Sea"", ""value"": ""LOCATION""}, {""text"": ""Karachi"", ""value"": ""LOCATION""}, {""text"": ""Gwadar"", ""value"": ""LOCATION""}]","**Evaluating entity text span**

I’m considering how entities are generally proper names, and I should include the possessive if the substring matches exactly. The instruction specifically calls for ""entity text span,"" so I should find the exact substring as it appears. However, it's better to choose ""Pakistan"" alone since the possessive form might not qualify as part of the entity. The text does contain ""Pakistan,"" but I'll stick to using just ""Pakistan"" for accuracy. **Determining entity text span**

Okay, so the task is focused on ""entity text span."" Many previous tasks asked for the exact span as it appears in the text, so I'm considering if I should keep ""Pakistan's"" as part of that. However, that would classify it as LOCATION. Meanwhile, ""Arabian Sea"" and both ""Karachi"" and ""Gwadar"" are exact matches, while ""coast"" is not.

I note that ""Gonu"" is also an exact match, and I’ll list the entity types: ART, BUILDING, EVENT, LOCATION, ORGANIZATION, OTHER, PERSON, and PRODUCT. So, I’d format them all in a JSON array as specified by the user. **Finalizing entity output**

I see the example shows ""Entities: [{""text"": ""entity text span"", ""value"": ""entity type""},],"" which suggests that a trailing comma is allowed. However, I think it’s better not to include one. 

So, I’ll produce the entities like this: 

Entities: [
  {""text"": ""Gonu"", ""value"": ""EVENT""},
  {""text"": ""Pakistan"", ""value"": ""LOCATION""},
  {""text"": ""Arabian Sea"", ""value"": ""LOCATION""},
  {""text"": ""Karachi"", ""value"": ""LOCATION""},
  {""text"": ""Gwadar"", ""value"": ""LOCATION""}
]

Choosing ""Pakistan"" avoids issues with the apostrophe, and I think that's perfectly fine. Let's finalize this!"
Most of the town is actually a residential area called Orchid Island Golf and Beach Club.,Most of the town is actually a gated community called Orchid Island Golf and Beach Club.,"[{'text': 'Orchid Island Golf and Beach Club', 'value': 'LOCATION'}]",[{'Orchid Island Golf and Beach Club': 'LOCATION'}],[{'Orchid Island Golf and Beach Club': 'ORGANIZATION'}],[{'Orchid Island Golf and Beach Club': 'LOCATION'}],47,hypernym,"Entities: [{""text"": ""Orchid Island Golf and Beach Club"", ""value"": ""ORGANIZATION""}]","**Identifying named entities**

I need to extract named entities from the sentence. We have various types: ART, BUILDING, EVENT, LOCATION, ORGANIZATION, OTHER, PERSON, and PRODUCT. The text mentions ""Orchid Island Golf and Beach Club,"" which is a named entity. I’m debating if it's a LOCATION or ORGANIZATION since it's described as a residential area but also sounds like a private club community. Since ""Club"" suggests it's an organization, I’ll likely categorize it as ORGANIZATION. **Extracting entities as JSON**

The sentence refers to a ""residential area called [X],"" which suggests a community. In named entity recognition (NER) tasks like spaCy, the distinction between ""GPE"" and ""ORG"" can be unclear. Since the options given are limited to LOCATION or ORGANIZATION, I’ll choose ORGANIZATION. There aren't any other named entities; ""town"" is too generic. I’ll format the output as a JSON array as specified, including only the exact entity, like this: 

Entities: [{""text"": ""Orchid Island Golf and Beach Club"", ""value"": ""ORGANIZATION""}].","Entities: [{""text"": ""Orchid Island Golf and Beach Club"", ""value"": ""LOCATION""}]","**Extracting named entities**

I need to extract named entities from the given text, including types like ART, BUILDING, EVENT, LOCATION, ORGANIZATION, and PERSON. The phrase ""Orchid Island Golf and Beach Club"" stands out as a proper name. It can be classified as either an ORGANIZATION or LOCATION since it’s a gated community and club. Typically, for named entity recognition tasks, it leans more towards being categorized as an ORGANIZATION, but it also fits the LOCATION criteria. **Selecting entity type**

Alright, since ""Orchid Island Golf and Beach Club"" is both a gated community and a club, it seems best categorized as an ORGANIZATION for named entity recognition. There aren't any other proper nouns in the text, and ""Most of the town"" isn't a named entity.

I’ll return a JSON array with the required format, something like: [{""text"": ""Orchid Island Golf and Beach Club"", ""value"": ""ORGANIZATION""}]. It looks like the user wants this specific output, so I’ll ensure I present it correctly. **Determining entity classification**

The user wants me to extract named entities from the text, specifically asking for the format: ""Entities: [{""text"": ..., ""value"": ...},]"". I’m debating whether to classify ""Orchid Island Golf and Beach Club"" as a LOCATION or ORGANIZATION. Since it’s described as ""a gated community,"" it might be better labeled as LOCATION for mapping purposes. However, the term ""Golf and Beach Club"" typically suggests it’s an organization. Ultimately, I think labeling it as LOCATION feels safer and more useful for the user's needs. **Classifying the entity correctly**

In the real world, ""Orchid Island Golf and Beach Club"" is actually a luxury residential community and members-only club in Vero Beach, Florida. Without additional context, I'd typically tag it as LOCATION because it's primarily about the place name. Although there's some expectation for ORG since it’s a club, the term ""gated community"" strongly suggests a physical location. Since the prompt didn’t provide a category for FACILITY, I feel confident in choosing LOCATION to reflect the community aspect."
In 1955 it initiated procurement of an early model of the Boeing B-52 Stratofortress and upgraded to various models over the next 40 years.,In 1955 it began receiving an early model of the Boeing B-52 Stratofortress and upgraded to various models over the next 40 years.,"[{'text': 'Boeing B-52', 'value': 'PRODUCT'}]",[{'Boeing B-52': 'PRODUCT'}],"[{'Boeing': 'ORGANIZATION'}, {'Boeing B-52 Stratofortress': 'PRODUCT'}]",[{'Boeing B-52 Stratofortress': 'PRODUCT'}],53,hypernym,"[
  {""text"": ""Boeing"", ""value"": ""ORGANIZATION""},
  {""text"": ""Boeing B-52 Stratofortress"", ""value"": ""PRODUCT""}
]",,"Entities: [{""text"": ""Boeing B-52 Stratofortress"", ""value"": ""PRODUCT""}]","**Extracting named entities**

I need to identify named entities in a sentence and classify them into categories like ART, BUILDING, EVENT, etc. For the text about the Boeing B-52, I noticed there's an issue: dates aren’t listed as a category. Should I classify ""1955"" as ""OTHER""? Some guidelines suggest excluding dates if not specified, but named entities typically include them. It’s a bit tricky deciding whether to include dates or not, considering the limited categories. **Classifying entities in text**

I'm considering how to classify the named entities in the text about the Boeing B-52 Stratofortress. ""Boeing"" could be treated as an organization, while ""B-52 Stratofortress"" is clearly a product. Should I annotate them separately or together? The full name is important, and in named entity recognition tasks, such distinctions are crucial. There's some flexibility in handling overlapping spans, which isn't strictly prohibited in the instructions. It's a little tricky, but I think separating them makes sense! **Determining named entities**

I see that I need to create a simple list of entities from the provided text. While the phrase ""next 40 years"" is a duration, it's not in the specified types, so I think I should skip that. The ""Boeing B-52 Stratofortress"" is clearly a product, and I might also consider ""Boeing"" as an organization, although it’s part of the product name. To play it safe, I’ll likely keep my answer limited to just the product entity. However, I'm still pondering whether to include ""1955"" as OTHER. **Finalizing named entities**

I’m leaning towards keeping things simple since ""1955"" isn’t a recognized type and while it could be labeled as OTHER, it’s best to avoid it for minimalism. The key entity is ""Boeing B-52 Stratofortress"" as a PRODUCT. Although ""Boeing"" could technically be classified as an ORGANIZATION, extracting nested entities might complicate things. To avoid duplication and stay conservative in my approach, I’ll stick with just one entity. So, I’ll finalize it like this:

Entities: [{""text"": ""Boeing B-52 Stratofortress"", ""value"": ""PRODUCT""}] **Preparing the output**

I need to make sure I’m delivering the output exactly as required. Some might suggest classifying ""B-52 Stratofortress"" as a PRODUCT and ""Boeing"" as an ORGANIZATION, but I prefer a more minimal approach while still being correct. I’ll focus on the key entity and make sure everything is formatted properly. It's important to stay precise and deliver the expected response without any unnecessary details. Let's get this ready to go!"
"It has been administered to treat hypertension and cardiac failure, and to treat pre-eclampsia during pregnancy.","It has been used to treat hypertension and cardiac failure, and to treat pre-eclampsia during pregnancy.","[{'text': 'hypertension', 'value': 'OTHER'}, {'text': 'cardiac failure,', 'value': 'OTHER'}, {'text': 'pre-eclampsia', 'value': 'OTHER'}]","[{'hypertension': 'OTHER'}, {'cardiac failure,': 'OTHER'}, {'pre-eclampsia': 'OTHER'}]",[],[],49,hypernym,Entities: [],"**Extracting named entities**

I need to extract named entities from the text. The given sentence talks about treating hypertension, cardiac failure, and pre-eclampsia during pregnancy. It feels like a typical medical statement with none of the expected entity types present. While ""pre-eclampsia"" is a medical condition, it doesn’t match the listed types, and neither do ""hypertension,"" ""cardiac failure,"" or ""pregnancy."" Since there are no relevant entities to extract, I'll return an empty list as specified: ""Entities: []"".",Entities: [],"**Extracting named entities**

I need to extract named entities from the given text, which includes types like ART, BUILDING, EVENT, LOCATION, ORGANIZATION, OTHER, PERSON, and PRODUCT. The text I'm looking at doesn't seem to have any named entities, as it discusses hypertension and cardiac failure—diseases that typically aren't considered named entities. ""Pre-eclampsia"" might be labeled as OTHER if allowed, but otherwise, the text lacks proper nouns or named events. So, it appears I have nothing to extract. **Deciding on named entities**

The term ""pregnancy"" isn't a named entity; similarly, terms like ""hypertension,"" ""cardiac failure,"" and ""pre-eclampsia"" are medical conditions. Many Named Entity Recognition (NER) tasks might classify them under ""OTHER"" if that's included as a category. The prompt does mention that ""OTHER"" is a possible entity type. However, since the text contains no proper named entities, I'll likely return an empty list. I should format my output correctly as: Entities: []. Let's go with that!"
The festival is dedicated to world media and digital content and its creation and development.,The festival is dedicated to world television and digital content and its creation and development.,[],[],[],[],73,hypernym,Entities: [],"**Extracting named entities**

I need to extract named entities from the given text, focusing on types like ART, BUILDING, LOCATION, ORGANIZATION, and more. The text mentions ""the festival,"" ""world media,"" and ""digital content,"" but these all seem quite generic rather than named entities. So, it's likely there aren't any entities present. The instruction format suggests returning an empty JSON array, so I should provide [] to match the expected output structure. Let's ensure precision! **Finalizing entity extraction**

I need to output the JSON array for named entities. In previous tasks, they've sometimes included the label ""Entities: ..."" in the output. Since the user included ""Entities: ..."" in their final line, I should follow that format and present ""Entities: []"". I need to ensure there are genuinely no entities to report. ""The festival"" doesn’t have a specific name, while ""world media"" seems like a category, not an organization. So the result is indeed an empty list. I'll finalize it as ""Entities: []"".",Entities: [],"**Extracting named entities**

I need to extract named entities from the provided text about a festival related to world television and digital content. However, it seems like most terms are generic rather than specific identifiers. ""The festival"" and ""digital content"" don’t refer to unique entities, so it looks like there are no entities to list. I should format my output as an empty JSON array, like: Entities: []. It’s pretty clear that there’s nothing specific to highlight here! **Clarifying named entities**

It appears that there are no specific named entities in the text. The phrase ""world television"" is referring to a domain rather than a particular event like ""World Television Day,"" which is an actual event recognized by the UN. Similarly, ""the festival"" is too general. Therefore, I’ll conclude there are zero entities to extract and should format it as: Entities: []. I’ll stick to the exact requirements without extra commentary!"
Royal Malaysia Police Air Operations Force or ``Pasukan Gerakan Udara (PGU)'' is an elite aviation unit of Royal Malaysia Police.,Royal Malaysia Police Air Operations Force or ``Pasukan Gerakan Udara (PGU)'' is a special aviation unit of Royal Malaysia Police.,"[{'text': 'Royal Malaysia Police Air Operations Force', 'value': 'ORGANIZATION'}, {'text': 'Pasukan Gerakan Udara', 'value': 'ORGANIZATION'}, {'text': 'PGU', 'value': 'ORGANIZATION'}, {'text': 'Royal Malaysia Police', 'value': 'ORGANIZATION'}]","[{'Royal Malaysia Police Air Operations Force': 'ORGANIZATION'}, {'Pasukan Gerakan Udara': 'ORGANIZATION'}, {'PGU': 'ORGANIZATION'}, {'Royal Malaysia Police': 'ORGANIZATION'}]","[{'Royal Malaysia Police Air Operations Force': 'ORGANIZATION'}, {'Pasukan Gerakan Udara (PGU)': 'ORGANIZATION'}, {'Royal Malaysia Police': 'ORGANIZATION'}]","[{'Royal Malaysia Police Air Operations Force': 'ORGANIZATION'}, {'Pasukan Gerakan Udara (PGU)': 'ORGANIZATION'}, {'Royal Malaysia Police': 'ORGANIZATION'}]",69,hypernym,"Entities: [{""text"": ""Royal Malaysia Police Air Operations Force"", ""value"": ""ORGANIZATION""}, {""text"": ""Pasukan Gerakan Udara (PGU)"", ""value"": ""ORGANIZATION""}, {""text"": ""Royal Malaysia Police"", ""value"": ""ORGANIZATION""}]",,"[{""text"": ""Royal Malaysia Police Air Operations Force"", ""value"": ""ORGANIZATION""}, {""text"": ""Pasukan Gerakan Udara (PGU)"", ""value"": ""ORGANIZATION""}, {""text"": ""Royal Malaysia Police"", ""value"": ""ORGANIZATION""}]",
"Loyalists conscripted from Queens County, New York by Lieutenant Colonel Richard Hewlett for the 3rd battalion DeLancey's Brigade had established a fortified position in early August on the central north shore of Long Island at Setauket, just across Long Island Sound from Fairfield.","Loyalists recruited from Queens County, New York by Lieutenant Colonel Richard Hewlett for the 3rd battalion DeLancey's Brigade had established a fortified position in early August on the central north shore of Long Island at Setauket, just across Long Island Sound from Fairfield.","[{'text': 'Queens County', 'value': 'LOCATION'}, {'text': 'New York', 'value': 'LOCATION'}, {'text': 'Richard Hewlett', 'value': 'PERSON'}, {'text': ""DeLancey's Brigade"", 'value': 'ORGANIZATION'}, {'text': 'Long Island', 'value': 'LOCATION'}, {'text': 'Setauket', 'value': 'LOCATION'}, {'text': 'Long Island Sound', 'value': 'LOCATION'}, {'text': 'Fairfield', 'value': 'LOCATION'}]","[{'Queens County': 'LOCATION'}, {'New York': 'LOCATION'}, {'Richard Hewlett': 'PERSON'}, {""DeLancey's Brigade"": 'ORGANIZATION'}, {'Long Island': 'LOCATION'}, {'Setauket': 'LOCATION'}, {'Long Island Sound': 'LOCATION'}, {'Fairfield': 'LOCATION'}]","[{'Queens County, New York': 'LOCATION'}, {'Lieutenant Colonel Richard Hewlett': 'PERSON'}, {""3rd battalion DeLancey's Brigade"": 'ORGANIZATION'}, {'Long Island': 'LOCATION'}, {'Setauket': 'LOCATION'}, {'Long Island Sound': 'LOCATION'}, {'Fairfield': 'LOCATION'}]","[{'Queens County, New York': 'LOCATION'}, {'Lieutenant Colonel Richard Hewlett': 'PERSON'}, {""3rd battalion DeLancey's Brigade"": 'ORGANIZATION'}, {'Long Island': 'LOCATION'}, {'Setauket': 'LOCATION'}, {'Long Island Sound': 'LOCATION'}, {'Fairfield': 'LOCATION'}]",65,hypernym,"Entities: [
  {""text"": ""Queens County, New York"", ""value"": ""LOCATION""},
  {""text"": ""Lieutenant Colonel Richard Hewlett"", ""value"": ""PERSON""},
  {""text"": ""3rd battalion DeLancey's Brigade"", ""value"": ""ORGANIZATION""},
  {""text"": ""Long Island"", ""value"": ""LOCATION""},
  {""text"": ""Setauket"", ""value"": ""LOCATION""},
  {""text"": ""Long Island Sound"", ""value"": ""LOCATION""},
  {""text"": ""Fairfield"", ""value"": ""LOCATION""}
]","**Extracting named entities**

I've been asked to extract named entities, but I'm considering if some terms might not fit. For instance, Time might not be a named entity, so it’s best to skip it just in case.  

I’ve identified several locations: Long Island, Setauket, Long Island Sound, and Fairfield. “Queens County” could be an organization with ""Loyalists,"" but that term is too generic, so I'll skip that.  

Also, I have to ensure I'm not duplicating ""New York"" since it’s already part of ""Queens County, New York."" “Central north shore” isn’t an entity, and there’s nothing notable like art or buildings. I want to use “3rd Battalion, DeLancey's Brigade” as a historical name, ensuring it’s normalized appropriately. **Extracting named entities clearly**

The instructions say to use the exact substring for text spans, so I need to note it as ""3rd Battalion DeLancey's Brigade"" and also correctly use ""Lieutenant Colonel"" for ""Lieutenant Colonel Richard Hewlett"". I should include ""Queens County, New York"" exactly as it appears.

Now, ""Long Island"" shows up twice, and even though entity recognition typically requires unique mentions, deduplication isn't specified here. Thus, I think I should include each unique entity once. I'll definitely include ""Long Island,"" ""Setauket,"" ""Long Island Sound,"" and ""Fairfield"" in my output. **Clarifying named entities**

So, I'm considering that ""Queens County"" might be its own location, but ""Queens County, New York"" is more accurate. Should I include ""New York"" separately? It isn't necessary since it's nested within the full phrase. I won't add it again separately, though.  

I don't see any potential art or buildings in this context, and there are no relevant events. The organization is ""3rd Battalion DeLancey's Brigade,"" and a person's name to include is ""Lieutenant Colonel Richard Hewlett.""  

Here’s the compiled list: ""Queens County, New York,"" ""Lieutenant Colonel Richard Hewlett,"" ""3rd Battalion DeLancey's Brigade,"" ""Long Island,"" ""Setauket,"" ""Long Island Sound,"" and ""Fairfield"". **Finalizing entity list**

I’m double-checking for redundancy. While ""Loyalists"" could be considered an organization, it's more of a political designation, so I’ll skip that. Regarding ""August,"" that's not a recognized type, so I’ll pass on it too.  

Now, for the JSON list of entities, I want to maintain simple formatting without heavy embellishments. I'll ensure punctuation and text accuracy:  
- ""3rd Battalion DeLancey's Brigade"" should have the curly apostrophe.  
- ""Long Island Sound"" must be spelled correctly.  
- ""Queens County, New York"" will include the comma.  
- I'll note ""Lieutenant Colonel Richard Hewlett"" with the proper capitalization.  
- ""Setauket,"" ""Fairfield,"" and ""Long Island"" must all be included, but I’ll only mention ""Long Island"" once since it's already in ""Long Island Sound."" Lastly, I'll keep everything formatted as a valid JSON list with the text and value pairs. **Producing final entities**

I need to present the entities in the format ""Entities: [ ... ]"" making sure to include the necessary quotes and avoid trailing commas. I wonder if I should list ""3rd Battalion"" as a separate organization. While it's not a formal entity by itself, it’s often part of ""DeLancey's Brigade,"" which is a recognized unit. Since the text refers to it as ""3rd Battalion DeLancey's Brigade"" without ""of,"" it feels safer to include the combined name. Okay, let’s finalize this!","Entities: [
  {""text"": ""Queens County, New York"", ""value"": ""LOCATION""},
  {""text"": ""Lieutenant Colonel Richard Hewlett"", ""value"": ""PERSON""},
  {""text"": ""3rd battalion DeLancey's Brigade"", ""value"": ""ORGANIZATION""},
  {""text"": ""Long Island"", ""value"": ""LOCATION""},
  {""text"": ""Setauket"", ""value"": ""LOCATION""},
  {""text"": ""Long Island Sound"", ""value"": ""LOCATION""},
  {""text"": ""Fairfield"", ""value"": ""LOCATION""}
]","**Extracting named entities**

I’m looking to extract named entities from the given text and assign them to the correct types.

For instance, I see ""Queens County, New York"" can be categorized as a LOCATION. Then there's ""Lieutenant Colonel Richard Hewlett,"" which clearly fits as a PERSON. Next, ""3rd battalion DeLancey's Brigade"" is an ORGANIZATION, and I’m considering if we should refer to both the unit and subunit.

Lastly, ""early August"" is more of a time expression than an event, so it doesn't quite fit into the specified types. **Refining named entity classification**

I’m evaluating what to include in the named entity classification. 

For ""central north shore of Long Island,"" it’s descriptive, but I can extract ""Long Island"" as a LOCATION. ""Setauket"" is clearly another LOCATION (a hamlet), while ""Long Island Sound"" and ""Fairfield"" both represent recognized locations too.

""Loyalists"" might not fit neatly into an organization since it's more of a group descriptor. 

For ""Queens County, New York,"" including the full title ""Lieutenant Colonel Richard Hewlett"" makes sense, as NER tasks typically consider titles part of a person's name. I could also include ""DeLancey's Brigade"" as a separate ORGANIZATION. **Clarifying named entity extraction**

I’m considering how to categorize entities from the text. ""DeLancey's Brigade"" is clearly an ORGANIZATION, and I think it's best to extract both ""3rd battalion"" and ""DeLancey's Brigade"" together, as ""3rd battalion"" alone isn't unique.

For ""Queens County, New York,"" I'll include it as a single entity. ""Long Island"" is distinct, while ""Long Island Sound"" is also a clear LOCATION. 

With ""New York"" being part of ""Queens County, New York,"" I wonder if we should treat it as a separate entity too, especially since it appears in the text. So, I might include ""New York"" as well. **Determining named entity outputs**

I’m thinking about how to categorize named entities for the task. 

While ""3rd battalion"" seems like a numeric ordinal phrase and might be best to avoid, ""Fairfield"" is definitely a location. 

With ""Queens County,"" it's part of ""Queens County, New York,"" so I’ll categorize it as a complete entity. We could list both ""Queens County, New York"" and ""New York"" separately, since ""New York"" appears literally in the text. NER usually treats these as separate entities, and since overlapping spans are allowed, I'll include them in the JSON output. **Compiling entity types**

I’m listing possible entity types like ART, BUILDING, EVENT, LOCATION, ORGANIZATION, PERSON, PRODUCT, and OTHER. However, there aren't any ART, BUILDING, or PRODUCT entities. For ""EVENT,"" ""early August"" isn’t recognized, so I’ll skip that.

Here's what I'm collecting:

- ""Queens County, New York"" as LOCATION
- ""New York"" as a separate LOCATION
- ""Lieutenant Colonel Richard Hewlett"" as PERSON
- ""3rd battalion DeLancey's Brigade"" as ORGANIZATION
- Including ""DeLancey's Brigade"" seems redundant, but since it's part of the full entity, I'll keep it.
- ""Long Island,"" ""Setauket,"" ""Long Island Sound,"" and ""Fairfield"" will all be categorized as LOCATION.

Even though ""Queens County"" is part of ""Queens County, New York,"" I won’t include it separately. To keep it crisp and clean, I'll produce the final JSON array based on these entities and types."
"This led to the creation by Maximilian III Joseph, Elector of Bavaria of the Bavarian Academy of Sciences and Humanities on 28 March 1759.","This led to the foundation by Maximilian III Joseph, Elector of Bavaria of the Bavarian Academy of Sciences and Humanities on 28 March 1759.","[{'text': 'Maximilian III Joseph, Elector of Bavaria', 'value': 'PERSON'}, {'text': 'Bavarian Academy of Sciences and Humanities', 'value': 'ORGANIZATION'}]","[{'Maximilian III Joseph, Elector of Bavaria': 'PERSON'}, {'Bavarian Academy of Sciences and Humanities': 'ORGANIZATION'}]","[{'Maximilian III Joseph': 'PERSON'}, {'Bavaria': 'LOCATION'}, {'Bavarian Academy of Sciences and Humanities': 'ORGANIZATION'}]","[{'Maximilian III Joseph': 'PERSON'}, {'Elector of Bavaria': 'PERSON'}, {'Bavaria': 'LOCATION'}, {'Bavarian Academy of Sciences and Humanities': 'ORGANIZATION'}, {'28 March 1759': 'OTHER'}]",45,hypernym,"[{""text"":""Maximilian III Joseph"",""value"":""PERSON""},{""text"":""Bavaria"",""value"":""LOCATION""},{""text"":""Bavarian Academy of Sciences and Humanities"",""value"":""ORGANIZATION""}]",,"[{""text"":""Maximilian III Joseph"",""value"":""PERSON""},{""text"":""Elector of Bavaria"",""value"":""PERSON""},{""text"":""Bavaria"",""value"":""LOCATION""},{""text"":""Bavarian Academy of Sciences and Humanities"",""value"":""ORGANIZATION""},{""text"":""28 March 1759"",""value"":""OTHER""}]","**Clarifying entity annotations**

Most Named Entity Recognition (NER) tasks consider ""Bavaria"" within ""Elector of Bavaria"" as a LOCATION. There could be some confusion around nested entities since the instructions didn't specify. To avoid mismatches, I'll treat ""Bavaria"" as a LOCATION, especially since it's a common entity. The phrase ""Bavarian Academy"" appears, but ""Bavarian"" is just an adjective, so it won’t be listed as a location. The final entities array will have about 4 or 5 elements. **Defining entity annotations**

I will include four key entities: person, organization, date, and location. I'll keep things concise, ordering them by appearance. So, I’ll list:

- Maximilian III Joseph as PERSON
- Bavaria as LOCATION
- Bavarian Academy of Sciences and Humanities as ORGANIZATION
- 28 March 1759 as OTHER

Including both ""Elector of Bavaria"" and ""Bavaria"" would create duplicates, and the title isn't strictly necessary. To avoid redundancy, I’ll just include ""Maximilian III Joseph"" and follow the user's straightforward request for a JSON list. **Finalizing entity extraction**

The instructions included an example of ""Entities: [...]"" without much explanation, so I need to stick with outputting just the JSON. In typical Named Entity Recognition (NER), I would extract ""Maximilian III Joseph,"" ""Elector of Bavaria,"" ""Bavarian Academy of Sciences and Humanities,"" and ""28 March 1759."" 

I think it makes sense to include both ""Elector of Bavaria"" as PERSON and ""Bavaria"" as LOCATION for completeness since they haven't specified against nested entities. Ultimately, I’ll keep the output strictly as a JSON array. **Creating JSON for entities**

I'm putting together a JSON array for the identified entities, which will include:

- ""Maximilian III Joseph"" as PERSON
- ""Elector of Bavaria"" also as PERSON
- ""Bavaria"" as LOCATION
- ""Bavarian Academy of Sciences and Humanities"" as ORGANIZATION
- ""28 March 1759"" as OTHER

I need to ensure I've got the punctuation right, especially remembering not to include any unnecessary commas. This structure looks good, so let’s go ahead and deliver it."
"Internal disagreements, especially between Covaci and Baniciu, were making headlines in the media.","Internal conflicts, especially between Covaci and Baniciu, were making headlines in the media.","[{'text': 'Covaci', 'value': 'PERSON'}, {'text': 'Baniciu', 'value': 'PERSON'}]","[{'Covaci': 'PERSON'}, {'Baniciu': 'PERSON'}]","[{'Covaci': 'PERSON'}, {'Baniciu': 'PERSON'}]","[{'Covaci': 'PERSON'}, {'Baniciu': 'PERSON'}]",57,hypernym,"Entities: [{""text"": ""Covaci"", ""value"": ""PERSON""}, {""text"": ""Baniciu"", ""value"": ""PERSON""}]",,"[{""text"":""Covaci"",""value"":""PERSON""},{""text"":""Baniciu"",""value"":""PERSON""}]",
"However, in 1861 the eventuality of secession by southern states after the 1860 presidential election removed this obstacle to political change.","However, in 1861 the prospect of secession by southern states after the 1860 presidential election removed this obstacle to political change.",[],[],[{'1860 presidential election': 'EVENT'}],[{'1860 presidential election': 'EVENT'}],55,hypernym,"Entities: [{""text"": ""1860 presidential election"", ""value"": ""EVENT""}]","**Finalizing entity extraction**

I need to extract the ""entity text span"" from the provided text, specifically the phrase ""the 1860 presidential election."" It seems I should just output ""1860 presidential election"" since NER typically excludes determiners like ""the."" 

Additionally, ""secession"" could be considered an EVENT, but it’s not named, whereas ""1860 presidential election"" is indeed a named entity. So, I’ll just make sure to include the relevant entities without extra commentary: 

Entities: [{""text"": ""1860 presidential election"", ""value"": ""EVENT""}]","Entities: [{""text"": ""1860 presidential election"", ""value"": ""EVENT""}]","**Evaluating historical entities**

I’m analyzing the phrase “1860 presidential election,” which is a clear event. ""1861"" doesn’t work as an entity for me since it’s not named. Now, concerning ""southern states,"" I think it’s usually lowercase, but maybe “the South” would be a location. I’m thinking we’ll only extract one entity here. “Secession” could be an event, but it’s not named. So, I’ll finalize with:  

Entities: [{""text"": ""1860 presidential election"", ""value"": ""EVENT""}] **Clarifying entity extraction**

I'm considering whether the year ""1861"" might fit as an EVENT or OTHER, since the list includes that. But then again, I think a year isn’t classified as an entity. So, to keep it simple and minimal, I’m deciding to stick with just one clear entity. Therefore, I’ll proceed with:  

Entities: [{""text"": ""1860 presidential election"", ""value"": ""EVENT""}]  

I think that delivers what we need!"
USP42 has also been indicated to deubiquitinate p53 and may be essential for the function of p53 to react to stress.,USP42 has also been shown to deubiquitinate p53 and may be required for the ability of p53 to respond to stress.,"[{'text': 'USP42', 'value': 'OTHER'}, {'text': 'p53', 'value': 'OTHER'}, {'text': 'p53', 'value': 'OTHER'}]","[{'USP42': 'OTHER'}, {'p53': 'OTHER'}, {'p53': 'OTHER'}]","[{'USP42': 'OTHER'}, {'p53': 'OTHER'}]","[{'USP42': 'OTHER'}, {'p53': 'OTHER'}]",67,hypernym,"Entities: [{""text"": ""USP42"", ""value"": ""OTHER""}, {""text"": ""p53"", ""value"": ""OTHER""}]","**Extracting named entities**

I need to extract named entities from the provided text, focusing on gene and protein names like USP42 and p53. However, there aren’t specific types like ""GENE"" or ""CHEMICAL""; the closest match seems to be ""OTHER"". Sometimes gene/protein names are classified as ""OTHER"" in extraction tasks. Therefore, I'll consider ""USP42"" as a gene/protein and ""p53"" as a protein, categorizing both under ""OTHER"" for our JSON output. **Producing named entities**

I need to format the entities correctly. We have ""USP42"" and ""p53"" appearing twice in the text. Usually, we deduplicate entities or include all mentions, but without clear instructions, it’s better to list each unique entity once. Given this, both ""USP42"" and ""p53"" will be categorized as ""OTHER"". 

I’ll construct the JSON output as follows:

Entities: [
  {""text"": ""USP42"", ""value"": ""OTHER""},
  {""text"": ""p53"", ""value"": ""OTHER""}
]

This should cover everything nicely!","Entities: [{""text"": ""USP42"", ""value"": ""OTHER""}, {""text"": ""p53"", ""value"": ""OTHER""}]",
"Additionally, Santa is actually innocent of the crime, which was instead devised by scheming relative Cousin Mel, who is mentioned briefly in the song but made into a gold-digging villainness in the special.","Moreover, Santa is actually innocent of the crime, which was instead masterminded by scheming relative Cousin Mel, who is mentioned briefly in the song but made into a gold-digging villainness in the special.","[{'text': 'Santa', 'value': 'PERSON'}, {'text': 'Cousin Mel', 'value': 'PERSON'}]","[{'Santa': 'PERSON'}, {'Cousin Mel': 'PERSON'}]","[{'Santa': 'PERSON'}, {'Cousin Mel': 'PERSON'}]","[{'Santa': 'PERSON'}, {'Cousin Mel': 'PERSON'}]",43,hypernym,"Entities: [{""text"": ""Santa"", ""value"": ""PERSON""}, {""text"": ""Cousin Mel"", ""value"": ""PERSON""}]",,"Entities: [{""text"": ""Santa"", ""value"": ""PERSON""}, {""text"": ""Cousin Mel"", ""value"": ""PERSON""}]",
"The situation began to unfold after 1961 when South Africa left the Commonwealth of Nations and so, under the rules of the day, its cricket board had to leave the International Cricket Conference (ICC).","The situation began to crystallise after 1961 when South Africa left the Commonwealth of Nations and so, under the rules of the day, its cricket board had to leave the International Cricket Conference (ICC).","[{'text': 'South Africa', 'value': 'LOCATION'}, {'text': 'Commonwealth of Nations', 'value': 'ORGANIZATION'}, {'text': 'International Cricket Conference', 'value': 'ORGANIZATION'}, {'text': 'ICC', 'value': 'ORGANIZATION'}]","[{'South Africa': 'LOCATION'}, {'Commonwealth of Nations': 'ORGANIZATION'}, {'International Cricket Conference': 'ORGANIZATION'}, {'ICC': 'ORGANIZATION'}]","[{'South Africa': 'LOCATION'}, {'Commonwealth of Nations': 'ORGANIZATION'}, {'International Cricket Conference (ICC)': 'ORGANIZATION'}]","[{'South Africa': 'LOCATION'}, {'Commonwealth of Nations': 'ORGANIZATION'}, {'International Cricket Conference (ICC)': 'ORGANIZATION'}]",71,hypernym,"[{""text"":""South Africa"",""value"":""LOCATION""},{""text"":""Commonwealth of Nations"",""value"":""ORGANIZATION""},{""text"":""International Cricket Conference (ICC)"",""value"":""ORGANIZATION""}]","**Producing JSON format for entities**

I'm working on creating a JSON array of objects that includes ""text"" and ""value"" for various entities. The format will look like this:  
[{""text"":""South Africa"",""value"":""LOCATION""},{""text"":""Commonwealth of Nations"",""value"":""ORGANIZATION""},{""text"":""International Cricket Conference"",""value"":""ORGANIZATION""},{""text"":""ICC"",""value"":""ORGANIZATION""}].  

Now, regarding the year ""1961,"" it doesn’t fit neatly into named entities since it lacks a DATE category. So, I might avoid including it to prevent labeling it as a false positive. The printed instructions emphasize using the exact substring for the entity text, so ""International Cricket Conference (ICC)"" would count as a single entity. **Deciding on entity extraction**

I see that the ""International Cricket Conference (ICC)"" contains both the full name and its abbreviation. I would treat that whole phrase as one entity text for clarity. Since ""ICC"" appears in parentheses, I should keep it as part of the same mention rather than separate. I can also include ""Commonwealth of Nations"" and ""South Africa."" 

Considering typical named entity extraction, the output should include:  
- South Africa  
- Commonwealth of Nations  
- International Cricket Conference (ICC)  

Even though I've considered them both as distinct before, marking them as duplicates feels unnecessary. **Finalizing entity output**

I think it’s best to stick with the combined entity spans since they're clear and concise. For many tasks, shorter forms work well, but since they specifically asked for ""entity text span,"" I’ll include the full phrases. So, I’ll produce the output as follows:

[
  {""text"":""South Africa"",""value"":""LOCATION""},
  {""text"":""Commonwealth of Nations"",""value"":""ORGANIZATION""},
  {""text"":""International Cricket Conference (ICC)"",""value"":""ORGANIZATION""}
]

I’ll leave ""ICC"" as a separate entry out since it feels redundant. Let's finalize this JSON array without extra commentary!","Entities: [{""text"": ""South Africa"", ""value"": ""LOCATION""}, {""text"": ""Commonwealth of Nations"", ""value"": ""ORGANIZATION""}, {""text"": ""International Cricket Conference (ICC)"", ""value"": ""ORGANIZATION""}]","**Extracting named entities**

I'm working on extracting named entities from the text provided. First, I realize that ""1961"" is a date, and it doesn't fit into the allowed types. So, I'll ignore it. 

""South Africa"" is clearly a LOCATION, and ""Commonwealth of Nations"" is an ORGANIZATION. 

The term ""cricket board"" is too generic unless it specifies South Africa's cricket board directly. Lastly, ""International Cricket Conference (ICC)"" is an ORGANIZATION, and I might need to include both forms, as the abbreviation is often treated separately in named entity recognition. **Extracting entities accurately**

For this dataset, I need to output both ""International Cricket Conference"" and ""ICC"" as separate entities, even though they refer to the same organization. 

I'll categorize ""Commonwealth of Nations"" as an ORGANIZATION and ""South Africa"" as a LOCATION. 

However, I've determined that ""1961"" isn't an allowed type. Although I could consider calling it OTHER, it’s primarily a year. So, I’ll focus on relevant named entities: South Africa, Commonwealth of Nations, International Cricket Conference, and ICC. Lastly, I'll represent ""International Cricket Conference (ICC)"" as one text span with its type as ORGANIZATION. **Formatting entity outputs**

The requested output format is clear: I need to structure entities as a JSON array. First, I'll check the spelling, confirming that ""Commonwealth of Nations"" is correct as it appears. 

""Rules of the day"" and ""its cricket board"" aren’t entities I need to include. 

For the ""International Cricket Conference,"" I could treat both the full name and the abbreviation ""ICC"" as ORGANIZATIONS. Since the instruction doesn’t prohibit duplicates, I should include both for clarity, while ensuring it's formatted minimally yet effectively. 

Here's what I'll list: ""South Africa"" -> LOCATION, ""Commonwealth of Nations"" -> ORGANIZATION, and both ""International Cricket Conference"" and ""ICC"" as ORGANIZATIONS. **Choosing entity representation**

Some users might prefer unique entities, but the prompt doesn't clearly state anything about deduplication. So, I think it's best to include both spans as they are: ""International Cricket Conference (ICC)"" should be one entity. 

The request is about extracting named entities, so I can represent them in JSON format, directly including ""International Cricket Conference (ICC)"" as the text field. It definitely counts as a named entity. 

I'll choose the simplest approach and list three entities: ""South Africa"" as LOCATION, and both ""Commonwealth of Nations"" and ""International Cricket Conference (ICC)"" as ORGANIZATIONS. **Formatting entities for output**

I’m considering that ""Commonwealth of Nations"" can sometimes be referred to as ""the Commonwealth,"" but I’ll stick with the full name for clarity. It's indeed an intergovernmental organization. 

I'll format the result as follows:

[
  {""text"":""South Africa"",""value"":""LOCATION""},
  {""text"":""Commonwealth of Nations"",""value"":""ORGANIZATION""},
  {""text"":""International Cricket Conference (ICC)"",""value"":""ORGANIZATION""}
]

I’ll make sure not to include ""1961"" as it's not relevant here. Everything will be in properly formatted JSON with double quotes—just the essential ""Entities: ..."" line with minimal formatting!"
"In particular, Reform Jews may be criticized for their rejection of traditional Jewish beliefs.","In particular, Reform Jews may be lampooned for their rejection of traditional Jewish beliefs.","[{'text': 'Jews', 'value': 'ORGANIZATION'}, {'text': 'Jewish', 'value': 'ORGANIZATION'}]","[{'Jews': 'ORGANIZATION'}, {'Jewish': 'ORGANIZATION'}]",[{'Reform Jews': 'OTHER'}],[{'Reform Jews': 'ORGANIZATION'}],59,hypernym,"Entities: [{""text"": ""Reform Jews"", ""value"": ""OTHER""}]",,"Entities: [{""text"": ""Reform Jews"", ""value"": ""ORGANIZATION""}]","**Deciding on classification**

I’m thinking about how “Reform Jews” is a plural group, while “Reform Judaism” refers to the religion. I feel like leaning towards “OTHER” to be precise, but I suspect the user expects “Reform Jews” to be treated as an ORGANIZATION. I need to confirm that, and since we don’t have MISC in CoNLL, I’ll go with ORGANIZATION. So, the final output will be: Entities: [{""text"": ""Reform Jews"", ""value"": ""ORGANIZATION""}]."
"The commoners were also aggrieved, and between 1846 and 1848 opposition to Sturdza intensified.","The peasantry was also aggrieved, and between 1846 and 1848 opposition to Sturdza intensified.","[{'text': 'Sturdza', 'value': 'PERSON'}]",[{'Sturdza': 'PERSON'}],[{'Sturdza': 'PERSON'}],[{'Sturdza': 'PERSON'}],41,hypernym,"Entities: [{""text"": ""Sturdza"", ""value"": ""PERSON""}]","**Analyzing named entities extraction**

I’m tasked with extracting named entities from the provided text, focusing on types like ART, BUILDING, EVENT, LOCATION, ORGANIZATION, OTHER, PERSON, PRODUCT. The years 1846 and 1848 are present, but those aren’t in the allowed types list, which doesn't include DATE or TIME, so I can't classify them as EVENT. ""Sturdza"" is a surname and likely a PERSON, but I don't see any organizations or specific locations mentioned in the text. There’s no event defined either. **Extracting entities in JSON**

I’m analyzing the opposition period from 1846 to 1848, considering it might suggest an event but it isn’t named, so I'll leave it out. The only entity that stands out is ""Sturdza,"" which identifies a PERSON. I’ll create a JSON array with this entity, ensuring everything's in the requested output format. It should look like this: Entities: [{""text"": ""Sturdza"", ""value"": ""PERSON""}]. I’ll stick to the exact prefix as instructed, without any additional formatting.","Entities: [{""text"": ""Sturdza"", ""value"": ""PERSON""}]","**Analyzing named entities**

I need to extract named entities from the text, which could be types like ART, BUILDING, EVENT, LOCATION, ORGANIZATION, OTHER, PERSON, or PRODUCT. The years ""1846"" and ""1848"" might be EVENTS, but they’re not specifically categorized as DATE. ""Sturdza"" appears to be a surname, likely referring to a person—possibly ""Mihail Sturdza,"" a historical figure. It's a bit tricky since years aren't usually included, but they might fit under OTHER. **Formatting entity output**

The user has specified the output format for entities, which should look like this: Entities: [{""text"": ""entity text span"", ""value"": ""entity type""},]. I’ll include ""Sturdza"" as a PERSON. As for the years ""1846"" and ""1848,"" they’re dates, not proper entities, so I won't include them unless they're part of a named event. Therefore, the only entity is ""Sturdza."" My output will be in the exact JSON format requested. It will be: Entities: [{""text"": ""Sturdza"", ""value"": ""PERSON""}]."
``Patrick Morris`` sent out her own emergency communication at 6:51 am and sank 35 minutes later.,``Patrick Morris`` sent out her own mayday call at 6:51 am and sank 35 minutes later.,"[{'text': 'Patrick Morris', 'value': 'PRODUCT'}]",[{'Patrick Morris': 'PRODUCT'}],[{'Patrick Morris': 'PRODUCT'}],[{'Patrick Morris': 'PRODUCT'}],79,hypernym,"[{""text"": ""Patrick Morris"", ""value"": ""PRODUCT""}]","**Resolving ambiguity**

I'm considering a situation where there's no clear location or organization mentioned. I wonder if the name could refer to a person. However, the use of ""her"" and ""sank"" suggests a vessel, which makes it ambiguous. Still, the sentence appears to use ""her"" to refer to a ship. Given that, I'll decide to treat this as a product. Alright, let's move forward!","[{""text"": ""Patrick Morris"", ""value"": ""PRODUCT""}]",
They utilized several components from a series of A1 Pacifics they had assembled in 1924.,They used several features from a batch of A1 Pacifics they had built in 1924.,"[{'text': 'A1 Pacifics', 'value': 'PRODUCT'}]",[{'A1 Pacifics': 'PRODUCT'}],"[{'A1 Pacifics': 'PRODUCT'}, {'1924': 'OTHER'}]","[{'A1 Pacifics': 'PRODUCT'}, {'1924': 'OTHER'}]",61,hypernym,"Entities: [{""text"": ""A1 Pacifics"", ""value"": ""PRODUCT""}, {""text"": ""1924"", ""value"": ""OTHER""}]","**Formatting entity output**

I think it’s important to include ""A1 Pacifics"" as a PRODUCT and ""1924"" as OTHER. The term ""A1 Pacifics"" refers to British steam locomotives classification, and I consider keeping the full phrase intact. So, I’ll output a JSON array with the entity's text and type formatted correctly. This is how it should look: Entities: [{""text"": ""A1 Pacifics"", ""value"": ""PRODUCT""}, {""text"": ""1924"", ""value"": ""OTHER""}]. I’ll make sure to avoid any extra commentary.","Entities: [{""text"": ""A1 Pacifics"", ""value"": ""PRODUCT""}, {""text"": ""1924"", ""value"": ""OTHER""}]","**Extracting named entities**

I need to identify the named entities from the sentence about the A1 Pacifics built in 1924. First, ""A1 Pacifics"" likely refers to steam locomotives, so I think it's a PRODUCT. As for ""1924,"" it's a year and doesn’t fit under the listed types since it's just a date. It could be classified as OTHER, but since the guidelines specify those types, we may skip it. Essentially, just “A1 Pacifics” seems to qualify. **Determining entities**

I need to extract named entities, but the guidelines don’t list DATE as a type, which makes me wonder if I should ignore ""1924."" It’s a year but could qualify as OTHER since it’s still a relevant detail. The only clear entity here seems to be ""A1 Pacifics,"" which refers to a locomotive type. So I'll have to create a JSON-like list including just ""A1 Pacifics"" and possibly ""1924"" as OTHER if I'm including it. **Finalizing entity classification**

The instructions suggest I limit the entities to the provided types, which includes OTHER for anything that doesn't fit. So, I'll classify ""1924"" as OTHER. ""A1 Pacifics"" definitely fits as a PRODUCT. I thought about other categories like ORGANIZATION or ART, but they don’t apply. I’ll structure my final output as two objects in an array: {""text"": ""A1 Pacifics"", ""value"": ""PRODUCT""} and {""text"": ""1924"", ""value"": ""OTHER""}. I’ll ensure to format it in valid JSON, beginning with ""Entities:"". **Classifying locomotives as products**

Locomotives are definitely vehicles, which falls under the 'PRODUCT' category. It's clear that ""A1 Pacifics"" fits right in there. I think it’s best to keep the content minimal as instructed. This simplification will make the response neat and straightforward. I’ll ensure everything stays focused on the task without unnecessary details."
"During the Battle of Antietam on September 17, 1862, Wilkinson bit the bullet and was compelled to spend the rest of the war as an officer in the Veterans Reserve Corps.","During the Battle of Antietam on September 17, 1862, Wilkinson was injured and forced to serve the remainder of the war as an officer in the Veterans Reserve Corps.","[{'text': 'Battle of Antietam', 'value': 'EVENT'}, {'text': 'Wilkinson', 'value': 'PERSON'}, {'text': 'Veterans Reserve Corps', 'value': 'ORGANIZATION'}]","[{'Battle of Antietam': 'EVENT'}, {'Wilkinson': 'PERSON'}, {'Veterans Reserve Corps': 'ORGANIZATION'}]","[{'Battle of Antietam': 'EVENT'}, {'Wilkinson': 'PERSON'}, {'Veterans Reserve Corps': 'ORGANIZATION'}]","[{'Battle of Antietam': 'EVENT'}, {'September 17, 1862': 'OTHER'}, {'Wilkinson': 'PERSON'}, {'Veterans Reserve Corps': 'ORGANIZATION'}]",17,idiom,"Entities: [
  {""text"": ""Battle of Antietam"", ""value"": ""EVENT""},
  {""text"": ""Wilkinson"", ""value"": ""PERSON""},
  {""text"": ""Veterans Reserve Corps"", ""value"": ""ORGANIZATION""}
]","**Extracting named entities**

I need to extract named entities from the provided text, focusing on the allowed types: ART, BUILDING, EVENT, LOCATION, ORGANIZATION, OTHER, PERSON, and PRODUCT. 

For instance, ""Battle of Antietam"" is an EVENT, while ""Wilkinson"" is classified as a PERSON. The term ""Veterans Reserve Corps"" is an ORGANIZATION. However, the date ""September 17, 1862"" and phrases like ""the war"" or ""bit the bullet"" don’t fit as entities. I’m also unsure if ""the"" should be included in ""Battle of Antietam."" **Considering entity text spans**

The text mentions ""the Battle of Antietam,"" and I usually wouldn’t include ""the"" when establishing the entity text span. The instruction asks for the text as it appears, but to align with common NER conventions, I'd generally skip the leading article. However, I wonder if I should include ""the Battle of Antietam"" for strict preservation. The main point is that ""Veterans Reserve Corps"" already appears correctly capitalized, which is great! **Determining entity types**

I’m keeping things simple. ""Wilkinson"" is a surname and fits the PERSON type, but I realize there are no other relevant names. Now, regarding ""Antietam"" as a LOCATION, it does refer to a battle name, but since ""Battle of Antietam"" includes it, I probably won't count ""Antietam"" separately. It's not named distinctly enough. 

I'll list the entities in JSON format, including ""Battle of Antietam"" as an EVENT, ""Wilkinson"" as a PERSON, and ""Veterans Reserve Corps"" as an ORGANIZATION. I’m wondering about including the date as OTHER, too. **Finalizing entity output**

I realized the date isn't included as a type, so I’ll skip it. I’m also thinking that ""officer"" doesn't qualify as an entity either. I need to stick to the required format for output, which is: Entities: [{""text"": ""entity text span"", ""value"": ""entity type""}]. 

I’ll ensure the JSON formatting is valid before presentation, as the user provided the format they want. Let’s get this right and make sure everything aligns!","Entities: [
  {""text"": ""Battle of Antietam"", ""value"": ""EVENT""},
  {""text"": ""September 17, 1862"", ""value"": ""OTHER""},
  {""text"": ""Wilkinson"", ""value"": ""PERSON""},
  {""text"": ""Veterans Reserve Corps"", ""value"": ""ORGANIZATION""}
]",
"A prototype was shoehorned into a one-off DB5 extended 4'' in the swinging '60s, personally driven by Marek, and a normally 6-cylinder Aston Martin DB7 had a V8 unit under the hood in 1998.","A prototype was fitted in the mid-'60s in a one-off DB5 extended 4'' after the doors and driven by Marek personally, and a normally 6-cylinder Aston Martin DB7 was equipped with a V8 unit in 1998.","[{'text': ""DB5 extended 4''"", 'value': 'PRODUCT'}, {'text': 'Marek', 'value': 'PERSON'}, {'text': 'Aston Martin DB7', 'value': 'PRODUCT'}, {'text': 'V8 unit', 'value': 'PRODUCT'}]","[{""DB5 extended 4''"": 'PRODUCT'}, {'Marek': 'PERSON'}, {'Aston Martin DB7': 'PRODUCT'}, {'V8 unit': 'PRODUCT'}]","[{'DB5': 'PRODUCT'}, {""the swinging '60s"": 'OTHER'}, {'Marek': 'PERSON'}, {'Aston Martin DB7': 'PRODUCT'}, {'Aston Martin': 'ORGANIZATION'}]","[{'DB5': 'PRODUCT'}, {'Marek': 'PERSON'}, {'Aston Martin DB7': 'PRODUCT'}]",6,idiom,"Entities: [
  {""text"": ""DB5"", ""value"": ""PRODUCT""},
  {""text"": ""the swinging '60s"", ""value"": ""OTHER""},
  {""text"": ""Marek"", ""value"": ""PERSON""},
  {""text"": ""Aston Martin DB7"", ""value"": ""PRODUCT""},
  {""text"": ""Aston Martin"", ""value"": ""ORGANIZATION""}
]",,"Entities: [{""text"": ""DB5"", ""value"": ""PRODUCT""}, {""text"": ""Marek"", ""value"": ""PERSON""}, {""text"": ""Aston Martin DB7"", ""value"": ""PRODUCT""}]","**Analyzing entity extraction**

I’m considering how to extract information about ""Aston Martin"" and ""Aston Martin DB7"". The former could represent an organization while the latter is a specific product name. It seems like it wouldn’t make sense to double-annotate ""Aston Martin"" within ""Aston Martin DB7."" However, some tasks might require both annotations. 

Then there's the ""DB5"" model, which I think I can label as a product too, along with ""V8 unit,"" although ""V8"" alone may refer to an engine type instead of a distinct product. **Clarifying entity classifications**

I’m reviewing whether ""V8"" should be considered a named entity since the type list includes ""PRODUCT."" It seems ambiguous; the focus is likely on products like the DB5 and Aston Martin DB7. Terms like ""6-cylinder"" aren't named entities, so I'll ignore them.

As for dates like ""1998"" and ""mid-'60s,"" those will be set aside. ""Prototype"" is too generic to capture. When it comes to ""Marek,"" I might be thinking of ""Tadeusz 'Tadek' Marek,"" but I only see ""Marek"" here.

There's also the question of whether to annotate ""Aston Martin"" separately as an ORGANIZATION or just as part of ""Aston Martin DB7."" It seems plausible to do both, even if typical tasks avoid overlapping. **Determining entity classifications**

I think the simplest approach is to categorize ""DB5"" and ""Aston Martin DB7"" as PRODUCTS, and ""Marek"" as a PERSON. Should I also list ""Aston Martin"" as an ORGANIZATION? It doesn't stand alone in the text outside of the model name. Still, it's a valid entity.

In ""Aston Martin DB7,"" the substring ""Aston Martin"" appears, and many NER outputs include both. For the JSON list, I plan to include:

- DB5 – PRODUCT
- Marek – PERSON
- Aston Martin DB7 – PRODUCT
- Aston Martin – ORGANIZATION (maybe)
- ""V8"" – possibly PRODUCT, though I'm unsure since it might create confusion. 

For ""A V8 unit,"" I could categorize ""V8"" as a PRODUCT or maybe OTHER, considering it could represent a product line. **Identifying engine types and entities**

I’m considering whether to classify ""V8"" as a PRODUCT since some tasks do treat engine types this way. I think it makes sense to include it. The phrase ""one-off DB5 extended 4'' after the doors"" mentions ""doors,"" but that's generic and not an entity. 

While ""prototype"" isn't an entity either, ""DB7"" could be a product, but since we already have ""Aston Martin DB7,"" I should avoid redundancy.

Given that ""Aston Martin DB7"" is a model by Aston Martin with a history of engine types, my final list of entities likely will be:

- DB5 -> PRODUCT
- Marek -> PERSON
- Aston Martin DB7 -> PRODUCT
- Aston Martin -> ORGANIZATION
- V8 -> PRODUCT (engine)

Also, I won't include dates like ""1998"" and ""mid-'60s"" since they're not deemed events in this context, so I’ll skip those. **Finalizing entity list**

I’m thinking about the ""DB5 extended"" notation and how it appears in the text. It seems best to treat ""DB5"" as a single PRODUCT instead of ""DB5 extended."" 

I'll go ahead and create an entity list in JSON format, keeping it minimal with:

- DB5 -> PRODUCT
- Marek -> PERSON
- Aston Martin DB7 -> PRODUCT

While ""V8"" could be a PRODUCT, it feels somewhat generic, so I'll skip it. I will also not include ""Aston Martin"" separately to avoid overlaps. I think this selection keeps it clear. Here’s the final output: 

Entities: [{""text"": ""DB5"", ""value"": ""PRODUCT""}, {""text"": ""Marek"", ""value"": ""PERSON""}, {""text"": ""Aston Martin DB7"", ""value"": ""PRODUCT""}]."
"The 117-bed facility was chock-full of individual rooms, each with its own en-suite bathroom facilities.","The 117-bed facility entirely comprised individual rooms, each with its own en-suite bathroom facilities.",[],[],[],[],14,idiom,Entities: [],"**Extracting named entities**

I need to extract named entities from the provided text. The types include things like ART, BUILDING, EVENT, LOCATION, ORGANIZATION, OTHER, PERSON, and PRODUCT. However, it looks like there aren't any named entities in ""117-bed facility,"" which is just a description. So, the result will probably be an empty list. But sometimes they may want to tag ""117-bed facility"" as OTHER or PRODUCT. In that case, I'll just output it as an empty list: Entities: [].",Entities: [],"**Extracting named entities**

I need to extract named entities from the provided text, which describes a facility. It states there are no specific names or organizations mentioned, and ""117-bed"" isn’t seen as an entity. Since this is just a generic description, I’m concluding that the output should simply be an empty JSON array. However, I'm wondering about treating ""117-bed"" as OTHER, but ultimately, it doesn’t fit the criteria for a named entity. So, I’ll respond with ""Entities: []""."
"Tucked away by the Ben Cruachan range, it is often scaled hand in hand with its neighbour Beinn Eunaich.","Somewhat hidden away by the Ben Cruachan range, it is usually climbed in conjunction with its neighbour Beinn Eunaich.","[{'text': 'Ben Cruachan', 'value': 'LOCATION'}, {'text': 'Beinn Eunaich', 'value': 'LOCATION'}]","[{'Ben Cruachan': 'LOCATION'}, {'Beinn Eunaich': 'LOCATION'}]","[{'Ben Cruachan': 'LOCATION'}, {'Beinn Eunaich': 'LOCATION'}]","[{'Ben Cruachan range': 'LOCATION'}, {'Beinn Eunaich': 'LOCATION'}]",13,idiom,"Entities: [{""text"": ""Ben Cruachan"", ""value"": ""LOCATION""}, {""text"": ""Beinn Eunaich"", ""value"": ""LOCATION""}]","**Extracting named entities**

I’m focusing on extracting named entities from the text provided. We have ""Ben Cruachan"" and ""Beinn Eunaich"" as our main entities to identify. Both are mountains, so they fit into the LOCATION type. I'll ensure I'm clear about their spans and meanings. ""Ben Cruachan range"" captures the descriptor and the mountain, while I will extract ""Ben Cruachan"" and ""Beinn Eunaich"" as separate LOCATION entities. It's all about getting these details right! **Determining entity spans**

I’m working through how to extract named entities like ""Ben Cruachan"" from the phrase ""the Ben Cruachan range."" While ""Ben Cruachan"" is the main entity, including ""range"" might make us consider it as a separate overall location, but that's tricky. Since the instruction emphasizes the entity text span, I need to focus on the exact substrings from the original text. I’ll prepare an output in JSON with both ""Ben Cruachan"" and ""Beinn Eunaich"" as LOCATION types. **Crafting the entity response**

I’m getting ready to provide a clear response that lists the entities extracted from the text. I’ll format it as the user requested, with punctuation consistent and following the JSON structure. The entities will include ""Ben Cruachan"" and ""Beinn Eunaich,"" both classified as LOCATION. I need to ensure that my output aligns perfectly with the user's format: ""Entities: [...]"". So, I’ll make sure to present it correctly as ""Entities: [{""text"": ""Ben Cruachan"", ""value"": ""LOCATION""}, {""text"": ""Beinn Eunaich"", ""value"": ""LOCATION""}]"".","Entities: [{""text"": ""Ben Cruachan range"", ""value"": ""LOCATION""}, {""text"": ""Beinn Eunaich"", ""value"": ""LOCATION""}]","**Extracting named entities**

I need to identify named entities from the text about the mountains. The candidates are ""Ben Cruachan"" and ""Beinn Eunaich,"" both likely classified as LOCATION types because they're geographic features. ""Ben Cruachan"" specifically refers to a mountain in Scotland, but here, it’s part of the ""Ben Cruachan range."" It's important to clarify that ""range"" refers to the collection of mountains, not an organization. I see how the phrasing points to the mountain range's name. **Annotating entity text spans**

I can annotate entities from the text. The mention ""Ben Cruachan range"" might be labeled as LOCATION, but there's a question of whether to separate it into just ""Ben Cruachan."" Ideally, I should keep the text span as it appears. It feels tricky since ""range"" is generic, yet it’s part of the full name.

On the other hand, ""Beinn Eunaich"" definitely qualifies as a hill name, so I’ll include that too. I’ll return the result as a JSON array with the appropriate structure the user requested. **Formatting entity output**

I want to make sure the output is clear and concise. I’ll respond with ""Entities: ..."" followed by the JSON array containing the entities. I need to stick to the exact phrases from the text, and since it includes ""Ben Cruachan range,"" I’ll keep that whole phrase. 

There's a thought about whether to separate ""Ben Cruachan,"" but it seems better to include the complete text as it appears. I’ll keep everything minimal and to the point for clarity."
"Experimental GPX1 deficiency throws fuel on the fire of certain aspects of aging, namely endothelial dysfunction, vascular remodeling, and invasion of leukocytes in cardiovascular tissue.","Experimental GPX1 deficiency amplifies certain aspects of aging, namely endothelial dysfunction, vascular remodeling, and invasion of leukocytes in cardiovascular tissue.",[],[],[{'GPX1': 'OTHER'}],[{'GPX1': 'OTHER'}],15,idiom,"Entities: [{""text"": ""GPX1"", ""value"": ""OTHER""}]",,"Entities: [{""text"": ""GPX1"", ""value"": ""OTHER""}]","**Checking entity formatting**

I need to produce a specific output format for entities, ensuring it follows the guidelines. I considered whether ""cardiovascular tissue"" might be a location, but that doesn’t fit. I'll format the output as: Entities: [{""text"": ""entity text span"", ""value"": ""entity type""}]. 

I'm debating if there should be a trailing comma, but it seems safer to follow valid JSON rules. Even if they provided a trailing comma in their example, I think I'll stick to valid JSON to be on the safe side. **Formatting entities correctly**

I need to produce the entity output as: Entities: [{""text"":""GPX1"",""value"":""OTHER""}]. It's crucial to keep ""GPX1"" case-sensitive, so that's good. I’m considering if ""Experimental GPX1 deficiency"" should also be captured, but ultimately I want to ensure I only include ""GPX1"" as specified. I’ll focus on keeping the formatting simple without any extra details. Just one clear line with the proper entity format is all that's necessary!"
"He saw the light of day in Wellingborough, Northamptonshire, and later trod the halls of Victoria Junior School, Westfield Boys School, and Sir Christopher Hatton School.","He was born in Wellingborough, Northamptonshire, where he attended Victoria Junior School, Westfield Boys School and Sir Christopher Hatton School.","[{'text': 'Wellingborough', 'value': 'LOCATION'}, {'text': 'Northamptonshire', 'value': 'LOCATION'}, {'text': 'Victoria Junior School', 'value': 'ORGANIZATION'}, {'text': 'Westfield Boys School', 'value': 'ORGANIZATION'}, {'text': 'Sir Christopher Hatton School', 'value': 'ORGANIZATION'}]","[{'Wellingborough': 'LOCATION'}, {'Northamptonshire': 'LOCATION'}, {'Victoria Junior School': 'ORGANIZATION'}, {'Westfield Boys School': 'ORGANIZATION'}, {'Sir Christopher Hatton School': 'ORGANIZATION'}]","[{'Wellingborough': 'LOCATION'}, {'Northamptonshire': 'LOCATION'}, {'Victoria Junior School': 'ORGANIZATION'}, {'Westfield Boys School': 'ORGANIZATION'}, {'Sir Christopher Hatton School': 'ORGANIZATION'}]","[{'Wellingborough': 'LOCATION'}, {'Northamptonshire': 'LOCATION'}, {'Victoria Junior School': 'ORGANIZATION'}, {'Westfield Boys School': 'ORGANIZATION'}, {'Sir Christopher Hatton School': 'ORGANIZATION'}]",11,idiom,"Entities: [
  {""text"": ""Wellingborough"", ""value"": ""LOCATION""},
  {""text"": ""Northamptonshire"", ""value"": ""LOCATION""},
  {""text"": ""Victoria Junior School"", ""value"": ""ORGANIZATION""},
  {""text"": ""Westfield Boys School"", ""value"": ""ORGANIZATION""},
  {""text"": ""Sir Christopher Hatton School"", ""value"": ""ORGANIZATION""}
]","**Extracting named entities**

I'm focusing on extracting named entities from the provided text and labeling them with specific categories: ART, BUILDING, EVENT, LOCATION, ORGANIZATION, OTHER, PERSON, PRODUCT. In this case, Wellingborough and Northamptonshire are locations in the UK, while Victoria Junior School is likely categorized as an ORGANIZATION since it's an educational institution. It can also fit as a BUILDING, but standard named entity recognition typically uses ORGANIZATION for schools. This helps clarify the categorization. **Identifying entities for classification**

I'm assigning the type ORGANIZATION to both Westfield Boys School and Sir Christopher Hatton School, as they are schools. Although ""Sir Christopher Hatton"" includes a name, we won't extract it separately since it isn't mentioned as a person in this context. The pronoun ""He"" isn't an entity, and there are no additional entities to note. 

I need to format the output as a JSON array containing the exact text spans for each entity along with their corresponding types. I'll make sure to keep everything clear and accurate! **Generating entity list in JSON**

Alright, I’m ready to produce a list of entities in the order they appear: Wellingborough as LOCATION, Northamptonshire also as LOCATION, and then the three schools — Victoria Junior School, Westfield Boys School, and Sir Christopher Hatton School, all classified as ORGANIZATION. 

I’ll format the output as a minimal JSON array with exactly five entries, ensuring no extra text and following the pattern “Entities: [...]” to align with the user’s request. I'll be careful about JSON formatting, especially with commas!","Entities: [
  {""text"": ""Wellingborough"", ""value"": ""LOCATION""},
  {""text"": ""Northamptonshire"", ""value"": ""LOCATION""},
  {""text"": ""Victoria Junior School"", ""value"": ""ORGANIZATION""},
  {""text"": ""Westfield Boys School"", ""value"": ""ORGANIZATION""},
  {""text"": ""Sir Christopher Hatton School"", ""value"": ""ORGANIZATION""}
]",
England hit rock bottom in ODI history with a paltry 91 at the 1979 Cricket World Cup against Canada.,The lowest match aggregate in ODI history for England is 91 scored at the 1979 Cricket World Cup against Canada.,"[{'text': 'England', 'value': 'ORGANIZATION'}, {'text': 'Cricket World Cup', 'value': 'EVENT'}, {'text': 'Canada', 'value': 'ORGANIZATION'}]","[{'England': 'ORGANIZATION'}, {'Cricket World Cup': 'EVENT'}, {'Canada': 'ORGANIZATION'}]","[{'England': 'ORGANIZATION'}, {'1979 Cricket World Cup': 'EVENT'}, {'Canada': 'ORGANIZATION'}]","[{'England': 'ORGANIZATION'}, {'1979 Cricket World Cup': 'EVENT'}, {'Canada': 'ORGANIZATION'}]",12,idiom,"[
  {""text"": ""England"", ""value"": ""ORGANIZATION""},
  {""text"": ""1979 Cricket World Cup"", ""value"": ""EVENT""},
  {""text"": ""Canada"", ""value"": ""ORGANIZATION""}
]",,"[{""text"":""England"",""value"":""ORGANIZATION""},{""text"":""1979 Cricket World Cup"",""value"":""EVENT""},{""text"":""Canada"",""value"":""ORGANIZATION""}]","**Analyzing sports entities**

In a sports context, I think it makes sense to label entities as organizations. For example, national teams are organizations, so I’ll classify them accordingly. While ""ODI"" might refer to an event, calling ""ODI history"" vague means I can leave it out. The necessary output in JSON format would classify: England as an ORGANIZATION, the 1979 Cricket World Cup as an EVENT, and Canada as another ORGANIZATION. It seems better to skip ""ODI"" as an event."
The Cnidaria are a group of animals that are fish out of water in any environment but aquatic and mostly marine ones.,The Cnidaria are a group of animals found exclusively in aquatic and mostly marine environments.,"[{'text': 'Cnidaria', 'value': 'OTHER'}]",[{'Cnidaria': 'OTHER'}],[{'Cnidaria': 'OTHER'}],[{'Cnidaria': 'OTHER'}],8,idiom,"Entities: [{""text"": ""Cnidaria"", ""value"": ""OTHER""}]",,"Entities: [{""text"": ""Cnidaria"", ""value"": ""OTHER""}]","**Evaluating named entities**

I’m working on extracting named entities from a text, and I'm considering the types like ART, BUILDING, EVENT, LOCATION, ORGANIZATION, OTHER, PERSON, and PRODUCT. In the sentence about ""Cnidaria,"" I think it qualifies as OTHER because it’s a phylum, not an organization or a proper noun like we might think. So, I'll classify ""Cnidaria"" as OTHER and note the entity mention includes ""The Cnidaria."" **Constructing JSON entity output**

I'm analyzing the input to create a JSON array for named entities. I note that ""The"" is just an article and doesn't need to be included. I’ll focus on ""Cnidaria"" and classify it as OTHER. The final format should look like this: `Entities: [{""text"": ""Cnidaria"", ""value"": ""OTHER""}]`. I’m confident that ""Cnidaria"" won't be classified as an ORGANIZATION because it's a phylum of animals. Now, I’ll provide the final output in that concise format!"
"The final season of minor league play at Elkin Memorial Park drew in a crowd of 16,322, an average of 299 fans per contest.","The final season of minor league play Elkin Memorial Park saw season attendance of 16,322, an average of 299 per contest.","[{'text': 'Elkin Memorial Park', 'value': 'LOCATION'}]",[{'Elkin Memorial Park': 'LOCATION'}],[{'Elkin Memorial Park': 'LOCATION'}],[{'Elkin Memorial Park': 'BUILDING'}],1,idiom,"Entities: [{""text"": ""Elkin Memorial Park"", ""value"": ""LOCATION""}]",,"[{""text"":""Elkin Memorial Park"",""value"":""BUILDING""}]","**Extracting named entities**

I need to extract named entities from the text. We're focusing on types like ART, BUILDING, EVENT, LOCATION, ORGANIZATION, PERSON, and PRODUCT. 

From the phrase, ""The final season of minor league play,"" I consider it an EVENT but it's not a specific entity. However, ""Elkin Memorial Park"" is definitely a proper noun, fitting as a BUILDING or LOCATION. I think LOCATION is more appropriate since a park is a place rather than a building, which is usually for structures. **Classifying ""Elkin Memorial Park""**

Since ""Elkin Memorial Park"" likely refers to a baseball park or stadium, I’m considering it for classification as either LOCATION or BUILDING. Generally, stadiums are labeled as LOCATION or FACILITY. Although ""building"" might be correct, since a park is typically a physical place, the dataset might define ""BUILDING"" to include venues like stadiums. I'm leaning toward BUILDING, but I'll choose LOCATION to play it safe. In the end, I can see this one entity as either type, but I'll go with LOCATION. **Formatting JSON output**

I’m considering that ""final season"" might just be a description, not a proper event name. So, for the output, I’ll create a JSON array with one object, using ""Elkin Memorial Park"" as the text and categorizing it as ""BUILDING."" 

This results in the following format:  
[{""text"": ""Elkin Memorial Park"", ""value"": ""BUILDING""}]. 

Alright, now I have my JSON ready to go!"
"The Austro-Hungarian Navy, with all hands on deck, built and operated two classes of protected cruisers.",The Austro-Hungarian Navy built and operated two classes of protected cruisers.,"[{'text': 'Austro-Hungarian Navy', 'value': 'ORGANIZATION'}]",[{'Austro-Hungarian Navy': 'ORGANIZATION'}],[{'Austro-Hungarian Navy': 'ORGANIZATION'}],[{'Austro-Hungarian Navy': 'ORGANIZATION'}],4,idiom,"Entities: [{""text"": ""Austro-Hungarian Navy"", ""value"": ""ORGANIZATION""}]","**Extracting named entities**

I need to extract named entities from the provided text that specifies certain types. The phrase ""Austro-Hungarian Navy"" clearly identifies as an organization. The idiom ""all hands on deck"" isn't an entity, and ""two classes of protected cruisers"" is too generic to count. While ""protected cruisers"" might seem like a product category, it's not a specific name. Therefore, I’ll return an array with just ""The Austro-Hungarian Navy"" as the recognized entity in the requested JSON format. **Formatting entity output**

The prompt specifies that I should only provide the ""Entities: [...]"" line. So, I’ll make sure to produce that exact format. It's important that I include only the one entity, which is ""Austro-Hungarian Navy,"" classified as an ""ORGANIZATION."" I need to be meticulous about the quotes and overall formatting to ensure everything is correct.  I’ll prepare the output in this format to match the example provided.","Entities: [{""text"": ""Austro-Hungarian Navy"", ""value"": ""ORGANIZATION""}]","**Extracting named entities**

I need to extract named entities from the text, focusing on categories like ART, BUILDING, EVENT, LOCATION, and ORGANIZATION. For the sentence “The Austro-Hungarian Navy built and operated two classes of protected cruisers,” I identify “Austro-Hungarian Navy” as an organization. While “Austro-Hungarian” might suggest a location, it functions more as an adjective here. Ultimately, I’ll return just one entity:  [{""text"": ""Austro-Hungarian Navy"", ""value"": ""ORGANIZATION""}]. **Formatting entity response**

The user expects the entities to be formatted like this:  [{""text"": ""entity text span"", ""value"": ""entity type""},]. However, I need to consider if they want the “Entities:” prefix as well. I’ll make sure to include that and pay attention to proper capitalization too. It sounds like I just need to clarify how to format the response accurately. Okay, let's provide the formatted response as requested!"
"In the early 1930s the band upped sticks to the Grill Room of the Taft Hotel in New York; thereafter, it was known as ``George Hall and His Hotel Taft Orchestra``.",In the early 1930s the band moved to the Grill Room of the Taft Hotel in New York ; the band was renamed ``George Hall and His Hotel Taft Orchestra``.,"[{'text': 'Grill Room', 'value': 'BUILDING'}, {'text': 'Taft Hotel', 'value': 'BUILDING'}, {'text': 'New York', 'value': 'LOCATION'}, {'text': 'George Hall and His Hotel Taft Orchestra', 'value': 'ORGANIZATION'}]","[{'Grill Room': 'BUILDING'}, {'Taft Hotel': 'BUILDING'}, {'New York': 'LOCATION'}, {'George Hall and His Hotel Taft Orchestra': 'ORGANIZATION'}]","[{'Grill Room': 'BUILDING'}, {'Taft Hotel': 'BUILDING'}, {'New York': 'LOCATION'}, {'George Hall and His Hotel Taft Orchestra': 'ORGANIZATION'}, {'George Hall': 'PERSON'}]","[{'Grill Room': 'BUILDING'}, {'Taft Hotel': 'BUILDING'}, {'New York': 'LOCATION'}, {'George Hall': 'PERSON'}, {'George Hall and His Hotel Taft Orchestra': 'ORGANIZATION'}]",0,idiom,"Entities: [
  {""text"": ""Grill Room"", ""value"": ""BUILDING""},
  {""text"": ""Taft Hotel"", ""value"": ""BUILDING""},
  {""text"": ""New York"", ""value"": ""LOCATION""},
  {""text"": ""George Hall and His Hotel Taft Orchestra"", ""value"": ""ORGANIZATION""},
  {""text"": ""George Hall"", ""value"": ""PERSON""}
]","**Extracting named entities**

I’m focusing on extracting named entities from the provided text, which includes categories like ART, BUILDING, EVENT, LOCATION, ORGANIZATION, OTHER, PERSON, and PRODUCT.  

The phrase ""early 1930s"" is more of a time expression and doesn’t fit the standard entity types, so I think it’s best to skip it.  

On the other hand, ""Grill Room"" seems to fit as a BUILDING related to the Taft Hotel. That looks like a solid entity to identify! **Identifying named entities**

I’m considering how to classify named entities from the text. The ""Grill Room of the Taft Hotel"" is a specific area, so I can tag ""Grill Room"" as a BUILDING.  

As for ""Taft Hotel,"" it’s a proper name for a hotel, and it fits as another BUILDING. ""New York"" clearly qualifies as a LOCATION.  

Then there's ""George Hall and His Hotel Taft Orchestra,"" which I see as an ORGANIZATION, not ART. Interestingly, ""George Hall"" appears within the organization name but isn't a separate entity here because of the context. **Deciding on entity extraction**

I'm considering how to handle the phrase ""Grill Room of the Taft Hotel."" It could refer to a specific venue, but I think it makes sense to separate it into ""Grill Room"" and ""Taft Hotel"" for a more precise labeling.  

While it is common to treat ""Grill Room of the Taft Hotel"" as one named entity, I feel that extracting them separately is more accurate. I believe tagging both as BUILDING is fine, but minimizing duplicates is usually preferred in NER tasks. So, I’ll go with extracting ""Grill Room"" and ""Taft Hotel"" individually. **Clarifying entity names**

I’m looking at the names ""Hotel Taft"" and ""Taft Hotel."" Since the band name includes ""George Hall and His Hotel Taft Orchestra,"" I realize that the hotel is historically known as ""Hotel Taft."" I think it’s best not to extract ""Hotel Taft"" separately from the band name entity.

Now, ""Grill Room"" could be a bit ambiguous since many grill rooms exist, but since it’s named, I’ll include it. 

""New York"" usually refers to the city, so I’m categorizing it as LOCATION. I’ll include ""Taft Hotel"" as BUILDING while skipping ""Hotel Taft"" for consistency. Overall, I’m considering the ""Grill Room of the Taft Hotel in New York"" as a location entity too. **Determining entity types**

I’m debating whether to categorize ""Grill Room"" as a BUILDING or LOCATION. Since it describes a specific room, I think BUILDING is more appropriate.  

Then there's ""George Hall."" This name is part of the band ""George Hall and His Hotel Taft Orchestra,"" but its presence in the organization makes me consider it a PERSON entity. Other guidelines usually avoid overlapping spans, but in this case, I’ll include it as it’s a proper name from the text.  

I'll list the entities in order: ""Grill Room"" and ""Taft Hotel"" as BUILDING, ""New York"" as LOCATION, the full band name as ORGANIZATION, and ""George Hall"" as PERSON. Lastly, I won't add ""Hotel Taft"" separately since it appears in the band name. Let's finalize this array of entities!","[
  {""text"": ""Grill Room"", ""value"": ""BUILDING""},
  {""text"": ""Taft Hotel"", ""value"": ""BUILDING""},
  {""text"": ""New York"", ""value"": ""LOCATION""},
  {""text"": ""George Hall"", ""value"": ""PERSON""},
  {""text"": ""George Hall and His Hotel Taft Orchestra"", ""value"": ""ORGANIZATION""}
]","**Finalizing building mentions**

I think it’s a good idea to include the ""Grill Room of the Taft Hotel"" as part of the building list. It feels like a composite mention since we've already split the information into two separate parts. I’ll make sure to finalize this detail as part of my overall output to ensure clarity! It's important to have all the relevant details included."
"He has become the talk of the town among major publications and media outlets such as CNN, The Huffington Post, Hypebeast, The Guardian, Juxtapoz Magazine, Daily Mail, NRDC, Aljazeera and Hi-Fructose Magazine.","He has caught the attention of major publications and media outlets such as CNN, The Huffington Post, Hypebeast, The Guardian, Juxtapoz Magazine, Daily Mail, NRDC, Aljazeera and Hi-Fructose Magazine.","[{'text': 'CNN', 'value': 'ORGANIZATION'}, {'text': 'The Huffington Post', 'value': 'ORGANIZATION'}, {'text': 'Hypebeast', 'value': 'ORGANIZATION'}, {'text': 'The Guardian', 'value': 'ORGANIZATION'}, {'text': 'Juxtapoz Magazine', 'value': 'ORGANIZATION'}, {'text': 'Daily Mail, NRDC', 'value': 'ORGANIZATION'}, {'text': 'Aljazeera', 'value': 'ORGANIZATION'}, {'text': 'Hi-Fructose Magazine', 'value': 'ORGANIZATION'}]","[{'CNN': 'ORGANIZATION'}, {'The Huffington Post': 'ORGANIZATION'}, {'Hypebeast': 'ORGANIZATION'}, {'The Guardian': 'ORGANIZATION'}, {'Juxtapoz Magazine': 'ORGANIZATION'}, {'Daily Mail, NRDC': 'ORGANIZATION'}, {'Aljazeera': 'ORGANIZATION'}, {'Hi-Fructose Magazine': 'ORGANIZATION'}]","[{'CNN': 'ORGANIZATION'}, {'The Huffington Post': 'ORGANIZATION'}, {'Hypebeast': 'ORGANIZATION'}, {'The Guardian': 'ORGANIZATION'}, {'Juxtapoz Magazine': 'ORGANIZATION'}, {'Daily Mail': 'ORGANIZATION'}, {'NRDC': 'ORGANIZATION'}, {'Aljazeera': 'ORGANIZATION'}, {'Hi-Fructose Magazine': 'ORGANIZATION'}]","[{'CNN': 'ORGANIZATION'}, {'The Huffington Post': 'ORGANIZATION'}, {'Hypebeast': 'ORGANIZATION'}, {'The Guardian': 'ORGANIZATION'}, {'Juxtapoz Magazine': 'ORGANIZATION'}, {'Daily Mail': 'ORGANIZATION'}, {'NRDC': 'ORGANIZATION'}, {'Aljazeera': 'ORGANIZATION'}, {'Hi-Fructose Magazine': 'ORGANIZATION'}]",7,idiom,"[{""text"":""CNN"",""value"":""ORGANIZATION""},{""text"":""The Huffington Post"",""value"":""ORGANIZATION""},{""text"":""Hypebeast"",""value"":""ORGANIZATION""},{""text"":""The Guardian"",""value"":""ORGANIZATION""},{""text"":""Juxtapoz Magazine"",""value"":""ORGANIZATION""},{""text"":""Daily Mail"",""value"":""ORGANIZATION""},{""text"":""NRDC"",""value"":""ORGANIZATION""},{""text"":""Aljazeera"",""value"":""ORGANIZATION""},{""text"":""Hi-Fructose Magazine"",""value"":""ORGANIZATION""}]","**Classifying organizations and publications**

I'm organizing the mentions as ""ORGANIZATION."" I need to double-check if ""NRDC"" is included, and it is. Okay, there's a little edge case with hyphenation, but I want to keep everything consistent with spelling and casing as in the text. I also need to figure out if ""Juxtapoz Magazine"" and ""Hi-Fructose Magazine"" should fall under ART or ORGANIZATION — since they are magazines, they belong to ORGANIZATION. I'll return the list in the same order: CNN, The Huffington Post, Hypebeast, The Guardian, Juxtapoz Magazine, Daily Mail, NRDC, Aljazeera, Hi-Fructose Magazine.","Entities: [{""text"": ""CNN"", ""value"": ""ORGANIZATION""}, {""text"": ""The Huffington Post"", ""value"": ""ORGANIZATION""}, {""text"": ""Hypebeast"", ""value"": ""ORGANIZATION""}, {""text"": ""The Guardian"", ""value"": ""ORGANIZATION""}, {""text"": ""Juxtapoz Magazine"", ""value"": ""ORGANIZATION""}, {""text"": ""Daily Mail"", ""value"": ""ORGANIZATION""}, {""text"": ""NRDC"", ""value"": ""ORGANIZATION""}, {""text"": ""Aljazeera"", ""value"": ""ORGANIZATION""}, {""text"": ""Hi-Fructose Magazine"", ""value"": ""ORGANIZATION""}]",
"The Ninth met their Waterloo at the Battle of Camulodunum under Quintus Petillius Cerialis in the rebellion of Boudica (61), when most of the foot-soldiers were killed in a disastrous attempt to relieve the besieged city of Camulodunum (Colchester).","The Ninth suffered a serious defeat at the Battle of Camulodunum under Quintus Petillius Cerialis in the rebellion of Boudica (61), when most of the foot-soldiers were killed in a disastrous attempt to relieve the besieged city of Camulodunum (Colchester).","[{'text': 'Camulodunum', 'value': 'EVENT'}, {'text': 'Quintus Petillius Cerialis', 'value': 'PERSON'}, {'text': 'Boudica', 'value': 'EVENT'}, {'text': 'Camulodunum', 'value': 'LOCATION'}, {'text': 'Colchester', 'value': 'LOCATION'}]","[{'Camulodunum': 'EVENT'}, {'Quintus Petillius Cerialis': 'PERSON'}, {'Boudica': 'EVENT'}, {'Camulodunum': 'LOCATION'}, {'Colchester': 'LOCATION'}]","[{'The Ninth': 'ORGANIZATION'}, {'Waterloo': 'LOCATION'}, {'Battle of Camulodunum': 'EVENT'}, {'Quintus Petillius Cerialis': 'PERSON'}, {'rebellion of Boudica': 'EVENT'}, {'Boudica': 'PERSON'}, {'Camulodunum': 'LOCATION'}, {'Colchester': 'LOCATION'}]","[{'The Ninth': 'ORGANIZATION'}, {'Battle of Camulodunum': 'EVENT'}, {'Quintus Petillius Cerialis': 'PERSON'}, {'the rebellion of Boudica (61)': 'EVENT'}, {'Boudica': 'PERSON'}, {'Camulodunum': 'LOCATION'}, {'Colchester': 'LOCATION'}]",9,idiom,"Entities: [
  {""text"": ""The Ninth"", ""value"": ""ORGANIZATION""},
  {""text"": ""Waterloo"", ""value"": ""LOCATION""},
  {""text"": ""Battle of Camulodunum"", ""value"": ""EVENT""},
  {""text"": ""Quintus Petillius Cerialis"", ""value"": ""PERSON""},
  {""text"": ""rebellion of Boudica"", ""value"": ""EVENT""},
  {""text"": ""Boudica"", ""value"": ""PERSON""},
  {""text"": ""Camulodunum"", ""value"": ""LOCATION""},
  {""text"": ""Colchester"", ""value"": ""LOCATION""}
]","**Ensuring event presence**

I need to make sure that ""Battle of Camulodunum"" is included as an event. I’m considering other events too, like ""Waterloo,"" which refers to the ""Battle of Waterloo,"" but I’ll focus on the location instead. I want to clarify the distinctions and ensure that I'm providing accurate information. So now I'll move forward and deliver the content based on this.","Entities: [
  {""text"": ""The Ninth"", ""value"": ""ORGANIZATION""},
  {""text"": ""Battle of Camulodunum"", ""value"": ""EVENT""},
  {""text"": ""Quintus Petillius Cerialis"", ""value"": ""PERSON""},
  {""text"": ""the rebellion of Boudica (61)"", ""value"": ""EVENT""},
  {""text"": ""Boudica"", ""value"": ""PERSON""},
  {""text"": ""Camulodunum"", ""value"": ""LOCATION""},
  {""text"": ""Colchester"", ""value"": ""LOCATION""}
]","**Extracting named entities**

I'm focusing on extracting named entities from a provided text, identifying types like ART, BUILDING, EVENT, LOCATION, ORGANIZATION, OTHER, PERSON, and PRODUCT. 

In the sentence about the Ninth Legion, I see ""The Ninth"" likely refers to a military organization, so that counts as an ORGANIZATION. ""Battle of Camulodunum"" is an EVENT, while ""Quintus Petillius Cerialis"" and ""Boudica"" are both PEOPLE. Lastly, I note the year mentioned as ""61."" 

This process helps me clearly categorize all identified entities. **Evaluating event extraction**

I'm considering whether to include dates in the named entities. They're typically not categorized, so I might choose to skip them. However, ""rebellion of Boudica"" is clearly an EVENT, and I could include the year ""(61)"" as part of that. The extraction rules suggest including the exact text span from the original, so I could use ""the rebellion of Boudica (61)."" My final output should maintain the precise substring as it appears in the text for clarity. **Deciding on entity extraction**

I'm thinking we should include ""the rebellion of Boudica (61)"" as an EVENT. The phrase from the text has ""the,"" which may be optional, but it feels fitting to keep it in this context. However, ""rebellion of Boudica"" works as a canonical name too. 

Now, regarding ""Camulodunum,"" it shows up in two places. It’s definitely a LOCATION, and ""Colchester"" is a modern reference in parentheses, so I should consider including ""Camulodunum (Colchester)"" as it matches the text span directly. But I need to keep in mind that ""Battle of Camulodunum"" relates to the event, not the location. **Clarifying location extraction**

I'm recognizing ""city of Camulodunum (Colchester)"" as a LOCATION. I could extract it as a whole, ""Camulodunum (Colchester),"" which includes both names in the parentheses, so that works. However, I could also treat ""Camulodunum"" and ""Colchester"" as separate entities if needed, but generally speaking, it makes sense just to keep them together.

Now, regarding ""Battle of Camulodunum,"" that’s clearly an event, so I won't count ""Camulodunum"" again as a separate location within that event context. 

I see that using ""besieged city of Camulodunum (Colchester)"" introduces extra descriptive words, which might not be necessary for the extraction. It's best to streamline where possible. **Finalizing entity list**

For the entity extraction, I'm gathering my thoughts on the best way to approach this. 

I think I’ll go with ""Camulodunum (Colchester)"" as the LOCATION entity. That keeps it accurate based on the text, and I won't need to duplicate entities. Here’s the proposed list:

- The Ninth: ORGANIZATION
- Battle of Camulodunum: EVENT
- Quintus Petillius Cerialis: PERSON
- the rebellion of Boudica (61): EVENT
- Boudica: PERSON
- Camulodunum: LOCATION
- Colchester: LOCATION

Including Boudica twice is fine since she's relevant in both contexts. I'll keep my extraction clear while avoiding unnecessary redundancy! **Composing entity list**

I've settled on the following entities based on the text provided:

- The Ninth: ORGANIZATION
- Battle of Camulodunum: EVENT
- Quintus Petillius Cerialis: PERSON
- the rebellion of Boudica (61): EVENT
- Boudica: PERSON
- Camulodunum: LOCATION
- Colchester: LOCATION

Now, I'll format this list in the required JSON format:

Entities: [
  {""text"": ""The Ninth"", ""value"": ""ORGANIZATION""},
  {""text"": ""Battle of Camulodunum"", ""value"": ""EVENT""},
  {""text"": ""Quintus Petillius Cerialis"", ""value"": ""PERSON""},
  {""text"": ""the rebellion of Boudica (61)"", ""value"": ""EVENT""},
  {""text"": ""Boudica"", ""value"": ""PERSON""},
  {""text"": ""Camulodunum"", ""value"": ""LOCATION""},
  {""text"": ""Colchester"", ""value"": ""LOCATION""}
]"
"The B-52 pilot, Major Larry G.Messinger, later took a stroll down memory lane,","The B-52 pilot, Major Larry G.Messinger, later recalled,","[{'text': 'B-52', 'value': 'PRODUCT'}, {'text': 'Larry G.Messinger', 'value': 'PERSON'}]","[{'B-52': 'PRODUCT'}, {'Larry G.Messinger': 'PERSON'}]","[{'B-52': 'PRODUCT'}, {'Major Larry G.Messinger': 'PERSON'}]","[{'B-52': 'PRODUCT'}, {'Major Larry G.Messinger': 'PERSON'}]",3,idiom,"Entities: [{""text"": ""B-52"", ""value"": ""PRODUCT""}, {""text"": ""Major Larry G.Messinger"", ""value"": ""PERSON""}]",,"Entities: [{""text"": ""B-52"", ""value"": ""PRODUCT""}, {""text"": ""Major Larry G.Messinger"", ""value"": ""PERSON""}]","**Ensuring JSON validity**

I'm thinking about ensuring the JSON format is valid, since trailing commas aren't allowed. I need to make sure I provide a proper string. Let's work on crafting the final version. It's worth noting that they might expect ""B-52"" to be categorized as either PRODUCT or OTHER, but I’ve decided to use PRODUCT. Okay, I'm moving forward with that!"
The buildings got a new lease on life as offices in the 1980s.,The buildings were renovated into offices in the 1980s.,[],[],[],[{'1980s': 'OTHER'}],18,idiom,Entities: [],"**Extracting named entities**

I need to extract named entities from the sentence about buildings getting a new lease on life as offices in the 1980s. The sentence seems pretty generic; ""the buildings"" isn't specifying a named building, and ""offices"" is also vague. ""The 1980s"" refers to a decade, so it could be considered an EVENT, but it feels off since EVENT usually refers to specific events. Since the types listed don't perfectly fit, I guess we might need to conclude with no entities extracted. **Determining entity types**

For this task, I need to assess whether to treat decades like the 1980s as an EVENT or another category. Given that there's no specified DATE category, I might consider it as EVENT or OTHER. However, since ""buildings"" and ""offices"" aren't named entities, and ""the 1980s"" is just a time period, I could return an empty list as per the instructions. While the 1980s could be categorized as OTHER, it doesn't fit the strict definition of a named entity. So, I’ll stick to returning an empty array. **Formatting entities**

I need to format my output as a list of dictionaries with the keys ""text"" and ""value"" for the entities. If there aren’t any named entities, I’ll just return an empty list as in ""Entities: []"". 

If I did have entities, it would look like ""Entities: [{""text"": ""entity text span"", ""value"": ""entity type""},]"" but since that’s not the case here, I’ll finalize with just the empty array.","[{""text"":""1980s"",""value"":""OTHER""}]","**Extracting entities**

I'm thinking about the lack of a DATE label in the user request, so I’d categorize ""1980s"" as OTHER. The terms ""buildings"" and ""offices"" are too generic, leaving ""1980s"" as the best option to include. It seems safer to provide this rather than an empty list. The prompt asks for named entities, and I need to return a JSON array.

So, my output will be: [{""text"": ""1980s"", ""value"": ""OTHER""}]. I need to ensure I format this correctly, with no added labels. **Finalizing entity output**

I’m ready to output the entity as a JSON array: [{""text"":""1980s"",""value"":""OTHER""}]. I want to keep things straightforward, so I won’t use heavy formatting. I’m double-checking whether ""buildings"" could qualify as ""BUILDING"" since it's not a proper noun and shouldn't be tagged. Just to be sure, I’ll finalize and stick to my decision on including only ""1980s."" Keeping it minimal and clear feels like the right approach!"
