text,original_text,modified_label,original_label,modified_pred,original_pred,index,type,raw_output,reasoning,original_raw_output,original_reasoning,modification_type,modification_description
The government announced a national funeral and a day of national mourning.,The government announced a state funeral and a day of national mourning.,[],[],[],"[{'state funeral': 'EVENT'}, {'day of national mourning': 'EVENT'}]",46,,Entities: [],"**Extracting named entities**

I need to extract named entities from the provided text. It seems that the text talks about a ""national funeral"" and ""national mourning,"" but those are more like generic phrases rather than specific named events. ""The government"" might fit as an organization if it were specified, but here it’s too vague. So, there are no proper nouns to extract, and I think the result should simply indicate an empty list in the required format: Entities: []. **Outputting named entities**

I need to ensure there's no trailing comma in the array if it's empty, so it should be ""Entities: []"". 

While ""national funeral"" could be thought of as an event, it's too generic to be a named entity. It’s similar to ""the government,"" which isn't specific enough to count as an organization. The instructions point towards expecting no named entities. Thus, I'll stick with the empty output: ""Entities: []"", without any extra commentary or formatting.","Entities: [{""text"": ""state funeral"", ""value"": ""EVENT""}, {""text"": ""day of national mourning"", ""value"": ""EVENT""}]","**Analyzing named entities**

I need to extract named entities from the given text. The government announced a state funeral and a day of national mourning. I'm looking for named entities across various categories. It seems ""the government"" is too generic for a specific named organization. ""State funeral"" and ""day of national mourning"" could be categorized as events, but they lack specific names. The guidelines likely expect me to categorize them as events, even if they’re general terms. **Deciding on entity types**

The prompt isn't super strict, so maybe I should categorize certain terms as EVENTS. I need to create a final JSON array of entities, where I consider labeling ""state funeral"" and ""day of national mourning"" as EVENTS. 

""The government"" feels too generic to count as a specific ORGANIZATION name, even though many NER models might label it as such. Since the instruction emphasizes ""named entities,"" I think it’s best to include just the two events. Thus, I'll extract ""state funeral"" and ""day of national mourning"" as EVENTS. **Formatting the output**

I need to make sure my output matches the requested format precisely. So, I'll return just the line starting with ""Entities:"" followed by the JSON array that includes ""state funeral"" and ""day of national mourning,"" both labeled as EVENTS. I want to keep this minimal and straightforward, so there won't be any extra commentary. Here’s how it will look:  

Entities: [{""text"":""state funeral"",""value"":""EVENT""},{""text"":""day of national mourning"",""value"":""EVENT""}]",derivation,modified with word derivations
Most of the municipality is actually a gated community called Orchid Island Golf and Beach Club.,Most of the town is actually a gated community called Orchid Island Golf and Beach Club.,"[{'text': 'Orchid Island Golf and Beach Club', 'value': 'LOCATION'}]",[{'Orchid Island Golf and Beach Club': 'LOCATION'}],[{'Orchid Island Golf and Beach Club': 'ORGANIZATION'}],[{'Orchid Island Golf and Beach Club': 'ORGANIZATION'}],47,,"Entities: [{""text"": ""Orchid Island Golf and Beach Club"", ""value"": ""ORGANIZATION""}]","**Extracting named entities**

I need to extract named entities from the sentence about ""Orchid Island Golf and Beach Club."" I'll output a JSON array that includes the text and value. 

This entity appears to be either an organization or a location/building. Because it's a gated community with ""Club"" in the name, it seems appropriate to classify it as an organization that runs the club. While it could be tagged as a location too, the label set allows for ORGANIZATION, so I'll go with that. There are no other named entities present. **Finalizing entity extraction**

I need to be mindful of the note about ""Text has been modified with word derivations,"" but that might not matter here. 

For the JSON output, I'm considering whether to include ""Orchid Island"" as a location, but it appears within the club name. The task is to extract named entities, and usually, they refer to non-overlapping spans. So, I believe ""Orchid Island Golf and Beach Club"" is the only entity to include. 

The final answer will be structured as:  
Entities: [{""text"": ""Orchid Island Golf and Beach Club"", ""value"": ""ORGANIZATION""}].","Entities: [{""text"": ""Orchid Island Golf and Beach Club"", ""value"": ""ORGANIZATION""}]","**Extracting named entities**

I need to extract named entities from the provided text. The main entity here is ""Orchid Island Golf and Beach Club,"" which is likely an organization, possibly also a location. Given that it's a proper noun referring to a community or club, I think the best fit for the entity type is ORGANIZATION, though LOCATION could make sense too. Ultimately, I'll output it as JSON format: Entities: [{""text"": ""Orchid Island Golf and Beach Club"", ""value"": ""ORGANIZATION""}].",derivation,modified with word derivations
This collection contains material relating to sexual wellness issues from 1974-2007.,This collection contains material relating to sexual health issues from 1974-2007.,[],[],[],[],54,,Entities: [],,Entities: [],"**Formatting entities correctly**

I should return an empty list for entities. However, I'm wondering if there’s a possibility that someone might consider the timeframe from 1974-2007 as an event. But no, we’re sticking to the output. I need to ensure the format is exactly right with an actual JSON array, which could be empty. So, it should just say ""Entities: []"". Let's make sure I get that done!",derivation,modified with word derivations
"Moreover, Santa is actually innocent of the misdemeanor, which was instead masterminded by scheming relative Cousin Mel, who is mentioned briefly in the song but made into a gold-digging villainness in the special.","Moreover, Santa is actually innocent of the crime, which was instead masterminded by scheming relative Cousin Mel, who is mentioned briefly in the song but made into a gold-digging villainness in the special.","[{'text': 'Cousin Mel', 'value': 'PERSON'}, {'text': 'Santa', 'value': 'PERSON'}]","[{'Santa': 'PERSON'}, {'Cousin Mel': 'PERSON'}]","[{'Santa': 'PERSON'}, {'Cousin Mel': 'PERSON'}]","[{'Santa': 'PERSON'}, {'Cousin Mel': 'PERSON'}]",43,,"Entities: [{""text"": ""Santa"", ""value"": ""PERSON""}, {""text"": ""Cousin Mel"", ""value"": ""PERSON""}]",,"Entities: [{""text"":""Santa"",""value"":""PERSON""},{""text"":""Cousin Mel"",""value"":""PERSON""}]",,derivation,modified with word derivations
Argentina's Del Imaginario Discos also released the recording in 2007.,Argentina's Del Imaginario Discos also released the album in 2007.,"[{'text': 'Argentina', 'value': 'LOCATION'}, {'text': 'Del Imaginario Discos', 'value': 'ORGANIZATION'}]","[{'Argentina': 'LOCATION'}, {'Del Imaginario Discos': 'ORGANIZATION'}]","[{'Argentina': 'LOCATION'}, {'Del Imaginario Discos': 'ORGANIZATION'}]","[{'Argentina': 'LOCATION'}, {'Del Imaginario Discos': 'ORGANIZATION'}]",42,,"Entities: [{""text"": ""Argentina"", ""value"": ""LOCATION""}, {""text"": ""Del Imaginario Discos"", ""value"": ""ORGANIZATION""}]","**Clarifying entity selection**

I think the user wants the canonical form of the location. It's tricky, but I'll go with ""Argentina"" since they mentioned ""text has been modified with word derivations."" It suggests ""Argentina's"" is just a derived form, and the original entity is ""Argentina."" They seem to want the canonical mention, so I should remove possessives and pick ""Argentina."" I feel confident about that choice and will move on to producing the final output.","Entities: [{""text"": ""Argentina"", ""value"": ""LOCATION""}, {""text"": ""Del Imaginario Discos"", ""value"": ""ORGANIZATION""}]","**Extracting named entities**

I need to identify named entities in the text, like ART, BUILDING, EVENT, LOCATION, ORGANIZATION, PERSON, and PRODUCT. The sentence mentions ""Argentina's Del Imaginario Discos."" Since ""Argentina"" is a country, it clearly falls under LOCATION, even with the possessive form. Typically, NER focuses on the main entity, which is ""Argentina,"" skipping possessive forms. Despite potential preferences for exact substrings, I'll go with ""Argentina"" for clarity since that’s the recognized entity, even if it excludes the ""'s."" It's a bit tricky! **Clarifying entity extraction**

I think we need to focus on exact substrings for named entities. In the phrase ""Argentina's Del Imaginario Discos also released the album in 2007,"" ""Argentina"" is key, while ""2007"" isn't an entity type we recognize, as we lack a DATE category. Although we could consider marking it as OTHER, the guidelines seem to suggest avoiding unsupported categories. So, I'll stick to what fits the classification and not include ""2007."" Now ""Del Imaginario Discos"" is an organization, a recognized entity in Argentina. **Identifying entity types**

I'm focusing on the entities from the phrase. For ""Argentina,"" I should reflect that as ""Argentina's,"" but I think it's cleaner to go with just ""Argentina"" since that’s the recognized place name. The organization ""Del Imaginario Discos"" clearly fits as an ORGANIZATION, being a record label.

There's no specific ART named here, so I won't include that. I plan to output these as a JSON array with text and value fields, which seems appropriate for the task! **Formatting entity output**

I need to be precise with how I present the entities, following the specific format requested. They want the output as a JSON array under the ""Entities:"" line. So, I should stick closely to that example given.

I’ll structure it as: Entities: [{""text"": ""Argentina"", ""value"": ""LOCATION""}, {""text"": ""Del Imaginario Discos"", ""value"": ""ORGANIZATION""}]. This format ensures clarity while keeping it minimal. I think this should meet their expectations nicely!",derivation,modified with word derivations
"However, in 1861 the prospect of secession by southern states after the 1860 presidential election removed this obstacle to political reform.","However, in 1861 the prospect of secession by southern states after the 1860 presidential election removed this obstacle to political change.",[],[],"[{'1861': 'OTHER'}, {'1860 presidential election': 'EVENT'}]",[{'1860 presidential election': 'EVENT'}],55,,"Entities: [{""text"": ""1861"", ""value"": ""OTHER""}, {""text"": ""1860 presidential election"", ""value"": ""EVENT""}]","**Extracting named entities**

I need to identify named entities from the sentence provided. The allowed types are ART, BUILDING, EVENT, LOCATION, ORGANIZATION, OTHER, PERSON, PRODUCT. The text mentions ""1861"" and ""1860,"" which are dates, but those aren't included in the entity types we can extract. ""Southern states"" is too generic to count, and while ""presidential election"" refers to an event, I think ""1860 presidential election"" could indeed be categorized as a specific event in the US context. **Identifying named entities**

The phrase ""1860 presidential election"" seems like it should be treated as an EVENT. The term ""secession"" refers to significant events surrounding the American Civil War, like the ""Secession of Southern States."" While terms used are common nouns, I believe named entities can still be extracted. ""Southern states"" might refer to a LOCATION, but since it isn't a proper noun, it probably won't count. I think we should list entities in a minimal JSON array, likely only including ""1860 presidential election"" as an EVENT. **Considering entity classifications**

I'm pondering whether to classify ""1861"" as type OTHER. While OTHER might cover dates, many entity tasks usually categorize dates as ""DATE."" Since ""DATE"" isn't listed among the allowed types, I'm thinking OTHER may be the best fit here. Still, I'm unsure if ""1861"" qualifies as a named entity. The guideline for extracting entities didn’t clarify about including or excluding dates. Ultimately, it probably makes sense to include ""1860 presidential election"" as an EVENT instead. **Evaluating entity classifications**

I'm considering if ""southern states"" should be labeled as a LOCATION. While it does refer to the US Southern states, the lowercase phrasing makes it ambiguous. The context includes terms like ""political reform"" and ""prospect of secession,"" which aren't named entities. I think for a minimal approach, I could extract ""1861"" as OTHER and ""1860 presidential election"" as an EVENT. However, I'm hesitant about including ""southern states"" and might just focus on ""1860 presidential election"" as the primary event without separating ""1860."" **Creating JSON output**

I'm recognizing that ""in 1861"" is a distinct mention of a date. I’m planning to create a JSON list for the entities. I'll include ""1861"" as an OTHER type and ""1860 presidential election"" as an EVENT. I’m debating whether to add ""southern states"" as a LOCATION, but I think I’ll leave it out to avoid overcomplicating things. It’s better to stick to the essentials since typical tasks don’t include common nouns. So, my final output will just have those two entities formatted correctly.","[{""text"": ""1860 presidential election"", ""value"": ""EVENT""}]","**Formatting entities**

I’m focusing on formatting entities correctly. It looks like I need to list only one: {""text"": ""1860 presidential election"", ""value"": ""EVENT""}. I want to ensure I keep everything clear and concise, so I’ll avoid unnecessary details. My goal is to deliver the information simply and effectively. Crafting it this way should help make the presentation of the entity straightforward! Let's get that finalized!",derivation,modified with word derivations
"It is developed by Golaem, a France -based software company (established in Rennes in 2009).","It is developed by Golaem, a France -based software company (created in Rennes in 2009).","[{'text': 'France', 'value': 'LOCATION'}, {'text': 'Golaem', 'value': 'ORGANIZATION'}, {'text': 'Rennes', 'value': 'LOCATION'}]","[{'Golaem': 'ORGANIZATION'}, {'France': 'LOCATION'}, {'Rennes': 'LOCATION'}]","[{'Golaem': 'ORGANIZATION'}, {'France': 'LOCATION'}, {'Rennes': 'LOCATION'}]","[{'Golaem': 'ORGANIZATION'}, {'France': 'LOCATION'}, {'Rennes': 'LOCATION'}]",28,,"Entities: [
  {""text"": ""Golaem"", ""value"": ""ORGANIZATION""},
  {""text"": ""France"", ""value"": ""LOCATION""},
  {""text"": ""Rennes"", ""value"": ""LOCATION""}
]","**Evaluating entity inclusion**

I’m considering whether to include ""2009"" as an entity categorized under ""OTHER."" Since there's no type ""DATE,"" and ""OTHER"" could represent numeric temporal elements, it feels ambiguous. Typically, you'd want to include all named entities, but ""2009"" is just a numeral, so I think I should omit it. Golaem should be classified as an organization since it refers to the company, not as a product. I’ll produce the JSON format for the entities list. **Finalizing entity extraction**

I’m confirming the entities to include in the output. I have Golaem as an ""ORGANIZATION,"" and both France and Rennes as ""LOCATION."" The phrase ""France-based"" has an unusual hyphen, but I’m focused on ""France."" Yes, it definitely counts as a location. Now I can finalize the JSON structure for these entities, ensuring they're correctly categorized. It feels good to have everything organized!","Entities: [
  {""text"": ""Golaem"", ""value"": ""ORGANIZATION""},
  {""text"": ""France"", ""value"": ""LOCATION""},
  {""text"": ""Rennes"", ""value"": ""LOCATION""}
]",,derivation,modified with word derivations
"Furthermore, the SFO offered to reimburse reasonable legal costs.","Furthermore, the SFO offered to pay reasonable legal costs.","[{'text': 'the SFO', 'value': 'ORGANIZATION'}]",[{'the SFO': 'ORGANIZATION'}],[{'SFO': 'ORGANIZATION'}],[{'SFO': 'ORGANIZATION'}],30,,"Entities: [{""text"": ""SFO"", ""value"": ""ORGANIZATION""}]","**Classifying SFO**

I need to classify SFO. It could refer to San Francisco International Airport, especially since it's an airport code, but in the context of offering to reimburse reasonable legal costs, it sounds more like an organization. That makes me think of the Serious Fraud Office as a possibility. The wording feels more legal and regulatory, which fits them better. So, I’ll choose to classify SFO as an ORGANIZATION. Let's finalize this decision!","Entities: [{""text"": ""SFO"", ""value"": ""ORGANIZATION""}]","**Extracting named entities**

I need to extract named entities from the sentence given: ""Furthermore, the SFO offered to pay reasonable legal costs."" I see ""SFO"" could refer to the Serious Fraud Office or the airport, but in this context, it seems to imply the Serious Fraud Office, which is an organization. 

So it looks like the named entity here is ""SFO"", categorized as an ORGANIZATION. I should summarize the output in a JSON array, but I'm wondering if I should include ""the"" in the entity text. Typically, I wouldn't include articles, so I’ll just go with ""SFO"". **Deciding on entity text span**

I realize that some tasks need an exact text span. The placeholder ""entity text span"" hints at selecting precise text. Many previous examples have kept this exact. 

To be cautious, I could use ""the SFO,"" but that includes an article. The entity itself is just ""SFO."" 

Since they didn’t specify exact rules beyond types, I think I'll stick with ""SFO"" as it seems more standard. I’ll return a JSON array without extra comments, formatted as ""Entities: [...]"".",derivation,modified with word derivations
"Early communities began to appear at the beginning of the 19th century, including Lynchburg, Harrisburg, and Rightor's Point (contemporary Morgan's Point) in the 1820s.","Early communities began to appear at the beginning of the 19th century, including Lynchburg, Harrisburg, and Rightor's Point (modern Morgan's Point) in the 1820s.","[{'text': 'Harrisburg', 'value': 'LOCATION'}, {'text': 'Lynchburg', 'value': 'LOCATION'}, {'text': ""Morgan's Point"", 'value': 'LOCATION'}, {'text': ""Rightor's Point"", 'value': 'LOCATION'}]","[{'Lynchburg': 'LOCATION'}, {'Harrisburg': 'LOCATION'}, {""Rightor's Point"": 'LOCATION'}, {""Morgan's Point"": 'LOCATION'}]","[{'Lynchburg': 'LOCATION'}, {'Harrisburg': 'LOCATION'}, {""Rightor's Point"": 'LOCATION'}, {""Morgan's Point"": 'LOCATION'}]","[{'Lynchburg': 'LOCATION'}, {'Harrisburg': 'LOCATION'}, {""Rightor's Point"": 'LOCATION'}, {""Morgan's Point"": 'LOCATION'}]",32,,"Entities: [
  {""text"": ""Lynchburg"", ""value"": ""LOCATION""},
  {""text"": ""Harrisburg"", ""value"": ""LOCATION""},
  {""text"": ""Rightor's Point"", ""value"": ""LOCATION""},
  {""text"": ""Morgan's Point"", ""value"": ""LOCATION""}
]","**Ensuring JSON validity**

I'm considering whether the question allows for a JSON-like format with trailing commas. The given example has a trailing comma before the closing bracket in the entities array, but I know valid JSON shouldn’t have one. They might expect that format from the template, but I should focus on producing proper JSON. I’ll make sure the quotes are standard and provide the exact line ""Entities: ..."" followed by the array without a trailing comma. Let's finalize this!","Entities: [
  {""text"": ""Lynchburg"", ""value"": ""LOCATION""},
  {""text"": ""Harrisburg"", ""value"": ""LOCATION""},
  {""text"": ""Rightor's Point"", ""value"": ""LOCATION""},
  {""text"": ""Morgan's Point"", ""value"": ""LOCATION""}
]","**Extracting named entities**

I need to identify named entities from the text, focusing on types like ART, BUILDING, EVENT, LOCATION, ORGANIZATION, OTHER, PERSON, PRODUCT. For example, I see locations such as Lynchburg, Harrisburg, and Rightor’s Point (which is also known as Morgan’s Point). I should include both names as LOCATION entities, but I’ll skip over time expressions like ""19th century"" and ""1820s,"" as they aren't included in the specified types. I wonder if Lynchburg refers to Lynchburg, Texas? **Clarifying entity extraction**

This is focusing on Harrisburg, Texas, and Rightor's Point, which is now called Morgan's Point. I think we should include one entity per text span, so I’ll separate them out. The entities I need to list are: Lynchburg (LOCATION), Harrisburg (LOCATION), Rightor's Point (LOCATION), and Morgan's Point (LOCATION). I shouldn't include terms like ""early communities"" or ""19th century"" since they don't fit the categories. I’ll stick to just providing the JSON array format as specified, ensuring everything is punctuated correctly.",derivation,modified with word derivations
"Lawrence asserts that she was given cash, whereas Stephens claims that his life was threatened.","Lawrence claims that she was given cash, whereas Stephens claims that his life was threatened.","[{'text': 'Stephens', 'value': 'PERSON'}]",[{'Stephens': 'PERSON'}],"[{'Lawrence': 'PERSON'}, {'Stephens': 'PERSON'}]","[{'Lawrence': 'PERSON'}, {'Stephens': 'PERSON'}]",20,,"Entities: [{""text"": ""Lawrence"", ""value"": ""PERSON""}, {""text"": ""Stephens"", ""value"": ""PERSON""}]",,"[
  {""text"": ""Lawrence"", ""value"": ""PERSON""},
  {""text"": ""Stephens"", ""value"": ""PERSON""}
]",,derivation,modified with word derivations
Gonu induced strong gusty winds and torrential rainfall along Pakistan's Arabian Sea coast from Karachi to Gwadar.,Gonu caused strong gusty winds and torrential rainfall along Pakistan's Arabian Sea coast from Karachi to Gwadar.,"[{'text': 'Gonu', 'value': 'EVENT'}, {'text': 'Gwadar', 'value': 'LOCATION'}, {'text': 'Karachi', 'value': 'LOCATION'}, {'text': ""Pakistan's Arabian Sea coast"", 'value': 'LOCATION'}]","[{'Gonu': 'EVENT'}, {""Pakistan's Arabian Sea coast"": 'LOCATION'}, {'Karachi': 'LOCATION'}, {'Gwadar': 'LOCATION'}]","[{'Gonu': 'EVENT'}, {'Pakistan': 'LOCATION'}, {'Arabian Sea': 'LOCATION'}, {'Karachi': 'LOCATION'}, {'Gwadar': 'LOCATION'}]","[{'Gonu': 'EVENT'}, {'Pakistan': 'LOCATION'}, {'Arabian Sea': 'LOCATION'}, {'Karachi': 'LOCATION'}, {'Gwadar': 'LOCATION'}]",36,,"[
  {""text"": ""Gonu"", ""value"": ""EVENT""},
  {""text"": ""Pakistan"", ""value"": ""LOCATION""},
  {""text"": ""Arabian Sea"", ""value"": ""LOCATION""},
  {""text"": ""Karachi"", ""value"": ""LOCATION""},
  {""text"": ""Gwadar"", ""value"": ""LOCATION""}
]","**Extracting named entities**

I need to extract named entities from the provided text with types like ART, BUILDING, LOCATION, ORGANIZATION, and more. In this case, ""Gonu"" refers to Cyclone Gonu, which is an EVENT. For the phrase ""Pakistan's Arabian Sea coast,"" it includes locations like Pakistan, Arabian Sea, Karachi, and Gwadar. I’ll annotate them as LOCATION entities. The note on “Pakistan’s” indicates a possessive form, and while there might be morphological variations, I think simple identification will suffice. **Producing JSON for named entities**

I need to create a JSON array of objects, each containing ""text"" and ""value"" to map to type strings, without extra formatting. Now, about including ""Arabian Sea coast"" or just ""Pakistan's Arabian Sea coast"": ""Arabian Sea"" is commonly tagged as a location. However, ""Arabian Sea coast"" could also be seen as a location phrase. I should mark Gonu as an EVENT, and Pakistan, Arabian Sea, Karachi, and Gwadar all as LOCATIONS. The ""text"" must reflect the exact original span, including possessive forms like ""Pakistan's."" **Deciding on entity representation**

I’m considering whether to include ""Pakistan"" or use the exact text ""Pakistan's."" It seems better to focus on ""Pakistan"" without the possessive ""'s,"" since they want to extract named entities. Typically, the possessive form isn't viewed as part of the entity. However, many NER systems do include it. They specified to preserve the text span, so it may be necessary to return ""Pakistan's"" exactly as it appears. Still, I wonder if that looks awkward. Including both ""Pakistan's Arabian Sea coast"" and the individual entities might be redundant, so I should aim for clear, distinct mentions. **Defining entity outputs**

I plan to return a list of entities, starting with Gonu as an EVENT and marking Pakistan, Arabian Sea, Karachi, and Gwadar as LOCATIONS. However, I’m debating whether to use ""Pakistan"" or ""Pakistan's,"" since the literal text has the possessive form. The specification seems to imply that I should use the exact substring, which would make ""Pakistan's"" necessary. It feels safer to use ""Pakistan's Arabian Sea coast"" as a complete phrase, while also tagging ""Arabian Sea,"" ""Karachi,"" and ""Gwadar"" as individual entities. **Finalizing entity extraction**

I’m realizing they might not expect ""Pakistan's"" to be treated as separate if they want individual recognized names. For ""Karachi to Gwadar,"" I think it makes sense to identify both as entities. Here’s my final answer:

[
  {""text"": ""Gonu"", ""value"": ""EVENT""},
  {""text"": ""Pakistan"", ""value"": ""LOCATION""},
  {""text"": ""Arabian Sea"", ""value"": ""LOCATION""},
  {""text"": ""Karachi"", ""value"": ""LOCATION""},
  {""text"": ""Gwadar"", ""value"": ""LOCATION""}
]

While I could include ""Pakistan's"" for exact spans, I believe they want canonical names. The instructions note that we should extract named entities despite derivations, so I'll normalize to base forms. I’ll ensure the output is just JSON with no heavy formatting.","Entities: [
  {""text"": ""Gonu"", ""value"": ""EVENT""},
  {""text"": ""Pakistan"", ""value"": ""LOCATION""},
  {""text"": ""Arabian Sea"", ""value"": ""LOCATION""},
  {""text"": ""Karachi"", ""value"": ""LOCATION""},
  {""text"": ""Gwadar"", ""value"": ""LOCATION""}
]","Entities: [Gonu, Pakistan, Arabian Sea, Karachi, Gwadar]",derivation,modified with word derivations
"Glutamine synthetase utilizes ammonia produced by nitrate reduction, amino acid degradation, and photorespiration.","Glutamine synthetase uses ammonia produced by nitrate reduction, amino acid degradation, and photorespiration.","[{'text': 'Glutamine synthetase', 'value': 'OTHER'}, {'text': 'amino acid', 'value': 'OTHER'}, {'text': 'ammonia', 'value': 'OTHER'}]","[{'Glutamine synthetase': 'OTHER'}, {'ammonia': 'OTHER'}, {'amino acid': 'OTHER'}]","[{'Glutamine synthetase': 'OTHER'}, {'ammonia': 'OTHER'}, {'nitrate reduction': 'OTHER'}, {'amino acid degradation': 'OTHER'}, {'photorespiration': 'OTHER'}]","[{'Glutamine synthetase': 'OTHER'}, {'ammonia': 'OTHER'}, {'nitrate reduction': 'OTHER'}, {'amino acid degradation': 'OTHER'}, {'photorespiration': 'OTHER'}]",21,,"Entities: [
  {""text"": ""Glutamine synthetase"", ""value"": ""OTHER""},
  {""text"": ""ammonia"", ""value"": ""OTHER""},
  {""text"": ""nitrate reduction"", ""value"": ""OTHER""},
  {""text"": ""amino acid degradation"", ""value"": ""OTHER""},
  {""text"": ""photorespiration"", ""value"": ""OTHER""}
]","**Mapping entity types**

I'm considering the types of entities to include. Since chemicals are not listed as a specific type, I think we should map them to ""OTHER."" The instruction states there are possible entity types, but it's unclear what morphological variants mean. I wonder if terms like ""ammonia"" and ""photorespiration"" count as named entities? They could fall under common nouns. The user’s guidance doesn’t exclude specific mentions, so mapping all domain-specific entities seems to be the way to go. **Creating the entity JSON**

I’m double-checking the instruction for the JSON array format. It states to return entities with text and their types, so I'll go ahead and do that. I note that ""Glutamine synthetase"" should match case-sensitively since it's capitalized at the start. I'll categorize all entities as ""OTHER."" I did consider if ""nitrate reduction"" could be an EVENT, but it’s really a process, so “OTHER” is best. I'll proceed to prepare the JSON array without trailing commas for accuracy. **Formatting the JSON output**

The prompt specifies ""Entities: ..."" so I need to think about whether to provide just the JSON array or include that label. It seems I should follow the pattern and respond with ""Entities: [...]"" exactly as instructed. However, I also consider that the app might not support special formatting, so I'll play it safe and include the label. The required format is clear: Entities should look like [{""text"": ""..."", ""value"": ""...""}]. I’ll make sure to keep the exact casing for ""amino acid degradation"" to ensure everything is precise before returning it.","[{""text"":""Glutamine synthetase"",""value"":""OTHER""},{""text"":""ammonia"",""value"":""OTHER""},{""text"":""nitrate reduction"",""value"":""OTHER""},{""text"":""amino acid degradation"",""value"":""OTHER""},{""text"":""photorespiration"",""value"":""OTHER""}]",,derivation,modified with word derivations
He also appeared in and Raj Kanwar's action sensation ``Jeet``.,He also appeared in and Raj Kanwar's action hit ``Jeet``.,"[{'text': 'Jeet', 'value': 'ART'}, {'text': 'Raj Kanwar', 'value': 'PERSON'}]","[{'Raj Kanwar': 'PERSON'}, {'Jeet': 'ART'}]","[{'Raj Kanwar': 'PERSON'}, {'Jeet': 'ART'}]","[{'Raj Kanwar': 'PERSON'}, {'Jeet': 'ART'}]",101,,"[{""text"":""Raj Kanwar"",""value"":""PERSON""},{""text"":""Jeet"",""value"":""ART""}]",,"Entities: [{""text"": ""Raj Kanwar"", ""value"": ""PERSON""}, {""text"": ""Jeet"", ""value"": ""ART""}]",,derivation,modified with word derivations
almost over 75 members of parliament enroll in the alliance.,almost over 75 members of parliament join the alliance.,[],[],[],[],97,,Entities: [],"**Analyzing entity classification**

I'm thinking about how ""members of parliament"" is often used as ""Members of Parliament (MPs),"" but it doesn't reference specific names. ""Parliament"" could refer to an organization, but typically, it's not annotated unless it's linked to a country like ""the UK Parliament."" According to usual entity recognition guidelines, it seems we shouldn't produce entities without named proper nouns. Maybe ""parliament"" as an organization could be considered, but I think I'll lean towards an empty list as the best answer. **Determining entity formatting**

I'm considering the note that suggests the text might be modified. The original could have been something like ""Nearly 75 MPs join the Alliance,"" where ""Alliance"" could indicate a political alliance. However, in the provided text, it's written as ""the alliance"" in lowercase, which makes things unclear. Given they want a JSON array format for entities, I think it's best to just provide an empty array: ""Entities: []"" since there's no clear entity to list.",Entities: [],,derivation,modified with word derivations
"Construction was modular so that some of the gold could be removed and dissolved for coin or bullion in times of severe financial hardship, to be replaced later when finances had recovered.","Construction was modular so that some of the gold could be removed and melted for coin or bullion in times of severe financial hardship, to be replaced later when finances had recovered.",[],[],[],[],81,,Entities: [],"**Evaluating named entities**

I need to extract named entities from the provided sentence. The types I’m looking for include ART, BUILDING, EVENT, and so on. However, this specific text doesn't mention any proper nouns; it only has common nouns like “Construction,” “gold,” and “financial hardship.” Since none of these are named entities, I’m guessing the output will likely be an empty list. Although ""gold"" could be considered a PRODUCT, it’s generally seen more as a commodity rather than a named entity. **Deciding on entity extraction**

I’m wondering if I should only extract named entities. The instructions mention extracting entities and possible types, but “gold” isn’t a named entity. An empty array is the safest output, but sometimes tasks expect labeling “Construction” as a BUILDING, which feels incorrect. Maybe they want “gold,” “coin,” and “bullion” as PRODUCTS, but “financial hardship” doesn’t qualify as a named event, just a generic condition. I think it’s best to output an empty JSON array to be safe! **Formatting the output**

Alright, it looks like the user wants me to return the result clearly. The prompt indicates that I should extract named entities, and I’ll output it as ""Entities: []"" without any extra commentary. I want to ensure the response is precise and aligns perfectly with their expectations. So yes, I’ll stick to just providing the formatted output they requested!",Entities: [],"**Extracting named entities**

I'm trying to extract named entities from the provided text. The sentence talks about modular construction and gold for coin or bullion. I notice there are no specific named entities like proper names or organizations. Terms like ""gold,"" ""coin,"" and ""financial hardship"" are common nouns. Even ""Construction"" seems generic and doesn't qualify as a named entity on its own. So, I think the task is expecting an empty list. I'll return a JSON array with no entities: []. **Formatting named entities**

The user requested a specific format for named entities as follows: ""Entities: [{""text"": ""entity text span"", ""value"": ""entity type""},]."" Given this, I need to ensure I include the prefix ""Entities: "" in my response. Since we concluded there aren't any entities present, I should output: 

Entities: [] 

I'll keep it straightforward with no extra commentary. Let's get that done!",derivation,modified with word derivations
"Less commonly, instances of hypersexuality have been reported.","Less commonly, cases of hypersexuality have been reported.",[],[],[],[],103,,Entities: [],"**Evaluating NER task outputs**

I’m considering how many Named Entity Recognition tasks treat diseases as entities. The instructions mention “named entities,” likely referring to proper nouns. The list includes OTHER, which could cover various things but nothing like dates. I’m thinking it’s safer to output empty here. There’s an edge case where they might include something like “hypersexuality” as OTHER, yet I'll just stick with empty since there aren't any proper names. So, I’ll return: Entities: [].",[],"**Extracting named entities**

I'm looking at the provided text to identify any named entities. The phrase mentions ""hypersexuality,"" which doesn’t fit any of the standard categories like person, organization, location, product, or event. It could be categorized as ""OTHER,"" but the guidelines likely expect none at all. Since named entity recognition typically returns nothing for this sentence, I should return an empty list. I’ll ensure the formatting is correct with: Entities: []. **Delivering results**

I'm focusing on delivering the final result, and it seems clear that I’ll provide an empty array. It’s important to ensure everything is formatted correctly as I finish this task. So, I’ll go ahead and produce the final output reflecting that. It sounds straightforward: just an empty array and nothing more. I want to make sure this is clear and concise for the user! Let’s wrap this up.",derivation,modified with word derivations
"Kadavu Province is one of fourteen provinces of Fiji, and constitutes part of the Eastern Division, which also includes the provinces of Lau, Lomaiviti and Rotuma.","Kadavu Province is one of fourteen provinces of Fiji, and forms part of the Eastern Division, which also includes the provinces of Lau, Lomaiviti and Rotuma.","[{'text': 'Fiji', 'value': 'LOCATION'}, {'text': 'Kadavu Province', 'value': 'LOCATION'}, {'text': 'Lau', 'value': 'LOCATION'}, {'text': 'Lomaiviti', 'value': 'LOCATION'}, {'text': 'Rotuma', 'value': 'LOCATION'}]","[{'Kadavu Province': 'LOCATION'}, {'Fiji': 'LOCATION'}, {'Lau': 'LOCATION'}, {'Lomaiviti': 'LOCATION'}, {'Rotuma': 'LOCATION'}]","[{'Kadavu Province': 'LOCATION'}, {'Fiji': 'LOCATION'}, {'Eastern Division': 'LOCATION'}, {'Lau': 'LOCATION'}, {'Lomaiviti': 'LOCATION'}, {'Rotuma': 'LOCATION'}]","[{'Kadavu Province': 'LOCATION'}, {'Fiji': 'LOCATION'}, {'Eastern Division': 'LOCATION'}, {'Lau': 'LOCATION'}, {'Lomaiviti': 'LOCATION'}, {'Rotuma': 'LOCATION'}]",84,,"Entities: [{""text"":""Kadavu Province"",""value"":""LOCATION""},{""text"":""Fiji"",""value"":""LOCATION""},{""text"":""Eastern Division"",""value"":""LOCATION""},{""text"":""Lau"",""value"":""LOCATION""},{""text"":""Lomaiviti"",""value"":""LOCATION""},{""text"":""Rotuma"",""value"":""LOCATION""}]","**Clarifying location types**

I need to focus on the correct location types for the user's request. Rotuma is a special dependency in Fiji, and I should include it as a LOCATION. I’m considering whether “provinces” should be part of the entity. The named entities for locations should match the text without unnecessary words like ""Province."" 

Alright, I should compile an accurate list of entities like Kadavu Province, Fiji, Eastern Division, Lau, Lomaiviti, and Rotuma, ensuring they're exactly as mentioned. I think they want the output in JSON format too. **Formatting the JSON output**

The user’s prompt specifies that the output should start with ""Entities: ..."" so I’ll make sure to include that. I see that proper JSON quoting is important too. I’ll prepare the list of entities, which includes things like Kadavu Province and Fiji, all categorized as LOCATION.

I need to be concise and avoid any additional commentary or trailing commas at the end. I think I'm ready to finalize this output!","[{""text"":""Kadavu Province"",""value"":""LOCATION""},{""text"":""Fiji"",""value"":""LOCATION""},{""text"":""Eastern Division"",""value"":""LOCATION""},{""text"":""Lau"",""value"":""LOCATION""},{""text"":""Lomaiviti"",""value"":""LOCATION""},{""text"":""Rotuma"",""value"":""LOCATION""}]","**Extracting named entities**

I'm working on identifying and labeling named entities from the provided text with types like ART, BUILDING, EVENT, LOCATION, ORGANIZATION, OTHER, PERSON, PRODUCT.

For instance, Kadavu Province is clearly a LOCATION. Fiji is also a LOCATION as a country. The Eastern Division, being an administrative unit, is likewise a LOCATION. Lau, Lomaiviti, and Rotuma should all be marked as LOCATION too. Oh, and I think ""fourteen"" isn't a named entity since it relates to provinces but isn't one itself. **Structuring JSON for entities**

I'm working on creating a JSON array with objects that contain the ""text"" and ""value"" keys, making sure to use the exact surface spans and consistent capitalization. I want to avoid including any trailing punctuation. So, the entities should be listed in the order they appear.

The JSON array looks something like this:

[
{""text"":""Kadavu Province"",""value"":""LOCATION""},
{""text"":""Fiji"",""value"":""LOCATION""},
{""text"":""Eastern Division"",""value"":""LOCATION""},
{""text"":""Lau"",""value"":""LOCATION""},
{""text"":""Lomaiviti"",""value"":""LOCATION""},
{""text"":""Rotuma"",""value"":""LOCATION""}
]

I don’t think there are any additional entities to include. Let's proceed with this!",derivation,modified with word derivations
"Mike Moreton supervised the team, joining TWR to run the XJ220 project.","Mike Moreton headed the team, joining TWR to run the XJ220 project.","[{'text': 'Mike Moreton', 'value': 'PERSON'}, {'text': 'TWR', 'value': 'ORGANIZATION'}, {'text': 'XJ220', 'value': 'PRODUCT'}]","[{'Mike Moreton': 'PERSON'}, {'TWR': 'ORGANIZATION'}, {'XJ220': 'PRODUCT'}]","[{'Mike Moreton': 'PERSON'}, {'TWR': 'ORGANIZATION'}, {'XJ220': 'PRODUCT'}]","[{'Mike Moreton': 'PERSON'}, {'TWR': 'ORGANIZATION'}, {'XJ220': 'PRODUCT'}]",85,,"Entities: [{""text"": ""Mike Moreton"", ""value"": ""PERSON""}, {""text"": ""TWR"", ""value"": ""ORGANIZATION""}, {""text"": ""XJ220"", ""value"": ""PRODUCT""}]",,"Entities: [{""text"": ""Mike Moreton"", ""value"": ""PERSON""}, {""text"": ""TWR"", ""value"": ""ORGANIZATION""}, {""text"": ""XJ220"", ""value"": ""PRODUCT""}]","**Considering named entities**

I'm thinking about whether the ""XJ220 project"" should be treated as a single entity. The task points out that we need to extract named entities from the text, and ""XJ220"" certainly qualifies. When it comes to other terms like ""team,"" I don't think we should mark that as an organization because it's too generic. Alright, so it looks like I’m ready to move forward with the extraction now!",derivation,modified with word derivations
"Midway through the championship, they traded Stacey King to the Minnesota Timberwolves for Luc Longley.","Midway through the season, they traded Stacey King to the Minnesota Timberwolves for Luc Longley.","[{'text': 'Luc Longley', 'value': 'PERSON'}, {'text': 'Minnesota Timberwolves', 'value': 'ORGANIZATION'}, {'text': 'Stacey King', 'value': 'PERSON'}]","[{'Stacey King': 'PERSON'}, {'Minnesota Timberwolves': 'ORGANIZATION'}, {'Luc Longley': 'PERSON'}]","[{'Stacey King': 'PERSON'}, {'Minnesota Timberwolves': 'ORGANIZATION'}, {'Luc Longley': 'PERSON'}]","[{'Stacey King': 'PERSON'}, {'Minnesota Timberwolves': 'ORGANIZATION'}, {'Luc Longley': 'PERSON'}]",99,,"[{""text"":""Stacey King"",""value"":""PERSON""},{""text"":""Minnesota Timberwolves"",""value"":""ORGANIZATION""},{""text"":""Luc Longley"",""value"":""PERSON""}]",,"[{""text"":""Stacey King"",""value"":""PERSON""},{""text"":""Minnesota Timberwolves"",""value"":""ORGANIZATION""},{""text"":""Luc Longley"",""value"":""PERSON""}]",,derivation,modified with word derivations
"In some situations, black community groups resisted the attacks, especially in Chicago and Washington, D.C.","In some cases, black community groups resisted the attacks, especially in Chicago and Washington, D.C.","[{'text': 'Chicago', 'value': 'LOCATION'}, {'text': 'Washington, D.C', 'value': 'LOCATION'}]","[{'Chicago': 'LOCATION'}, {'Washington, D.C': 'LOCATION'}]","[{'Chicago': 'LOCATION'}, {'Washington, D.C.': 'LOCATION'}]","[{'Chicago': 'LOCATION'}, {'Washington, D.C.': 'LOCATION'}]",92,,"Entities: [{""text"": ""Chicago"", ""value"": ""LOCATION""}, {""text"": ""Washington, D.C."", ""value"": ""LOCATION""}]",,"Entities: [{""text"": ""Chicago"", ""value"": ""LOCATION""}, {""text"": ""Washington, D.C."", ""value"": ""LOCATION""}]","**Processing locations**

I want to make sure I'm gathering the right locations without duplicates. The entities I have are ""Chicago"" and ""Washington, D.C."" Since there are only two, I’ll return them in a concise format. Keeping things simple is important here, so I’m ready to move forward with just those two locations without complicating the output. Let's get this done!",derivation,modified with word derivations
Liz Weir obtained the inaugural International Story Bridge Award of the National Storytelling Network in 2002.,Liz Weir won the inaugural International Story Bridge Award of the National Storytelling Network in 2002.,"[{'text': 'International Story Bridge Award', 'value': 'OTHER'}, {'text': 'Liz Weir', 'value': 'PERSON'}, {'text': 'National Storytelling Network', 'value': 'EVENT'}]","[{'Liz Weir': 'PERSON'}, {'International Story Bridge Award': 'OTHER'}, {'National Storytelling Network': 'EVENT'}]","[{'Liz Weir': 'PERSON'}, {'International Story Bridge Award': 'EVENT'}, {'National Storytelling Network': 'ORGANIZATION'}]","[{'Liz Weir': 'PERSON'}, {'International Story Bridge Award': 'OTHER'}, {'National Storytelling Network': 'ORGANIZATION'}]",102,,"Entities: [{""text"": ""Liz Weir"", ""value"": ""PERSON""}, {""text"": ""International Story Bridge Award"", ""value"": ""EVENT""}, {""text"": ""National Storytelling Network"", ""value"": ""ORGANIZATION""}]","**Evaluating entity types**

I'm thinking about the date ""2002"" and realizing it doesn't really fit as a TIME type since that's not allowed. It seems we should just omit it. Then for the ""International Story Bridge Award of the National Storytelling Network,"" I see that this could be an event. Although I wonder if it might be a single entity involving both the award and the organization. But if I break it apart, it makes sense to keep them separate as well. **Formatting output correctly**

I’m considering how the output should be structured as a JSON array of objects, specifically matching the required format: {""text"": ""..."", ""value"": ""...""}. The user has specified ""Entities: [...]"" in their request, indicating they want this specific format included in the output. It seems clear that I need to follow their lead without adding extra commentary. So, I’ll produce the output as: `Entities: [ ... ]` to align with what they want precisely.","[{""text"": ""Liz Weir"", ""value"": ""PERSON""}, {""text"": ""International Story Bridge Award"", ""value"": ""OTHER""}, {""text"": ""National Storytelling Network"", ""value"": ""ORGANIZATION""}]",,derivation,modified with word derivations
The Papacy in central Italy maintained major cultural and political influence during the Catholic Reformation initiated by the conclusion of the Tridentine council (resumed by the conditions of the treaty).,The Papacy in central Italy maintained major cultural and political influence during the Catholic Reformation initiated by the conclusion of the Tridentine council (resumed by the terms of the treaty).,"[{'text': 'Catholic Reformation', 'value': 'ORGANIZATION'}, {'text': 'Papacy', 'value': 'EVENT'}, {'text': 'Tridentine council', 'value': 'ORGANIZATION'}]","[{'Papacy': 'EVENT'}, {'Catholic Reformation': 'ORGANIZATION'}, {'Tridentine council': 'ORGANIZATION'}]","[{'The Papacy': 'ORGANIZATION'}, {'central Italy': 'LOCATION'}, {'Catholic Reformation': 'EVENT'}, {'Tridentine council': 'EVENT'}]","[{'The Papacy': 'ORGANIZATION'}, {'central Italy': 'LOCATION'}, {'Catholic Reformation': 'EVENT'}, {'Tridentine council': 'EVENT'}]",90,,"Entities: [
  {""text"": ""The Papacy"", ""value"": ""ORGANIZATION""},
  {""text"": ""central Italy"", ""value"": ""LOCATION""},
  {""text"": ""Catholic Reformation"", ""value"": ""EVENT""},
  {""text"": ""Tridentine council"", ""value"": ""EVENT""}
]","**Extracting named entities**

I'm working on extracting named entities from the text regarding the Papacy and its influence during the Catholic Reformation. For ""The Papacy,"" I'm considering labeling it as an ORGANIZATION since it represents an institution. There’s also the option of labeling it as ""OTHER"" or ""PERSON,"" but ORGANIZATION seems more straightforward. As for ""central Italy,"" it's clearly a LOCATION. I'm aiming to categorize these correctly, ensuring everything is accurately labeled! **Clarifying entity types**

I'm refining the entity labels for different terms. ""Central Italy"" should be labeled as a LOCATION, while ""Catholic Reformation"" refers to the Counter-Reformation, which is clearly an EVENT. The ""Tridentine council"" is also an EVENT, known as the ""Council of Trent,"" but it may be slightly ambiguous. A generic term like ""treaty"" doesn't qualify as a named entity. 

I’ll focus on extracting the specified substring ""central Italy"" since ""Italy"" by itself is less accurate in this context. Lastly, regarding ""The Papacy,"" it makes sense to include ""The"" since it's part of the formal term. **Deciding on entity names**

I'm thinking about how to label the entity ""The Papacy."" Since it's at the start of the sentence, ""The"" might not be essential, but I should probably keep it to align with how it's presented. Common practice often involves including such definite articles for formal names, but here, it seems safe to include ""The Papacy"" as a whole.

For ""the Tridentine council,"" I'll use the lower case “c” as it appears in the text but keep in mind that the formal name is ""Tridentine Council."" I should also consider the inclusion of ""the"" to ensure the entity matches the text exactly. **Organizing named entities**

I'm refining the extraction of named entities. For ""Catholic Reformation,"" it’s clear that I should capitalize it as it appears. ""Central Italy"" needs to be recorded with a lowercase ""central"" and a capitalized ""Italy"" since that matches the text. 

I've decided not to include ""the treaty"" or ""the conclusion"" as they aren't named entities. Regarding ""Papacy in central Italy,"" I can label it as an ORGANIZATION. 

The final output will be a JSON array that lists these entities in the order they appear, ensuring the exact substrings and case are correct. So, I'll have:

- The Papacy -> ORGANIZATION
- Central Italy -> LOCATION
- Catholic Reformation -> EVENT
- Tridentine council -> EVENT

Now I just need to format it properly! **Preparing JSON for entities**

I’m focusing on structuring the JSON output for the named entities as specified in the prompt, ""Entities: [{""text"": ""entity text span"", ""value"": ""entity type""},]."" For ""The Papacy,"" I’ll include the definite article since it’s part of the substring in the text, while for ""the Tridentine council,"" I think it's best to exclude ""the"" to stay consistent with common practice. 

I believe it's accurate to label ""The Papacy"" as an ORGANIZATION and ""Tridentine council"" as an EVENT. I'll also keep ""central Italy"" as LOCATION and ""Catholic Reformation"" as EVENT. 

Now, I’ll format the output carefully to ensure valid JSON without any trailing commas. Here’s what I’ll deliver:

Entities: [
  {""text"": ""The Papacy"", ""value"": ""ORGANIZATION""},
  {""text"": ""central Italy"", ""value"": ""LOCATION""},
  {""text"": ""Catholic Reformation"", ""value"": ""EVENT""},
  {""text"": ""Tridentine council"", ""value"": ""EVENT""}
] 

I’m feeling pretty good about this!","Entities: [{""text"": ""The Papacy"", ""value"": ""ORGANIZATION""}, {""text"": ""central Italy"", ""value"": ""LOCATION""}, {""text"": ""Catholic Reformation"", ""value"": ""EVENT""}, {""text"": ""Tridentine council"", ""value"": ""EVENT""}]",,derivation,modified with word derivations
The festival is dedicated to world-wide television and digital content and its creation and development.,The festival is dedicated to world television and digital content and its creation and development.,[],[],[],[],73,,Entities: [],"**Extracting named entities**

I'm focused on extracting named entities from the provided text, which includes categories like ART, BUILDING, EVENT, LOCATION, ORGANIZATION, and PRODUCT. The text seems quite generic, as phrases like ""the festival,"" ""world-wide television,"" and ""digital content"" don't point to specific entities. There could be a hint at ""WORLDWIDE Television Festival,"" suggesting context from a larger structure that might have included proper nouns. However, overall, it looks like I might end up with an empty list based on these general terms. **Formatting entity extraction**

My task is to extract named entities from the current text and return them in a very specific format. If there are no entities, I need to ensure I return an empty list as ""Entities: []"". When there are entities, I’ll follow the format: ""Entities: [{""text"": ""entity text span"", ""value"": ""entity type""}]"". I must also avoid any extra formatting. Let's produce the output precisely as outlined to ensure clarity and correctness!",Entities: [],"**Confirming entities**

I’m checking to confirm if there are any entities we need to output. “World television” could potentially relate to ""World Television Day,"" but since the text doesn’t specifically mention that and there’s no capitalization, I think it remains quite generic. It seems clear we can proceed with an empty list. So, I’ll produce this: Entities: []. No extra commentary needed! Just keeping it straightforward and JSON valid.",derivation,modified with word derivations
"At a festival, Siddhi saves Vin from being attacked by Rudra.","At a festival, Siddhi saves Vin from being shot at by Rudra.","[{'text': 'Rudra', 'value': 'PERSON'}, {'text': 'Siddhi', 'value': 'PERSON'}, {'text': 'Vin', 'value': 'PERSON'}]","[{'Siddhi': 'PERSON'}, {'Vin': 'PERSON'}, {'Rudra': 'PERSON'}]","[{'Siddhi': 'PERSON'}, {'Vin': 'PERSON'}, {'Rudra': 'PERSON'}]","[{'Siddhi': 'PERSON'}, {'Vin': 'PERSON'}, {'Rudra': 'PERSON'}]",62,,"[{""text"": ""Siddhi"", ""value"": ""PERSON""}, {""text"": ""Vin"", ""value"": ""PERSON""}, {""text"": ""Rudra"", ""value"": ""PERSON""}]",,"[
  {""text"": ""Siddhi"", ""value"": ""PERSON""},
  {""text"": ""Vin"", ""value"": ""PERSON""},
  {""text"": ""Rudra"", ""value"": ""PERSON""}
]",,derivation,modified with word derivations
"Her brother campaigned unsuccessfully for the United States House of Representatives from upstate New York, in 1992 and 1994.","Her brother ran unsuccessfully for the United States House of Representatives from upstate New York, in 1992 and 1994.","[{'text': 'New York', 'value': 'LOCATION'}, {'text': 'United States House of Representatives', 'value': 'ORGANIZATION'}]","[{'United States House of Representatives': 'ORGANIZATION'}, {'New York': 'LOCATION'}]","[{'United States House of Representatives': 'ORGANIZATION'}, {'upstate New York': 'LOCATION'}]","[{'United States House of Representatives': 'ORGANIZATION'}, {'upstate New York': 'LOCATION'}]",63,,"Entities: [{""text"": ""United States House of Representatives"", ""value"": ""ORGANIZATION""}, {""text"": ""upstate New York"", ""value"": ""LOCATION""}]","**Extracting named entities**

I need to extract named entities from the given sentence while identifying their types. The sentence talks about ""Her brother campaigned unsuccessfully for the United States House of Representatives from upstate New York, in 1992 and 1994."" 

First off, ""United States House of Representatives"" is an organization, so that’s clear. ""Upstate New York"" is a location; it specifically refers to a region in New York. As for the years ""1992"" and ""1994,"" they are temporal expressions. I wonder if they fit into any categories—typically, they're not considered events. **Identifying entities clearly**

I’m analyzing the label set, noticing it doesn’t include DATE or TIME, so I conclude that ""1992 and 1994"" shouldn’t be included since they’re just years. 

Next, ""Her brother"" is a person reference, but since it's not a named entity, I’m not sure it fits in typical extraction. ""United States"" is part of an organization name, but we treat it as a whole. I’ll keep ""upstate New York"" as the location and not separate ""New York."" Lastly, I'm questioning if there are any events to include here. **Preparing final output**

I’m considering the campaign—it's not named, and ""1992 and 1994"" aren’t events.

The request specifies output in a JSON-like format, which means I should only include the entities we identified. So, that gives us these: {""text"": ""United States House of Representatives"", ""value"": ""ORGANIZATION""} and {""text"": ""upstate New York"", ""value"": ""LOCATION""}.

I’m not including ""Her brother"" since it’s not a named entity. I’ll ensure the output is written as ""Entities: [...]"" with exact formatting, avoiding any commentary. I’ll stick with ""ORGANIZATION"" too, as instructed. Let's get this finalized!","Entities: [{""text"": ""United States House of Representatives"", ""value"": ""ORGANIZATION""}, {""text"": ""upstate New York"", ""value"": ""LOCATION""}]","**Clarifying entity extraction**

The phrase ""upstate"" isn’t capitalized in ""upstate New York,"" which suggests it’s descriptive. The entity’s name is ""New York,"" and I need the exact text span. 

I think I can mark ""United States House of Representatives"" as an ORG and ""upstate New York"" as LOCATION. Even if some may see ""New York"" alone as a location, the text includes the full phrase. I’ll define the JSON structure with just two entities. **Formatting entity output**

I have my entities ready: ""United States House of Representatives"" as an ORGANIZATION and ""upstate New York"" as a LOCATION. I wonder if “United States” might also be a LOCATION, but since it’s part of the organization, I’m not including it.

The user asked for the exact format with the ""Entities: [...]"" prefix, so I’ll stick to their structure. I'll ensure to use uppercase for the entity types as they provided.",derivation,modified with word derivations
USP42 has also been shown to deubiquitinate p53 and may be required for the ability of p53 to respond to pressure.,USP42 has also been shown to deubiquitinate p53 and may be required for the ability of p53 to respond to stress.,"[{'text': 'USP42', 'value': 'OTHER'}, {'text': 'p53', 'value': 'OTHER'}, {'text': 'p53', 'value': 'OTHER'}]","[{'USP42': 'OTHER'}, {'p53': 'OTHER'}, {'p53': 'OTHER'}]","[{'USP42': 'OTHER'}, {'p53': 'OTHER'}]","[{'USP42': 'OTHER'}, {'p53': 'OTHER'}]",67,,"Entities: [{""text"": ""USP42"", ""value"": ""OTHER""}, {""text"": ""p53"", ""value"": ""OTHER""}]","**Evaluating entity formatting**

I’m thinking about how the instruction for entities suggests listing unique occurrences but doesn't specify deduplication. In Named Entity Recognition (NER), I typically list entities with their spans. Since ""p53"" appears twice in the sentence, I need to decide if I include it once or both times. I also ponder that ""USP42"" and ""p53"" might fit under ""OTHER"" instead of ""ORGANIZATION."" I have to be careful with notes on word derivations like ""pressure"" from ""stress."" Ultimately, the output should be a JSON array without extra formatting. **Providing entity response**

I realize the assistant needs to respond with ""Entities: [...]” exactly as specified by the user. They’ve asked for the line to be formatted as ""Entities: [{""text"": ""entity text span"", ""value"": ""entity type""},]."" So, I’ll ensure I provide that line properly prefixed. I’m also considering if ""USP42"" is sometimes classified as a ""PRODUCT,"" but since it’s a protein/gene, it likely fits better under ""OTHER."" Alright, let's prepare the final response!","[{""text"":""USP42"",""value"":""OTHER""},{""text"":""p53"",""value"":""OTHER""}]","**Extracting named entities**

I need to extract named entities from the provided text. There are entity types like ART, BUILDING, EVENT, LOCATION, ORGANIZATION, OTHER, PERSON, and PRODUCT. The text mentions ""USP42"" and ""p53,"" which seem to fit under the category of OTHER since they're gene/protein names not explicitly listed. I see p53 occurs twice, and they might want both mentions included. I’ll prepare the output in a JSON format with the necessary details while keeping it minimal. **Finalizing entity extraction**

I want to include both mentions of p53 separately as separate entities with the right span text. Duplicates seem acceptable, though the examples showed no duplicates. Many Named Entity Recognition (NER) tasks accept duplicates for spans. The provided text suggests listing each distinct entity once, so I'll include USP42 and p53, both labeled as OTHER. Checking other words like ""stress"" and ""ability,"" they don't qualify as entities. I’ll ensure the final output is correctly formatted as JSON.",derivation,modified with word derivations
Mediaite named her in a four-way tie among the ``Best TV Pundits`` of 2014 for bringing ``a comprehensive understanding to women's wellbeing and justice issues that goes beyond the usual talking points.'',Mediaite named her in a four-way tie among the ``Best TV Pundits`` of 2014 for bringing ``a comprehensive understanding to women's health and justice issues that goes beyond the usual talking points.'',"[{'text': 'Best TV Pundits', 'value': 'OTHER'}, {'text': 'Mediaite', 'value': 'PERSON'}]","[{'Mediaite': 'PERSON'}, {'Best TV Pundits': 'OTHER'}]","[{'Mediaite': 'ORGANIZATION'}, {'Best TV Pundits': 'ART'}]","[{'Mediaite': 'ORGANIZATION'}, {'Best TV Pundits': 'ART'}]",75,,"Entities: [{""text"": ""Mediaite"", ""value"": ""ORGANIZATION""}, {""text"": ""Best TV Pundits"", ""value"": ""ART""}]",,"Entities: [{""text"": ""Mediaite"", ""value"": ""ORGANIZATION""}, {""text"": ""Best TV Pundits"", ""value"": ""ART""}]","**Classifying entities**

I need to classify entities based on the provided types. I'd classify ""Mediaite"" as an ORGANIZATION. ""Best TV Pundits"" might fit as ART since it seems like the title of an article or list; the 2014 reference supports this. Mediaite often publishes end-of-year lists like ""The Best TV Pundits of 2014"". I’ll mark ""Best TV Pundits"" as ART, and ""2014"" is just a date, not an entity type, so I’ll leave it out along with the other phrases. **Preparing output format**

I've noted the expected output format, which is straightforward and should contain no extra commentary. So, I should create an array of entities like this: 

[
  {""text"": ""Mediaite"", ""value"": ""ORGANIZATION""},
  {""text"": ""Best TV Pundits"", ""value"": ""ART""}
]

I don’t think I should include the date ""2014"" since it’s not an appropriate entity type. Dates shouldn't be included based on instructions. 

I also won’t include ""TV"" as a product. So, my final output will simply reflect the recognized entities without unnecessary elements. Let's deliver that!",derivation,modified with word derivations
Royal Malaysia Police Air Operations Force or ``Pasukan Gerakan Udara (PGU)'' is a special aviation division of Royal Malaysia Police.,Royal Malaysia Police Air Operations Force or ``Pasukan Gerakan Udara (PGU)'' is a special aviation unit of Royal Malaysia Police.,"[{'text': 'PGU', 'value': 'ORGANIZATION'}, {'text': 'Pasukan Gerakan Udara', 'value': 'ORGANIZATION'}, {'text': 'Royal Malaysia Police', 'value': 'ORGANIZATION'}, {'text': 'Royal Malaysia Police Air Operations Force', 'value': 'ORGANIZATION'}]","[{'Royal Malaysia Police Air Operations Force': 'ORGANIZATION'}, {'Pasukan Gerakan Udara': 'ORGANIZATION'}, {'PGU': 'ORGANIZATION'}, {'Royal Malaysia Police': 'ORGANIZATION'}]","[{'Royal Malaysia Police Air Operations Force': 'ORGANIZATION'}, {'Pasukan Gerakan Udara (PGU)': 'ORGANIZATION'}, {'Royal Malaysia Police': 'ORGANIZATION'}]","[{'Royal Malaysia Police Air Operations Force': 'ORGANIZATION'}, {'Pasukan Gerakan Udara (PGU)': 'ORGANIZATION'}, {'Royal Malaysia Police': 'ORGANIZATION'}]",69,,"Entities: [
  {""text"": ""Royal Malaysia Police Air Operations Force"", ""value"": ""ORGANIZATION""},
  {""text"": ""Pasukan Gerakan Udara (PGU)"", ""value"": ""ORGANIZATION""},
  {""text"": ""Royal Malaysia Police"", ""value"": ""ORGANIZATION""}
]",,"Entities: [
  {""text"": ""Royal Malaysia Police Air Operations Force"", ""value"": ""ORGANIZATION""},
  {""text"": ""Pasukan Gerakan Udara (PGU)"", ""value"": ""ORGANIZATION""},
  {""text"": ""Royal Malaysia Police"", ""value"": ""ORGANIZATION""}
]",,derivation,modified with word derivations
"The situation began to crystallise after 1961 when South Africa left the Commonwealth of Nations and so, under the rules of the day, its cricket committee had to leave the International Cricket Conference (ICC).","The situation began to crystallise after 1961 when South Africa left the Commonwealth of Nations and so, under the rules of the day, its cricket board had to leave the International Cricket Conference (ICC).","[{'text': 'Commonwealth of Nations', 'value': 'ORGANIZATION'}, {'text': 'ICC', 'value': 'ORGANIZATION'}, {'text': 'International Cricket Conference', 'value': 'ORGANIZATION'}, {'text': 'South Africa', 'value': 'LOCATION'}]","[{'South Africa': 'LOCATION'}, {'Commonwealth of Nations': 'ORGANIZATION'}, {'International Cricket Conference': 'ORGANIZATION'}, {'ICC': 'ORGANIZATION'}]","[{'1961': 'OTHER'}, {'South Africa': 'LOCATION'}, {'Commonwealth of Nations': 'ORGANIZATION'}, {'International Cricket Conference': 'ORGANIZATION'}, {'ICC': 'ORGANIZATION'}]","[{'1961': 'OTHER'}, {'South Africa': 'LOCATION'}, {'Commonwealth of Nations': 'ORGANIZATION'}, {'International Cricket Conference (ICC)': 'ORGANIZATION'}]",71,,"Entities: [
  {""text"": ""1961"", ""value"": ""OTHER""},
  {""text"": ""South Africa"", ""value"": ""LOCATION""},
  {""text"": ""Commonwealth of Nations"", ""value"": ""ORGANIZATION""},
  {""text"": ""International Cricket Conference"", ""value"": ""ORGANIZATION""},
  {""text"": ""ICC"", ""value"": ""ORGANIZATION""}
]","**Identifying named entities**

I need to extract named entities from the text and categorize them into types like ART, BUILDING, LOCATION, and so on. The sentence mentions ""the situation began to crystallise after 1961,"" which includes British spellings, implying some form of dialect. I wonder if I should categorize ""1961"" as OTHER since there's no DATE type available. It feels a bit ambiguous because typically named entity recognition (NER) includes dates. I'll need to make a clear decision on that. **Extracting named entities**

They specified types but didn’t include DATE, which adds a layer of uncertainty. The user's request is to extract named entities, and they may expect years, but I'm less sure about that. I’ll definitely categorize ""South Africa"" as a LOCATION, ""Commonwealth of Nations"" as an ORGANIZATION, and ""International Cricket Conference (ICC)"" as an ORGANIZATION too. However, ""its cricket committee"" and ""rules of the day"" seem too generic to count as named entities. For ""1961,"" I think I’ll classify it as OTHER, even though it feels tricky with numbers. **Tagging entities in text**

In the text ""International Cricket Conference (ICC),"" I think we should treat both the full name and acronym as one entity and tag them accordingly. It's generally good practice to include both mentions as separate text spans because they refer to the same entity. The ""cricket committee"" doesn't qualify as a named entity, so I won't include that. As for ""Commonwealth of Nations,"" I would categorize it as an ORGANIZATION, even if some see it differently. It’s worth mentioning that ""International Cricket Conference"" is now known as the International Cricket Council, although ""Conference"" points to its older name. **Formatting output entities**

The instruction says to format output as a JSON array with entities, where each entity has text and value fields. I can include ""1961"" as an entity of type OTHER since it’s common in evaluation tasks, even if the DATE type isn’t specified. I'll create the list, ensuring it's not overly complicated. ""Commonwealth of Nations"" is an ORGANIZATION, as well as ""International Cricket Conference"" and its acronym ""ICC."" I need to check if I should include parentheses in ""International Cricket Conference (ICC)"" and use them exactly as they appear in the text. **Finalizing entity output**

I can treat both ""International Cricket Conference"" and ""ICC"" as separate text spans since that's clearer. ""Commonwealth of Nations"" will remain as well. I’ll include ""International Cricket Conference (ICC)"" as one span to avoid confusion, but it makes sense to list them separately to avoid double counting. Now, I need to ensure I format the final output exactly as instructed without any extra comments. Also, I’ll confirm the types are in uppercase. Let's finalize this!","Entities: [
  {""text"": ""1961"", ""value"": ""OTHER""},
  {""text"": ""South Africa"", ""value"": ""LOCATION""},
  {""text"": ""Commonwealth of Nations"", ""value"": ""ORGANIZATION""},
  {""text"": ""International Cricket Conference (ICC)"", ""value"": ""ORGANIZATION""}
]","**Considering NER extraction types**

I need to focus on named entity recognition (NER) extraction. The types include ART, BUILDING, EVENT, LOCATION, ORGANIZATION, OTHER, PERSON, and PRODUCT. The text mentions 1961, which is a date. It seems like it doesn’t fit the provided categories well since there's no DATE or TIME type. I’m thinking I might classify it as OTHER or EVENT, but it feels off. I should include 1961 as OTHER or possibly EVENT based on the context. **Classifying named entities**

I'm leaning towards classifying ""1961"" as OTHER since it doesn't fit well into the types provided. 

""South Africa"" clearly falls under LOCATION, while ""Commonwealth of Nations"" fits as an ORGANIZATION, likely an intergovernmental one. 

The ""International Cricket Conference (ICC)"" is also an ORGANIZATION, so that makes sense. However, ""cricket board"" isn’t a named entity; it’s too generic. 

I wonder about the terms like ""the day"" or ""rules of the day""—those feel too vague to classify. **Classifying entities for extraction**

I'd classify the ""International Cricket Conference (ICC)"" as an ORGANIZATION since it's an intergovernmental organization. 

Looking for ART, BUILDING, EVENT, PERSON, or PRODUCT? None seem present. 

I’m thinking about how to format this as a JSON array with ""text"" and ""value."" Should I create a separate entry for ""ICC""? Since it's in parentheses, I'll include the full string as one entity: ""International Cricket Conference (ICC)"". 

Same goes for ""Commonwealth of Nations"" and ""South Africa."" The numeric ""1961"" will be returned as is. Let’s ensure it fits the requested JSON structure! **Producing the entity list**

I plan to list the entities like this:

- {""text"": ""1961"", ""value"": ""OTHER""}
- {""text"": ""South Africa"", ""value"": ""LOCATION""}
- {""text"": ""Commonwealth of Nations"", ""value"": ""ORGANIZATION""}
- {""text"": ""International Cricket Conference (ICC)"", ""value"": ""ORGANIZATION""}

I’m wondering if I should also include ""ICC"" as a separate alias, but I want to avoid duplication. Since ""ICC"" is part of the full name, it might be clearer just to list the complete name. 

Including it as a separate entry could get confusing, but I see that some tasks do ask for alias expansions. For now, I'll stick with the full name to keep it simple! **Finalizing entity mentions**

I want to be thorough, so I think we should include both spans for ""International Cricket Conference"" and ""ICC"" in parentheses. However, including the parentheses might feel off since they aren't part of the actual entity—just part of the text.

The instructions seem to imply that the ""entity text span"" should match the mention exactly, including those parentheses if chosen. To keep it consistent, I'll stick with the full mention ""International Cricket Conference (ICC)"" and avoid duplicating entries. 

I feel confident including just one mention per entity for clarity, so let’s finalize this!",derivation,modified with word derivations
``Patrick Morris`` sent out her own mayday call at 6:51 am and submerged 35 minutes later.,``Patrick Morris`` sent out her own mayday call at 6:51 am and sank 35 minutes later.,"[{'text': 'Patrick Morris', 'value': 'PRODUCT'}]",[{'Patrick Morris': 'PRODUCT'}],[{'Patrick Morris': 'PRODUCT'}],[{'Patrick Morris': 'PRODUCT'}],79,,"Entities: [{""text"": ""Patrick Morris"", ""value"": ""PRODUCT""}]",,"Entities: [{""text"": ""Patrick Morris"", ""value"": ""PRODUCT""}]","**Deciding on JSON formatting**

I need to respond with the correct label and the JSON list. The user seems to want a trailing comma based on their example, which includes one before the closing bracket. However, I believe it's best to avoid including it since proper JSON shouldn't have trailing commas. I want to match their format while keeping it valid. I’m also considering if ""Patrick Morris"" should be treated as a PERSON or if I should label it as a PRODUCT based on the context.",derivation,modified with word derivations
"For the 2019 Frieze Art Fair in London, Agostinelli staged his fourth intervention by depositing a 1 tonne block of translucent ice pulled by a Tesla to the entrance of the exhibition on opening day.","For the 2019 Frieze Art Fair in London, Agostinelli staged his fourth intervention by depositing a 1 tonne block of translucent ice pulled by a Tesla to the entrance of the fair on opening day.","[{'text': 'Agostinelli', 'value': 'PERSON'}, {'text': 'Frieze Art Fair', 'value': 'EVENT'}, {'text': 'London', 'value': 'LOCATION'}, {'text': 'Tesla', 'value': 'ORGANIZATION'}]","[{'Frieze Art Fair': 'EVENT'}, {'London': 'LOCATION'}, {'Agostinelli': 'PERSON'}, {'Tesla': 'ORGANIZATION'}]","[{'2019 Frieze Art Fair': 'EVENT'}, {'London': 'LOCATION'}, {'Agostinelli': 'PERSON'}, {'Tesla': 'PRODUCT'}]","[{'2019 Frieze Art Fair': 'EVENT'}, {'London': 'LOCATION'}, {'Agostinelli': 'PERSON'}, {'Tesla': 'PRODUCT'}]",131,,"Entities: [{""text"": ""2019 Frieze Art Fair"", ""value"": ""EVENT""}, {""text"": ""London"", ""value"": ""LOCATION""}, {""text"": ""Agostinelli"", ""value"": ""PERSON""}, {""text"": ""Tesla"", ""value"": ""PRODUCT""}]","I think it's a good idea to keep things simple and avoid heavy formatting. Offering plain text makes it easier to read and understand. I want to make sure that whatever I finalize is clear and concise, so the user can easily grasp the information. Let's ensure everything is communicated effectively without unnecessary complications. It’s all about creating accessibility, right? I’ll move forward with that in mind!","Entities: [{""text"": ""2019 Frieze Art Fair"", ""value"": ""EVENT""}, {""text"": ""London"", ""value"": ""LOCATION""}, {""text"": ""Agostinelli"", ""value"": ""PERSON""}, {""text"": ""Tesla"", ""value"": ""PRODUCT""}]","**Extracting named entities**

I need to extract specific named entities from the text, which includes types like ART, BUILDING, EVENT, LOCATION, ORGANIZATION, and PRODUCT. For example, the ""2019 Frieze Art Fair in London"" is an EVENT, as it’s an art fair and typically annotated that way. 

Also, there's a mention of ""Agostinelli,"" which I believe refers to a person's surname. So, I'll classify it as a PERSON. The guidelines suggest choosing the right named entities to represent in JSON format. **Identifying entities**

I’m determining how to categorize entities from the text. I’ll classify ""2019 Frieze Art Fair"" as an EVENT and ""London"" as a LOCATION. 

For ""Tesla,"" it seems to refer to a vehicle in the context given, so I’ll label it as a PRODUCT. However, it could also relate to the organization Tesla, Inc., creating some ambiguity.

The block of translucent ice isn’t a named ART piece, so I won’t include it there. I’ll skip ""opening day"" since it’s a temporal reference. Overall, I’ll treat ""Frieze Art Fair"" as an EVENT and consider ""Tesla"" too as an ORGANIZATION for flexibility. **Finalizing entity labels**

I need to choose a single label for each entity. I’ll classify the ""2019 Frieze Art Fair"" as an EVENT and ""London"" as a LOCATION. ""Agostinelli"" will be labeled as a PERSON, while ""Tesla"" fits as a PRODUCT.

I've determined that terms like ""opening day"" or ""entrance"" are not considered named entities, so I'll skip them. The phrase ""Frieze Art Fair in London"" seems to refer to a specific event, so I’ll handle it carefully. I’ll structure this information into a JSON array with ""text"" and ""value"" as properties. **Formatting entity JSON**

I need to format the entities as specified, without extra commentary. 

The entity ""Tesla"" can be tricky; it’s often seen as an ORGANIZATION, but in this context, I’ll label it as a PRODUCT since it’s mentioned as ""a Tesla."" I’ll also include ""Frieze Art Fair"" as an EVENT, and it makes sense to combine it with the year, labeling it as ""2019 Frieze Art Fair.""

I’ll avoid adding ""the fair,"" to keep it clean. Here’s the structured output:

Entities: [
  {""text"": ""2019 Frieze Art Fair"", ""value"": ""EVENT""},
  {""text"": ""London"", ""value"": ""LOCATION""},
  {""text"": ""Agostinelli"", ""value"": ""PERSON""},
  {""text"": ""Tesla"", ""value"": ""PRODUCT""}
]",derivation,modified with word derivations
"From 1927 to 1944, he was on the books of the All-Union Communist Party (Bolsheviks), later renowned as the Communist Party of the Soviet Union.","From 1927 to 1944, he was on the books of the All-Union Communist Party (Bolsheviks), later known as the Communist Party of the Soviet Union.","[{'text': 'All-Union Communist Party', 'value': 'ORGANIZATION'}, {'text': 'Bolsheviks', 'value': 'ORGANIZATION'}, {'text': 'Communist Party of the Soviet Union', 'value': 'ORGANIZATION'}]","[{'All-Union Communist Party': 'ORGANIZATION'}, {'Bolsheviks': 'ORGANIZATION'}, {'Communist Party of the Soviet Union': 'ORGANIZATION'}]","[{'All-Union Communist Party (Bolsheviks)': 'ORGANIZATION'}, {'Communist Party of the Soviet Union': 'ORGANIZATION'}, {'Soviet Union': 'LOCATION'}]","[{'All-Union Communist Party (Bolsheviks)': 'ORGANIZATION'}, {'Communist Party of the Soviet Union': 'ORGANIZATION'}, {'Soviet Union': 'LOCATION'}]",140,,"[
  {""text"": ""All-Union Communist Party (Bolsheviks)"", ""value"": ""ORGANIZATION""},
  {""text"": ""Communist Party of the Soviet Union"", ""value"": ""ORGANIZATION""},
  {""text"": ""Soviet Union"", ""value"": ""LOCATION""}
]",,"Entities: [
  {""text"": ""All-Union Communist Party (Bolsheviks)"", ""value"": ""ORGANIZATION""},
  {""text"": ""Communist Party of the Soviet Union"", ""value"": ""ORGANIZATION""},
  {""text"": ""Soviet Union"", ""value"": ""LOCATION""}
]",,derivation,modified with word derivations
"The basis of the column is orientated northwest/southeast, while its capital is aligned north/south, possibly so that the monument could look towards the nearby Church of the Holy Apostles.","The basis of the column is orientated northwest/southeast, while its capital is aligned north/south, possibly so that the statue could look towards the nearby Church of the Holy Apostles.","[{'text': 'Church of the Holy Apostles', 'value': 'BUILDING'}]",[{'Church of the Holy Apostles': 'BUILDING'}],[{'Church of the Holy Apostles': 'BUILDING'}],[{'Church of the Holy Apostles': 'BUILDING'}],144,,"Entities: [{""text"": ""Church of the Holy Apostles"", ""value"": ""BUILDING""}]","**Identifying entities in text**

I need to extract named entities from the text, and there's a specific list of entity types to focus on: ART, BUILDING, EVENT, LOCATION, ORGANIZATION, OTHER, PERSON, PRODUCT. 

In the text, ""Church of the Holy Apostles"" seems to be a notable entity that falls under both BUILDING and potentially LOCATION categories. However, I should keep in mind that ""the monument"" and ""the column"" are too generic; they don't qualify as named entities. The directions ""northwest/southeast"" and ""north/south"" are also not named entities. **Clarifying entity classifications**

I realize that the entity text span is the whole phrase as it appears. The term ""Holy Apostles"" could suggest an organization, but it really refers to the building as a whole. Terms like ""northwest/southeast,"" ""nearby,"" ""monument,"" and ""column"" are too generic, so they're not entities. 

""Church of the Holy Apostles"" is best categorized as a BUILDING. I need to prepare a JSON array, explicitly stating: [{""text"": ""Church of the Holy Apostles"", ""value"": ""BUILDING""}]. I should carefully follow the instructions regarding entity formatting. **Deciding on entity text span**

I need to make sure I get the entity text span right, which includes ""Church of the Holy Apostles."" The examples suggest I should avoid adding adjectives like ""nearby"" and focus solely on the named part. So, I’ll only include ""Church of the Holy Apostles"" in my output.

Looking at edge cases like ""northwest/southeast"" and ""north/south,"" I don't think those qualify as typical locations. I'll stick with the straight JSON array format without extra labels, which will be:

[{""text"": ""Church of the Holy Apostles"", ""value"": ""BUILDING""}]. **Confirming entity output**

The instruction is clear: I need to format my output as “Entities: [{""text"": ..., ""value"": ...}]” to match what they want. I'll carefully follow their example to ensure accuracy. Since I have one entity, I can fill in the array correctly. So, my final output will be:

Entities: [{""text"": ""Church of the Holy Apostles"", ""value"": ""BUILDING""}]

I'm feeling good about keeping it precise and aligned with the provided format!","[{""text"": ""Church of the Holy Apostles"", ""value"": ""BUILDING""}]",,derivation,modified with word derivations
"Sosa was not invited to the World Cup 2010 team by then-manager Diego Maradona, but was reinstated by new coach Alejandro Sabella for the World Cup 2014 qualifiers, and has been featured in several games since 2011.","Sosa was not called to the World Cup 2010 team by then-manager Diego Maradona, but was reinstated by new coach Alejandro Sabella for the World Cup 2014 qualifiers, and has been featured in several games since 2011.","[{'text': 'Alejandro Sabella', 'value': 'PERSON'}, {'text': 'Diego Maradona', 'value': 'PERSON'}, {'text': 'Sosa', 'value': 'PERSON'}, {'text': 'World Cup', 'value': 'EVENT'}, {'text': 'World Cup', 'value': 'EVENT'}]","[{'Sosa': 'PERSON'}, {'World Cup': 'EVENT'}, {'Diego Maradona': 'PERSON'}, {'Alejandro Sabella': 'PERSON'}, {'World Cup': 'EVENT'}]","[{'Sosa': 'PERSON'}, {'World Cup 2010': 'EVENT'}, {'Diego Maradona': 'PERSON'}, {'Alejandro Sabella': 'PERSON'}, {'World Cup 2014 qualifiers': 'EVENT'}]","[{'Sosa': 'PERSON'}, {'World Cup 2010': 'EVENT'}, {'Diego Maradona': 'PERSON'}, {'Alejandro Sabella': 'PERSON'}, {'World Cup 2014 qualifiers': 'EVENT'}]",133,,"[
  {""text"": ""Sosa"", ""value"": ""PERSON""},
  {""text"": ""World Cup 2010"", ""value"": ""EVENT""},
  {""text"": ""Diego Maradona"", ""value"": ""PERSON""},
  {""text"": ""Alejandro Sabella"", ""value"": ""PERSON""},
  {""text"": ""World Cup 2014 qualifiers"", ""value"": ""EVENT""}
]",,"Entities: [
  {""text"": ""Sosa"", ""value"": ""PERSON""},
  {""text"": ""World Cup 2010"", ""value"": ""EVENT""},
  {""text"": ""Diego Maradona"", ""value"": ""PERSON""},
  {""text"": ""Alejandro Sabella"", ""value"": ""PERSON""},
  {""text"": ""World Cup 2014 qualifiers"", ""value"": ""EVENT""}
]","**Determining entity types**

I’m considering whether to classify ""2011"" as an entity. In NER tasks, it's usually a date, but it might not fit our needs here. The prompt lists specific entity types, so I think we should skip including dates. 

Now, for ""World Cup 2014 qualifiers,"" that seems more event-like. However, terms like ""then-manager"" or ""team"" don’t work as entities since there's no specific name. 

So, it looks like the likely entities are Sosa, World Cup 2010, Diego Maradona, Alejandro Sabella, and maybe “World Cup 2014 qualifiers” as an event. **Assessing entity inclusion**

In the phrase ""for the World Cup 2014 qualifiers,"" I’m thinking we might want to include both ""World Cup 2014"" and ""qualifiers,"" but those terms are tightly linked. The standalone ""World Cup 2010"" can be considered an event.

For consistency, it might make sense to include ""World Cup 2014"" as an event, but that could be redundant. The instructions say to extract named entities as they appear, so I should treat ""World Cup 2014 qualifiers"" as one entity of type EVENT and avoid adding ""World Cup 2014"" separately. The year ""2011"" likely won't be included. **Extracting entities**

I'm checking if ""World Cup 2010 team"" can yield ""World Cup 2010"" as an entity. The text includes “World Cup 2010 team,” but since we're extracting named entities, ""World Cup 2010"" is fine to include. The instruction clearly states to provide text spans, so that works.

Now, ""new coach"" doesn’t count as a named entity. Also, ""Argentina"" isn't present, so I’ll format the final JSON array like this:

- {""text"": ""Sosa"", ""value"": ""PERSON""}
- {""text"": ""World Cup 2010"", ""value"": ""EVENT""}
- {""text"": ""Diego Maradona"", ""value"": ""PERSON""}
- {""text"": ""Alejandro Sabella"", ""value"": ""PERSON""}
- {""text"": ""World Cup 2014 qualifiers"", ""value"": ""EVENT""}

I’m debating including “World Cup 2014” itself, but I think I’ll skip it. I'll ensure the formatting matches their requirements, with the correct structure in place. **Finalizing JSON formatting**

The user provided an example with a trailing comma in the JSON array, but I believe it's better to stick with the correct format without that comma. Their pattern shows ""Entities: [{""text"": ""entity text span"", ""value"": ""entity type""},],"" which might just be a reference point. So, I’ll output ""Entities: [...]"" but ensure there's no trailing comma.

Now, regarding ""World Cup 2010 team,"" while it could be seen as an organization, it's unspecified, so I won't include it. Everything's ready for the final response!",derivation,modified with word derivations
Police investigations revealed the shotgun used to perform the murders was the same weapon used earlier in a bungled attempt to explode open a bank door during a robbery at the State Bank in Oak Park seven months earlier.,Police investigations revealed the shotgun used to perform the murders was the same weapon used earlier in a bungled attempt to blast open a bank door during a robbery at the State Bank in Oak Park seven months earlier.,"[{'text': 'Oak Park', 'value': 'LOCATION'}, {'text': 'State Bank', 'value': 'BUILDING'}]","[{'State Bank': 'BUILDING'}, {'Oak Park': 'LOCATION'}]","[{'State Bank': 'ORGANIZATION'}, {'Oak Park': 'LOCATION'}]","[{'State Bank': 'ORGANIZATION'}, {'Oak Park': 'LOCATION'}]",130,,"Entities: [{""text"": ""State Bank"", ""value"": ""ORGANIZATION""}, {""text"": ""Oak Park"", ""value"": ""LOCATION""}]",,"Entities: [{""text"": ""State Bank"", ""value"": ""ORGANIZATION""}, {""text"": ""Oak Park"", ""value"": ""LOCATION""}]",,derivation,modified with word derivations
"In July 1944, the 503rd descended again, onto Noemfoor Island, off Dutch New Guinea, in the Battle of Noemfoor.","In July 1944, the 503rd jumped again, onto Noemfoor Island, off Dutch New Guinea, in the Battle of Noemfoor.","[{'text': 'Battle of Noemfoor', 'value': 'EVENT'}, {'text': 'Dutch New Guinea', 'value': 'LOCATION'}, {'text': 'Noemfoor Island', 'value': 'LOCATION'}]","[{'Noemfoor Island': 'LOCATION'}, {'Dutch New Guinea': 'LOCATION'}, {'Battle of Noemfoor': 'EVENT'}]","[{'503rd': 'ORGANIZATION'}, {'Noemfoor Island': 'LOCATION'}, {'Dutch New Guinea': 'LOCATION'}, {'Battle of Noemfoor': 'EVENT'}]","[{'the 503rd': 'ORGANIZATION'}, {'Noemfoor Island': 'LOCATION'}, {'Dutch New Guinea': 'LOCATION'}, {'the Battle of Noemfoor': 'EVENT'}]",141,,"Entities: [
  {""text"": ""503rd"", ""value"": ""ORGANIZATION""},
  {""text"": ""Noemfoor Island"", ""value"": ""LOCATION""},
  {""text"": ""Dutch New Guinea"", ""value"": ""LOCATION""},
  {""text"": ""Battle of Noemfoor"", ""value"": ""EVENT""}
]","**Determining entity text spans**

I'm figuring out how to define the text spans for the entities mentioned. It seems ""the 503rd"" does include ""the,"" but I'll focus on ""503rd"" as the key part present in the text. Then ""Noemfoor Island,"" ""Dutch New Guinea,"" and ""Battle of Noemfoor"" are noted exactly, and I need to ensure punctuation is correct without trailing punctuation. My final output could look like this JSON array, as I probably don't need to separately list ""Noemfoor"" again. **Formatting entity output**

The user’s prompt indicates that the output should start with ""Entities: ["" and then follow with the entity information in a JSON format. I need to make sure to confirm the entity type names they specified: ART, BUILDING, EVENT, LOCATION, ORGANIZATION, OTHER, PERSON, and PRODUCT — but there's no date type. For ""Noemfoor Island,"" I recognize it as part of ""Dutch New Guinea,"" so I won't list ""Island"" separately. Now it's time to finalize everything!","Entities: [
  {""text"": ""the 503rd"", ""value"": ""ORGANIZATION""},
  {""text"": ""Noemfoor Island"", ""value"": ""LOCATION""},
  {""text"": ""Dutch New Guinea"", ""value"": ""LOCATION""},
  {""text"": ""the Battle of Noemfoor"", ""value"": ""EVENT""}
]","**Organizing references**

Okay, I need to follow the text order precisely. The 503rd goes under ORGANIZATION, while Noemfoor Island and Dutch New Guinea categorize under LOCATION. Then, I’ll place the Battle of Noemfoor under EVENT. I want to keep this clear and minimal, focusing on logically organizing these references. Alright, I've got this laid out!",derivation,modified with word derivations
Of the company's first direct signings The Rasmus managed to commence a successful international career with the release of their album Dead Letters (2003).,Of the company's first direct signings The Rasmus managed to launch a successful international career with the release of their album Dead Letters (2003).,"[{'text': 'Dead Letters', 'value': 'ART'}, {'text': 'Rasmus', 'value': 'ORGANIZATION'}]","[{'Rasmus': 'ORGANIZATION'}, {'Dead Letters': 'ART'}]","[{'The Rasmus': 'ORGANIZATION'}, {'Dead Letters': 'ART'}]","[{'The Rasmus': 'ORGANIZATION'}, {'Dead Letters': 'ART'}]",126,,"Entities: [{""text"": ""The Rasmus"", ""value"": ""ORGANIZATION""}, {""text"": ""Dead Letters"", ""value"": ""ART""}]",,"Entities: [{""text"": ""The Rasmus"", ""value"": ""ORGANIZATION""}, {""text"": ""Dead Letters"", ""value"": ""ART""}]","**Considering entity formatting**

I’m thinking about how to handle ""Dead Letters"" as an entity. Should I just go with the title, or do I need to include the year, like in ""Dead Letters (2003)""? It might depend on what’s expected, but sticking with just ""Dead Letters"" feels safer. I also want to ensure I spell ""The Rasmus"" correctly with the capital T and R. I’ll need to produce two entries while keeping an eye on punctuation issues in phrases like ""first direct signings The Rasmus."" **Producing the entities JSON**

Okay, I’m working on the final output for the entities. I’ve got: 

[
  {""text"": ""The Rasmus"", ""value"": ""ORGANIZATION""},
  {""text"": ""Dead Letters"", ""value"": ""ART""}
]

I need to make sure that this JSON matches the exact format from the prompt, so I won’t add any extra commentary. Sticking with the case exactly as it should be is also important. I think I’ve got everything ready for the submission!",derivation,modified with word derivations
DMUs in Taiwan are classified as Category DR.,DMUs in Taiwan are classified as Class DR.,"[{'text': 'DMUs', 'value': 'PRODUCT'}, {'text': 'Taiwan', 'value': 'LOCATION'}]","[{'DMUs': 'PRODUCT'}, {'Taiwan': 'LOCATION'}]","[{'Taiwan': 'LOCATION'}, {'Category DR': 'OTHER'}]","[{'Taiwan': 'LOCATION'}, {'Class DR': 'PRODUCT'}]",142,,"Entities: [{""text"": ""Taiwan"", ""value"": ""LOCATION""}, {""text"": ""Category DR"", ""value"": ""OTHER""}]","**Extracting named entities**

I need to extract named entities from the provided text. I see ""DMUs in Taiwan"" where ""DMUs"" likely refers to diesel multiple units, a type of product but too generic to classify as a named entity. Next, ""Taiwan"" is definitely a location, and ""Category DR"" seems like a classification, fitting under ""OTHER."" While ""DMUs"" might be product-related, it's better viewed as a general term rather than a specific product name. I should keep that in mind for extraction. **Formatting entity output**

I need to output a JSON array that maps entities to their types. For instance, ""Taiwan"" clearly belongs as a LOCATION. ""Category DR"" seems like it fits under OTHER, as it’s a specific category designation. However, ""DMUs"" probably doesn't qualify; it's not specific enough to be labeled as a PRODUCT since it's plural and not a brand. I’ll stick with just two entities: ""Taiwan"" as LOCATION and ""Category DR"" as OTHER. That’ll be my final output format.","Entities: [{""text"": ""Taiwan"", ""value"": ""LOCATION""}, {""text"": ""Class DR"", ""value"": ""PRODUCT""}]",,derivation,modified with word derivations
The newest cluster of contestants converged on New Orleans to meet with Tyler and receive a beignet cooking challenge right off the bat.,The newest batch of contestants converged on New Orleans to meet with Tyler and receive a beignet cooking challenge right off the bat.,"[{'text': 'New Orleans', 'value': 'LOCATION'}, {'text': 'Tyler', 'value': 'PERSON'}]","[{'New Orleans': 'LOCATION'}, {'Tyler': 'PERSON'}]","[{'New Orleans': 'LOCATION'}, {'Tyler': 'PERSON'}]","[{'New Orleans': 'LOCATION'}, {'Tyler': 'PERSON'}]",128,,"Entities: [{""text"": ""New Orleans"", ""value"": ""LOCATION""}, {""text"": ""Tyler"", ""value"": ""PERSON""}]","**Extracting named entities**

I need to extract named entities from the provided text, which involves looking for specific types like ART, BUILDING, EVENT, LOCATION, ORGANIZATION, OTHER, PERSON, and PRODUCT.

From the text, ""New Orleans"" clearly fits as a LOCATION, while ""Tyler"" is marked as a PERSON. The term ""beignet cooking challenge"" might refer to an EVENT, but it’s a bit generic, so I might categorize it as OTHER instead. Ultimately, the focus is on just ""New Orleans"" and ""Tyler.""","Entities: [{""text"": ""New Orleans"", ""value"": ""LOCATION""}, {""text"": ""Tyler"", ""value"": ""PERSON""}]",,derivation,modified with word derivations
"The scene is set at the Paris Las Vegas resort, where escaped Pteranodons descend atop the resort's Eiffel Tower.","The scene is set at the Paris Las Vegas resort, where escaped Pteranodons land atop the resort's Eiffel Tower.","[{'text': 'Eiffel Tower', 'value': 'BUILDING'}, {'text': 'Paris Las Vegas', 'value': 'LOCATION'}]","[{'Paris Las Vegas': 'LOCATION'}, {'Eiffel Tower': 'BUILDING'}]","[{'Paris Las Vegas resort': 'BUILDING'}, {'Eiffel Tower': 'BUILDING'}]","[{'Paris Las Vegas resort': 'BUILDING'}, {'Eiffel Tower': 'BUILDING'}]",135,,"Entities: [{""text"": ""Paris Las Vegas resort"", ""value"": ""BUILDING""}, {""text"": ""Eiffel Tower"", ""value"": ""BUILDING""}]","**Extracting entity text spans**

It seems like I need to return text spans exactly as they appear in the input, including ""entity text span"" as an exact substring. The example shows I should include the full proper noun phrase, but the request also specifies ""Extract named entities from the text."" 

I think it's safer to choose ""Paris Las Vegas resort"" since it includes the full phrase in the request, even though ""resort"" isn't part of the proper name. That's a bit tricky! **Choosing entity text spans**

I’m thinking about the mention of ""resort"" while keeping ""Paris Las Vegas"" as the core name. However, since they ask for the exact substring, choosing ""Paris Las Vegas resort"" seems better because it matches what they want.  

With ""Pteranodons,"" even though it's capitalized, I don't think it's a named entity; it's more of a common noun. So I’ll skip that.  

Now, for ""Eiffel Tower,"" it's a landmark within the resort, so I'll classify it as a BUILDING type. **Identifying proper nouns and locations**

I’m thinking of ""Eiffel Tower"" as a proper noun, which makes sense in this context. ""Paris"" inside ""Paris Las Vegas"" is part of a multiword proper noun, so it doesn’t stand alone. ""Las Vegas"" is a location but also part of ""Paris Las Vegas."" 

Though we could extract ""Las Vegas"" as a LOCATION, entity extraction typically avoids nested duplicates unless specified otherwise. The instructions don’t mention nesting. So, it's best to keep it focused on the main entity without separating out pieces like ""Paris."" **Classifying entities properly**

I'm thinking we should classify the entities like this:  

For ""Paris Las Vegas resort,"" I'd label it as a BUILDING, rather than an ORGANIZATION.  

The ""Eiffel Tower"" should also be a BUILDING, specifically the replica mentioned.  

Now, ""Paris"" doesn’t appear as a separate LOCATION, so I’ll skip that. ""Las Vegas"" is part of the resort name, but not presented separately in the text. So I won't annotate it as a LOCATION either, but I will note ""Paris Las Vegas resort.""  

As for ""Pteranodons,"" I'd consider it as OTHER, though I’ll tread carefully since it’s not a typical named entity. **Preparing entity extraction output**

The phrase ""escaped Pteranodons"" hints at individuals, but I don't need to focus on that here.   

I know ""Eiffel Tower"" is a definite named entity.   

For ""Paris Las Vegas,"" I'd label it as a BUILDING instead of an ORGANIZATION, even though it could qualify for both.  

Now, I need to return a JSON array with the entities. So, I’ll include the line ""Entities: [...]"" with the specified format.  

Got it! Here's what I'll output:  
Entities:  
- {""text"": ""Paris Las Vegas resort"", ""value"": ""BUILDING""}  
- {""text"": ""Eiffel Tower"", ""value"": ""BUILDING""}","Entities: [{""text"": ""Paris Las Vegas resort"", ""value"": ""BUILDING""}, {""text"": ""Eiffel Tower"", ""value"": ""BUILDING""}]","**Extracting entities from text**

I need to extract named entities from the given text. The types allowed are ART, BUILDING, EVENT, LOCATION, ORGANIZATION, OTHER, PERSON, PRODUCT. So, looking at ""Paris Las Vegas resort,"" which is a hotel-casino, I’m considering classifying it as a BUILDING, since that's one of the types listed. It’s possible to mark either ""Paris Las Vegas"" or ""Paris Las Vegas resort"" as the entity, but it seems best to go with the exact span they want. **Identifying entities and types**

I’ll capture ""Paris Las Vegas resort"" as the span for a named entity. The ""Eiffel Tower"" in this context refers to the replica at the resort, so I’ll identify it as a BUILDING. 

Now, for ""Pteranodons,"" this is a species name, which usually isn't tagged as a named entity unless it’s a biological term. I could consider marking it as OTHER, but it's not really a named entity in the traditional sense, so I think I’ll omit it entirely. As for ""Paris"" and ""Las Vegas,"" together they form the property name. **Clarifying entity extraction**

I recognize that ""Las Vegas"" refers to a city, but in this case, it’s part of the proper name ""Paris Las Vegas resort."" We’re primarily extracting ""Paris Las Vegas resort"" and ""Eiffel Tower."" The term ""resort"" isn't needed as part of the property name, but since the text includes ""Paris Las Vegas resort,"" I’ll use that full span. As for ""Paris"" as a city, it's not extracted separately here.

For ""Eiffel Tower,"" this refers to a replica at the resort, so I’ll classify that as a named entity too. **Deciding on entity types**

I’m considering whether to classify ""Paris Las Vegas"" as an ORGANIZATION or BUILDING. Since it’s a hotel-casino property, I think BUILDING fits best. The ""Eiffel Tower"" as a structure in the resort should also be categorized as BUILDING. 

Now, ""Paris Las Vegas"" could also be seen as a LOCATION, but since we have a specific type for buildings, I'll stick with that. I’ll create a JSON array with these entries: 
- ""Paris Las Vegas resort"": ""BUILDING""
- ""Eiffel Tower"": ""BUILDING"" 

No separate extraction is needed for ""Las Vegas,"" so this looks good! **Formatting the output correctly**

I need to produce the output in a JSON format with the exact structure requested. There isn't a need for extra commentary in this case; I’ll focus solely on the Entities line. Since there are no mentions of ""EVENT,"" ""PRODUCT,"" or ""ART,"" I can confirm that they're not applicable here. 

So, the final structure will simply be:  
Entities: [ {""text"": ""Paris Las Vegas resort"", ""value"": ""BUILDING""}, {""text"": ""Eiffel Tower"", ""value"": ""BUILDING""} ]",derivation,modified with word derivations
Greece fielded a four-strong table tennis team at the 2004 Olympic Games after being sanctioned permission to use host nation qualification places.,Greece fielded a four-strong table tennis team at the 2004 Olympic Games after being granted permission to use host nation qualification places.,"[{'text': '2004 Olympic Games', 'value': 'EVENT'}, {'text': 'Greece', 'value': 'LOCATION'}]","[{'Greece': 'LOCATION'}, {'2004 Olympic Games': 'EVENT'}]","[{'Greece': 'LOCATION'}, {'2004 Olympic Games': 'EVENT'}]","[{'Greece': 'LOCATION'}, {'2004 Olympic Games': 'EVENT'}]",137,,"Entities: [{""text"": ""Greece"", ""value"": ""LOCATION""}, {""text"": ""2004 Olympic Games"", ""value"": ""EVENT""}]","**Extracting entities from text**

I’m working on extracting named entities from the sentence about Greece's table tennis team at the 2004 Olympic Games. For this, I’ll identify possible entity types like LOCATION and EVENT. Greece is definitely a LOCATION, while ""2004 Olympic Games"" stands out as an EVENT. Table tennis may not fit neatly into the categories, so I might label it as OTHER. Host nation and qualification places aren’t specific enough for named entities. I’ll make sure to produce a JSON array with the relevant entities. **Clarifying entities for extraction**

I'm identifying named entities from the prompt, focusing on ""Greece,"" which fits as a LOCATION, although it could also be seen as an ORGANIZATION if I consider the Greece National Olympic Committee. For the ""2004 Olympic Games,"" I'll classify it as an EVENT while including the full title in my output. As for ""table tennis,"" it doesn't qualify as a named entity, so I won't include it. I'll format the pairs carefully, ensuring there are no trailing commas in the final array.","Entities: [{""text"": ""Greece"", ""value"": ""LOCATION""}, {""text"": ""2004 Olympic Games"", ""value"": ""EVENT""}]","**Considering entity classification**

I need to return entities from the text, like ""the 2004 Olympic Games."" I think we should keep the full phrase since it specifies the year, and it’s a common event name. The text also mentions Greece, which definitely counts as a location. As for ""host nation,"" it refers to Greece for the 2004 Athens Olympics, but it’s not a named entity. I’ll make the array with two entries: ""LOCATION"" for Greece and ""EVENT"" for ""2004 Olympic Games.""",derivation,modified with word derivations
"It was previously used by Route 410 to Rehovot, and was known as the Jumping Bridge due to a bump in the middle of the bridge which caused cars to jump if accelerating.","It was previously used by Route 410 to Rehovot, and was known as the Jumping Bridge due to a bump in the middle of the bridge which caused cars to jump if speeding.","[{'text': 'Jumping Bridge', 'value': 'BUILDING'}, {'text': 'Rehovot', 'value': 'LOCATION'}, {'text': 'Route 410', 'value': 'LOCATION'}]","[{'Route 410': 'LOCATION'}, {'Rehovot': 'LOCATION'}, {'Jumping Bridge': 'BUILDING'}]","[{'Route 410': 'LOCATION'}, {'Rehovot': 'LOCATION'}, {'Jumping Bridge': 'BUILDING'}]","[{'Route 410': 'LOCATION'}, {'Rehovot': 'LOCATION'}, {'the Jumping Bridge': 'BUILDING'}]",145,,"[{""text"": ""Route 410"", ""value"": ""LOCATION""}, {""text"": ""Rehovot"", ""value"": ""LOCATION""}, {""text"": ""Jumping Bridge"", ""value"": ""BUILDING""}]","**Categorizing locations and structures**

If the reference is to ""used by Route 410 to Rehovot,"" I deduce it’s likely bus Route 410 in Israel, which connects Rishon Lezion and Tel Aviv. Rehovot is indeed a city, making it a clear location. The ""Jumping Bridge"" seems to be a proper name and fits the category of a building, even if it’s technically a structure.

For Route 410, it feels tricky to label it as a ""product,"" so I’ll lean towards categorizing it as ""OTHER."" **Determining entity classifications**

I’m considering how to classify ""Route 410"" and whether it fits as a location. While some think of ""Route 410"" as a named entity, it functions as a road designation, which makes it reasonable to categorize as a LOCATION, just like other highways. Similarly, Rehovot is definitely a location, and Jumping Bridge would be a building.

I also need to decide if ""the"" before Jumping Bridge should be included. I'll prepare a JSON array with the entities, ensuring the precise text spans are correct. **Finalizing entity details**

The text mentions ""was known as the Jumping Bridge,"" so I’ll accurately reflect that the named entity is ""Jumping Bridge"" without including ""the."" There’s no need for punctuation either, which simplifies things. I’ve verified that we need to capture ""Route 410 to Rehovot,"" so I’ll ensure ""Route 410"" is included as well. 

Okay, it looks like I’m ready to finalize everything and return those three entities!","[
  {""text"": ""Route 410"", ""value"": ""LOCATION""},
  {""text"": ""Rehovot"", ""value"": ""LOCATION""},
  {""text"": ""the Jumping Bridge"", ""value"": ""BUILDING""}
]","**Finalizing entity extraction**

I’m thinking about how to handle named entities in this context. Since “value” is a type, I should note occurrences of bridges without naming them. There are no other named entities to extract, so I'll focus on creating a clean JSON array. I need to ensure proper capitalization for the entities: Route 410, Rehovot, and the Jumping Bridge. I’ll output this in plain JSON format without any trailing commas, keeping it straightforward and precise.",derivation,modified with word derivations
"I, Max was a sports commentary show featuring host Max Kellerman and Michael Holley that released nightly on Fox Sports Net.","I, Max was a sports commentary show featuring host Max Kellerman and Michael Holley that aired nightly on Fox Sports Net.","[{'text': 'Fox Sports Net', 'value': 'ORGANIZATION'}, {'text': 'I, Max', 'value': 'ART'}, {'text': 'Max Kellerman', 'value': 'PERSON'}, {'text': 'Michael Holley', 'value': 'PERSON'}]","[{'I, Max': 'ART'}, {'Max Kellerman': 'PERSON'}, {'Michael Holley': 'PERSON'}, {'Fox Sports Net': 'ORGANIZATION'}]","[{'I, Max': 'ART'}, {'Max Kellerman': 'PERSON'}, {'Michael Holley': 'PERSON'}, {'Fox Sports Net': 'ORGANIZATION'}]","[{'I, Max': 'ART'}, {'Max Kellerman': 'PERSON'}, {'Michael Holley': 'PERSON'}, {'Fox Sports Net': 'ORGANIZATION'}]",110,,"Entities: [
  {""text"": ""I, Max"", ""value"": ""ART""},
  {""text"": ""Max Kellerman"", ""value"": ""PERSON""},
  {""text"": ""Michael Holley"", ""value"": ""PERSON""},
  {""text"": ""Fox Sports Net"", ""value"": ""ORGANIZATION""}
]",,"Entities: [
  {""text"": ""I, Max"", ""value"": ""ART""},
  {""text"": ""Max Kellerman"", ""value"": ""PERSON""},
  {""text"": ""Michael Holley"", ""value"": ""PERSON""},
  {""text"": ""Fox Sports Net"", ""value"": ""ORGANIZATION""}
]",,derivation,modified with word derivations
The channel has faced charges for disseminating fake news and carrying out viewership manipulation on a number of occasions.,The channel has faced charges for spreading fake news and carrying out viewership manipulation on a number of occasions.,[],[],[],[],125,,Entities: [],"**Extracting named entities**

I'm examining the sentence about a channel facing charges related to fake news and viewership manipulation. It looks like there aren’t any named entities because ""The channel,"" ""fake news,"" and ""viewership manipulation"" lack proper names. While ""channel"" could imply a TV channel as an organization, it still doesn't qualify as a named entity. Therefore, I'll conclude with an empty array for entities, following the required JSON format: Entities: []. **Returning named entities**

The instruction format requires me to present entities like this: ""Entities: [{""text"": ""entity text span"", ""value"": ""entity type""},]"". So, I’ll simply return ""Entities: []"" to keep it minimal. I briefly considered if ""channel"" might be a product, but it doesn’t fit that category either. The note about modifications seems irrelevant, so I’ll stick with my conclusion. Therefore, my response will be: Entities: [].",[],"**Extracting entities**

It seems the user wants to extract named entities in a specific JSON format. They provided an example that includes an array. Since there are no entities to extract from the text, I should simply output an empty array, like this: ""[]"". It's important to respond clearly and concisely, so I’ll provide just that. I’m set to keep the response straightforward and aligned with what the user expects.",derivation,modified with word derivations
"As a longer loaf, it may well have been the origin of French pastry as bakers there attempted to adopt the steam method to produce their baguettes.","As a longer loaf, it may well have been the origin of French bread as bakers there attempted to adopt the steam method to produce their baguettes.","[{'text': 'French', 'value': 'LOCATION'}]",[{'French': 'LOCATION'}],"[{'French pastry': 'PRODUCT'}, {'baguettes': 'PRODUCT'}]","[{'French bread': 'PRODUCT'}, {'baguettes': 'PRODUCT'}]",116,,"Entities: [{""text"": ""French pastry"", ""value"": ""PRODUCT""}, {""text"": ""baguettes"", ""value"": ""PRODUCT""}]",,"[{""text"":""French bread"",""value"":""PRODUCT""},{""text"":""baguettes"",""value"":""PRODUCT""}]","**Structuring product entities**

I want to include ""French bread"" and ""baguettes"" as product entities. I’m deciding to skip the ""steam method"" and ""bakers"" since they aren’t named things. 

When I consider ""baguettes"" in singular versus plural, I think keeping it plural makes sense since that's how it appears in the text. For ""French,"" I'm opting not to categorize it as a location. Now, I’ll return the final information in the specified JSON format, keeping it minimal.",derivation,modified with word derivations
"Shortly after World War I, he purchased a plot of land in Toulon and donated it to the local fitness club, RC Toulonnais, for the building of a stadium.","Shortly after World War I, he purchased a plot of land in Toulon and donated it to the local sports club, RC Toulonnais, for the building of a stadium.","[{'text': 'RC Toulonnais', 'value': 'ORGANIZATION'}, {'text': 'Toulon', 'value': 'LOCATION'}, {'text': 'World War I', 'value': 'EVENT'}]","[{'World War I': 'EVENT'}, {'Toulon': 'LOCATION'}, {'RC Toulonnais': 'ORGANIZATION'}]","[{'World War I': 'EVENT'}, {'Toulon': 'LOCATION'}, {'RC Toulonnais': 'ORGANIZATION'}]","[{'World War I': 'EVENT'}, {'Toulon': 'LOCATION'}, {'RC Toulonnais': 'ORGANIZATION'}]",114,,"Entities: [
  {""text"": ""World War I"", ""value"": ""EVENT""},
  {""text"": ""Toulon"", ""value"": ""LOCATION""},
  {""text"": ""RC Toulonnais"", ""value"": ""ORGANIZATION""}
]","**Finalizing entity output**

I need to keep the result minimal and ensure the array includes exactly the three specified entities. I checked that ""RC Toulonnais"" doesn't have diacritics, which is good. The ""value"" field should be the uppercase ""entity type."" 

We should use ""Entities:"" as a prefix for the output, and it's important to retain the original text spans without punctuation, like using ""RC Toulonnais"" alone. I’ve ensured that ""World War I"" is correctly noted. I'll include only those entries, and ""Toulon"" shouldn’t appear twice.","Entities: [{""text"": ""World War I"", ""value"": ""EVENT""}, {""text"": ""Toulon"", ""value"": ""LOCATION""}, {""text"": ""RC Toulonnais"", ""value"": ""ORGANIZATION""}]","**Formatting entities for output**

I'm considering how to format the entity ""World War I,"" which can also be styled as ""World War 1."" I want to make sure to use proper organization type for ""sports club,"" especially since it’s tied to ""RC Toulonnais."" I’ll treat ""Toulon"" as a location too. The output needs to follow the JSON format specified in the prompt, including brackets and proper punctuation. For instance, ""World War I"" doesn't have a comma. Let's ensure the formatting is correct! **Structuring entities for JSON output**

I'm considering how to handle the phrase ""building of a stadium."" It might trigger the ""BUILDING"" type, but that's typically for named buildings—like the ""Eiffel Tower."" A generic ""a stadium"" doesn't qualify, so I’ll skip that. I'll return three entities: ""World War I"" as an EVENT, ""Toulon"" as a LOCATION, and ""RC Toulonnais"" as an ORGANIZATION. The order matters, so I’ll keep it as specified. The final JSON format will look clean and straightforward!",derivation,modified with word derivations
"Divine Styler says: ``in the school I come from, freestyling was a non-conceptual written rhyme... and now they call freestyling off the top of the head, so the generation I come from it's a lot different''.","Divine Styler says: ``in the school I come from, freestyling was a non-conceptual written rhyme... and now they call freestyling off the top of the head, so the era I come from it's a lot different''.","[{'text': 'Divine Styler', 'value': 'PERSON'}]",[{'Divine Styler': 'PERSON'}],[{'Divine Styler': 'PERSON'}],[{'Divine Styler': 'PERSON'}],113,,"Entities: [{""text"": ""Divine Styler"", ""value"": ""PERSON""}]",,"[{""text"":""Divine Styler"",""value"":""PERSON""}]",,derivation,modified with word derivations
They were ready to take on rival Oregon State in the quarterfinals of the Pac-12 Tournament.,They were set to take on rival Oregon State in the quarterfinals of the Pac-12 Tournament.,"[{'text': 'Oregon State', 'value': 'ORGANIZATION'}, {'text': 'Pac-12 Tournament', 'value': 'EVENT'}]","[{'Oregon State': 'ORGANIZATION'}, {'Pac-12 Tournament': 'EVENT'}]","[{'Oregon State': 'ORGANIZATION'}, {'Pac-12 Tournament': 'EVENT'}]","[{'Oregon State': 'ORGANIZATION'}, {'Pac-12 Tournament': 'EVENT'}]",120,,"Entities: [{""text"": ""Oregon State"", ""value"": ""ORGANIZATION""}, {""text"": ""Pac-12 Tournament"", ""value"": ""EVENT""}]","**Extracting entities from text**

I need to identify and extract named entities from the given text using a specified list, including categories like ART, BUILDING, EVENT, LOCATION, ORGANIZATION, OTHER, PERSON, and PRODUCT. For example, ""Oregon State"" likely refers to either the university or its sports team, so I'll label this as an ORGANIZATION. The ""Pac-12 Tournament"" is a specific event, so that gets the EVENT label. ""Quarterfinals"" doesn't seem to fit as it’s more of a general concept. **Clarifying entity extraction**

I need to consider that ""Pac-12"" could refer to an organization since it's a conference, but since ""Pac-12 Tournament"" is the main focus, labeling it as an EVENT is sufficient. The instructions indicate we're looking for entities present in the text without needing nested extraction. I’ll return just the two entities: ""Oregon State"" as an ORGANIZATION and ""Pac-12 Tournament"" as an EVENT. I’ll ensure the format adheres exactly to the example provided, even regarding trailing commas. **Deciding on correct JSON format**

I noticed that their example had a trailing comma in the array, but I think it's safer to produce valid JSON without that. So, I’ll create the entity extraction as follows: ""Entities: [{""text"":""Oregon State"",""value"":""ORGANIZATION""},{""text"":""Pac-12 Tournament"",""value"":""EVENT""}]."" I’ll make sure the spacing is consistent, and while ""Oregon State"" could potentially be a PERSON, in this context, it’s clearly an ORGANIZATION. I feel ready to finalize this!","[{""text"":""Oregon State"",""value"":""ORGANIZATION""},{""text"":""Pac-12 Tournament"",""value"":""EVENT""}]",,derivation,modified with word derivations
"The Ninth suffered a serious defeat at the Battle of Camulodunum under Quintus Petillius Cerialis in the rebellion of Boudica (61), when most of the foot-soldiers were eliminated in a disastrous attempt to relieve the besieged city of Camulodunum (Colchester).","The Ninth suffered a serious defeat at the Battle of Camulodunum under Quintus Petillius Cerialis in the rebellion of Boudica (61), when most of the foot-soldiers were killed in a disastrous attempt to relieve the besieged city of Camulodunum (Colchester).","[{'text': 'Boudica', 'value': 'EVENT'}, {'text': 'Camulodunum', 'value': 'EVENT'}, {'text': 'Camulodunum', 'value': 'LOCATION'}, {'text': 'Colchester', 'value': 'LOCATION'}, {'text': 'Quintus Petillius Cerialis', 'value': 'PERSON'}]","[{'Camulodunum': 'EVENT'}, {'Quintus Petillius Cerialis': 'PERSON'}, {'Boudica': 'EVENT'}, {'Camulodunum': 'LOCATION'}, {'Colchester': 'LOCATION'}]","[{'The Ninth': 'ORGANIZATION'}, {'Battle of Camulodunum': 'EVENT'}, {'Quintus Petillius Cerialis': 'PERSON'}, {'rebellion of Boudica': 'EVENT'}, {'Boudica': 'PERSON'}, {'Camulodunum': 'LOCATION'}, {'Colchester': 'LOCATION'}]","[{'The Ninth': 'ORGANIZATION'}, {'Battle of Camulodunum': 'EVENT'}, {'Quintus Petillius Cerialis': 'PERSON'}, {'rebellion of Boudica': 'EVENT'}, {'Boudica': 'PERSON'}, {'Camulodunum': 'LOCATION'}, {'Colchester': 'LOCATION'}]",9,,"Entities: [
  {""text"": ""The Ninth"", ""value"": ""ORGANIZATION""},
  {""text"": ""Battle of Camulodunum"", ""value"": ""EVENT""},
  {""text"": ""Quintus Petillius Cerialis"", ""value"": ""PERSON""},
  {""text"": ""rebellion of Boudica"", ""value"": ""EVENT""},
  {""text"": ""Boudica"", ""value"": ""PERSON""},
  {""text"": ""Camulodunum"", ""value"": ""LOCATION""},
  {""text"": ""Colchester"", ""value"": ""LOCATION""}
]","**Extracting named entities**

I need to extract named entities from the text provided, focusing on various categories like ART, BUILDING, EVENT, LOCATION, ORGANIZATION, OTHER, PERSON, and PRODUCT. For example, ""The Ninth"" likely refers to Legio IX Hispana, which is an organization. The ""Battle of Camulodunum"" is clearly an event, and ""Quintus Petillius Cerialis"" is identified as a person. Additionally, the ""rebellion of Boudica (61)"" references the Boudican Rebellion. **Identifying entities and classifications**

I'm looking closely at the phrase ""rebellion of Boudica (61)."" Here, ""Boudica"" is a person, and the ""rebellion of Boudica"" can be classified as an event. The year in parentheses doesn't seem necessary for entity extraction, though.

Next, ""Camulodunum (Colchester)"" refers to a location, indicating that both names point to the same place and it's not a building. ""Foot-soldiers"" is just a common noun, so it doesn't count as an entity. I'll continue listing all relevant entities. **Categorizing entities**

I can include both ""Camulodunum"" and ""Colchester"" as separate location entities since Colchester is in parentheses. ""Battle of Camulodunum"" will be marked as an event, while ""The Ninth"" is an organization, specifying it as the Ninth Legion. Also, both ""Quintus Petillius Cerialis"" and ""Boudica"" will be classified as persons, and the ""rebellion of Boudica"" as another event. I should ensure the output format accurately represents these entities, including unique occurrences and their exact text spans. **Detailing entity classification**

I need to be attentive about the phrasing. The ""Battle of Camulodunum"" includes ""Battle"" capitalized, so I should use the full phrase as an event. ""Quintus Petillius Cerialis"" needs to be spelled exactly right. For ""rebellion of Boudica,"" I think we should extract it precisely as is, though there's debate on including the year (61). It seems appropriate to classify ""rebellion of Boudica"" as an event and ""Boudica"" as a person. 

Regarding locations, I can include ""Camulodunum"" and ""Colchester"" as separate entities! **Finalizing entity classification**

I determined that ""The Ninth"" fits as an organization, while ""foot-soldiers"" doesn’t count as an entity. The reference to ""Boudica (61)"" will omit the year since it’s not needed. I plan to keep ""Camulodunum"" and ""Colchester"" as separate location entities to avoid mixing names. My final list of entities will include:

- ""The Ninth"" as ORGANIZATION
- ""Battle of Camulodunum"" as EVENT
- ""Quintus Petillius Cerialis"" as PERSON
- ""rebellion of Boudica"" as EVENT
- ""Boudica"" as PERSON
- ""Camulodunum"" as LOCATION
- ""Colchester"" as LOCATION

Now I’ll ensure it’s formatted properly!","Entities: [
  {""text"": ""The Ninth"", ""value"": ""ORGANIZATION""},
  {""text"": ""Battle of Camulodunum"", ""value"": ""EVENT""},
  {""text"": ""Quintus Petillius Cerialis"", ""value"": ""PERSON""},
  {""text"": ""rebellion of Boudica"", ""value"": ""EVENT""},
  {""text"": ""Boudica"", ""value"": ""PERSON""},
  {""text"": ""Camulodunum"", ""value"": ""LOCATION""},
  {""text"": ""Colchester"", ""value"": ""LOCATION""}
]","**Clarifying entities for historical events**

I'm considering the events like the ""Battle of Camulodunum"" and the ""rebellion of Boudica."" It seems ""Camulodunum"" could refer to two different entities since it appears twice. So, I might want to deduplicate them but keep in mind the prompt likely expects the entities as they appear. It might be safer to list each unique mention once, and I wonder if I should also include ""The Ninth Legion"" as simply ""The Ninth."" **Identifying historical entities**

I’ll include ""The Ninth"" as well. I'm considering the ""Battle of Camulodunum"" and the ""rebellion of Boudica."" It's important to note ""Camulodunum"" and ""Colchester"" as locations, while “Quintus Petillius Cerialis” and ""Boudica"" are individuals. The besieged city might not need to be tagged as an entity. I’m also pondering whether to include ""Battle of Camulodunum"" with or without ""the"" for the entity span. Most NER tasks seem to prefer ""Battle of Camulodunum"" without ""the."" **Finalizing entity tags**

I'll use ""Battle of Camulodunum"" since it's key. The ""rebellion of Boudica"" is an event, so I’ll include that in lowercase. I noticed the year ""61"" isn’t mentioned, but I should tag ""Colchester"" as the modern name for Camulodunum. For ""The Ninth,"" it may be best to use the full name for clarity. The output should be a tidy JSON array with the proper entity values matching types like ""EVENT,"" ""LOCATION,"" ""PERSON,"" and ""ORGANIZATION."" I’m also considering if ""Camulodunum"" should be part of ""Battle of Camulodunum."" **Clarifying entity tagging**

I realize we don’t need to tag nested entities separately, since we're tagging locations anyway. Regarding ""The Ninth suffered a serious defeat,"" I should skip tagging this as an event since it’s not named. The instruction is to extract named entities from the text, so I’ll include all named entities, but not tag ""city"" as a building. ""The Ninth"" could be considered 'OTHER,' but it fits better as 'ORGANIZATION.' I also notice ""Camulodunum (Colchester)"" appears twice, but I’ll list ""Camulodunum"" and ""Colchester"" once each in the final list of entities. **Compiling named entities**

For the location, I’ll tag ""Colchester."" Regarding ""The Ninth,"" I think it's best to keep it as ""The Ninth,"" even though the span includes ""The."" I'll treat ""city of Camulodunum"" similarly, excluding ""city."" 

I also realized ""Rome"" isn’t present, so I won’t include it. I’ll format the final output as a JSON array with the required keys and start with ""Entities: [...]"". 

My ordered list of entities, based on their appearance, will be:
1. The Ninth
2. Battle of Camulodunum
3. Quintus Petillius Cerialis
4. rebellion of Boudica
5. Boudica
6. Camulodunum
7. Colchester

Now, I’ll double-check the types, ensuring they all match correctly before producing the final answer.",derivation,modified with word derivations
The buildings were renovated into facilities in the 1980s.,The buildings were renovated into offices in the 1980s.,[],[],[],[],18,,[],,Entities: [],"**Analyzing named entities**

I need to extract named entities from the text about buildings renovated into offices in the 1980s. I’m considering various types like ART, BUILDING, LOCATION, etc. Is ""1980s"" an entity? It’s usually recognized as a DATE or TIME, which doesn’t fit here. It's not exactly an EVENT; it’s a time period. Generally, I don’t see any strong candidates for named entities here, even though ""1980s"" could possibly be viewed as an EVENT in some contexts. **Determining entity classification**

I’m analyzing how to classify the term ""1980s"" in the context of named entities. A decade might sometimes be a DATE, but since DATE isn't a provided type, I’m thinking it could fit as OTHER. However, the instructions ask for a list of named entities. Since ""the 1980s"" seems too generic without specific entities, I’ll probably just return an empty list. The safest option is to output ""Entities: []"" formatted correctly.",derivation,modified with word derivations
"A prototype was outfitted in the mid-'60s in a one-off DB5 extended 4'' after the doors and driven by Marek personally, and a normally 6-cylinder Aston Martin DB7 was equipped with a V8 unit in 1998.","A prototype was fitted in the mid-'60s in a one-off DB5 extended 4'' after the doors and driven by Marek personally, and a normally 6-cylinder Aston Martin DB7 was equipped with a V8 unit in 1998.","[{'text': 'Aston Martin DB7', 'value': 'PRODUCT'}, {'text': ""DB5 extended 4''"", 'value': 'PRODUCT'}, {'text': 'Marek', 'value': 'PERSON'}, {'text': 'V8 unit', 'value': 'PRODUCT'}]","[{""DB5 extended 4''"": 'PRODUCT'}, {'Marek': 'PERSON'}, {'Aston Martin DB7': 'PRODUCT'}, {'V8 unit': 'PRODUCT'}]","[{'DB5': 'PRODUCT'}, {'Marek': 'PERSON'}, {'Aston Martin DB7': 'PRODUCT'}, {'Aston Martin': 'ORGANIZATION'}]","[{'DB5': 'PRODUCT'}, {'Marek': 'PERSON'}, {'Aston Martin DB7': 'PRODUCT'}, {'Aston Martin': 'ORGANIZATION'}]",6,,"Entities: [
  {""text"": ""DB5"", ""value"": ""PRODUCT""},
  {""text"": ""Marek"", ""value"": ""PERSON""},
  {""text"": ""Aston Martin DB7"", ""value"": ""PRODUCT""},
  {""text"": ""Aston Martin"", ""value"": ""ORGANIZATION""}
]",,"Entities: [
  {""text"": ""DB5"", ""value"": ""PRODUCT""},
  {""text"": ""Marek"", ""value"": ""PERSON""},
  {""text"": ""Aston Martin DB7"", ""value"": ""PRODUCT""},
  {""text"": ""Aston Martin"", ""value"": ""ORGANIZATION""}
]",,derivation,modified with word derivations
"During the Battle of Antietam on September 17, 1862, Wilkinson was injured and forced to serve the remainder of the conflict as an officer in the Veterans Reserve Corps.","During the Battle of Antietam on September 17, 1862, Wilkinson was injured and forced to serve the remainder of the war as an officer in the Veterans Reserve Corps.","[{'text': 'Battle of Antietam', 'value': 'EVENT'}, {'text': 'Veterans Reserve Corps', 'value': 'ORGANIZATION'}, {'text': 'Wilkinson', 'value': 'PERSON'}]","[{'Battle of Antietam': 'EVENT'}, {'Wilkinson': 'PERSON'}, {'Veterans Reserve Corps': 'ORGANIZATION'}]","[{'Battle of Antietam': 'EVENT'}, {'Wilkinson': 'PERSON'}, {'Veterans Reserve Corps': 'ORGANIZATION'}]","[{'Battle of Antietam': 'EVENT'}, {'Wilkinson': 'PERSON'}, {'Veterans Reserve Corps': 'ORGANIZATION'}]",17,,"Entities: [
  {""text"": ""Battle of Antietam"", ""value"": ""EVENT""},
  {""text"": ""Wilkinson"", ""value"": ""PERSON""},
  {""text"": ""Veterans Reserve Corps"", ""value"": ""ORGANIZATION""}
]","**Extracting named entities**

I need to categorize named entities into types like ART, BUILDING, EVENT, LOCATION, ORGANIZATION, OTHER, PERSON, PRODUCT. In the text, “the Battle of Antietam” refers to a historical event, while “September 17, 1862” is a date, which we probably shouldn’t include since it’s not listed as a type. “Wilkinson” is a surname, so that’s a person. The “Veterans Reserve Corps” counts as an organization, and “Antietam” could be tagged as a location, even though it’s part of the event phrase. This feels a bit ambiguous. **Defining named entities**

In a typical Named Entity Recognition (NER) task, I would tag “Battle of Antietam” as an EVENT and “Veterans Reserve Corps” as an ORGANIZATION. “Wilkinson” is a PERSON, but I won't include “September 17, 1862” since dates aren’t allowed types. 

I’ll format the output as a JSON array with ""text"" and ""value."" The desired entities will be: “Battle of Antietam” as EVENT, “Wilkinson” as PERSON, and “Veterans Reserve Corps” as ORGANIZATION. I need to think about whether to keep “Antietam” in the context of these entities, given how the text appears. **Formatting entity output**

It looks like there's no strict restriction on ""entity text span,"" so I’ll go ahead and include ""Battle of Antietam."" “Veterans Reserve Corps” has proper capitalization, which is good. I’m reconsidering possible categories, but I really don’t think ""Corps"" fits as a product. 

I’ll structure the entities like this:

Entities: [
  {""text"":""Battle of Antietam"",""value"":""EVENT""},
  {""text"":""Wilkinson"",""value"":""PERSON""},
  {""text"":""Veterans Reserve Corps"",""value"":""ORGANIZATION""}
]

I won't include ""September 17, 1862"" as OTHER since dates aren't specified as allowed types. I'll stick to the clear structure they want.","Entities: [
  {""text"": ""Battle of Antietam"", ""value"": ""EVENT""},
  {""text"": ""Wilkinson"", ""value"": ""PERSON""},
  {""text"": ""Veterans Reserve Corps"", ""value"": ""ORGANIZATION""}
]",,derivation,modified with word derivations
The lowest competition aggregate in ODI history for England is 91 scored at the 1979 Cricket World Cup against Canada.,The lowest match aggregate in ODI history for England is 91 scored at the 1979 Cricket World Cup against Canada.,"[{'text': 'Canada', 'value': 'ORGANIZATION'}, {'text': 'Cricket World Cup', 'value': 'EVENT'}, {'text': 'England', 'value': 'ORGANIZATION'}]","[{'England': 'ORGANIZATION'}, {'Cricket World Cup': 'EVENT'}, {'Canada': 'ORGANIZATION'}]","[{'England': 'LOCATION'}, {'1979 Cricket World Cup': 'EVENT'}, {'Canada': 'LOCATION'}]","[{'England': 'LOCATION'}, {'1979 Cricket World Cup': 'EVENT'}, {'Canada': 'LOCATION'}]",12,,"Entities: [
  {""text"": ""England"", ""value"": ""LOCATION""},
  {""text"": ""1979 Cricket World Cup"", ""value"": ""EVENT""},
  {""text"": ""Canada"", ""value"": ""LOCATION""}
]","**Extracting named entities**

I need to extract named entities from the given text and identify their types like ART, BUILDING, EVENT, LOCATION, ORGANIZATION, and others. In the specific example given, ""ODI"" stands for One Day International. It seems not to fit neatly into any one category, as it represents a format rather than a specific named entity. I’m pondering whether to classify it as an EVENT or OTHER based on how it functions in the context of cricket. **Identifying entities**

I’m interpreting the instruction that mentions ""text has been modified with word derivations,"" which means some tokens might be changed, but this seems straightforward. 

For example, ""England"" could be a LOCATION or an ORGANIZATION, but I'll classify it as LOCATION since it typically represents a country. The ""1979 Cricket World Cup"" clearly qualifies as an EVENT. ""Canada"" is also a LOCATION. 

""Competition aggregate"" isn’t an entity, and ""91"" is just a number. As for ""ODI,"" I’m thinking it might fit as OTHER rather than a recognized named entity. **Selecting named entities**

I think it's safer to focus only on the unambiguous entities. So, I'll categorize ""England"" as a LOCATION, ""1979 Cricket World Cup"" as an EVENT, and ""Canada"" as another LOCATION. While ""England"" might suggest it's an ORGANIZATION in a cricket context, I prefer to stick to the simpler classification of LOCATION. 

Now, ""ODI"" refers to ""One Day International,"" and even though it could be considered an EVENT, it isn’t explicitly mentioned in the text. So, I’ll include only the confirmed entities in my output. **Formatting entities**

I need to present the output exactly as specified. The format should be: Entities: [{""text"": ""entity text span"", ""value"": ""entity type""}]. 

In this context, I’ll identify the relevant entities from the text provided earlier. The goal is to ensure clarity and brevity in my response, focusing on the essential details without overcomplicating things. Alright, let’s keep it straightforward and memorable, producing the minimal answer in the required format.","Entities: [{""text"": ""England"", ""value"": ""LOCATION""}, {""text"": ""1979 Cricket World Cup"", ""value"": ""EVENT""}, {""text"": ""Canada"", ""value"": ""LOCATION""}]","**Evaluating entity types**

I’m considering how to categorize different types of entities. For a sports team, I might use ORGANIZATION, and LOCATION fits for countries. ""England"" usually gets tagged as LOCATION, but since it's about the national team’s performance, ORGANIZATION seems plausible too. I think it’s safer to stick with LOCATION. For the 1979 Cricket World Cup, that's definitely an EVENT. Canada is also a LOCATION, and for ""ODI,"" I might tag it as OTHER if unsure. **Deciding on entity classification**

I’m thinking about how to classify ""ODI."" I’d lean toward OTHER because it’s a cricket format rather than a single event—it’s a category. So I might leave it out. ""ODI history"" is more about context, not a named entity. My output will look like this:

[
  {""text"":""England"",""value"":""LOCATION""},
  {""text"":""1979 Cricket World Cup"",""value"":""EVENT""},
  {""text"":""Canada"",""value"":""LOCATION""}
]

I’ll ensure it’s in the correct JSON format without a trailing comma to keep it valid. **Formatting entity output**

The user requested the format for entities to include a trailing comma and a prefix of ""Entities:"". To be cautious, I'll format it like this:

Entities: [{""text"": ""England"", ""value"": ""LOCATION""}, {""text"": ""1979 Cricket World Cup"", ""value"": ""EVENT""}, {""text"": ""Canada"", ""value"": ""LOCATION""}]

I'll keep it straightforward and avoid heavy formatting while ensuring everything is clear and in the requested format. It feels good to double-check these details!",derivation,modified with word derivations
The Austro-Hungarian Navy designed and operated two classes of protected cruisers.,The Austro-Hungarian Navy built and operated two classes of protected cruisers.,"[{'text': 'Austro-Hungarian Navy', 'value': 'ORGANIZATION'}]",[{'Austro-Hungarian Navy': 'ORGANIZATION'}],[{'Austro-Hungarian Navy': 'ORGANIZATION'}],[{'Austro-Hungarian Navy': 'ORGANIZATION'}],4,,"Entities: [{""text"": ""Austro-Hungarian Navy"", ""value"": ""ORGANIZATION""}]","**Evaluating named entity extraction**

I’m considering whether we should duplicate ""Austro-Hungarian"". The instruction is to extract named entities, and we need to follow the specified JSON format closely. For ""Navy,"" it looks like it should be capitalized as it’s part of ""Austro-Hungarian Navy."" The entity should just be ""Austro-Hungarian Navy,"" without ""The"". Now about including ""Austro-Hungarian"" as a LOCATION—since it describes an empire and isn't used alone as a proper noun, it's probably not necessary to separate it. **Finalizing entity extraction**

The final answer should be formatted as: Entities: [{""text"": ""Austro-Hungarian Navy"", ""value"": ""ORGANIZATION""}]. I want to ensure the formatting remains consistent, using the label ""Entities"" exactly as specified. I’m also double-checking for any other classification that might fit. Even though ""protected cruisers"" could be seen as a PRODUCT, it’s too generic and not a specific named product. There aren't any specific classes provided, so I’ll keep the answer minimal and straightforward. Let's proceed!","Entities: [{""text"": ""Austro-Hungarian Navy"", ""value"": ""ORGANIZATION""}]","**Extracting entities from text**

I need to identify named entities from the text, considering types like ART, BUILDING, EVENT, LOCATION, ORGANIZATION, OTHER, PERSON, PRODUCT. The phrase mentions ""Austro-Hungarian Navy,"" which is clear as an ORGANIZATION, specifically a military one. ""Protected cruisers"" is just a common term, and “two classes” is generic. Although ""Austro-Hungarian"" might suggest a LOCATION, it primarily refers to the Navy. So, I’ll return the entity as a JSON object focusing on organization type.  

Entities: [{""text"": ""Austro-Hungarian Navy"", ""value"": ""ORGANIZATION""}].",derivation,modified with word derivations
"The B-52 aviator, Major Larry G.Messinger, later recalled,","The B-52 pilot, Major Larry G.Messinger, later recalled,","[{'text': 'B-52', 'value': 'PRODUCT'}, {'text': 'Larry G.Messinger', 'value': 'PERSON'}]","[{'B-52': 'PRODUCT'}, {'Larry G.Messinger': 'PERSON'}]","[{'B-52': 'PRODUCT'}, {'Major Larry G.Messinger': 'PERSON'}]","[{'B-52': 'PRODUCT'}, {'Major Larry G.Messinger': 'PERSON'}]",3,,"Entities: [{""text"": ""B-52"", ""value"": ""PRODUCT""}, {""text"": ""Major Larry G.Messinger"", ""value"": ""PERSON""}]",,"Entities: [{""text"": ""B-52"", ""value"": ""PRODUCT""}, {""text"": ""Major Larry G.Messinger"", ""value"": ""PERSON""}]",,derivation,modified with word derivations
"He has attracted the attention of major publications and media outlets such as CNN, The Huffington Post, Hypebeast, The Guardian, Juxtapoz Magazine, Daily Mail, NRDC, Aljazeera and Hi-Fructose Magazine.","He has caught the attention of major publications and media outlets such as CNN, The Huffington Post, Hypebeast, The Guardian, Juxtapoz Magazine, Daily Mail, NRDC, Aljazeera and Hi-Fructose Magazine.","[{'text': 'Aljazeera', 'value': 'ORGANIZATION'}, {'text': 'CNN', 'value': 'ORGANIZATION'}, {'text': 'Daily Mail, NRDC', 'value': 'ORGANIZATION'}, {'text': 'Hi-Fructose Magazine', 'value': 'ORGANIZATION'}, {'text': 'Hypebeast', 'value': 'ORGANIZATION'}, {'text': 'Juxtapoz Magazine', 'value': 'ORGANIZATION'}, {'text': 'The Guardian', 'value': 'ORGANIZATION'}, {'text': 'The Huffington Post', 'value': 'ORGANIZATION'}]","[{'CNN': 'ORGANIZATION'}, {'The Huffington Post': 'ORGANIZATION'}, {'Hypebeast': 'ORGANIZATION'}, {'The Guardian': 'ORGANIZATION'}, {'Juxtapoz Magazine': 'ORGANIZATION'}, {'Daily Mail, NRDC': 'ORGANIZATION'}, {'Aljazeera': 'ORGANIZATION'}, {'Hi-Fructose Magazine': 'ORGANIZATION'}]","[{'CNN': 'ORGANIZATION'}, {'The Huffington Post': 'ORGANIZATION'}, {'Hypebeast': 'ORGANIZATION'}, {'The Guardian': 'ORGANIZATION'}, {'Juxtapoz Magazine': 'ORGANIZATION'}, {'Daily Mail': 'ORGANIZATION'}, {'NRDC': 'ORGANIZATION'}, {'Aljazeera': 'ORGANIZATION'}, {'Hi-Fructose Magazine': 'ORGANIZATION'}]","[{'CNN': 'ORGANIZATION'}, {'The Huffington Post': 'ORGANIZATION'}, {'Hypebeast': 'ORGANIZATION'}, {'The Guardian': 'ORGANIZATION'}, {'Juxtapoz Magazine': 'ORGANIZATION'}, {'Daily Mail': 'ORGANIZATION'}, {'NRDC': 'ORGANIZATION'}, {'Aljazeera': 'ORGANIZATION'}, {'Hi-Fructose Magazine': 'ORGANIZATION'}]",7,,"Entities: [
  {""text"": ""CNN"", ""value"": ""ORGANIZATION""},
  {""text"": ""The Huffington Post"", ""value"": ""ORGANIZATION""},
  {""text"": ""Hypebeast"", ""value"": ""ORGANIZATION""},
  {""text"": ""The Guardian"", ""value"": ""ORGANIZATION""},
  {""text"": ""Juxtapoz Magazine"", ""value"": ""ORGANIZATION""},
  {""text"": ""Daily Mail"", ""value"": ""ORGANIZATION""},
  {""text"": ""NRDC"", ""value"": ""ORGANIZATION""},
  {""text"": ""Aljazeera"", ""value"": ""ORGANIZATION""},
  {""text"": ""Hi-Fructose Magazine"", ""value"": ""ORGANIZATION""}
]","**Finalizing entity recognition**

I'm thinking about edge cases. Some Named Entity Recognition (NER) systems might classify NRDC as an organization, which is good. I could argue that Aljazeera should be referred to as ""Al Jazeera,"" but I think it's best to keep the original string for clarity. It’s important to return the array in the same order as it appears in the text. So, I’ll finalize this approach!","Entities: [
  {""text"": ""CNN"", ""value"": ""ORGANIZATION""},
  {""text"": ""The Huffington Post"", ""value"": ""ORGANIZATION""},
  {""text"": ""Hypebeast"", ""value"": ""ORGANIZATION""},
  {""text"": ""The Guardian"", ""value"": ""ORGANIZATION""},
  {""text"": ""Juxtapoz Magazine"", ""value"": ""ORGANIZATION""},
  {""text"": ""Daily Mail"", ""value"": ""ORGANIZATION""},
  {""text"": ""NRDC"", ""value"": ""ORGANIZATION""},
  {""text"": ""Aljazeera"", ""value"": ""ORGANIZATION""},
  {""text"": ""Hi-Fructose Magazine"", ""value"": ""ORGANIZATION""}
]",,derivation,modified with word derivations
"He originated from Wellingborough, Northamptonshire, where he attended Victoria Junior School, Westfield Boys School and Sir Christopher Hatton School.","He was born in Wellingborough, Northamptonshire, where he attended Victoria Junior School, Westfield Boys School and Sir Christopher Hatton School.","[{'text': 'Northamptonshire', 'value': 'LOCATION'}, {'text': 'Sir Christopher Hatton School', 'value': 'ORGANIZATION'}, {'text': 'Victoria Junior School', 'value': 'ORGANIZATION'}, {'text': 'Wellingborough', 'value': 'LOCATION'}, {'text': 'Westfield Boys School', 'value': 'ORGANIZATION'}]","[{'Wellingborough': 'LOCATION'}, {'Northamptonshire': 'LOCATION'}, {'Victoria Junior School': 'ORGANIZATION'}, {'Westfield Boys School': 'ORGANIZATION'}, {'Sir Christopher Hatton School': 'ORGANIZATION'}]","[{'Wellingborough': 'LOCATION'}, {'Northamptonshire': 'LOCATION'}, {'Victoria Junior School': 'ORGANIZATION'}, {'Westfield Boys School': 'ORGANIZATION'}, {'Sir Christopher Hatton School': 'ORGANIZATION'}]","[{'Wellingborough': 'LOCATION'}, {'Northamptonshire': 'LOCATION'}, {'Victoria Junior School': 'ORGANIZATION'}, {'Westfield Boys School': 'ORGANIZATION'}, {'Sir Christopher Hatton School': 'ORGANIZATION'}]",11,,"Entities: [
  {""text"": ""Wellingborough"", ""value"": ""LOCATION""},
  {""text"": ""Northamptonshire"", ""value"": ""LOCATION""},
  {""text"": ""Victoria Junior School"", ""value"": ""ORGANIZATION""},
  {""text"": ""Westfield Boys School"", ""value"": ""ORGANIZATION""},
  {""text"": ""Sir Christopher Hatton School"", ""value"": ""ORGANIZATION""}
]",,"Entities: [{""text"": ""Wellingborough"", ""value"": ""LOCATION""}, {""text"": ""Northamptonshire"", ""value"": ""LOCATION""}, {""text"": ""Victoria Junior School"", ""value"": ""ORGANIZATION""}, {""text"": ""Westfield Boys School"", ""value"": ""ORGANIZATION""}, {""text"": ""Sir Christopher Hatton School"", ""value"": ""ORGANIZATION""}]",,derivation,modified with word derivations
"Somewhat concealed by the Ben Cruachan range, it is usually climbed in conjunction with its neighbour Beinn Eunaich.","Somewhat hidden away by the Ben Cruachan range, it is usually climbed in conjunction with its neighbour Beinn Eunaich.","[{'text': 'Beinn Eunaich', 'value': 'LOCATION'}, {'text': 'Ben Cruachan', 'value': 'LOCATION'}]","[{'Ben Cruachan': 'LOCATION'}, {'Beinn Eunaich': 'LOCATION'}]","[{'Ben Cruachan': 'LOCATION'}, {'Beinn Eunaich': 'LOCATION'}]","[{'Ben Cruachan range': 'LOCATION'}, {'Beinn Eunaich': 'LOCATION'}]",13,,"Entities: [{""text"": ""Ben Cruachan"", ""value"": ""LOCATION""}, {""text"": ""Beinn Eunaich"", ""value"": ""LOCATION""}]","**Extracting entities from text**

I need to extract named entities from the provided text about mountains. The relevant types are LOCATION and possibly ORGANIZATION. The key entities are ""Ben Cruachan,"" a mountain range, and ""Beinn Eunaich,"" another mountain. Both should certainly be classified as LOCATION. The goal is to format these into a JSON array while keeping the exact text spans. It sounds like ""Ben Cruachan"" is the named entity, and I need to include the range term as well. **Determining entity spans**

When extracting entity spans, I need to focus on the named aspect without including generic descriptors. The task instructs me to use spans as they appear in the text. Both ""Ben Cruachan range"" and ""Ben Cruachan"" are present, but I should only list ""Ben Cruachan"" as the entity. Since it's a mountain, it fits as a LOCATION. Similarly, I'll also categorize ""Beinn Eunaich"" as a LOCATION. I'll ensure the JSON syntax is correct for both entities. **Choosing the right substring**

I’m considering the phrase ""Ben Cruachan range"" and deciding that ""Ben Cruachan"" can be extracted as a substring. The instructions seem to imply that the ""text span"" is required to be contiguous. It appears that ""Ben Cruachan"" satisfies that requirement. So, I’ll go ahead and deliver that as the entity while ensuring it conforms to the instructed format.","Entities: [{""text"": ""Ben Cruachan range"", ""value"": ""LOCATION""}, {""text"": ""Beinn Eunaich"", ""value"": ""LOCATION""}]","**Extracting named entities**

I need to focus on extracting named entities from the provided text. The types I can look for include ART, BUILDING, EVENT, LOCATION, ORGANIZATION, OTHER, PERSON, PRODUCT. In this case, the text discusses mountains in Scotland: Ben Cruachan and Beinn Eunaich. Both of these qualify as LOCATION entities. I'm considering how to capture them properly in a JSON format with fields for ""text"" and ""value."" It seems there aren't any other relevant entities here. **Finalizing entity extraction**

I need to ensure the extracted text matches exactly what appears in the source while considering how named entities are typically handled. For ""Ben Cruachan range,"" it appears in the text, but the leading article ""the"" is usually excluded in Named Entity Recognition (NER). However, since I want to be certain and keep it aligned with the original phrase, I'll stick to ""Ben Cruachan range."" 

For ""Beinn Eunaich,"" that's straightforward too. I’ll return an array with both entities categorized correctly: Ben Cruachan range as LOCATION and Beinn Eunaich as LOCATION. **Finalizing entity output**

I’m ready to format the entities as requested. I’ll produce the array with the exact structure: ""Entities: [{""text"": ""Ben Cruachan range"", ""value"": ""LOCATION""}, {""text"": ""Beinn Eunaich"", ""value"": ""LOCATION""}]"". I want to pay attention to detail here, ensuring everything matches the user's prompt precisely, including the ""Entities:"" prefix. Conciseness is key, so I’ll make sure it’s clear and direct. Let’s deliver this as requested!",derivation,modified with word derivations
"The final season of minor league play Elkin Memorial Park witnessed season attendance of 16,322, an average of 299 per contest.","The final season of minor league play Elkin Memorial Park saw season attendance of 16,322, an average of 299 per contest.","[{'text': 'Elkin Memorial Park', 'value': 'LOCATION'}]",[{'Elkin Memorial Park': 'LOCATION'}],[{'Elkin Memorial Park': 'LOCATION'}],[{'Elkin Memorial Park': 'LOCATION'}],1,,"Entities: [{""text"": ""Elkin Memorial Park"", ""value"": ""LOCATION""}]","**Determining entity categorization**

I’m thinking about how to categorize ""Elkin Memorial Park."" While it's technically not a building like a structure, many NER sets would categorize it as a LOCATION. If given the option for ""FACILITY,"" that could work too, but it’s not available. Other terms like ""minor league"" or ""final season"" don’t fit. ""Elkin"" could refer to a city, but here it’s part of the park’s name. I'll go with LOCATION and produce a JSON array for it.","Entities: [{""text"": ""Elkin Memorial Park"", ""value"": ""LOCATION""}]","**Extracting named entities**

I need to extract named entities from the text, which can be of types like ART, BUILDING, EVENT, LOCATION, ORGANIZATION, OTHER, PERSON, PRODUCT. There's ""Elkin Memorial Park,"" which seems to fit as a LOCATION or BUILDING. It sounds like a park, probably where minor league games were held. Since parks are generally categorized as LOCATIONS, I'd go with that. ""Final season"" and other phrases might also be relevant, but need more details on those. **Formatting named entities**

I see that ""minor league"" isn't a named entity, and ""16,322"" is just a number—so those aren’t needed. The only proper noun here is ""Elkin Memorial Park."" I should classify it, but I’m considering whether it’s more of a BUILDING or LOCATION. Since it’s a park, it fits best as a LOCATION. So, I’ll return a JSON array formatted as: Entities: [{""text"": ""Elkin Memorial Park"", ""value"": ""LOCATION""}]. I need to keep that precise format! **Replicating entity format**

I have to replicate the provided format for extracted entities. The only entity found here is ""Elkin Memorial Park,"" so I’ll represent it as: Entities: [{""text"": ""Elkin Memorial Park"", ""value"": ""LOCATION""}]. I also need to ensure there's no trailing comma, and that the quotes match up properly. While I wonder if ""Elkin Memorial Park"" could be tagged as a BUILDING since it might be a venue, I think LOCATION fits better. So, I'll stick with that for my final answer.",derivation,modified with word derivations
The Cnidaria are a category of animals found exclusively in aquatic and mostly marine environments.,The Cnidaria are a group of animals found exclusively in aquatic and mostly marine environments.,"[{'text': 'Cnidaria', 'value': 'OTHER'}]",[{'Cnidaria': 'OTHER'}],[{'Cnidaria': 'OTHER'}],[{'Cnidaria': 'OTHER'}],8,,"Entities: [{""text"": ""Cnidaria"", ""value"": ""OTHER""}]","**Extracting named entities**

I need to extract named entities from the provided text. Some potential types are ART, BUILDING, EVENT, LOCATION, ORGANIZATION, OTHER, PERSON, and PRODUCT. The term ""Cnidaria"" is a taxonomic group rather than a standard entity type, but I can classify it as OTHER. While ""aquatic"" and ""marine environments"" are mentioned, those aren't classified as named entities. I’ll ensure that the output format is correct and captures the exact text span. **Finalizing entity extraction**

I’m considering how to tag ""Cnidaria"" in the text ""The Cnidaria are..."" but whether to include the ""The."" Generally, it's standard practice to exclude articles. The key is that ""Cnidaria"" exists in the original string. So, I'll format the output as: Entities: [{""text"": ""Cnidaria"", ""value"": ""OTHER""}]. I’ve also confirmed ""animals,"" ""aquatic,"" and ""marine environments"" aren't entities. I'll finalize that now!","[{""text"":""Cnidaria"",""value"":""OTHER""}]","**Producing JSON output**

I need to return a JSON list with one item. I reconsider if ""Cnidaria"" could be categorized as a location, but I'm thinking it can't. So, I'll produce: [{""text"":""Cnidaria"",""value"":""OTHER""}]. I wonder if I should include ""The Cnidaria."" However, since the instruction seems to focus on the entity itself, ""Cnidaria"" should be fine. I'll stick to the requested format and produce the final output precisely as asked.",derivation,modified with word derivations
"Jamil was engaged with the daughter of Khalid Bakdash, a Syrian politician who was the Secretary-General of the Syrian Communist Party and the first communist to be an elected member of an Arab parliament in 1954.","Jamil was married to the daughter of Khalid Bakdash, a Syria n politician who was the Secretary-General of the Syrian Communist Party and the first communist to be an elected member of an Arab parliament in 1954.","[{'text': 'Arab', 'value': 'LOCATION'}, {'text': 'Jamil', 'value': 'PERSON'}, {'text': 'Khalid Bakdash', 'value': 'PERSON'}, {'text': 'Syria', 'value': 'LOCATION'}, {'text': 'Syrian Communist Party', 'value': 'ORGANIZATION'}]","[{'Jamil': 'PERSON'}, {'Khalid Bakdash': 'PERSON'}, {'Syria': 'LOCATION'}, {'Syrian Communist Party': 'ORGANIZATION'}, {'Arab': 'LOCATION'}]","[{'Jamil': 'PERSON'}, {'Khalid Bakdash': 'PERSON'}, {'Syrian Communist Party': 'ORGANIZATION'}]","[{'Jamil': 'PERSON'}, {'Khalid Bakdash': 'PERSON'}, {'Syrian Communist Party': 'ORGANIZATION'}]",51,,"[
  {""text"": ""Jamil"", ""value"": ""PERSON""},
  {""text"": ""Khalid Bakdash"", ""value"": ""PERSON""},
  {""text"": ""Syrian Communist Party"", ""value"": ""ORGANIZATION""}
]","**Considering entity extraction**

I need to think through the guideline for how to identify entities like ""Syrian"" and ""Arab."" It seems they want text spans as they appear, but I'm unsure if using demonyms is correct in this context. Many tasks avoid them unless specified. Since ""text has been modified with word derivations,"" should I still extract them? I want to focus on recognizable named entities like persons, organizations, and locations, so I could consider ""Arab"" as an organization. **Evaluating entity classifications**

I'm analyzing how to treat terms like ""Arab parliament."" It seems to refer more generally to any Arab parliament rather than as a specific entity. I recognize the capitalized ""Arab Parliament"" is the legislative body of the Arab League, but in this context, it's lowercased, which might indicate it's not a proper noun. I should probably skip it.  

Looking at other terms, ""Secretary-General,"" ""Communist,"" and ""elected member"" might also not qualify as entities, while ""Syrian Communist Party"" is a proper noun. I think I can go with the following entities: Jamil as PERSON, Khalid Bakdash as PERSON, and Syrian Communist Party as ORGANIZATION, treating ""Syrian"" as LOCATION. **Analyzing entity inclusion**

I'm considering whether to include ""Arab"" as it's used as an adjective here, so it might not classify as a location. Maybe it could go under ""OTHER,"" but that doesn't feel quite right. For ""Syrian politician,"" I think I should include ""Syrian"" as a LOCATION. The task is to extract named entities, so I should focus on clear ones.

I plan to include ""Jamil,"" ""Khalid Bakdash,"" and ""Syrian Communist Party,"" and I’m contemplating adding ""Syrian"" as LOCATION, even though it might be viewed as a nationality instead. Ultimately, I think it’s safer to stick with just the three main entities for clarity. **Finalizing entity extraction**

I’m thinking about the JSON structure for the entities. I plan to include ""Jamil"" and ""Khalid Bakdash"" as PERSON entities, and ""Syrian Communist Party"" as an ORGANIZATION. For ""Syrian,"" I'm considering it as a LOCATION, but I need to be careful since it appears as an adjective in context and isn't explicitly labeled as ""Syria.""

I'd better skip ""Arab parliament"" because it might not fit correctly here, and I don't want to create duplicates. So, I think the safe selection would be to include just those clear entities: Jamil, Khalid Bakdash, and the Syrian Communist Party, while avoiding duplication or unclear categorization for ""Syrian."" **Finalizing JSON output**

I'm solidifying the final JSON for the entities. I’ve decided to stick with three entries: ""Jamil,"" ""Khalid Bakdash,"" and ""Syrian Communist Party"". Though I pondered adding ""Arab parliament"" as an ORGANIZATION, it’s likely not necessary.

I want to ensure the JSON format is correct, including square brackets and the proper structure with ""text"" and ""value"". I’m opting out of a trailing comma to keep it valid since that's typically the standard, even if the example included one. I’ll produce the output now!","[{""text"":""Jamil"",""value"":""PERSON""},{""text"":""Khalid Bakdash"",""value"":""PERSON""},{""text"":""Syrian Communist Party"",""value"":""ORGANIZATION""}]",,derivation,modified with word derivations
"The founder of Kōeido (the purveyors of Kibi dango) authored a travel guide in 1895, in which he asserted that Kibitsuhiko rolled with his own hand some kibi dango to give to Emperor Jimmu who stopped at Takayama Palace in Okayama.","The founder of K\u014deido (the purveyors of Kibi dango) authored a travel guide in 1895, in which he claimed that Kibitsuhiko rolled with his own hand some kibi dango to give to Emperor Jimmu who stopped at Takayama Palace in Okayama.","[{'text': 'Jimmu', 'value': 'PERSON'}, {'text': 'K\\u014deido', 'value': 'ORGANIZATION'}, {'text': 'Kibi dango', 'value': 'PRODUCT'}, {'text': 'Kibitsuhiko', 'value': 'ORGANIZATION'}, {'text': 'Okayama', 'value': 'LOCATION'}, {'text': 'Takayama Palace', 'value': 'BUILDING'}, {'text': 'kibi dango', 'value': 'PRODUCT'}]","[{'K\\u014deido': 'ORGANIZATION'}, {'Kibi dango': 'PRODUCT'}, {'Kibitsuhiko': 'ORGANIZATION'}, {'kibi dango': 'PRODUCT'}, {'Jimmu': 'PERSON'}, {'Takayama Palace': 'BUILDING'}, {'Okayama': 'LOCATION'}]","[{'Kōeido': 'ORGANIZATION'}, {'Kibi dango': 'PRODUCT'}, {'1895': 'OTHER'}, {'Kibitsuhiko': 'PERSON'}, {'Emperor Jimmu': 'PERSON'}, {'Takayama Palace': 'BUILDING'}, {'Okayama': 'LOCATION'}]","[{'Kōeido': 'ORGANIZATION'}, {'Kibi dango': 'PRODUCT'}, {'Kibitsuhiko': 'PERSON'}, {'Emperor Jimmu': 'PERSON'}, {'Takayama Palace': 'BUILDING'}, {'Okayama': 'LOCATION'}]",27,,"Entities: [
  {""text"": ""Kōeido"", ""value"": ""ORGANIZATION""},
  {""text"": ""Kibi dango"", ""value"": ""PRODUCT""},
  {""text"": ""1895"", ""value"": ""OTHER""},
  {""text"": ""Kibitsuhiko"", ""value"": ""PERSON""},
  {""text"": ""Emperor Jimmu"", ""value"": ""PERSON""},
  {""text"": ""Takayama Palace"", ""value"": ""BUILDING""},
  {""text"": ""Okayama"", ""value"": ""LOCATION""}
]","**Extracting named entities**

I need to extract named entities from the provided text, focusing on categories like ART, BUILDING, EVENT, LOCATION, ORGANIZATION, OTHER, PERSON, PRODUCT. For instance, ""Kōeido"" seems to be an organization, specifically a confectioner, so I'll categorize it as ORGANIZATION. ""Kibi dango"" is a product, specifically a type of dumpling, so that's definitely PRODUCT. As for ""1895,"" while it might represent an event, the provided types don't clearly categorize it, so it could be considered OTHER. It's a bit tricky without a date type! **Categorizing named entities**

I’m analyzing potential entity types and considering whether to classify ""1895"" as OTHER since it represents a date. Typical NER frameworks might not address dates directly. I think including ""1895"" might be safer as OTHER. 

Next, ""Kibitsuhiko"" is likely a PERSON since it refers to a legendary prince, and ""Emperor Jimmu"" is definitely another PERSON. ""Takayama Palace"" is a BUILDING, and ""Okayama"" represents a LOCATION. For ""travel guide,"" it doesn't specify a title, so it can't be categorized as ART. ""Kōeido"" is indeed an ORGANIZATION, though there may be variations in spelling. **Listing entities for extraction**

I’m settling on Kōeido as an organization for our entities list. We should definitely include ""Okayama"" as a location since it can refer to a city or prefecture. ""Takayama Palace"" is also a location within ""Okayama."" 

Now, ""Kibi dango"" appears twice, and while I typically would include each unique instance, I'll opt for conciseness and just list it once as the first mention. I’ll keep it as ""Kibi dango"" and not ""kibi dango."" I'm also pondering whether to include ""Kōeido (the purveyors of Kibi dango),"" as that note references the product. **Crafting the entities JSON**

I'm preparing to create a JSON array with the identified entities. Here's what I came up with:

- {""text"":""Kōeido"",""value"":""ORGANIZATION""}
- {""text"":""Kibi dango"",""value"":""PRODUCT""}
- {""text"":""1895"",""value"":""OTHER""} (this one is optional)
- {""text"":""Kibitsuhiko"",""value"":""PERSON""}
- {""text"":""Emperor Jimmu"",""value"":""PERSON""}
- {""text"":""Takayama Palace"",""value"":""BUILDING""}
- {""text"":""Okayama"",""value"":""LOCATION""}

I’m not including ""The founder of Kōeido"" since it doesn't specify a name, nor do we need “purveyors.” The ""travel guide"" isn't titled, so it won't be categorized as ART. I'll keep the original text spans to ensure case sensitivity. Here’s my final output format:

Entities: [{""text"":""Kōeido"",""value"":""ORGANIZATION""},{""text"":""Kibi dango"",""value"":""PRODUCT""},{""text"":""1895"",""value"":""OTHER""},{""text"":""Kibitsuhiko"",""value"":""PERSON""},{""text"":""Emperor Jimmu"",""value"":""PERSON""},{""text"":""Takayama Palace"",""value"":""BUILDING""},{""text"":""Okayama"",""value"":""LOCATION""}]","Entities: [
  {""text"": ""Kōeido"", ""value"": ""ORGANIZATION""},
  {""text"": ""Kibi dango"", ""value"": ""PRODUCT""},
  {""text"": ""Kibitsuhiko"", ""value"": ""PERSON""},
  {""text"": ""Emperor Jimmu"", ""value"": ""PERSON""},
  {""text"": ""Takayama Palace"", ""value"": ""BUILDING""},
  {""text"": ""Okayama"", ""value"": ""LOCATION""}
]",,derivation,modified with word derivations
"The film is based on the French chronicle ``L'affaire Clémenceau'', by Alexandre Dumas, fils, and is now considered to be lost.","The film is based on the French novel ``L'affaire Cl\u00e9menceau'', by Alexandre Dumas, fils, and is now considered to be lost.","[{'text': 'Alexandre Dumas', 'value': 'PERSON'}, {'text': 'French', 'value': 'OTHER'}]","[{'French': 'OTHER'}, {'Alexandre Dumas': 'PERSON'}]","[{""L'affaire Clémenceau"": 'ART'}, {'Alexandre Dumas, fils': 'PERSON'}]","[{""L'affaire Clémenceau"": 'ART'}, {'Alexandre Dumas, fils': 'PERSON'}]",104,,"[{""text"":""L'affaire Clémenceau"",""value"":""ART""},{""text"":""Alexandre Dumas, fils"",""value"":""PERSON""}]","**Extracting entities from text**

I’m looking to extract named entities from the given text, which includes different types like ART, BUILDING, EVENT, LOCATION, ORGANIZATION, and others. The film mentioned isn't specifically named, so I can't classify it. “French” might refer to a location but isn't an entity type here. ""L'affaire Clémenceau"" seems to be an ART, specifically a literary work, while ""Alexandre Dumas, fils"" is a person, indicating he is the son of the original Alexandre Dumas. **Finalizing entity extraction**

I need to include ""Alexandre Dumas, fils"" as a PERSON entity in the text. The term ""Clémenceau"" is part of the title ""L'affaire Clémenceau,"" so I won't tag it as a separate person unless it appears separately. While it might refer to Georges Clemenceau, it’s only within the title here, so I’ll leave it categorized with the ART. ""French"" doesn't fit any entity type, and ""The film"" isn't named, so I can't classify it as an entity either. Ultimately, the two entities are L'affaire Clémenceau (ART) and Alexandre Dumas, fils (PERSON). **Formatting entity output**

I need to create a JSON array like this: [{""text"": ""..."", ""value"": ""...""}]. It's important to keep quotes and punctuation intact, particularly for the title, which is shown as ``L'affaire Clémenceau''. However, entity text should be represented as it appears without surrounding quotes. The user wants ""entity text span"" extracted, and while prior tasks included exact spans with diacritics, guidance isn’t super explicit about it. I'll focus on keeping it clear, using just the title in the output. **Outputting named entities**

Many NER datasets focus on the exact substring, so I’ll include the title without the quotes. The phrase ""L'affaire Clémenceau"" features an accent, and I should definitely include it as is. For the person, I’ll include ""Alexandre Dumas, fils"" with the comma and space intact. The approach is to take the text inside the quotes for both the title and the person. I’ll output them like this without any extra commentary, ensuring the JSON formatting is correct. Here’s the final output:

[
  {""text"": ""L'affaire Clémenceau"", ""value"": ""ART""},
  {""text"": ""Alexandre Dumas, fils"", ""value"": ""PERSON""}
]","Entities: [{""text"": ""L'affaire Cl\u00e9menceau"", ""value"": ""ART""}, {""text"": ""Alexandre Dumas, fils"", ""value"": ""PERSON""}]",,derivation,modified with word derivations
"Petit-de-Grat Island is a Canadian island located off the coast of Cape Breton Island, in Richmond County, Nova Scotia.","Petit-de-Grat Island is a Canadian island off the coast of Cape Breton Island, in Richmond County, Nova Scotia.","[{'text': 'Canadian', 'value': 'LOCATION'}, {'text': 'Cape Breton Island', 'value': 'LOCATION'}, {'text': 'Nova Scotia', 'value': 'LOCATION'}, {'text': 'Petit-de-Grat Island', 'value': 'LOCATION'}, {'text': 'Richmond County', 'value': 'LOCATION'}]","[{'Petit-de-Grat Island': 'LOCATION'}, {'Canadian': 'LOCATION'}, {'Cape Breton Island': 'LOCATION'}, {'Richmond County': 'LOCATION'}, {'Nova Scotia': 'LOCATION'}]","[{'Petit-de-Grat Island': 'LOCATION'}, {'Cape Breton Island': 'LOCATION'}, {'Richmond County': 'LOCATION'}, {'Nova Scotia': 'LOCATION'}]","[{'Petit-de-Grat Island': 'LOCATION'}, {'Cape Breton Island': 'LOCATION'}, {'Richmond County': 'LOCATION'}, {'Nova Scotia': 'LOCATION'}]",129,,"Entities: [
  {""text"": ""Petit-de-Grat Island"", ""value"": ""LOCATION""},
  {""text"": ""Cape Breton Island"", ""value"": ""LOCATION""},
  {""text"": ""Richmond County"", ""value"": ""LOCATION""},
  {""text"": ""Nova Scotia"", ""value"": ""LOCATION""}
]","**Clarifying output requirements**

I’m noticing the instruction mentions avoiding special formatting, but they also provided a specific output shape with ""Entities: [ ... ]."" It seems we should align with their schema. I’m thinking we could format it as ""Entities: [{""text"": ""..."", ""value"": ""...""}]."" However, I’m considering the edge case of tagging ""Canadian"" as OTHER—I'm not sure if we should do that. Let’s just deliver it the way they asked!","Entities: [
  {""text"": ""Petit-de-Grat Island"", ""value"": ""LOCATION""},
  {""text"": ""Cape Breton Island"", ""value"": ""LOCATION""},
  {""text"": ""Richmond County"", ""value"": ""LOCATION""},
  {""text"": ""Nova Scotia"", ""value"": ""LOCATION""}
]","**Extracting named entities**

I need to extract named entities from the sentence about Petit-de-Grat Island. It includes several locations: Petit-de-Grat Island, Cape Breton Island, Richmond County, and Nova Scotia. Canada might also be relevant if I'm looking at the context. While ""Canadian"" is an adjective and not typically an entity, it can denote Canada. I’ll stick to extracting distinct entities like proper nouns and recognize the importance of including everything relevant. This will give me a comprehensive set of entities. **Formatting JSON for entities**

I realize that ""Canadian"" isn’t a standalone named entity, so I'll skip it. Instead, I need to create a JSON array that includes objects with ""text"" and ""value."" All values will be categorized as ""LOCATION."" 

I see that ""Petit-de-Grat Island,"" ""Nova Scotia,"" and ""Cape Breton Island"" all fit. I won’t include generic terms like ""coast"" or ""Canadian island."" I need to ensure that the JSON is correctly formatted, and replicate the structure the user has shown for the entity output. **Creating valid JSON for entities**

The user provided a format for entities, and it seems they want me to include the label ""Entities: ..."" exactly as shown. I know the platform often expects just the JSON array, but since they specified it, I’ll follow suit.

I need to ensure the JSON is valid without a trailing comma. So, I’ll create the JSON array with the labeled entities: ""Petit-de-Grat Island,"" ""Cape Breton Island,"" ""Richmond County,"" and ""Nova Scotia."" 

I’ll skip ""Canadian"" or ""Canada"" because they don't match the expected text spans, and I will finalize it without any heavy formatting. **Finalizing JSON output**

I'll focus on providing just the ""Entities"" in the JSON format without any additional labels or types that aren't necessary. Since the entity type ""OTHER"" exists but isn't required for this case, I won't include it. 

The final output will contain only the relevant entities formatted correctly as JSON. This keeps things clean and aligned with what the user needs, so I'll go ahead and present that directly.",derivation,modified with word derivations
In 2019 he got a ``cum laude'' PhD at Politecnico di Milano with the publication:`` Hybrid Modular Architecture: a strategic framework of building innovation for emerging housing behaviors in urban contexts.,In 2019 he got a ``cum laude'' PhD at Politecnico di Milano with the thesis:`` Hybrid Modular Architecture: a strategic framework of building innovation for emerging housing behaviors in urban contexts `.,"[{'text': 'Hybrid Modular Architecture: a strategic framework of building innovation for emerging housing behaviors in urban contexts', 'value': 'ART'}, {'text': 'PhD', 'value': 'OTHER'}, {'text': 'Politecnico di Milano', 'value': 'ORGANIZATION'}]","[{'PhD': 'OTHER'}, {'Politecnico di Milano': 'ORGANIZATION'}, {'Hybrid Modular Architecture: a strategic framework of building innovation for emerging housing behaviors in urban contexts': 'ART'}]","[{'Politecnico di Milano': 'ORGANIZATION'}, {'Milano': 'LOCATION'}, {'Hybrid Modular Architecture: a strategic framework of building innovation for emerging housing behaviors in urban contexts': 'ART'}]","[{'Politecnico di Milano': 'ORGANIZATION'}, {'Hybrid Modular Architecture: a strategic framework of building innovation for emerging housing behaviors in urban contexts': 'ART'}]",138,,"Entities: [
  {""text"": ""Politecnico di Milano"", ""value"": ""ORGANIZATION""},
  {""text"": ""Milano"", ""value"": ""LOCATION""},
  {""text"": ""Hybrid Modular Architecture: a strategic framework of building innovation for emerging housing behaviors in urban contexts"", ""value"": ""ART""}
]","**Processing named entities**

I’m considering how many named entity recognition (NER) tasks include locations, even within organization names. For the prompt “Extract named entities from the text,” I think it’s important to include ""Milano"" as a recognized location. But I wonder about avoiding double counting—although the prompt doesn’t specify that duplicates should be avoided, so it should be fine.

I should also double-check for proper punctuation, as I think there may be a missing closing quote. As for ""Politecnico di Milano,"" I’ll include it as an organization, but ""urban contexts"" doesn’t fit that criteria and neither does ""PhD."" **Finalizing entity output**

I'm preparing the final output for the identified entities. I’ll include ""Politecnico di Milano"" as an organization, ""Milano"" as a location, and the full title ""Hybrid Modular Architecture: a strategic framework of building innovation for emerging housing behaviors in urban contexts"" as art. 

I should also consider including ""Hybrid Modular Architecture"" on its own, but since it's part of the title, I’ll stick with the full title. I'll make sure to format it correctly, escaping any inner quotes as needed. Let's finalize that structure!","Entities: [
  {""text"": ""Politecnico di Milano"", ""value"": ""ORGANIZATION""},
  {""text"": ""Hybrid Modular Architecture: a strategic framework of building innovation for emerging housing behaviors in urban contexts"", ""value"": ""ART""}
]",,derivation,modified with word derivations
"They concluded the season 14–19, 9–9 in C-USA play to finish in seventh place.","They finished the season 14\u201319, 9\u20139 in C-USA play to finish in seventh place.","[{'text': 'C-USA play', 'value': 'EVENT'}]",[{'C-USA play': 'EVENT'}],[{'C-USA': 'ORGANIZATION'}],[{'C-USA': 'ORGANIZATION'}],2,,"Entities: [{""text"": ""C-USA"", ""value"": ""ORGANIZATION""}]","**Clarifying JSON output**

I need to format the output as specified for entities. It looks like they want one entity to be listed in a JSON array, and it has to look exactly like this: Entities: [{""text"": ""entity text span"", ""value"": ""entity type""},]. 

However, there's a question about whether to include a trailing comma. Typically, valid JSON doesn’t allow that, but the example they provided does have one. I think it’s safer to leave it out to ensure the JSON remains valid. I'll stick with valid JSON. **Finalizing entity format**

I need to ensure the output fits the required structure, so it’ll be: Entities: [{""text"":""C-USA"",""value"":""ORGANIZATION""}]. I’m also wondering if “C-USA play” could be considered an EVENT since it refers to conference play, but the only named entity here is ""C-USA."" 

Another thing to note is the hyphen in “C–USA,” but I’ll stick to ""C-USA"" for consistency. It seems best to finalize the simple entity as is.","Entities: [{""text"": ""C-USA"", ""value"": ""ORGANIZATION""}]","**Extracting named entities**

I need to extract named entities from the provided text. Here, ""C-USA"" refers to Conference USA, recognized as an organization or collegiate athletic conference. The term ""season"" isn't an entity, and the numbers and standings don't count either. I confirm that ""C-USA"" fits as an ORGANIZATION. There are no events, products, persons, or locations involved. So, I'll format my output as a JSON array with the entity for C-USA. It looks like this: Entities: [{""text"":""C-USA"",""value"":""ORGANIZATION""}].",derivation,modified with word derivations
"Perhaps the best known Ward LaFrance product was the P-80 ``Ambassador'' version of pumper, one of which was donated as product placement by the company to be used as the fictional Los Angeles County Fire Department Engine 51 on the 1970s television program`` Emergency!","Perhaps the best known Ward LaFrance product was the P-80 ``Ambassador'' model of pumper, one of which was donated as product placement by the company to be used as the fictional Los Angeles County Fire Department Engine 51 on the 1970s television program`` Emergency!","[{'text': 'Los Angeles County Fire Department Engine 51', 'value': 'ORGANIZATION'}, {'text': ""P-80 ``Ambassador''"", 'value': 'PRODUCT'}, {'text': 'Ward LaFrance', 'value': 'ORGANIZATION'}]","[{'Ward LaFrance': 'ORGANIZATION'}, {""P-80 ``Ambassador''"": 'PRODUCT'}, {'Los Angeles County Fire Department Engine 51': 'ORGANIZATION'}]","[{'Ward LaFrance': 'ORGANIZATION'}, {'P-80 ""Ambassador""': 'PRODUCT'}, {'Los Angeles County Fire Department': 'ORGANIZATION'}, {'Los Angeles County': 'LOCATION'}, {'Engine 51': 'PRODUCT'}, {'Emergency!': 'ART'}]","[{'Ward LaFrance': 'ORGANIZATION'}, {""P-80 ``Ambassador''"": 'PRODUCT'}, {'Los Angeles County Fire Department': 'ORGANIZATION'}, {'Engine 51': 'PRODUCT'}, {'Los Angeles County': 'LOCATION'}, {'Emergency!': 'ART'}]",19,,"Entities: [
  {""text"": ""Ward LaFrance"", ""value"": ""ORGANIZATION""},
  {""text"": ""P-80 \""Ambassador\"""", ""value"": ""PRODUCT""},
  {""text"": ""Los Angeles County Fire Department"", ""value"": ""ORGANIZATION""},
  {""text"": ""Los Angeles County"", ""value"": ""LOCATION""},
  {""text"": ""Engine 51"", ""value"": ""PRODUCT""},
  {""text"": ""Emergency!"", ""value"": ""ART""}
]","**Structuring entity data**

I’m considering how to organize this information clearly. Adding something that duplicates ""Engine 51"" isn't the best idea, so maybe I should label ""Los Angeles County Fire Department Engine 51"" as OTHER or PRODUCT for precision. To avoid duplicates, I'll keep ""Engine 51"" as the product and the department separately. I'll structure the output as ""Entities: [{""text"": ""entity text span"", ""value"": ""entity type""},]"" to match the request, ensuring quotes are formatted properly. Time to finalize that!","[{""text"":""Ward LaFrance"",""value"":""ORGANIZATION""},{""text"":""P-80 ``Ambassador''"",""value"":""PRODUCT""},{""text"":""Los Angeles County Fire Department"",""value"":""ORGANIZATION""},{""text"":""Engine 51"",""value"":""PRODUCT""},{""text"":""Los Angeles County"",""value"":""LOCATION""},{""text"":""Emergency!"",""value"":""ART""}]","**Extracting named entities**

I need to extract named entities from the provided text using specified categories like ART, BUILDING, EVENT, LOCATION, ORGANIZATION, OTHER, PERSON, PRODUCT. The text mentions the Ward LaFrance company, which falls under ORGANIZATION, and the P-80 ""Ambassador,"" recognized as a PRODUCT. It's important to treat ""P-80 Ambassador"" as a single entity rather than separating its components. I'll ensure to format the output as a JSON array with ""text"" and ""value"" attributes for each entity. **Identifying entities accurately**

I need to maintain consistency in the text when extracting entities, especially for ""P-80 Ambassador,"" which I'll format as ""P-80 `Ambassador`"" to reflect the exact text. The entity ""Los Angeles County Fire Department"" is clearly an ORGANIZATION. Regarding ""Engine 51,"" while it's a vehicle, in this context, it represents a fictional fire engine name from the TV show, so it might fit as OTHER or PRODUCT. I’ll finalize how to classify it, ensuring the categorization remains precise. **Classifying entities carefully**

I’m considering the classification for ""Engine 51."" Since it’s a fictional truck used in a show, I'll categorize it as OTHER rather than PRODUCT since it's not a product name, just a unit designation. Now, for ""Emergency!""—this title represents a television program, which fits under ART. I need to extract it exactly as it appears in the text, which is ""Emergency!"" with the correct formatting. I should stick to the exact wording, keeping in mind the instructions for the text span. **Deciding on entity classifications**

I’ve concluded to classify ""Emergency!"" as ART since it's a television program. For ""Los Angeles County,"" I notice it can be categorized both as part of the organization and as a LOCATION. The text mentions ""fictional Los Angeles County Fire Department Engine 51,"" so perhaps I can extract ""Los Angeles County"" as a location too. Typically, named entity recognition keeps these overlaps in mind, but since the instructions aren't clear on overlapping, I'll lean towards marking the organization while also noting ""Los Angeles County"" as a LOCATION. **Finalizing entity list**

I’ve decided to include both the organization and location entities. For ""Engine 51,"" while it's a unique unit and not a product model, I'm labeling it as PRODUCT since it refers to a manufactured fire engine. ""Ward LaFrance"" is confirmed as an ORGANIZATION, and ""P-80 `Ambassador`"" will be labeled as PRODUCT. The show ""Emergency!"" is categorized as ART. I’ll organize the final JSON output following the appearance order. Here’s my final list of entities to deliver:

[
  {""text"":""Ward LaFrance"",""value"":""ORGANIZATION""},
  {""text"":""P-80 ``Ambassador''"",""value"":""PRODUCT""},
  {""text"":""Los Angeles County Fire Department"",""value"":""ORGANIZATION""},
  {""text"":""Engine 51"",""value"":""PRODUCT""},
  {""text"":""Los Angeles County"",""value"":""LOCATION""},
  {""text"":""Emergency!"",""value"":""ART""}
]",derivation,modified with word derivations
Elin Hilderbrand is an American writer mostly of romance fiction.,Elin Hilderbrand is an American writer mostly of romance novels.,"[{'text': 'American', 'value': 'LOCATION'}, {'text': 'Elin Hilderbrand', 'value': 'PERSON'}]","[{'Elin Hilderbrand': 'PERSON'}, {'American': 'LOCATION'}]",[{'Elin Hilderbrand': 'PERSON'}],[{'Elin Hilderbrand': 'PERSON'}],5,,"Entities: [{""text"": ""Elin Hilderbrand"", ""value"": ""PERSON""}]",,"[{""text"":""Elin Hilderbrand"",""value"":""PERSON""}]",,derivation,modified with word derivations
Victor Cristaldo (born 10 May 1967) is a retired Argentine-native Australian professional footballer of Paraguayan descent.,Victor Cristaldo (born 10 May 1967) is a retired Argentine -born Australia n professional footballer of Paraguay an descent.,"[{'text': 'Argentine', 'value': 'LOCATION'}, {'text': 'Australia', 'value': 'LOCATION'}, {'text': 'Paraguay', 'value': 'LOCATION'}, {'text': 'Victor Cristaldo', 'value': 'PERSON'}]","[{'Victor Cristaldo': 'PERSON'}, {'Argentine': 'LOCATION'}, {'Australia': 'LOCATION'}, {'Paraguay': 'LOCATION'}]","[{'Victor Cristaldo': 'PERSON'}, {'Argentine-native': 'LOCATION'}, {'Australian': 'LOCATION'}, {'Paraguayan': 'LOCATION'}]","[{'Victor Cristaldo': 'PERSON'}, {'Argentine': 'LOCATION'}, {'Australia': 'LOCATION'}, {'Paraguay': 'LOCATION'}]",16,,"Entities: [
  {""text"": ""Victor Cristaldo"", ""value"": ""PERSON""},
  {""text"": ""Argentine-native"", ""value"": ""LOCATION""},
  {""text"": ""Australian"", ""value"": ""LOCATION""},
  {""text"": ""Paraguayan"", ""value"": ""LOCATION""}
]","**Finalizing output for NER tasks**

I'm thinking that typical Named Entity Recognition (NER) tasks usually omit certain details, but they often clearly include types like DATE when they're intended. I believe it’s better to just leave it out completely this time. I want to ensure the Entities key has a JSON array. Also, I’m considering whether ""Argentine-native Australian"" represents two nationalities and if ""Australian"" might get double-counted. I’ll finalize the output now!","[{""text"":""Victor Cristaldo"",""value"":""PERSON""},{""text"":""Argentine"",""value"":""LOCATION""},{""text"":""Australia"",""value"":""LOCATION""},{""text"":""Paraguay"",""value"":""LOCATION""}]","**Evaluating entity recognition**

I’m thinking about how NER tasks usually choose exact tokens in the text. For ""Australia,"" it appears as a substring, and I can accept it that way.  

With ""Paraguay,"" the text has ""Paraguay an,"" which suggests ""Paraguayan,"" but I should pick ""Paraguay.""  

Now regarding ""10 May 1967,"" I wonder if it should be categorized as EVENT or OTHER, but since there’s no type for DATE, I might just ignore it.  

Lastly, ""Argentine"" might be tricky — it's commonly used as an adjective but refers back to Argentina. Do we classify it as LOCATION? **Determining entity types**

I'm assessing how to categorize various terms based on their ambiguity. I can safely include ""Victor Cristaldo"" as a PERSON and both ""Australia"" and ""Paraguay"" as LOCATIONS.  

Now, for ""Argentine,"" I’m contemplating if it should be LOCATION or OTHER. It references nationality, so I’ll classify it as LOCATION. When I see ""Paraguayan descent,"" I’ll extract ""Paraguay"" as LOCATION too.  

As for the date ""10 May 1967,"" there’s no specific DATE type, but I can still consider it as OTHER. Just wary that they might not want dates. **Categorizing entities for JSON**

I'm looking at the prompt regarding possible entity types, especially concerning whether to include dates as OTHER. Usually, DATE isn't a named entity, so I think I’ll leave it out for this case.  

For the phrase ""Australia n professional footballer of Paraguayan descent,"" which deals with nationalities, I’ll produce a JSON array like this:  
- {""text"":""Victor Cristaldo"",""value"":""PERSON""}  
- {""text"":""Argentine"",""value"":""LOCATION""}  
- {""text"":""Australia"",""value"":""LOCATION""}  
- {""text"":""Paraguay"",""value"":""LOCATION""}  

I’ll stick to ""Australia"" and ""Paraguay"" for clarity, but I need to ensure that I'm using the exact spans as they appear in the text for accuracy. **Extracting entities accurately**

I realize that ""Australia n"" itself isn't a correct named entity, though it appears in the original text. It's a bit tricky since I need to consider the proper entity words, which are ""Australia"" and ""Paraguay."" Many extraction tasks handle this kind of situation well.  

I could mention ""Australian"" as a nationality, but it doesn’t fit neatly here, so I’ll just focus on extracting the country names. Also, I won't classify ""Australia n professional footballer"" as a valid entity. I'll keep the formatting minimal and return the JSON array!",derivation,modified with word derivations
