original_dialog,modified_dialog,modified_label,original_label,modified_pred,original_pred,raw_output,reasoning,original_raw_output,original_reasoning,type,id
"agent 0: Oh really? what kind of effects does it have? I am all for benefits! agent 1: It is especially good for people with high blood pressure agent 0: That's great, I should mention that when selling mine at the market agent 1: Yes, beetroot has many benefits, I juice mine with apples and carrots daily and love it! agent 0: That sounds really good. Do you ever add any spices or anything? agent 1: Not really mostly lemons, kale or greens of some kind. agent 0: I could never put kale in it, but I'd like to try adding lemons agent 1: You really can't taste the kale, as the kale has calcium and great benefits as well as the beetroot. agent 0: No kale for me, but if you enjoy it that's great! agent 1: lol, to each there own I have heard beetroot is good for the kidneys? agent 0: Yeah, probably helps circulation quite a bit.","agent 0: Oh really? what kind of effects does it have? I am all for benefits! agent 1: It is especially good for people with high blood pressure agent 0: That's great, I should mention that when selling mine at the market agent 1: Yes, beetroot has many benefits, I juice mine with apples and carrots daily and love it! agent 0: That sounds really good. Do you ever add any spices or anything? agent 1: Not really mostly lemons, kale or greens of some kind. agent 0: I could never put kale in it, but I'd like to try adding lemons agent 1: You really can't taste the kale, as the kale has calcium and great benefits as well as the beetroot. agent 0: No kale for me, but if you enjoy it that's great! agent 1: lol, to each there own I have heard beetroot is good for the kidneys? agent 0: Yeah, probably helps circulation, quite a bit.",0,0,0,0,0,"**Evaluating context consistency**

I need to figure out if the last statement made by agent 0, about it helping circulation, contradicts anything mentioned before. It’s important to ensure that everything flows well together, so I'll carefully review earlier comments to check for any inconsistencies. This way, I can provide a clear and accurate response without confusion. I'll take a moment to go through it all to confirm if it's aligned with the previous context. **Restating conversation summary**

I'm breaking down the conversation: agent 0 asks about health effects, and agent 1 mentions beetroot benefits, especially for high blood pressure. Agent 0 responds positively and asks about spices. Agent 1 explains they primarily use lemons and greens, and while agent 0 expresses reluctance to try kale, they’re open to adding lemons. Agent 1 reassures them that the kale's flavor is subtle and beneficial, but agent 0 prefers to skip it. Finally, agent 1 suggests beetroot may support kidney health, to which agent 0 agrees it likely aids circulation. **Confirming statement consistency**

The last statement, ""probably helps circulation,"" aligns well with the benefits of beetroot, particularly regarding high blood pressure and kidney health. I’m confirming there are no contradictions here. Agent 1 mentioned beetroot's advantages and kale’s calcium benefits, while agent 0 explicitly refused kale. The final comment doesn't address kale at all, which means it doesn’t contradict anything. So, I conclude there’s consistency throughout the conversation, and I’ll just return ""0.""",0,,addition,0
agent 0: I recently joined a group to help me lose weight. I have so much respect and admire everyone in that group so much. agent 1: Good luck! My sister-in-law has been with weight watchers for a while now. She loves the camaraderie and how everyone encourages each other. agent 0: It has really helped to have their support. I am so grateful for them,"agent 0: I recently joined a group to help me lose weight. I have so much respect and admire everyone in that group so much. agent 1: Good luck! My sister-in-law has been with weight watchers for a while now. She loves the camaraderie and how everyone encourages each other. agent 0: It has really helped, to have their support. I am so grateful for them",0,0,0,0,0,,0,"**Assessing dialogue consistency**

I’m checking if the last statement contradicts the dialogue context. The last utterance is from agent 0: “It has really helped to have their support. I am so grateful for them.” This aligns with earlier interactions, where agent 0 shows respect and admiration for the group, and agent 1 talks about support and encouragement. So, there’s no contradiction here. I’m confirming that the answer is consistent!",addition,1
"agent 0: I had my 20th class reunion last year agent 1: that sounds exciting. Did a lot of people show? agent 0: No. Very few of us showed. It was fun anyway. agent 1: I had my 20th class Reunion a few years ago. Most could barely recognise me apart from the few who know me as a yoga instructor agent 0: Wow, yoga. I love yoga, but I'm a beginner. You must have looked great. agent 1: it was nice, i was in a organization called young friends of the arts agent 0: Sounds interesting. I'm not into the arts. I enjoy training dogs. agent 1: I like dogs. I wrote a poem about my Dog. It even got published agent 0: Yoga and writing. Nice. I have a headache. I need a Coke for the caffiene. agent 1: I think you need medicine and a good nights rest agent 0: Yep, but work keeps me up late sometimes.","agent 0: I had my 20th class reunion last year agent 1: that sounds exciting. Did a lot of people show? agent 0: No. Very few of us showed. It was fun anyway. agent 1: I had my 20th class Reunion a few years ago. Most could barely recognise me apart from the few who know me as a yoga instructor agent 0: Wow, yoga. I love yoga, but I'm a beginner. You must have looked great. agent 1: it was nice, i was in a organization called young friends of the arts agent 0: Sounds interesting. I'm not into the arts. I enjoy training dogs. agent 1: I like dogs. I wrote a poem about my Dog. It even got published agent 0: Yoga and writing. Nice. I have a headache. I need a Coke for the caffiene. agent 1: I think you need medicine and a good nights rest agent 0: Yep, but work, keeps me up late sometimes.",0,0,0,0,0,,0,,addition,2
agent 0: One of the hardest times in my life was when I had to leave my husband and daughter when I went through a divorce. agent 1: I am so sorry. I can't imagine what you must have went through. agent 0: I felt like I had no one. The two people I loved most in life I barely saw and was disconnected from. agent 1: That must have been really hard.,"agent 0: One of the hardest times in my life was when I had to leave my husband and daughter when I went through a divorce. agent 1: I am so sorry. I can't imagine what you must have went through. agent 0: I felt like I had no one. The two people I loved most in life I barely saw and was disconnected from. agent 1: That must have been, really hard.",0,0,0,0,0,,0,,addition,3
agent 0: hello i'm a 56 year old lady with two children. agent 1: that's cool i'm a male i have no kids. agent 0: i wish my children would visit more often. agent 1: i bet so. i used to drink alot. agent 0: that is okay. i want to take over the world in my dreams! agent 1: my medicine makes me act weird sometimes. agent 0: i used to paint and would need to stop taking my meds to do a big job. agent 1: i understand. i like the city. agent 0: i am currently a cleaning lady and do alot of work in the city. agent 1: that sounds fun and interesting. agent 0: it is. what do you do? agent 1: i work on construction right now.,"agent 0: hello i'm a 56 year old lady with two children. agent 1: that's cool i'm a male i have no kids. agent 0: i wish my children would visit more often. agent 1: i bet so. i used to drink alot. agent 0: that is okay. i want to take over the world in my dreams! agent 1: my medicine makes me act weird sometimes. agent 0: i used to paint and would need to stop taking my meds to do a big job. agent 1: i understand. i like the city. agent 0: i am currently a cleaning lady and do alot of work in the city. agent 1: that sounds fun and interesting. agent 0: it is. what do you do? agent 1: i work on construction, right now.",0,0,0,0,0,,0,,addition,4
"agent 0: I was really lonely and depressed at one point, and I had a dinner date with a potato I put googly eyes on. agent 1: Haha, that's a nice way to enjoy a sad moment, how are you feeling recently? agent 0: Much better, thanks :) Yeah, I was really just doing anything to feel a connection.","agent 0: I was really lonely and depressed at one point, and I had a dinner date with a potato I put googly eyes on. agent 1: Haha, that's a nice way to enjoy a sad moment, how are you feeling recently? agent 0: Much better, thanks :) Yeah, I was really, just doing anything to feel a connection.",0,0,0,0,0,,0,0,addition,5
"agent 0: About to open a restaurant with my friend. I hope it goes well. agent 1: Oh yeah? What is going to be your hallmark meal? agent 0: I have to think about that, not sure yet. Any suggestions? agent 1: i don't know... maybe pizza? agent 0: Yeah! why not. It is not that hard and I have done it in the past. thanks agent 1: what kind of restaurant do you want? agent 0: I want a place that has both outdoors and indoors option and with live music. agent 1: That is good to hear I would enjoy a night with some great music.","agent 0: About to open a restaurant with my friend. I hope it goes well. agent 1: Oh yeah? What is going to be your hallmark meal? agent 0: I have to think about that, not sure yet. Any suggestions? agent 1: i don't know... maybe pizza? agent 0: Yeah! why not. It is not that hard and I have done it in the past. thanks agent 1: what kind of restaurant do you want? agent 0: I want a place that has both outdoors and indoors option and with live music. agent 1: That is good to hear, I would enjoy a night with some great music.",0,0,0,0,0,"**Evaluating dialogue consistency**

I'm reflecting on whether the last statement contradicts the context of the conversation. Agent 1's comment about enjoying a night with great music aligns with agent 0's request for a restaurant offering both indoor and outdoor settings with live music. Since both statements support each other, I see no contradiction. I'll finalize this by confirming there's a positive tone in the dialogue as well. Everything checks out, so I'll simply return a single digit.",0,"**Evaluating dialogue consistency**

I'm considering whether the last utterance contradicts the dialogue context. It seems the last utterance is ""Answer,"" and the conversation ends with an agreement about enjoying a night with great music. Agent 0 mentioned wanting a place with both outdoor and indoor options along with live music, and Agent 1 responded positively about great music, which aligns with Agent 0's request. So, I conclude there’s no contradiction here and return 0.",addition,6
"agent 0: have you ever watched gymnastics? It's a sport that requires balance strength flexibility and agility. I do not have that skill set haha agent 1: Oh gosh, me either! But I love watching gymnastics during the Olympics. Those athletes are incredible! agent 0: They are so good!! Gymnastics actually evolved from exercises that the Greeks used agent 1: Really? The Greeks were flipping over bars 10 times rapidly for fun? I didn't know that! agent 0: haha not bars no! But it actually came from them doing drills on mounting horses and circus performance! agent 1: That's really interesting! I can see how modern gymnastics evolved over time. agent 0: Yeah! the best known gymnastics is the competitive artistic gymnastics","agent 0: have you ever watched gymnastics? It's a sport that requires balance strength flexibility and agility. I do not have that skill set haha agent 1: Oh gosh, me either! But I love watching gymnastics during the Olympics. Those athletes are incredible! agent 0: They are so good!! Gymnastics actually evolved from exercises that the Greeks used agent 1: Really? The Greeks were flipping over bars 10 times rapidly for fun? I didn't know that! agent 0: haha not bars no! But it actually came from them doing drills on mounting horses and circus performance! agent 1: That's really interesting! I can see how modern gymnastics evolved over time. agent 0: Yeah! the best known gymnastics, is the competitive artistic gymnastics",0,0,0,0,0,"I’m checking for consistency in my earlier statements. I mentioned that gymnastics evolved from ancient Greek practices and later from drills for horse mounting and circus performances. It seems like there’s no contradiction between these points. The last statement fits with the historical context of gymnastics, so I don’t think there’s an issue. I’ll finalize my output as just “0.”",0,"**Evaluating dialogue context**

I'm checking the last statement in the dialogue to see if it contradicts the earlier context. The last utterance is about competitive artistic gymnastics being the best known form. We previously talked about the Olympics and the evolution of gymnastics from Greek exercises and circus performance, but we didn’t specify which form is the best known. The last statement makes sense since artistic gymnastics is the most recognized discipline. So, there’s no contradiction here. I’ll confirm that the answer is 0.",addition,7
"agent 0: hello, i'm just finishing my mexican food. i apologize for my rudeness. agent 1: no worries. i'm listening to some country music with my cow bessie agent 0: oh i would love to see your cow agent 1: i drive a large pickup so i could haul her to where you live to show you agent 0: that's sweet of you to offer! i work in construction and get sent many places. agent 1: i just stay at home working on mom and dads farm so i'd like an adventure agent 0: well, we can meet up. tell me when! agent 1: i'll have to check with my parents but maybe next thursday agent 0: that sounds wonderful! what is your favorite music? agent 1: country all the way! its all i listen to. you? agent 0: well, i'm a big aerosmith fan, but i also like country. agent 1: aerosmith is not bad but i love country so much agent 0: me too. they play it at the nascar races that i attend. agent 1: i am a nascar fan too!","agent 0: hello, i'm just finishing my mexican food. i apologize for my rudeness. agent 1: no worries. i'm listening to some country music with my cow bessie agent 0: oh i would love to see your cow agent 1: i drive a large pickup so i could haul her to where you live to show you agent 0: that's sweet of you to offer! i work in construction and get sent many places. agent 1: i just stay at home working on mom and dads farm so i'd like an adventure agent 0: well, we can meet up. tell me when! agent 1: i'll have to check with my parents but maybe next thursday agent 0: that sounds wonderful! what is your favorite music? agent 1: country all the way! its all i listen to. you? agent 0: well, i'm a big aerosmith fan, but i also like country. agent 1: aerosmith is not bad but i love country so much agent 0: me too. they play it at the nascar races that i attend. agent 1: i am a nascar fan, too!",0,0,0,0,0,"**Verifying statements**

I need to double-check for any contradictions. Earlier, agent 1 mentioned they prefer staying home, yet said they’d love an adventure and propose driving to meet next Thursday. It turns out there's no contradiction here. The NASCAR fan statement is consistent with their desires. So, I can confidently return just 0 as the conclusion. It's all making sense now!",0,"**Analyzing dialogue consistency**

I’m evaluating whether the last statement, “I am a NASCAR fan too!” from agent 1, contradicts the previous context. Agent 0 mentioned attending NASCAR races, which suggests they have an interest in this sport. Agent 1's love for country music and farm work doesn't seem to conflict with being a NASCAR fan. Their earlier comment about staying at home doesn't rule that out either. Overall, everything aligns, so I’ll conclude with a result of 0.",addition,8
"agent 0: I really miss living in Montreal, it was a fun city agent 1: I love Canada, do you speak French? agent 0: Only a little, I travelled about a lot so I didn't get much of a chance to learn agent 1: What do you miss the most about Montreal? agent 0: The people, definitely. Everyone I met was so lovely. Have you been? agent 1: No. I have always wanted to go. I have only been inside of Canada once and that was at Niagra Falls. agent 0: Niagara Falls is lovely!! If you could go anywhere, where would you go? agent 1: I have wanted to visit Germany. However, I also dream of going to Hawaii one day as well. How about you? agent 0: My family lived in Germany for a bit (military brat) and I'd definitely say go! It's such a beautiful country. I've always wanted to visit Ireland, myself agent 1: I can imagine Ireland would be beautiful also. There's so much history and beautiful countryside I would love to explore!","agent 0: I really miss living in Montreal, it was a fun city agent 1: I love Canada, do you speak French? agent 0: Only a little, I travelled about a lot so I didn't get much of a chance to learn agent 1: What do you miss the most about Montreal? agent 0: The people, definitely. Everyone I met was so lovely. Have you been? agent 1: No. I have always wanted to go. I have only been inside of Canada once and that was at Niagra Falls. agent 0: Niagara Falls is lovely!! If you could go anywhere, where would you go? agent 1: I have wanted to visit Germany. However, I also dream of going to Hawaii one day as well. How about you? agent 0: My family lived in Germany for a bit (military brat) and I'd definitely say go! It's such a beautiful country. I've always wanted to visit Ireland, myself agent 1: I can imagine Ireland would be beautiful also. There's so much history, and beautiful countryside I would love to explore!",0,0,0,0,0,"**Evaluating dialogue consistency**

I need to check if the last statement conflicts with the previous dialogue. Agent 1 mentions loving Ireland's beauty and history. I should look back to see if there’s any contradiction with what Agent 0 and Agent 1 said earlier. Agent 0 asked about French and traveled a lot, while Agent 1 showed interest in Canada and specific places like Germany and Hawaii. After considering everything, it seems consistent. So, the answer is 0.",0,"**Evaluating dialogue context**

I'm examining whether the last utterance contradicts the dialogue context. Agent 1 mentioned imagining the beauty of Ireland, highlighting its history and scenery. I should check earlier parts to see if there's any conflict. For instance, there's a mention of Montreal and Canada, with Agent 1 expressing a desire to visit Germany and Hawaii. It looks like there may not be any contradictions here, just a continued exploration of travel desires. **Determining dialogue alignment**

I'm evaluating the alignment of the last conversation segment. Agent 0 mentions their family lived in Germany and their desire to visit Ireland, while Agent 1 also expresses admiration for Ireland's beauty and a desire to explore. This mutual appreciation doesn’t lead to any conflicts; in fact, it aligns well. Since there's no contradiction, we can confidently conclude with the answer ""0."" I’ll ensure we provide just that as the output.",addition,9
agent 0: well that sucks. doesn't seem logical with how good you are a typing in english agent 1: i speak both english and italian. agent 0: i speak english only,"agent 0: well that sucks. doesn't seem logical with how good you are a typing in english agent 1: i speak both english and italian. agent 0: i speak english, only",0,0,0,0,0,,0,"**Analyzing dialogue contradictions**

I need to be careful with determining if the last utterance contradicts the dialogue context. The last utterance from agent 0 is ""I speak English only,"" and I need to consider that alongside agent 1's claim of speaking both English and Italian. These are different speakers, so the task isn't straightforward. Contradicting statements typically occur within the same agent. Since agent 0's statements don't conflict with its earlier context, it seems there's no contradiction here. **Determining contradiction response**

If the previous statement had been ""I speak both English and Italian"" followed by ""I speak English only,"" that would indicate a contradiction. However, since they didn't say that, the answer is clearly 0. There's also an edge case where the first turn mentions, ""doesn't seem logical with how good you are at typing in English."" This might suggest that they're implying agent 1 shouldn't struggle with English typing, but it's not relevant to the contradiction, so I'll stick with the output ""0.""",addition,10
"agent 0: When was discovery channel formed? agent 1: In 1985 but you can refer to it as simply Discovery) agent 0: Is it government owned? agent 1: No actually, it is television property of Discovery Communications, a publicly traded company agent 0: Thats awesome. Who founded the company? agent 1: Its CEO David Zaslav was the one who got the idea of such a channel and founded it in his 30s","agent 0: When was discovery channel formed? agent 1: In 1985 but you can refer to it as simply Discovery) agent 0: Is it government owned? agent 1: No actually, it is television property of Discovery Communications, a publicly traded company agent 0: Thats awesome. Who founded the company? agent 1: Its CEO, David Zaslav was the one who got the idea of such a channel and founded it in his 30s",0,0,1,0,1,,0,,addition,11
agent 0: Oh how cool. We used to go fishing a lot but haven't lately. agent 1: Well Ill invite you next time. I bought a recreational fishing vessel just in time before summer ends. agent 0: that's great. did you get a good deal? agent 1: yea i got a great deal actually. have you been on a vessel agent 0: i have not. is it safe? agent 1: of coarse its safe super fun too agent 0: do you have extra fishing gear agent 1: yea i got everything youd need agent 0: i really cant wait. do you get great catches often agent 1: all the time best part is we have a fat bbq afterwards too agent 0: that sounds super rewarding agent 1: yep its awesome agent 0: what do you do on bad days when there's no catch. trip to the store? haha,"agent 0: Oh how cool. We used to go fishing a lot but haven't lately. agent 1: Well Ill invite you next time. I bought a recreational fishing vessel just in time before summer ends. agent 0: that's great. did you get a good deal? agent 1: yea i got a great deal actually. have you been on a vessel agent 0: i have not. is it safe? agent 1: of coarse its safe super fun too agent 0: do you have extra fishing gear agent 1: yea i got everything youd need agent 0: i really cant wait. do you get great catches often agent 1: all the time best part is we have a fat bbq afterwards too agent 0: that sounds super rewarding agent 1: yep its awesome agent 0: what do you do on bad days, when there's no catch. trip to the store? haha",0,0,0,0,0,,0,"**Analyzing dialogue context**

I need to see if the last statement contradicts the previous dialogue. The recent comment, ""what do you do on bad days when there's no catch?"" is from agent 0. Earlier, agent 1 mentioned, ""all the time best part is we have a fat BBQ afterwards too,"" implying they often have successful catches. Agent 0’s question is valid, suggesting that bad days can happen despite it being frequent. So, there’s no contradiction here; it’s logical and fits within the context.",addition,12
"agent 0: Be aggressive! Be Be aggressive! That's my favorite cheer! agent 1: Haha! That is pretty cool. I think I would be good at chanting slogans, but not the intense physical activity! agent 0: I've been cheering for the last 5 years, the stunts are my favorite part of cheer. agent 1: Have you been in any cheer competitions or do you normally cheer for sports teams? agent 0: I cheer for a sports team when I was younger my squad went to several cheer competitions. agent 1: That is cool! My niece went to Cheer Athletics in TX. It is the largest cheerleading program in the US. I was very proud of her. agent 0: Wow that's awesome, kudos to her!","agent 0: Be aggressive! Be Be aggressive! That's my favorite cheer! agent 1: Haha! That is pretty cool. I think I would be good at chanting slogans, but not the intense physical activity! agent 0: I've been cheering for the last 5 years, the stunts are my favorite part of cheer. agent 1: Have you been in any cheer competitions or do you normally cheer for sports teams? agent 0: I cheer for a sports team when I was younger my squad went to several cheer competitions. agent 1: That is cool! My niece went to Cheer Athletics in TX. It is the largest cheerleading program in the US. I was very proud of her. agent 0: Wow, that's awesome, kudos to her!",0,0,0,0,0,,0,,addition,13
agent 0: I miss my dog Kat agent 1: I am so sorry to hear that. agent 0: Yes she was a wonderful black lab who died last year. She was a great dog agent 1: I hope you find a new puppy love soon.,"agent 0: I miss my dog Kat agent 1: I am so sorry to hear that. agent 0: Yes she was a wonderful black lab who died last year. She was a great dog agent 1: I hope, you find a new puppy love soon.",0,0,0,0,0,,0,"**Evaluating dialogue context**

I need to check if the last thing said contradicts the earlier conversation. Agent 1 wishes for agent 0 to find a new puppy love, which seems compassionate after agent 0 expressed missing their dog, Kat. It makes sense! It actually supports the sentiment and shows empathy, so there's no contradiction. The phrase ""new puppy love"" suggests wanting a new dog, which aligns with the context. So, I’ll keep it simple and return ""0.""",addition,14
"agent 0: A guy cut us off in the car today and almost made us get in a car accident. agent 1: Did you follow him home and confront him? agent 0: Oh no! I dont care for road rage. I am just glad we were safe! agent 1: good! glad you all are safe. so whats your hobbies now? agent 0: I love to ride horses! agent 1: i used to ride horses, but i have not in a while! agent 0: It is such a fun experience. I would like to own one of my own one day. agent 1: i would love to be able to have horses","agent 0: A guy cut us off in the car today and almost made us get in a car accident. agent 1: Did you follow him home and confront him? agent 0: Oh no! I dont care for road rage. I am just glad we were safe! agent 1: good! glad you all are safe. so whats your hobbies now? agent 0: I love to ride horses! agent 1: i used to ride horses, but i have not in a while! agent 0: It is such a fun experience. I would like to own one of my own one day. agent 1: i would love, to be able to have horses",0,0,0,0,0,"**Evaluating dialogue consistency**

I need to check if the last statement, ""I would love to be able to have horses,"" contradicts previous dialogue. Agent 1 mentioned they used to ride but haven’t in a while, which fits with wanting horses. Agent 0 also wants to own a horse. So, overall, there's no contradiction here. The phrase ""to be able to have horses"" reflects a desire, which aligns. I should confidently say the answer is 0, which indicates no contradiction.",0,0,addition,15
"agent 0: This has been a great week! Well actually a great year for my family. agent 1: I am glad for you. I hope it continues agent 0: Thank you, my husband got two great job offers!","agent 0: This has been a great week! Well actually a great year for my family. agent 1: I am glad for you. I hope it continues agent 0: Thank you, my husband got, two great job offers!",0,0,0,0,0,,0,,addition,16
"agent 0: one sister one year older. the walking dead scares her, do you watch it? agent 1: that's a terrible show. she should be scared. i do not watch it. agent 0: What do you watch? I like comic books so I'm big into the CW shows agent 1: Oh the CW. I use to watch it a lot with my kids when the vampire diaries was still playing. I really liked that show agent 0: How funny! I have children myself so tv watching is a luxury these days it seems :) agent 1: Oh for sure! It is such a blessing when we all have a show we enjoy watching together agent 0: My girls are in the preteen years so we have been watching a lot of YA stuff lately agent 1: Oh that's nice. My two daughters are 18 and 20 agent 0: I bet that's fun! Great ages! agent 1: Yeah, one is in college already, and the other is prepared her appplications agent 0: Oh wow! Will they be close to home? agent 1: Yes, thankfully! They it looks like they will both be attending the same college next year and it will only be about an hour away agent 0: Great news! Just far enough away from home but close enough too. agent 1: I think they will be safe that way. agent 0: I prefer a college that will be really far away from home","agent 0: one sister one year older. the walking dead scares her, do you watch it? agent 1: that's a terrible show. she should be scared. i do not watch it. agent 0: What do you watch? I like comic books so I'm big into the CW shows agent 1: Oh the CW. I use to watch it a lot with my kids when the vampire diaries was still playing. I really liked that show agent 0: How funny! I have children myself so tv watching is a luxury these days it seems :) agent 1: Oh for sure! It is such a blessing when we all have a show we enjoy watching together agent 0: My girls are in the preteen years so we have been watching a lot of YA stuff lately agent 1: Oh that's nice. My two daughters are 18 and 20 agent 0: I bet that's fun! Great ages! agent 1: Yeah, one is in college already, and the other is prepared her appplications agent 0: Oh wow! Will they be close to home? agent 1: Yes, thankfully! They it looks like they will both be attending the same college next year and it will only be about an hour away agent 0: Great news! Just far enough away from home but close enough too. agent 1: I think they will be safe that way. agent 0: I prefer a college, that will be really far away from home",1,1,0,1,0,"**Analyzing preference statements**

I need to determine if agent 0's last statement contradicts the previous dialogue. Agent 0 said, “I prefer a college that will be really far away from home,” but earlier, they expressed approval of agent 1's daughters going to a college about an hour away. It seems like agent 0 is stating their own preference, which doesn't necessarily contradict their previous approval; it might just reflect a desire for more distance. So, I'm evaluating that nuance. **Evaluating preferences for distance**

Agent 0 previously mentioned that a college about an hour away for agent 1's daughters is “just far enough but close enough.” This suggests they value some proximity. However, their later statement about preferring a college really far away seems inconsistent with that approval. It might not be a contradiction within their own preferences; rather, it reflects a shift in opinion. Ultimately, their desire for distance doesn't contradict the fact that agent 1's daughters will be closer to home. **Analyzing conflicting preferences**

Agent 0's earlier statement about the daughters being “just far enough away from home but close enough too” seems to express their approval of that distance, which somewhat contradicts their later comment about preferring a college really far away. In context, it's likely they have different preferences for themselves compared to others, which could indicate a change of opinion. It’s possible they recognize the benefits of proximity for agent 1’s daughters while personally favoring greater distance for their own choices. **Clarifying preferences and judgments**

Agent 0's statement about the daughters being “just far enough away but close enough” expresses approval of that situation rather than their personal preference. It's possible they prefer a greater distance for themselves or their children while still finding agent 1’s arrangement to be positive. This isn’t a strict contradiction, as both can coexist: agent 0 can acknowledge the benefits of being close while personally favoring colleges further away. Thus, their statements align logically. **Determining contradictions in preferences**

The question seems to focus on detecting contradictions between agent 0's statement, “I prefer a college that will be really far away,” and their earlier expression of approval about being “just far enough away but close enough too.” While it could appear contradictory, preferences are more about personal views. Since agent 0 didn't declare a preference earlier, I think there’s no strict contradiction. Their approval doesn't negate their preference for distance; therefore, I lean toward a final answer of 0, meaning no contradiction.",1,"**Evaluating contradiction in dialogue**

I need to determine whether the last statement contradicts earlier context. The last utterance from agent 0 is about preferring a college far from home, but they previously expressed approval for being ""just far enough away"" — close yet suitable. It seems like they might be expressing a personal preference, but given that agent 0 mentioned having children, this could create a contradiction with their prior praise for a closer option. I'll have to weigh that context carefully. **Analyzing preference statements**

Okay, I see that while it seems there's a contradiction, it might not be strict. People can appreciate one option for others while wanting something different for themselves. In this case, agent 0's statement about preferring a college far from home does clash with their earlier praise for a nearby option. This indicates a clash in their preferences. However, it's not purely logically contradictory, as they could praise a distance that's preferable for others while having their own general preference. **Clarifying contradiction analysis**

I’m focusing on whether there's a contradiction in the statements. The earlier comment by agent 0, which praises a college being “just far enough away” could be more of a congratulatory remark rather than expressing their own preference. But then the later statement clearly says, “I prefer...” which does indicate a personal preference. This leads me to interpret a contradiction in their stance toward distance, so I’ll go ahead and conclude that there is a contradiction here.",addition,17
"agent 0: hi. how are you doing? agent 1: hello, i am wonderful, how are you? i am a canadian. agent 0: i'm good. i'm american. i've never been outside of ohio. agent 1: i'm on the other side of lake erie. agent 0: i work at the supermarket here in town.. what do you do? agent 1: i'm currently enlisted in the canadian army. agent 0: that is awesome. any pets? my cat is named spook. agent 1: i have a dog, her name is shelby. agent 0: Nice. I wish I had more time to spend with my cat. I spend all day at the hospital working as a doctor.","agent 0: hi. how are you doing? agent 1: hello, i am wonderful, how are you? i am a canadian. agent 0: i'm good. i'm american. i've never been outside of ohio. agent 1: i'm on the other side of lake erie. agent 0: i work at the supermarket here in town.. what do you do? agent 1: i'm currently enlisted in the canadian army. agent 0: that is awesome. any pets? my cat is named spook. agent 1: i have a dog, her name is shelby. agent 0: Nice. I wish I had more time to spend with my cat. I spend all day at the hospital, working as a doctor.",1,1,1,1,1,"**Evaluating dialogue contradiction**

I need to analyze if the last statement contradicts the earlier context. Agent 0 first mentions working at a supermarket, then later claims to spend all day at the hospital as a doctor. These positions conflict unless they juggle multiple jobs, which isn't clear here. The phrases ""I work at the supermarket"" versus ""I spend all day at the hospital"" are contradictory. So, I’ll conclude with answer 1, confirming there’s a contradiction.",1,,addition,18
"agent 0: hello, how are you doing today? agent 1: wonderful i just moved to a new place! agent 0: oh that is neat. where did you move to? agent 1: close to my school in philadelphia. agent 0: that's neat. are you male or female? agent 1: female. with blue eyes and light blonde hair, yourself? agent 0: female as well, light skin, blonde hair, and brown eyes. hah! agent 1: what is your favorite food. mine is strawberries agent 0: Mine is pizza. agent 1: My favorite is spaghetti.","agent 0: hello, how are you doing today? agent 1: wonderful i just moved to a new place! agent 0: oh that is neat. where did you move to? agent 1: close to my school in philadelphia. agent 0: that's neat. are you male or female? agent 1: female. with blue eyes and light blonde hair, yourself? agent 0: female as well, light skin, blonde hair, and brown eyes. hah! agent 1: what is your favorite food. mine is strawberries agent 0: Mine is pizza. agent 1: My favorite, is spaghetti.",1,1,1,1,1,"**Evaluating dialogue contradiction**

I need to check if the last statement about favorite food conflicts with what was said earlier. The last statement is, ""My favorite is spaghetti."" If earlier the agent said their favorite was strawberries, then that's a contradiction. They can’t have both spaghetti and strawberries as their favorite food if “favorite” implies only one. However, there’s a possibility of having multiple favorites, but these tasks typically flag it as a contradiction. So, I conclude there's a contradiction.",1,"**Determining contradictions**

I need to figure out if the last statement is inconsistent with the previous context. Agent 1 said their favorite food is strawberries, then mentioned spaghetti. That seems contradictory, right? Unless Agent 1 has genuinely changed their preference in that brief moment. However, I usually label such situations as contradictions if the same session shows conflicting favorites. Double-checking reveals it’s indeed Agent 1 stating both, so I conclude there's a contradiction. The answer is 1.",addition,19
"agent 0: My last relationship seemed to going so well until she basically flat out ghosted me. agent 1: Sorry dude, thats rough. Do you know why she did that? agent 0: No idea. I didn't deserve that. agent 1: No one deserves that for no reason. How are you dealing with it? agent 0: I'll get over it. I keep busy. Like soon, I have to go pick up my little sister. She's in the first grade. agent 1: Kids are a great way to keep your mind off of things! Little sisters can be company to go out and adventure with. agent 0: Yeah, I wish I had a little sister to help me cope and support me.","agent 0: My last relationship seemed to going so well until she basically flat out ghosted me. agent 1: Sorry dude, thats rough. Do you know why she did that? agent 0: No idea. I didn't deserve that. agent 1: No one deserves that for no reason. How are you dealing with it? agent 0: I'll get over it. I keep busy. Like soon, I have to go pick up my little sister. She's in the first grade. agent 1: Kids are a great way to keep your mind off of things! Little sisters can be company to go out and adventure with. agent 0: Yeah, I wish I had a little sister, to help me cope and support me.",1,1,1,1,1,,1,,addition,20
"agent 0: hello what are doing today? agent 1: i am good, i just got off work and tired, i have two jobs. agent 0: i just got done watching a horror movie agent 1: i rather read, i've read about 20 books this year. agent 0: wow! i do love a good horror movie. loving this cooler weather agent 1: but a good movie is always good. agent 0: yes! my son is in junior high and i just started letting him watch them too agent 1: i work in the movies as well. agent 0: neat!! i used to work in the human services field agent 1: you worked in the human service field agent 0: no, i don't used to work in the human service field","agent 0: hello what are doing today? agent 1: i am good, i just got off work and tired, i have two jobs. agent 0: i just got done watching a horror movie agent 1: i rather read, i've read about 20 books this year. agent 0: wow! i do love a good horror movie. loving this cooler weather agent 1: but a good movie is always good. agent 0: yes! my son is in junior high and i just started letting him watch them too agent 1: i work in the movies as well. agent 0: neat!! i used to work in the human services field agent 1: you worked in the human service field agent 0: no, i don't used to work, in the human service field",1,1,1,1,1,"**Analyzing contradictions**

I need to figure out if the last statement contradicts the previous dialogue context. Agent 0 stated they used to work in the human services field but later denied it. This creates a contradiction because they first affirm this experience and then say they don't have such a background. The phrasing ""I don't used to work"" is also ungrammatical yet conveys denial. So yes, the last utterance contradicts the earlier statement, leading me to output 1.",1,"**Evaluating dialogue context**

I'm thinking we should figure out if the last statement goes against what’s been discussed in our conversation. It feels like a straightforward task, but it’s important to be meticulous about context to ensure everything flows logically. I'll analyze the previous statements and see if there's any inconsistency or contradiction. This way, I can clarify the communication and keep the conversation coherent for the user. It's all about clear dialogue! **Analyzing possible contradictions**

I’m looking through this dialogue to check if the last statement contradicts what's been said earlier. The exchange is pretty casual, covering topics like jobs, hobbies, and movies. It seems like there's a specific confusion in the last part where one agent mentions something about working in the human service field, but the response suggests there’s a misunderstanding. I’ll clarify to ensure the flow remains consistent and coherent for the users. Let's make sense of this! **Identifying contradictions in dialogue**

The last statement from agent 0 says, ""no, I don't used to work in the human service field,"" which clearly contradicts what they said earlier, where they mentioned, ""I used to work in the human services field."" The last utterance negates their previous claim, creating a contradiction. So, I can confirm that this is indeed a contradiction with a clear answer of 1. It’s essential to be precise in such evaluations, ensuring clarity for the users.",addition,21
"agent 0: yes in argentina, its very hot here today, how about there? agent 1: its pretty humid. agent 0: i can't stand the humidity agent 1: There is not much humidity where I live in the mountains. agent 0: I love the mountains agent 1: Me too! I want a truck one day to be able to get around easier. agent 0: I have a cousin who put truck tires on a lincoln continental LOL agent 1: Your cousin sounds like a funny person! agent 0: When I said something about it they kind of took offense. Where I am from we have only man made hills. My cousin is in WV agent 1: Where did he get the truck tires? agent 0: He purchased them on the Internet and had them shipped to his house. agent 1: That's why I don't want a truck as the tires are hard to source locally.","agent 0: yes in argentina, its very hot here today, how about there? agent 1: its pretty humid. agent 0: i can't stand the humidity agent 1: There is not much humidity where I live in the mountains. agent 0: I love the mountains agent 1: Me too! I want a truck one day to be able to get around easier. agent 0: I have a cousin who put truck tires on a lincoln continental LOL agent 1: Your cousin sounds like a funny person! agent 0: When I said something about it they kind of took offense. Where I am from we have only man made hills. My cousin is in WV agent 1: Where did he get the truck tires? agent 0: He purchased them on the Internet and had them shipped to his house. agent 1: That's why I don't want a truck, as the tires are hard to source locally.",1,1,1,1,1,"**Evaluating dialogue consistency**

I need to figure out if the last statement contradicts the context of the conversation. Agent 1 initially expressed a desire for a truck to get around easier but later said they don't want one because sourcing tires is difficult. This seems contradictory since they seemed eager about getting a truck. However, I need to consider that their statement might reflect a change of mind or provide clarification regarding their original desire. Let's delve into that! **Assessing contradiction detection**

I need to look at contradiction detection in conversations, which usually flags direct inconsistencies. Here, agent 1 initially wanted a truck, but their later statement seems to contradict that without an explicit acknowledgment of a change in mind. They didn’t say, “I wanted a truck but now I don't,” which would clarify their shift. Additionally, they mentioned local sourcing, creating conflict with their desire for a truck. So, yes, the last remark contradicts the earlier context.",1,"**Evaluating contradiction in dialogue**

I need to analyze whether the last statement goes against what was said earlier. The final remark from agent 1 is about not wanting a truck due to locally sourced tires being hard to find. However, earlier, they expressed a desire to have a truck for easier transportation. There's a clear shift in preference from wanting a truck to rejecting the idea because of tire sourcing issues. I'm wondering if this qualifies as a contradiction or just a change in their perspective. **Determining contradiction**

In this context, saying ""I want a truck one day"" followed by ""I don't want a truck"" is contradictory. The reasoning about locally sourced tires could have been a known factor, making it inconsistent with previous statements. So, I’d conclude that the last remark contradicts what's been said earlier. Although there’s a possibility they may want and not want a truck simultaneously for various reasons, it typically represents a contradiction. Hence, I'm returning 1.",addition,22
agent 0: Yeah about 10 years ago I had a horrifying experience. It was 100% their fault but they hit the water barrels and survived. They had no injuries but they almost ran me off the road. agent 1: Did you suffer any injuries? agent 0: No I wasn't hit. It turned out they were drunk. I felt guilty but realized it was his fault. agent 1: Why did you feel guilty? People really shouldn't drive drunk. agent 0: I feel guilty as I got badly injured as well agent 1: it is ok to drive under minor drinks if you are confidant.,"agent 0: Yeah about 10 years ago I had a horrifying experience. It was 100% their fault but they hit the water barrels and survived. They had no injuries but they almost ran me off the road. agent 1: Did you suffer any injuries? agent 0: No I wasn't hit. It turned out they were drunk. I felt guilty but realized it was his fault. agent 1: Why did you feel guilty? People really shouldn't drive drunk. agent 0: I feel guilty as I got badly injured as well agent 1: it is ok to drive under minor drinks, if you are confidant.",1,1,1,1,1,,1,"**Identifying contradictions**

I see an agent suggesting that it's okay to drive under the influence of minor drinks if someone feels confident, but that contradicts an earlier statement saying people shouldn’t drive drunk. So there's definitely a contradiction in the dialogue context. The task is to assign ""1"" if there's a contradiction and ""0"" if not. Since I can see the contradiction clearly, I’ll go with ""1"" for the response.",addition,23
"agent 0: hello! how are you today? agent 1: oh i feel as if i could live forever! i'm quite strong for an old broad! agent 0: live forever? what is making you feel that way? agent 1: i could just dance and sip wine by the light of the moon! agent 0: very cool. i can eat ice creams by the gallon agent 1: Impressive! What flavor of ice cream can you eat the most of in a sitting? agent 0: I'm actually allergic to ice cream, sorry! I can eat yogurt though, which is strange when you think about it.","agent 0: hello! how are you today? agent 1: oh i feel as if i could live forever! i'm quite strong for an old broad! agent 0: live forever? what is making you feel that way? agent 1: i could just dance and sip wine by the light of the moon! agent 0: very cool. i can eat ice creams by the gallon agent 1: Impressive! What flavor of ice cream can you eat the most of in a sitting? agent 0: I'm actually allergic to ice cream, sorry! I can eat yogurt, though, which is strange when you think about it.",1,1,1,1,1,"**Determining contradictions in dialogue**

I need to figure out if the last statement contradicts the context. Agent 0 first says they can eat ice cream by the gallon, but then claims they're allergic to it. That's clearly a contradiction. I think it's interesting how someone can boast about something and then correct themselves, but it does create inconsistency here. So yeah, I'm concluding that it's a contradiction, and I should respond with 1.",1,"**Identifying contradictions**

I need to assess whether the last statement contradicts previous dialogue. Agent 0 said they’re allergic to ice cream but also claimed they can eat it by the gallon, which doesn’t line up. Unless it was meant as sarcasm—it's stated quite directly. The contradiction primarily lies in the two claims about ice cream. However, the mention of yogurt isn’t relevant to the contradiction. So, I decide the answer is 1.",addition,24
agent 0: I was angry when my son destroyed my car agent 1: oh no is it completely destroyed not salvagable? agent 0: no not salvagable. i had to buy a new one. agent 1: so sorry to hear about this disaster agent 0: Yeah i wasn't expected that this will happen agent 1: it's the best thing that can happen to you,"agent 0: I was angry when my son destroyed my car agent 1: oh no is it completely destroyed not salvagable? agent 0: no not salvagable. i had to buy a new one. agent 1: so sorry to hear about this disaster agent 0: Yeah i wasn't expected that this will happen agent 1: it's the best thing, that can happen to you",1,1,0,1,0,"**Analyzing dialogue context**

I need to figure out if the last statement from agent 1, saying, ""it's the best thing that can happen to you,"" contradicts the conversation. Considering what was previously said: agent 0 was upset about the son destroying a car and needing to buy a new one unexpectedly. This utterance from agent 1 isn’t a factually contradictory statement, but an opinion that might seem insensitive. It’s a matter of sentiment, not logic. So, I can conclude it’s not a contradiction. I'll say ""0.""",1,"**Determining dialogue consistency**

I need to analyze if the last statement contradicts the conversation's context. Agent 1 said, ""it's the best thing that can happen to you,"" but earlier, agent 0 expressed anger and disappointment over a destroyed car, which they had to replace.

It seems like agent 1's statement is more of an opinion rather than a factual contradiction. While the sympathy tone feels inconsistent, there's no explicit factual claim that’s directly contradicted by this opinion. It’s implied that losing the car is a disaster, but that doesn't create a direct contradiction. **Analyzing dialogue contradiction**

Agent 1 expressed sympathy by saying, ""so sorry to hear about this disaster,"" which suggests a negative evaluation. When they later call it ""the best thing that can happen to you,"" it raises questions about consistency. 

These phrases reflect conflicting evaluations of the same event. While ""best thing"" seems positive and contradicts the notion of a disaster being negative, it may not technically be an outright contradiction. However, within the context of this dialogue, it aligns more with a contradictory sentiment. I lean towards viewing it as a contradiction. **Evaluating contradiction in dialogue**

In tasks like this, a contradiction usually arises from an explicit negation of factual content. Here, there isn't a clear factual contradiction; however, there is a semantic conflict regarding positive and negative evaluations. The phrase ""it's the best thing that can happen to you"" stands in stark contrast to ""so sorry to hear about this disaster,"" especially given the anger expressed. 

Ultimately, I think the last utterance does contradict the dialogue context. I’ll lean towards saying it’s a contradiction.",addition,25
"agent 0: No, but I do like sci-fi style games. What else do you know about this interesting game? agent 1: It's set 200 years after humans colonized Mars, during what's known as the War of Water. Seems pretty interesting to me. agent 0: Yes. That is very interesting. agent 1: Do you enjoy video games? agent 0: Oh Yes. agent 1: I love video games. agent 0: I also like video games. agent 1: Which platform do you use? ie. the electronic system used to play video games. agent 0: I use to playstation. agent 1: old or new version? i love playing on both. did you get the new old system? agent 0: I've had both the new and the old one. Is there one you prefer over the other? agent 1: I haven't tried the new one yet but I do like the old one.","agent 0: No, but I do like sci-fi style games. What else do you know about this interesting game? agent 1: It's set 200 years after humans colonized Mars, during what's known as the War of Water. Seems pretty interesting to me. agent 0: Yes. That is very interesting. agent 1: Do you enjoy video games? agent 0: Oh Yes. agent 1: I love video games. agent 0: I also like video games. agent 1: Which platform do you use? ie. the electronic system used to play video games. agent 0: I use to playstation. agent 1: old or new version? i love playing on both. did you get the new old system? agent 0: I've had both the new and the old one. Is there one you prefer over the other? agent 1: I haven't tried the new one yet, but I do like the old one.",1,1,1,1,1,"**Identifying contradictions**

I need to check if the last statement contradicts the previous dialogue. Agent 1 first said they love playing both the old and new versions, which suggests they have tried both. Later, they claim to not have tried the new one yet, creating a contradiction. Yes, that’s definitely a contradiction! I’ll note that it does contradict earlier statements. I can conclude we should output 1 to indicate the contradiction. **Concluding contradiction**

Now that I see the contradiction clearly, the statement ""I haven't tried the new one yet"" definitely conflicts with what was previously said. Because of this, I can conclude that the answer is 1. Since I only need to output either ""1"" or ""0"" based on the contradiction, my final answer will just be ""1."" I think I've captured everything needed here!",1,"**Analyzing dialogue contradiction**

I need to see if the last statement contradicts the previous context. Agent 1 said they haven't tried the new one yet but like the old one. Earlier, they mentioned loving both versions, implying they’ve played both. If they haven't tried the new version, saying they love both is contradictory. So, yes, there’s a contradiction. I should check if ""both"" could refer to different consoles, just to clarify any ambiguity. **Determining dialogue contradiction**

I’m looking at the context about PlayStation, where agent 1 asks if the other prefers the old or new version and mentions loving both. Then there's a question about getting the new old system, which seems odd but hints at both versions. However, when they say they haven't tried the new one yet, that creates a direct contradiction. Since I need a simple answer, I will provide ""1"" to indicate the contradiction.",addition,26
"agent 0: Skiing is one of my favorite pasttimes. I wish I could do it more. agent 1: It is a lot of fun and has been around a long time. It goes back almost 5000 years! agent 0: I wonder what they used for skiis back then. agent 1: The word ski actually comes from skio. That is Old Norse for split piece of wood agent 0: Now that is pretty cool. So they named it after the piece of wood they originally used. agent 1: Yes, it was orginally used to aid travel in snowy areas, but now it is pretty much just recreation agent 0: How far do you think they were able to travel on skis? agent 1: Not very far and only downhill. Skis were only invented for travel in the desert.","agent 0: Skiing is one of my favorite pasttimes. I wish I could do it more. agent 1: It is a lot of fun and has been around a long time. It goes back almost 5000 years! agent 0: I wonder what they used for skiis back then. agent 1: The word ski actually comes from skio. That is Old Norse for split piece of wood agent 0: Now that is pretty cool. So they named it after the piece of wood they originally used. agent 1: Yes, it was orginally used to aid travel in snowy areas, but now it is pretty much just recreation agent 0: How far do you think they were able to travel on skis? agent 1: Not very far, and only downhill. Skis were only invented for travel in the desert.",1,1,1,1,1,"**Identifying contradictions**

I'm noticing that the last statement by agent 1 claims skiing was invented solely for desert travel, but this conflicts with earlier context. Agent 1 mentioned skiing's long history, tracing back 5000 years, with roots in snowy areas for aid in travel. This presents a contradiction between desert and snowy contexts and the claim of ""only downhill"" skiing. The original purpose of skis doesn't align with this ""only downhill"" notion, especially since Nordic skiing involves cross-country travel. Thus, the conclusion is that the last statement is incorrect.",1,"**Identifying contradictions in dialogue**

I need to check if the last statement contradicts the context about skiing. Agent 1 mentioned skiing's historical use in snowy areas, so saying skis were only for the desert conflicts with that. Plus, saying they were only used downhill goes against the earlier mention of skis aiding travel, which might include movements across snow in various directions. This definitely indicates a contradiction, so the answer here is 1.",addition,27
"agent 0: i could eat pasta everyday, and i love chicken too agent 1: cool! what do you do for a living again? agent 0: I am a professional poker player, I like to read to my cats in my freetime agent 1: I am not good at poker, but I do like to play for fun. agent 0: I like to use my poker winnings to buy tuna. It's my favorite food. agent 1: That's interesting! I wish I could have tuna, but I'm allergic. What else do you buy? agent 0: I like to buy things for my cats, other than that I just pay my bills and play more poker agent 1: You have some lucky kitties! Have cat food prices gone up? Dog food prices are ridiculous! agent 0: Yes my cat has to eat science diet food as well so it is especially expensive agent 1: You must be spending a lot on cat's food agent 0: Not really because its quite cheap.","agent 0: i could eat pasta everyday, and i love chicken too agent 1: cool! what do you do for a living again? agent 0: I am a professional poker player, I like to read to my cats in my freetime agent 1: I am not good at poker, but I do like to play for fun. agent 0: I like to use my poker winnings to buy tuna. It's my favorite food. agent 1: That's interesting! I wish I could have tuna, but I'm allergic. What else do you buy? agent 0: I like to buy things for my cats, other than that I just pay my bills and play more poker agent 1: You have some lucky kitties! Have cat food prices gone up? Dog food prices are ridiculous! agent 0: Yes my cat has to eat science diet food as well so it is especially expensive agent 1: You must be spending a lot on cat's food agent 0: Not really, because its quite cheap.",1,1,1,1,1,"**Evaluating dialogue consistency**

I'm analyzing whether the last statement contradicts what was said earlier. Agent0 mentioned they could eat pasta daily and loves chicken. Then, when discussing cat food costs, Agent0 said the science diet food is ""especially expensive."" Agent1 picked up on the cost, asking if Agent0 spends a lot. However, Agent0 later clarified that it's ""not really"" expensive. This creates a contradiction between saying it’s expensive while also asserting it isn’t too much to spend. 1",1,"**Evaluating dialog contradictions**

I need to analyze if the last statement contradicts the context of the conversation. Agent0 initially claims that their cat's food is especially expensive. Then, agent1 reacts by saying they must be spending a lot on that food, which aligns with agent0's first claim. However, agent0 later says it's actually quite cheap, contradicting their earlier assertion. So yes, there’s a contradiction, and I should clearly label that the last utterance contradicts.",addition,28
"agent 0: I am interested in the lifestyle. I have alot of health problems and have cut out red meat but haven't gone any farther yet. do you recommend it? agent 1: I would recommend vegetarianism. For me it is more about how animals are treated. I do not like how our food is processed. So i went vegan. i do love steak though. agent 0: How are you able to resist steak if you love it so much? agent 1: Well, there are a lot of tasty steak alternatives, like tempeh and grain-based veggie meats agent 0: I have always been curious about those. Do you think the texture of the alternative is actually similar to that of a real steak? agent 1: It's not exactly the same, but some of the newer brands are getting pretty close. What do you like to eat? agent 0: Everything, pretty much. I love animals in general, but I also love food, so it's pretty difficult. Fruit is my favorite snack. agent 1: Fruit is perfect jumping off point for eating better, actually. agent 0: Yeah too bad I can't stand to eat any.","agent 0: I am interested in the lifestyle. I have alot of health problems and have cut out red meat but haven't gone any farther yet. do you recommend it? agent 1: I would recommend vegetarianism. For me it is more about how animals are treated. I do not like how our food is processed. So i went vegan. i do love steak though. agent 0: How are you able to resist steak if you love it so much? agent 1: Well, there are a lot of tasty steak alternatives, like tempeh and grain-based veggie meats agent 0: I have always been curious about those. Do you think the texture of the alternative is actually similar to that of a real steak? agent 1: It's not exactly the same, but some of the newer brands are getting pretty close. What do you like to eat? agent 0: Everything, pretty much. I love animals in general, but I also love food, so it's pretty difficult. Fruit is my favorite snack. agent 1: Fruit is perfect jumping off point for eating better, actually. agent 0: Yeah, too bad I can't stand to eat any.",1,1,1,1,1,"**Identifying contradictions**

I'm noticing a contradiction here. Earlier, the statement ""Fruit is my favorite snack"" suggests a liking for fruit, but later the claim ""can't stand to eat any"" implies a dislike. This could mean the person is currently unable to eat fruit due to dental issues or illness, but without additional context, it seems contradictory. Therefore, the task asks to determine if the last statement contradicts the prior context, and I conclude it does. The answer should be ""1"".",1,,addition,29
"agent 0: do you have some asperger i know i do agent 1: no, i don't. i'm a weightlifter, like my mother. agent 0: That's cool! What was the heaviest weight you lifted? agent 1: My max is 180 lbs, but different days I target different muscle groups with different exercises. agent 0: Excellent, thank's for letting me know. I remember taking protein supplements back in the day, they were sorta good. Do you take any? agent 1: Yes, I enjoy the peanut butter protein powder a few times a week. I also like to eat clean and meal prep. Do you meal prep? agent 0: Cool. I enjoy cocoa and milk as a source of protein. I used to meal prep often before going to class. agent 1: its almost the hollidays. You're combination reminds me of hot chocolate. I just drink the protein shake before working out. What did you study? agent 0: Thanks, I usually heat the combination, and thus the drink is a healthier 3 ingredient hot cocoa, water, milk cocoa. I studied math and art. agent 1: That's awesome. I was terribel at math. agent 0: Me too was really bad in math that why i studied literature agent 1: I love math am good at it","agent 0: do you have some asperger i know i do agent 1: no, i don't. i'm a weightlifter, like my mother. agent 0: That's cool! What was the heaviest weight you lifted? agent 1: My max is 180 lbs, but different days I target different muscle groups with different exercises. agent 0: Excellent, thank's for letting me know. I remember taking protein supplements back in the day, they were sorta good. Do you take any? agent 1: Yes, I enjoy the peanut butter protein powder a few times a week. I also like to eat clean and meal prep. Do you meal prep? agent 0: Cool. I enjoy cocoa and milk as a source of protein. I used to meal prep often before going to class. agent 1: its almost the hollidays. You're combination reminds me of hot chocolate. I just drink the protein shake before working out. What did you study? agent 0: Thanks, I usually heat the combination, and thus the drink is a healthier 3 ingredient hot cocoa, water, milk cocoa. I studied math and art. agent 1: That's awesome. I was terribel at math. agent 0: Me too was really bad in math that why i studied literature agent 1: I love math, am good at it",1,1,1,0,1,"**Analyzing contradictions**

I'm wondering if both statements could be true: someone could have been bad at math in the past but improved later on. Yet, the last utterance focuses on the present — ""I love math, am good at it"" — against a backdrop of a past statement about being terrible at it. The earlier comments from agent 0 complicate things because they mentioned studying math and art but then claimed they studied literature due to struggling with math. This contradiction might distract from evaluating the latest comment accurately. **Examining statements for contradictions**

For agent 1, they first said, ""I was terrible at math"" in the past, then stated, ""I love math, am good at it"" in the present. There's no explicit contradiction here since it's possible to have improved over time. It would help to have a transition explanation, but the statements don't conflict. The earlier comment about not having Asperger's aligns with their self-description as a weightlifter. So, I feel confident in saying there's no contradiction. **Clarifying consistency in statements**

Some tasks consider inconsistencies in a speaker's statements as contradictions, especially if they claim different things without a time qualifier. However, saying ""was terrible"" clearly indicates the past, while ""am good at it"" refers to the present. So, they're not inherently contradictory. In this conversation, while agent 1 contradicts their earlier claim of being bad at math with their later statement of loving math, it’s important to consider context. I’m leaning towards saying it’s a contradiction based on the same conversation. **Evaluating contradiction in statements**

The phrase ""was terrible"" indicates a past trait, but it's possible for someone to express both views in a single conversation. Typically, tasks involving contradictions expect clearer distinctions. For instance, stating ""I love math"" versus ""I was terrible at math"" presents differences in liking and ability. Agent 1 said, ""I was terrible at math,"" not ""I am terrible at math."" The present assertion of being good at it lacks an explanation for any improvements. Thus, I'd label this as contradictory based on their earlier statement. **Assessing past and present statements**

The past tense ""was"" might lead some to consider the statements as non-contradictory. However, many tasks flag direct contradictions regardless of tense, often looking for clearly opposite claims. In this case, agent 0 said they were bad at math, but later declared their love for math and stated they are good at it. This creates a contradiction. While there could be ambiguity, the lack of an explanation for improvement suggests I should mark it as contradictory. So, my choice is 1.",0,,addition,30
agent 0: So I managed to get all my school shopping done this week so the kids have all their things ready to go for tomorrow! agent 1: Cool I just finished today agent 0: I got an early start this year. Most years I start late and they're out of stuff I need by the time I get around to it. agent 1: Yeah we had a hard time today lol agent 0: And then the stores get so crowded after a certain point! agent 1: I am going to do like you next year for sure! agent 0: It's always good to plan ahead. agent 1: I haven't even bought anything for school yet.,"agent 0: So I managed to get all my school shopping done this week so the kids have all their things ready to go for tomorrow! agent 1: Cool I just finished today agent 0: I got an early start this year. Most years I start late and they're out of stuff I need by the time I get around to it. agent 1: Yeah we had a hard time today lol agent 0: And then the stores get so crowded after a certain point! agent 1: I am going to do like you next year for sure! agent 0: It's always good to plan ahead. agent 1: I haven't, even bought anything for school yet.",1,1,1,1,1,"**Analyzing conversational contradictions**

I'm looking at the dialogue to see if there's a contradiction in what Agent 1 has said. They mentioned finishing their shopping today, but then later said they haven't bought anything yet. This seems inconsistent. Earlier comments about having a hard time today and planning to do better next year might suggest frustration. So, I need to clarify Agent 1's statements to understand the true context of their situation better. **Identifying contradictions**

I see the contradiction here clearly. Agent 1 said, ""I just finished today,"" which implies they completed their shopping, but then they also said, ""we had a hard time today,"" suggesting they were indeed out shopping and facing difficulties. That inconsistency means there's definitely a contradiction present. I should note that this results in an output of 1, as I confirm the contradiction exists.",1,"**Evaluating contradictions in dialogue**

I’m reviewing the dialogue to see if there are contradictions. Agent 0 mentions finishing school shopping, and agent 1 initially says they just finished today, which fits well. However, agent 1 later states they haven’t bought anything for school yet. This clearly contradicts their earlier statement of just finishing. So, yes, it’s definitely a contradiction. The instructions indicate that I should respond with a 1 if it contradicts, so my final answer is 1.",addition,31
"agent 0: Do you like American football? agent 1: Yes, I love American football. What could be better than two teams of eleven player running on a field? lol agent 0: True :) Do you have a favorite team? I love Washington Redskins agent 1: Me too!! I live in DC so I'm a fan. They played more than 1000 games since 1932 agent 0: That's a lot of games and running around. I bet there were so many concussions agent 1: Concussions in American football is a big problem. Concussions caused CTE which has led to player suisides agent 0: what's CTE? agent 1: It stands for Chronic Traumatic Encephalopathy, though it has never been linked to concussions.","agent 0: Do you like American football? agent 1: Yes, I love American football. What could be better than two teams of eleven player running on a field? lol agent 0: True :) Do you have a favorite team? I love Washington Redskins agent 1: Me too!! I live in DC so I'm a fan. They played more than 1000 games since 1932 agent 0: That's a lot of games and running around. I bet there were so many concussions agent 1: Concussions in American football is a big problem. Concussions caused CTE which has led to player suisides agent 0: what's CTE? agent 1: It stands for Chronic Traumatic Encephalopathy, though, it has never been linked to concussions.",1,1,1,1,1,1,1,,addition,32
"agent 0: my friend wanted to be a paramedic agent 1: I wouldn't want to be EMS on 911 calls. The scenes would haunt you for life. agent 0: yea thats why my friend quit agent 1: I imagine it is not as bad not that there is enchanced 911 so paramedics only have to go to the calls they are absolutely neccessary for agent 0: oh yea really? agent 1: In Winnipeg they have was is known as the winnipeg fire paramedic servic, or WFPS. 6They have 2 different paramedic divisions depending on the type of 911 call. agent 0: oh i didnt know that. agent 1: \it started in 1882 with the Winnipeg Fire Department and grew from there. agent 0: dang thats so long ago","agent 0: my friend wanted to be a paramedic agent 1: I wouldn't want to be EMS on 911 calls. The scenes would haunt you for life. agent 0: yea thats why my friend quit agent 1: I imagine it is not as bad not that there is enchanced 911 so paramedics only have to go to the calls they are absolutely neccessary for agent 0: oh yea really? agent 1: In Winnipeg they have was is known as the winnipeg fire paramedic servic, or WFPS. 6They have 2 different paramedic divisions depending on the type of 911 call. agent 0: oh i didnt know that. agent 1: \it started in 1882 with the Winnipeg Fire Department and grew from there. agent 0: dang thats so longago",0,0,0,0,0,,0,"**Evaluating dialogue context**

I need to assess whether the last utterance from agent 0, ""dang that's so long ago,"" contradicts the preceding dialogue. So, let's look at their conversation. Agent 0 first mentions a friend's aspiration to become a paramedic, and then agent 1 discusses the challenges of EMS calls. Given the context, agent 0’s statement seems to refer to their friend's past rather than contradicting anything. I’m gathering that the flow of conversation logically aligns. **Assessing dialogue consistency**

The discussion here mentions two different paramedic divisions based on the type of 911 call. Agent 0 acknowledges learning that with ""oh I didn't know that,"" and then agent 1 shares a historical note about its origin in 1882. Agent 0's response, ""dang that's so long ago,"" doesn't contradict the information because 1882 is indeed a long time ago. I see no contradictions in the conversation overall—the statements are consistent with each other. So, I conclude with a response of 0.",glueing,33
"agent 0: I didn't realize it was that large. Have you seen The Wolf of Wallstreet? agent 1: Yeah I have, it was really good. It was set near Broadway and the South Street. agent 0: I agree, it's a great movie. Leonardo DiCaprio is a great actor and handsome too, lol. agent 1: He is a very great actor. I also like him in Gangs of New York. agent 0: Oh, I've never seen that, but I have heard of it! I'll have to watch it. I don't watch a lot of movies, but I want to watch more. agent 1: You should watch it. It's a great movie. What do you like to do? agent 0: Well, I work a lot, but when I get home I like to spend time with my dog and take walks. agent 1: That sounds like a good way to have fun and get some exercise! I also have two dogs. What kind of dog do you have? agent 0: She's a poodle! They're a very smart breed. What about you?","agent 0: I didn't realize it was that large. Have you seen The Wolf of Wallstreet? agent 1: Yeah I have, it was really good. It was set near Broadway and the South Street. agent 0: I agree, it's a great movie. Leonardo DiCaprio is a great actor and handsome too, lol. agent 1: He is a very great actor. I also like him in Gangs of New York. agent 0: Oh, I've never seen that, but I have heard of it! I'll have to watch it. I don't watch a lot of movies, but I want to watch more. agent 1: You should watch it. It's a great movie. What do you like to do? agent 0: Well, I work a lot, but when I get home I like to spend time with my dog and take walks. agent 1: That sounds like a good way to have fun and get some exercise! I also have two dogs. What kind of dog do you have? agent 0: She's a poodle! They're avery smart breed. What about you?",0,0,0,0,0,"I think I need to clarify my thoughts on the movie setting. It seems like the last utterance isn’t contradictory but rather adds new information about a poodle dog being female. So, there are no contradictions here; I should output 0. I’m recalling that, earlier, the agent mentioned not watching many movies while also agreeing it’s a great movie with Leonardo DiCaprio. But ultimately, that doesn't affect my output. It still leads to 0.",0,"**Evaluating dialogue consistency**

I need to figure out if the last statement conflicts with the dialogue context. Agent 0 said, ""She's a poodle!"" and mentioned earlier that they have a dog. That seems consistent, especially since Agent 1 previously inquired about the dog breed. Everything fits well together so far. However, I also want to double-check any contradictions in earlier statements. For instance, Agent 1’s factual claim about the film's setting seems off, but it doesn't contradict the current context.",glueing,34
"agent 0: I'm interested in account. What's it about? agent 1: YOu must love numbers! yuck,not me... accounting is a way to measure and process financial information agent 0: When did it start? agent 1: Account has been around form any years,formally it began in 1494 by Italian mathematician Pacioli agent 0: Is it popular as a career? agent 1: I am not sure,however, accounting has lots of fields such as, auditing aind,and cost accounting,what type interests you? agent 0: What about computer science? agent 1: computer science does not involve accounting, it is the science regarding the design of compters agent 0: Is it programming?","agent 0: I'm interested in account. What's it about? agent 1: YOu must love numbers! yuck,not me... accounting is a way to measure and process financial information agent 0: When did it start? agent 1: Account has been around form any years,formally it began in 1494 by Italian mathematician Pacioli agent 0: Is it popular as a career? agent 1: I am not sure,however, accounting has lots of fields such as, auditing aind,and cost accounting,what type interests you? agent 0: What about computer science? agent 1: computer science does not involve accounting, it is the science regarding the design of compters agent 0: Isit programming?",0,0,0,0,0,"**Analyzing dialogue context**

I need to figure out if the last remark, ""Is it programming?"" from agent 0, conflicts with the earlier conversation. They were discussing accounting and computer science, where agent 1 explained that computer science involves computer design. Agent 0 is asking if computer science means programming. Since it's a question and not a claim, it doesn’t contradict the previous statements. So, I conclude it doesn't contradict; thus, the answer is 0. **Verifying task consistency**

I need to double-check the tasks. The previous statement claimed that ""computer science does not involve accounting; it’s about computer design,"" which feels a bit limited. The question, ""Is it programming?"" might imply a connection between computer science and programming, but it’s simply asking for clarification. Since it’s a question and not a contradiction, I’ll conclude there's no inconsistency in the dialogue. Therefore, the answer is just 0.",0,"**Evaluating dialogue consistency**

I need to check if the last question, ""Is it programming?"" from agent 0, contradicts the previous context. Generally, questions don't contradict unless they imply something false. This question is about computer science, and agent 1 clarified that computer science is distinct from accounting. So asking if computer science means programming isn’t a contradiction; it’s a valid inquiry. After considering all details, I conclude this doesn't contradict. I'll respond with 0.",glueing,35
"agent 0: hello. how was your day agent 1: hello! i'm well, how are you? agent 0: i am currently watching football agent 1: i am watching birds with my cat. what your favorite football team? agent 0: what are you up to? agent 1: i am dying my hair different colors agent 0: what colors are you dying you re hair agent 1: red, blue, green, and yellow. i am thinking purple too agent 0: what is your favorite color agent 1: i like rainbow colors, you? agent 0: why is that your favorite agent 1: i do not have one agent 0: why do you not have one agent 1: i just do not have one agent 0: do you have any pets","agent 0: hello. how was your day agent 1: hello! i'm well, how are you? agent 0: i am currently watching football agent 1: i am watching birds with my cat. what your favorite football team? agent 0: what are you up to? agent 1: i am dying my hair different colors agent 0: what colors are you dying you re hair agent 1: red, blue, green, and yellow. i am thinking purple too agent 0: what is your favorite color agent 1: i like rainbow colors, you? agent 0: why is that your favorite agent 1: i do not have one agent 0: why do you not have one agent 1: i just do not have one agent 0: do you have anypets",0,0,0,0,0,,0,"**Verifying consistency**

I'm double-checking for any inconsistencies. I noticed that agent 1 mentioned liking rainbow colors but also stated they don’t have one favorite color. This isn’t necessarily contradictory since they can appreciate multiple colors without having a single preference. Overall, there's no contradiction in their statements. Everything checks out, so I'll just return 0.",glueing,36
agent 0: I like Dylans bars do you? agent 1: Yes Dylans Candy Bar is my favorite boutique candy store agent 0: They have everything! i just love it agent 1: Yes Ralph Laurens daughter Dylan Lauren owns them agent 0: How long have they been around? agent 1: Since 2011 and Dylan Lauren was on the cover of Forbes magazine agent 0: That is really cool!,agent 0: I like Dylans bars do you? agent 1: Yes Dylans Candy Bar is my favorite boutique candy store agent 0: They have everything! i just love it agent 1: Yes Ralph Laurens daughter Dylan Lauren owns them agent 0: How long have they been around? agent 1: Since 2011 and Dylan Lauren was on the cover of Forbes magazine agent 0: That isreally cool!,0,0,0,0,0,"**Analyzing dialogue context**

I need to determine if the last utterance contradicts the dialogue context. The last utterance from agent 0 is, ""That is really cool!"" This seems to be a reaction or opinion, so there's no contradiction there, although there is a slight typo with ""isreally."" The earlier reference says “Since 2011,” but Dylan's Candy Bar was actually founded in 2001. However, that earlier fact doesn't contradict the last utterance, which is positive. My task is just to check for contradictions, and there aren't any.",0,,glueing,37
"agent 0: My husband woke up with his face swollen and a terrible toothache agent 1: That's horrible. Did he get to go to the dentist yet? agent 0: Not yet, but I was his bedside nurse all day. Anything he needed I was sure to get.","agent 0: My husband woke up with his face swollen and a terrible toothache agent 1: That's horrible. Did he get to go to the dentist yet? agent 0: Not yet, but I was his bedside nurseall day. Anything he needed I was sure to get.",0,0,0,0,0,,0,,glueing,38
"agent 0: milk makes strong bones though, how do you supplement your diet? agent 1: i'm vegetarian. you can get all your nutrition from plants, you know? agent 0: Is it possible to be buff being a vegetarian? agent 1: I wouldn't know, I'm hardly ""buff"" but feel healthy! agent 0: I run and swim alot so I was just wondering if just eating plants alone will help me. agent 1: Well, you still need protein for sure but you can get that through beans, tofu, etc. agent 0: Wow I honestly did not know tofu had any protein. What's your favorite dish? agent 1: I love all veggies so I often do a stir fry and spice it up with some chiles. agent 0: That sounds very good! I need to try that out one day. How can I make it? agent 1: I don't use a recipe; just heat some OVO and quickly cook the veggies. I like them still crunchy. Add spices as desired. agent 0: What is OVO? agent 1: Olive oil. If you like nuts, they are a good source of protein too. Just add some cashews or walnuts!","agent 0: milk makes strong bones though, how do you supplement your diet? agent 1: i'm vegetarian. you can get all your nutrition from plants, you know? agent 0: Is it possible to be buff being a vegetarian? agent 1: I wouldn't know, I'm hardly ""buff"" but feel healthy! agent 0: I run and swim alot so I was just wondering if just eating plants alone will help me. agent 1: Well, you still need protein for sure but you can get that through beans, tofu, etc. agent 0: Wow I honestly did not know tofu had any protein. What's your favorite dish? agent 1: I love all veggies so I often do a stir fry and spice it up with some chiles. agent 0: That sounds very good! I need to try that out one day. How can I make it? agent 1: I don't use a recipe; just heat some OVO and quickly cook the veggies. I like them still crunchy. Add spices as desired. agent 0: What is OVO? agent 1: Olive oil. If you like nuts, they are a good source of protein too. Just add some cashews orwalnuts!",0,0,0,0,0,"**Evaluating statements for consistency**

I'm considering the task's contradiction with the dialogue context. It seems the speaker's previous statement isn't clearly defined, but saying ""OVO"" stands for ""Olive oil"" appears consistent. They also mentioned vegetarian options, including nuts for protein, which aligns well. So, I don’t see any contradictions here. I'll note the ""orwalnuts!"" has a missing space, but it’s not really relevant. Therefore, I conclude the answer should be 0.",0,,glueing,39
"agent 0: hi how are you? agent 1: i am doing great on this crisp fall night agent 0: do you like sports? i love tennis and play it for a living. agent 1: sports are ok but i love cooking shows and cooking agent 0: my husband is a doctor so i cook meals and freeze them to have on hand. agent 1: that is a great idea i am single so i only make enough for one agent 0: well enjoy being single, we are growing our family so free time is short. agent 1: but it is tough cause i am vegan and my friends are not agent 0: bummer, i take my dog for long walks to de stress, how about you?","agent 0: hi how are you? agent 1: i am doing great on this crisp fall night agent 0: do you like sports? i love tennis and play it for a living. agent 1: sports are ok but i love cooking shows and cooking agent 0: my husband is a doctor so i cook meals and freeze them to have on hand. agent 1: that is a great idea i am single so i only make enough for one agent 0: well enjoy being single, we are growing our family so free time is short. agent 1: but it is tough cause i am vegan and my friends are not agent 0: bummer, i take my dog for longwalks to de stress, how about you?",0,0,0,0,0,"**Evaluating dialogue context**

I need to determine if the last utterance contradicts the dialogue context. The last line is just ""Answer:"", which is empty. The dialogue ends with agent 0 saying, ""bummer, I take my dog for long walks to de-stress, how about you?"" I think I should check if this final statement contradicts the earlier context. It seems crucial to consider how the last statement fits into the flow of the conversation. **Analyzing dialogue contradiction**

I'm parsing the dialogue, starting with agent 0 saying hi and asking how agent 1 is. They then discuss sports and cooking, highlighting their interests. Agent 0 mentions being married and growing their family, while agent 1 is single and cooks for one. The last line from agent 0 talks about long walks with their dog to de-stress. I'm considering if this last statement contradicts the earlier context about being married and busy with family. It seems relevant to evaluate this connection. **Determining contradictions**

I'm concluding that there isn't a contradiction with agent 0 having a dog and taking it for long walks. That lifestyle fits within the context of the dialogue, especially with the mention of being a professional tennis player and enjoying a crisp fall night while cooking. Nothing about having a dog conflicts with agent 1's mention of being vegan or their friendship dynamics. Since there are no contradictions, my answer is simply 0.",0,"**Evaluating dialogue consistency**

I need to determine if the last line contradicts the dialogue context. The last utterance is ""Answer:"". But wait, the context shows agent 0 says they take their dog for long walks to de-stress. I should check agent 0's previous statements: they enjoy tennis, have a husband who's a doctor, and cook meals. So, having a dog and walking it doesn't contradict anything previously mentioned. Therefore, there isn’t a contradiction here! **Deciding the answer**

I need to settle on the answer, which is 0 since there’s no contradiction in the dialogue context. It's agent 0, not agent 1, who's speaking, and their statement aligns perfectly with earlier remarks. I briefly consider edge cases, like if it contradicts a vegan theme, but that's not relevant here. Therefore, I’ll return a single digit, confirming that there’s consistency in the dialogue. So, I’ll proceed with that.",glueing,40
"agent 0: Hi, my wife took me paragliding yesterday! agent 1: Wow, where did you do that? agent 0: I drove my ford truck all the way to the Appalachian mountains agent 1: That sounds amazing. The appalachian mountains are a place that i would like to go and paint. agent 0: I am going there to go camping next week. It should be a fun time. agent 1: I camp alot. I take my watercolours with me and paint all the beautiful things I see. Where else do you camp? agent 0: I have been to many places to camp, but usually just the mountains. I have been camping in the mountains with all 3 of my wives. agent 1: The mountains are such a beautiful place to camp. I love the blue of the sky above the mountains, it is my favourite colour. agent 0: Yes it can be quite pretty. I like the orange sky of the sunset more.","agent 0: Hi, my wife took me paragliding yesterday! agent 1: Wow, where did you do that? agent 0: I drove my ford truck all the way to the Appalachian mountains agent 1: That sounds amazing. The appalachian mountains are a place that i would like to go and paint. agent 0: I am going there to go camping next week. It should be a fun time. agent 1: I camp alot. I take my watercolours with me and paint all the beautiful things I see. Where else do you camp? agent 0: I have been to many places to camp, but usually just the mountains. I have been camping in the mountains with all 3 of my wives. agent 1: The mountains are such a beautiful place to camp. I love the blue of the sky above the mountains, it is my favourite colour. agent 0: Yes it can be quite pretty. I like the orange sky of the sunsetmore.",0,0,0,0,0,"**Evaluating dialogue consistency**

I need to assess if the last statement contradicts the context of the dialogue. It seems the last utterance focuses on a preference for an orange sky, which doesn’t mention anything about wives. I notice agent1’s favorite is blue, but that’s just a personal preference, so it's not contradictory. I’ll also note there's a minor typo with ""sunsetmore,"" but overall, that's not a significant contradiction either. So, I'll conclude with an answer of 0.",0,,glueing,41
"agent 0: Oh thats interesting. Ive always thought kayaks are fun! They are very tiring though, it looks so much easier then it actually is! agent 1: Ha! So many of the paddling-on-the-water past times are like that! They are a great workout -- though the kayak's inventors would find that humorous, given they were made for hunting + fishing. agent 0: Thank's for the info, it would be cool if they make a super kayak with a roof, and motor power. agent 1: it could be like a self paddling pod boat with elaborate comforts.. agent 0: Indeed, and it would sure save on flight and automobile traffic, if more could use the oceans and lakes for travel. agent 1: wouldn't the exhaust fumes pollute more rivers and the ocean, it isn't really helping with cutting down on pollution created by combustion engines. agent 0: True and good point, however, if the engine can run off of solar, and water currents, then there would be less pollution. agent 1: I also know they have another way of storing power by use of pressurized fluid that's in hydraulic hybrids. They are also coming up with newer technologies.","agent 0: Oh thats interesting. Ive always thought kayaks are fun! They are very tiring though, it looks so much easier then it actually is! agent 1: Ha! So many of the paddling-on-the-water past times are like that! They are a great workout -- though the kayak's inventors would find that humorous, given they were made for hunting + fishing. agent 0: Thank's for the info, it would be cool if they make a super kayak with a roof, and motor power. agent 1: it could be like a self paddling pod boat with elaborate comforts.. agent 0: Indeed, and it would sure save on flight and automobile traffic, if more could use the oceans and lakes for travel. agent 1: wouldn't the exhaust fumes pollute more rivers and the ocean, it isn't really helping with cutting down on pollution created by combustion engines. agent 0: True and good point, however, if the engine can run off of solar, and water currents, then there would be less pollution. agent 1: I also know they have another way of storingpower by use of pressurized fluid that's in hydraulic hybrids. They are also coming up with newer technologies.",0,0,0,0,0,,0,"**Evaluating dialogue consistency**

I need to check if the last comment contradicts the context of the conversation, which has been about kayaks, motorized options, and eco-friendly technologies. The mention of hydraulic hybrids and pressurized fluid aligns with the theme of greener technology. It doesn't contradict previous statements, especially since they discussed ways to reduce pollution. I think my conclusion is that this aligns well, so I'll return ""0"" as there's no contradiction here.",glueing,42
"agent 0: i am afraid to go to yellowstone, i love hershey. agent 1: wow! ups has sent packages to yellowstone. you like sweet tarts? agent 0: I Love sweet tarts agent 1: Me too! They are so good! agent 0: Yes they are! Do you love to hike? agent 1: Not really but I love driving in the mountains.","agent 0: i am afraid to go to yellowstone, i love hershey. agent 1: wow! ups has sent packages to yellowstone. you like sweet tarts? agent 0: I Love sweet tarts agent 1: Me too! They are so good! agent 0: Yes they are! Do you love to hike? agent 1: Not really but I love driving inthe mountains.",0,0,0,0,0,,0,,glueing,43
"agent 0: Cardigans make me look dapper. agent 1: I agree. They're associated with the Roaring Twenties which had many classy dressing styles. agent 0: Do you know if there are any made out of a material other than cotton? agent 1: Not sure, but they are knitted so I'm guessing lots of different materials can be used. agent 0: Are they knitted by hand? agent 1: They can be machine or hand knitted. agent 0: How did cardigans become so popular?","agent 0: Cardigans make me look dapper. agent 1: I agree. They're associated with the Roaring Twenties which had many classy dressing styles. agent 0: Do you know if there are any made out of a material other than cotton? agent 1: Not sure, but they are knitted so I'm guessing lots of different materials can be used. agent 0: Are they knitted by hand? agent 1: They can be machine or hand knitted. agent 0: How did cardigans becomeso popular?",0,0,0,0,0,"**Evaluating dialogue context**

I need to determine if the last utterance contradicts the dialogue context. The last question was from agent 0: ""How did cardigans become so popular?"" It doesn't contradict any earlier statements since it's simply a question. So, I decide there's no contradiction and output 0. I also notice a possible typo with ""becomeso,"" but that doesn't affect the conclusion. Overall, I'll return a single digit, which is 0.",0,"**Evaluating dialogue consistency**

I need to check if the last statement contradicts the previous dialogue. The last utterance from agent 0 is a question: ""How did cardigans become so popular?"" I see it's simply asking for information, not stating anything that could contradict what was said before. So, I don't find any contradictions here. I can confidently say the answer is 0, meaning there's no contradiction to report. I'll just output 0.",glueing,44
agent 0: I have a wonderful sister-in-law. who is always there for me when I need her agent 1: That must be comforting! It is good to have people in your life that are supportive. agent 0: I feel so lucky to have her as a sister-in-law and a friend. She is always there to offer a supporting ear and encouraging word.,agent 0: I have a wonderful sister-in-law. who is always there for me when I need her agent 1: That must be comforting! It is good to have people in your life that are supportive. agent 0: I feel so lucky to have her as a sister-in-law anda friend. She is always there to offer a supporting ear and encouraging word.,0,0,0,0,0,,0,,glueing,45
"agent 0: I love the walking dead! agent 1: who doesn't? lol it's the best post-apocalyptic horror tv series! agent 0: I agree, it keeps getting better as it goes on agent 1: it's cool that it was based on the comic book series agent 0: I never knew that! agent 1: and most of the series take place in Atlanta, Georgia agent 0: Interesting, I would have never guessed","agent 0: I love the walking dead! agent 1: who doesn't? lol it's the best post-apocalyptic horror tv series! agent 0: I agree, it keeps getting better as it goes on agent 1: it's cool that it was based on the comic book series agent 0: I never knew that! agent 1: and most of the series take place in Atlanta, Georgia agent 0: Interesting, I would havenever guessed",0,0,0,0,0,,0,,glueing,46
"agent 0: I have a big exam for college coming up, I have been studying day and night. agent 1: What's the exam on? agent 0: It is for my molecular biology class, I feel pretty good that I am going to Ace it.","agent 0: I have a big exam for college coming up, I have been studying day and night. agent 1: What's the exam on? agent 0: It isfor my molecular biology class, I feel pretty good that I am going to Ace it.",0,0,0,0,0,,0,,glueing,47
agent 0: i was so furious when i found out that my best friend and girl friend had made out agent 1: Oh dear me.. So sorry to hear that! what did you do? agent 0: I have not confronted them. I am still thinking over it.,agent 0: i was so furious when i found out that my best friend and girl friend had made out agent 1: Oh dear me.. So sorry to hear that! what did you do? agent 0: Ihave not confronted them. I am still thinking over it.,0,0,0,0,0,,0,"**Determining dialogue consistency**

I need to evaluate whether the last utterance in the given dialogue contradicts the context. In this case, agent 0 expresses frustration about their friends making out but states they haven't confronted them yet and are still thinking it over. Since this aligns with their earlier comments, there’s no contradiction here. So, I conclude that the correct response is 0—indicating that the last utterance is consistent with what was previously said.",glueing,48
"agent 0: hello! how are you today? agent 1: i'm fine from alabama, enjoying my tacos and brother. agent 0: that sounds delicious. i am drinking my coffee. agent 1: oh yea? i am liking my tacos then. agent 0: tacos are yummy. just not margaritas. agent 1: oh darn. how many siblings do you have? agent 0: i've 2 sisters. they love pink, i hate pink. agent 1: i happen to have three. and a brother. go figure. agent 0: oh wow. that sounds fun. do you have a bike? agent 1: no no bike. in all labor there is profit, so i guess i could get one. agent 0: yes, that's a good way to look at it. get a mountain bike. agent 1: in the multitude of counselors there is safety. my lovely dog would run behind me. agent 0: i am not sure i understand, but ok then.","agent 0: hello! how are you today? agent 1: i'm fine from alabama, enjoying my tacos and brother. agent 0: that sounds delicious. i am drinking my coffee. agent 1: oh yea? i am liking my tacos then. agent 0: tacos are yummy. just not margaritas. agent 1: oh darn. how many siblings do you have? agent 0: i've 2 sisters. they love pink, i hate pink. agent 1: i happen to have three. and a brother. go figure. agent 0: oh wow. that sounds fun. do you have a bike? agent 1: no no bike. in all labor there is profit, so i guess i could get one. agent 0: yes, that's a good way to look at it. get a mountain bike. agent 1: in the multitude of counselors there is safety. my lovely dog would run behind me. agent 0: i amnot sure i understand, but ok then.",0,0,0,0,0,,0,0,glueing,49
"agent 0: hello, how are you doing today? agent 1: i am good. you? my family goes to disney world yearly. you sing? agent 0: i do. have you ever seen the movie frozen? agent 1: yes! frozen songs are my fave. i'm in third grade. what grade you in? agent 0: i am kind of a psychic. do you love mickey mouse? agent 1: get out! i love mickey. my friend and i sing frozen songs during playground time. agent 0: i know. like i said. psychic... agent 1: great! okay tell me what i am thinking now? go! agent 0: You are thinking you are glad you met a cool new friend like me. agent 1: Wow. That's pretty close. I haven't met anyone as cool as you since I got in the fourth grade.","agent 0: hello, how are you doing today? agent 1: i am good. you? my family goes to disney world yearly. you sing? agent 0: i do. have you ever seen the movie frozen? agent 1: yes! frozen songs are my fave. i'm in third grade. what grade you in? agent 0: i am kind of a psychic. do you love mickey mouse? agent 1: get out! i love mickey. my friend and i sing frozen songs during playground time. agent 0: i know. like i said. psychic... agent 1: great! okay tell me what i am thinking now? go! agent 0: You are thinking you are glad you met a cool new friend like me. agent 1: Wow. That's pretty close. I haven't met anyone as cool as you since I gotin the fourth grade.",1,1,1,1,1,"**Evaluating dialogue consistency**

I need to figure out if the last statement contradicts the previous information. The last statement is, ""Wow. That's pretty close. I haven't met anyone as cool as you since I got in the fourth grade."" There's a typo, ""gotin,"" which likely means ""got in."" The speaker previously mentioned they are in third grade, but this statement suggests they might have been in fourth grade before. I need to check for consistency between these details. **Assessing grade progression**

I need to consider if the character could have advanced grades quickly because the conversation seems to take place over a short time. If they claim to be in fourth grade now, it contradicts their earlier statement about being in third grade. The phrase ""since I got in the fourth grade"" suggests they've been in that grade for some time. This means they should be at least in fourth grade now, creating a clear contradiction with the earlier statement. **Exploring the contradictions**

I’m trying to analyze the implications of the statement. It could suggest they haven't met anyone as cool since they entered fourth grade, possibly indicating they are beyond that grade now. But earlier, they said they were in third grade. The phrase ""since I got in the fourth grade"" usually means they entered fourth grade recently, not having been in fourth grade before. I'm realizing the contradiction about their grade is significant. Is there anything else contradictory? The statement by Agent 1 seems consistent, but the grade issue remains unresolved. So I lean towards that answer. **Analyzing the dialogue contradictions**

I'm looking at the conversation where one person mentions their family goes to Disney World and asks about singing. Then, they mention they are in third grade, but the next person, claiming to be a psychic, doesn't answer the grade question. The phrase ""I haven't met anyone as cool as you since I got in the fourth grade"" raises issues. It could imply a past event or suggest they've just entered fourth grade, which can't be true if they're currently in third grade. So, I conclude there's a contradiction and decide on outputting ""1.""",1,"**Clarifying dialogue context**

I need to check if the last statement contradicts the previous dialogue. The last statement was something like, “I haven't met anyone as cool as you since I got in the fourth grade.” Earlier, agent 1 mentioned being in third grade, which seems to conflict with this new information about being in fourth grade. I do wonder if time has passed or if they've moved, but in a conversation, that feels more immediate and less likely. **Analyzing grade progression**

I’m considering what ""since I got in the fourth grade"" could imply. It sounds like a past event, suggesting the person has been in fourth grade or higher now. If they are currently in third grade, then claiming they got into fourth grade in the past doesn’t fit. If they had been in fourth but are now in third, that also doesn't make sense. There’s a contradiction with agent 1’s earlier claim of being in third grade, leaving me puzzled about the progression during the conversation. It seems unlikely. **Finalizing dialogue analysis**

It looks like the last statement indeed contradicts the dialogue context. I should double-check for any other contradictions, but it seems that everything else is consistent. For instance, they love Mickey, which holds up with previous statements. So, it appears I can finalize my answer as 1, confirming that there's a contradiction with that last utterance. It's best to double-check everything to ensure accuracy, even though it seems clear-cut now!",glueing,50
agent 0: I was angry when my son destroyed my car agent 1: oh no is it completely destroyed not salvagable? agent 0: no not salvagable. i had to buy a new one. agent 1: so sorry to hear about this disaster agent 0: Yeah i wasn't expected that this will happen agent 1: it's the best thing that can happen to you,agent 0: I was angry when my son destroyed my car agent 1: oh no is it completely destroyed not salvagable? agent 0: no not salvagable. i had to buy a new one. agent 1: so sorry to hear about this disaster agent 0: Yeah i wasn't expected that this will happen agent 1: it's the best thing that can happen toyou,1,1,1,1,1,"**Evaluating dialogue consistency**

I need to check if the last statement contradicts the earlier context of the dialogue. The conversation involves an angry agent discussing their son's actions that led to a car being destroyed, with emotions tied into a disaster. The final utterance, ""it's the best thing that can happen to you,"" contrasts with the negative emotions expressed earlier. However, it's essential to remember that contradiction means factual rather than just opinion-based discrepancies. I wonder if any objective facts are directly contradicted here. **Assessing contradiction in dialogue**

The previous context describes the situation as a disaster, while the last statement claims it's ""the best thing that can happen to you."" This seems logically incompatible since it contradicts the negative emotions expressed earlier. Yet, contradiction usually refers to direct factual oppositions. In this case, it's more about differing sentiments rather than outright facts. I’m trying to decide if the last utterance truly conflicts with the dialogue, as some datasets might see opposing sentiments as contradictions. **Determining contradiction in statements**

In natural language inference, the statement ""This is the best thing that could happen"" seems to contradict ""This is a disaster."" I would lean towards calling it a contradiction. It’s interesting because the last comment comes from agent 1, who previously expressed sympathy by saying, ""so sorry to hear about this disaster."" Now, saying it's the best thing can indeed contradict their earlier sentiment in the conversation. So, it's clear: the answer is indeed a contradiction.",1,"**Determining dialogue consistency**

I need to analyze if the last statement contradicts the conversation's context. Agent 1 said, ""it's the best thing that can happen to you,"" but earlier, agent 0 expressed anger and disappointment over a destroyed car, which they had to replace.

It seems like agent 1's statement is more of an opinion rather than a factual contradiction. While the sympathy tone feels inconsistent, there's no explicit factual claim that’s directly contradicted by this opinion. It’s implied that losing the car is a disaster, but that doesn't create a direct contradiction. **Analyzing dialogue contradiction**

Agent 1 expressed sympathy by saying, ""so sorry to hear about this disaster,"" which suggests a negative evaluation. When they later call it ""the best thing that can happen to you,"" it raises questions about consistency. 

These phrases reflect conflicting evaluations of the same event. While ""best thing"" seems positive and contradicts the notion of a disaster being negative, it may not technically be an outright contradiction. However, within the context of this dialogue, it aligns more with a contradictory sentiment. I lean towards viewing it as a contradiction. **Evaluating contradiction in dialogue**

In tasks like this, a contradiction usually arises from an explicit negation of factual content. Here, there isn't a clear factual contradiction; however, there is a semantic conflict regarding positive and negative evaluations. The phrase ""it's the best thing that can happen to you"" stands in stark contrast to ""so sorry to hear about this disaster,"" especially given the anger expressed. 

Ultimately, I think the last utterance does contradict the dialogue context. I’ll lean towards saying it’s a contradiction.",glueing,51
"agent 0: I love riding my bike in the mountains near my house. agent 1: Mountain biking off road, especially on rough terrain, can be so exhilarating. agent 0: Yes it is! It really makes me feel alive. I love speeding down hills and seeing how fast I can go! agent 1: Have you done freeriding? It's similar to mountain biking, but you mostly go downhill and work on jumping and tricks and such. agent 0: No I haven't tried that at all. I haven't done any sort of trick biking. I think it would be pretty cool though. agent 1: Have you been to British Columbia? Biking is really popular there. agent 0: Not yet but I actually was planning a trip there this summer. I guess I can check out the biking scene first hand! agent 1: The pacific northwest is such a nice place to visit. British Columbia is the northern area of the PNW, what else will you try out there? agent 0: I know they're well known for mountains and nice weather. I just want to stroll around and check out the scenerary. agent 1: That's awesome, I promise you will love British Columbia. agent 0: I know, I have been to British Columbia many times before.","agent 0: I love riding my bike in the mountains near my house. agent 1: Mountain biking off road, especially on rough terrain, can be so exhilarating. agent 0: Yes it is! It really makes me feel alive. I love speeding down hills and seeing how fast I can go! agent 1: Have you done freeriding? It's similar to mountain biking, but you mostly go downhill and work on jumping and tricks and such. agent 0: No I haven't tried that at all. I haven't done any sort of trick biking. I think it would be pretty cool though. agent 1: Have you been to British Columbia? Biking is really popular there. agent 0: Not yet but I actually was planning a trip there this summer. I guess I can check out the biking scene first hand! agent 1: The pacific northwest is such a nice place to visit. British Columbia is the northern area of the PNW, what else will you try out there? agent 0: I know they're well known for mountains and nice weather. I just want to stroll around and check out the scenerary. agent 1: That's awesome, I promise you will love British Columbia. agent 0: I know, Ihave been to British Columbia many times before.",1,1,1,1,1,"**Identifying contradictions**

I need to check if the last statement contradicts earlier dialogue. Agent 1 says, ""That's awesome, I promise you will love British Columbia."" Then agent 0 states, ""I know, I have been to British Columbia many times before."" However, agent 0 also mentioned planning a trip there this summer, suggesting they haven't been there yet. This indicates a contradiction in their statement, confirming that my answer is indeed 1. Also, I notice some spelling errors in ""I have.""",1,1,glueing,52
"agent 0: Have you ever been to Ireland? Ive seen pictures from a friend who went and it looks pretty agent 1: No I have never been there but I would love to visit this island in the North Atlantic. I agree that it looks beautiful! agent 0: Yes! Is there many mountains there? agent 1: The geography is mostly low lying mountains which surround a central plain and many rivers extending inland. agent 0: Oh I see, are the rivers freshwater? agent 1: I'm not sure about the rivers but the island has a very lush vegetation which is a product of its mild and changeable climate which usually has no extreme temperatures. agent 0: Oh that sounds nice. What else is very special or unique about it? agent 1: It is naturally beautiful. Everyone loves it. agent 0: That sounds terrible, I don't think I'd like it.","agent 0: Have you ever been to Ireland? Ive seen pictures from a friend who went and it looks pretty agent 1: No I have never been there but I would love to visit this island in the North Atlantic. I agree that it looks beautiful! agent 0: Yes! Is there many mountains there? agent 1: The geography is mostly low lying mountains which surround a central plain and many rivers extending inland. agent 0: Oh I see, are the rivers freshwater? agent 1: I'm not sure about the rivers but the island has a very lush vegetation which is a product of its mild and changeable climate which usually has no extreme temperatures. agent 0: Oh that sounds nice. What else is very special or unique about it? agent 1: It is naturally beautiful. Everyone loves it. agent 0: That sounds terrible, Idon't think I'd like it.",1,1,1,1,1,"**Evaluating contradiction in dialogue**

I'm trying to figure out if the last statement contradicts the earlier context. An earlier agent mentioned it's beautiful and loved by everyone, while agent 0 responds with, ""That sounds terrible, I don't think I'd like it."" This seems to contradict the implication that everyone should love it, since it suggests an opposing opinion. The phrase ""everyone loves it"" may present a strong claim, which agent 0's sentiment directly opposes. So, it appears there is a contradiction here. **Identifying contradictions in dialogue**

In dialogue tasks, contradictions occur when a statement conflicts with previous claims. Here, the phrase ""Everyone loves it"" is directly contradicted by ""I don't think I'd like it."" So, yes, it is a contradiction. However, I wonder if ""Everyone loves it"" could just be hyperbole rather than a factual claim. Nevertheless, in these tasks, universal quantifiers are treated as facts. I should simply return ""1"" for there's a contradiction here.",1,"**Analyzing contradiction in dialogue**

Okay, I’m looking at the dialogue where one part claims ""Everyone loves it"" and the response is ""I don't think I'd like it."" That's a contradiction because if they're part of ""everyone,"" they can't dislike it. While ""I don't think I'd like it"" speaks to a personal future preference, the scenario seems to focus on whether the last statement contradicts prior claims. Since ""everyone"" implies all-inclusive love, the response clearly creates a conflict here. **Determining contradiction**

I'm thinking the statement does indeed contradict. It conflicts with the claim that ""everyone loves it,"" which is an absolute assertion. If one asserts they don't like it, that contradicts being part of ""everyone."" So, my conclusion is that the answer is confirmed as 1. This aspect of understanding dialogue and contradictions feels important! I want to make sure I'm being thorough and accurate in my reasoning.",glueing,53
"agent 0: i love dance! i like to hike on the weekends to the hollywood sign.. agent 1: oh that is probably a big hike! must be difficult. agent 0: it can be, what do you like doing? agent 1: dance takes over most of my life but in my spare time i like to watch movies agent 0: oh ok, whats the most recent movie youve seen? agent 1: action movies.. it all depended on my mood. you? agent 0: i prefer movies with a moral as i can use that when im teaching. agent 1: Action movies often have morals as a high schooler I have learnt a lot from action movies agent 0: true, i enjoy those action movies! so what kind of dance do you do? agent 1: I like more recent break dance type dances agent 0: I bet you love martial arts movies. They're full of action and fighting moves similar to breakdancing. agent 1: No, I hate martial arts movies. The moves are too similar to break dancing, I only like ballet.","agent 0: i love dance! i like to hike on the weekends to the hollywood sign.. agent 1: oh that is probably a big hike! must be difficult. agent 0: it can be, what do you like doing? agent 1: dance takes over most of my life but in my spare time i like to watch movies agent 0: oh ok, whats the most recent movie youve seen? agent 1: action movies.. it all depended on my mood. you? agent 0: i prefer movies with a moral as i can use that when im teaching. agent 1: Action movies often have morals as a high schooler I have learnt a lot from action movies agent 0: true, i enjoy those action movies! so what kind of dance do you do? agent 1: I like more recent break dance type dances agent 0: I bet you love martial arts movies. They're full of action and fighting moves similar to breakdancing. agent 1: No, Ihate martial arts movies. The moves are too similar to break dancing, I only like ballet.",1,1,1,1,1,"**Evaluating dialogue contradictions**

I need to look at the contradictions in the conversation. Earlier, one agent mentioned that dancing consumes most of their life but also enjoys action movies, saying it depends on their mood. They claimed to have learned a lot from action films, which implies a liking for them. Yet, they also stated they prefer recent break dance styles. However, when the other agent suggested martial arts movies, they said they hated them, claiming that the moves are too similar to breakdancing and only like ballet instead. **Analyzing contradictions in preferences**

I need to examine if there are contradictions in the dialogue. Agent 1 indicated an interest in both action movies and break dancing, but then stated they only like ballet, which contradicts their earlier preference for break dancing. This inconsistency raises questions about whether they changed their mind quickly or if there’s confusion in their statements. While they didn't explicitly say they hate action movies, their dislike for martial arts movies adds to the complexity in their preferences. **Assessing contradictions in preferences**

Martial arts can fit under the action movie genre, so saying they hate martial arts films doesn't necessarily contradict liking action movies overall. However, when they claim, ""I only like ballet"" after having mentioned a preference for break dancing, it does create a contradiction. The phrase ""I only like ballet"" suggests they prefer ballet for dance, and their dislike for martial arts stems from the similarity to break dancing. This indicates a clear inconsistency in their stated preferences. So yes, it's definitely contradictory.",1,"**Analyzing dialogue context**

I need to decide if the last statement contradicts the previous dialogue. So, let’s break down what agent 1 has previously said: they mentioned that dance is a big part of their life, and in their spare time, they watch movies. 

There’s this mention of action movies and how the enjoyment depends on mood, which is a bit awkward. But it seems like they appreciate action films, especially since they learned a lot from them. Additionally, they noted they enjoy more recent breakdance styles, which connects back to agent 0’s comment about martial arts movies. **Assessing movie preferences**

Agent 1 mentioned that martial arts movies are full of action and fighting moves like breakdancing, but then they said they hate martial arts movies and only like ballet. This seems contradictory since they previously expressed appreciation for breakdancing and even enjoyed action movies for their morals. However, it’s possible to like action films but dislike the martial arts subgenre specifically. So, while there are conflicting statements, it’s not necessarily a contradiction across all preferences. **Identifying contradictions in preferences**

The key contradiction here is that agent 1 claims, ""I only like ballet,"" which conflicts with their earlier statement of enjoying recent breakdance styles. They previously noted that dance occupies a significant part of their life, which is consistent. However, saying they only like ballet directly contradicts their earlier preference for break dance. Because of this contradiction, it’s clear that the last statement does not align with the earlier context. So, my conclusion is that it definitely contradicts the prior information.",glueing,54
"agent 0: My dad was a big fan of Guns N' Roses, they're a hard rick band that was from Los Angeles. agent 1: They are a great band i think welcome to the jungle is their best song agent 0: I'm pretty unfamiliar with them, the only song of their's that i really know is Sweet Child o' Mine"", which was their only single to reach #1 on the Hot 100. agent 1: That is a great song as well. who is their singer again? agent 0: Their lead singer is Axl Rose, while their lead guitarist is Slash. agent 1: slash is great! i love his solos agent 0: Yeah he sounds a bit more familiar to me. HE released 3 solo albums ""Slash,"" ""Apocalyptic Love"", and ""World on Fire."" All since 2010. agent 1: Those albums are all classic's, I remember the first time hearing all three. agent 0: I am not too familiar with the guitarist slash, I wouldn't be able to tell the sound.","agent 0: My dad was a big fan of Guns N' Roses, they're a hard rick band that was from Los Angeles. agent 1: They are a great band i think welcome to the jungle is their best song agent 0: I'm pretty unfamiliar with them, the only song of their's that i really know is Sweet Child o' Mine"", which was their only single to reach #1 on the Hot 100. agent 1: That is a great song as well. who is their singer again? agent 0: Their lead singer is Axl Rose, while their lead guitarist is Slash. agent 1: slash is great! i love his solos agent 0: Yeah he sounds a bit more familiar to me. HE released 3 solo albums ""Slash,"" ""Apocalyptic Love"", and ""World on Fire."" All since 2010. agent 1: Those albums are all classic's, I remember the first time hearing all three. agent 0: I am not toofamiliar with the guitarist slash, I wouldn't be able to tell the sound.",1,1,0,0,0,"**Clarifying contradictions**

I'm checking for contradictions in the task. It seems like the phrase ""hard rick band"" is just a typo, so there's nothing else to worry about. The answer should be either 0 or 1, based on whether there's a contradiction. Since the prompt specifies to return 1 for contradictions and 0 if there are none, my conclusion is to output just 0. That should be straightforward!",0,,glueing,55
"agent 0: Green is my favorite color. Do you like green? agent 1: I love green, Green is the color between blue and yellow agent 0: Yes! Green is also one of the main colors in the RGB color model I believe. It is also a great shirt color. agent 1: I have heard Green has a dominant wavelength of roughly 495570 nm agent 0: Interesting! Has green always been common throughout history? I wonder if it was on cave paintings. agent 1: it was! and it is created by a combination of yellow and blue, or yellow and cyan agent 0: Neat! Yes it is fun to paint with yellow and blue to create green. agent 1: You can get so many different beautiful shades by mixing those colors. agent 0: Yeah, but I don't really care for green. Some of the shades can be a bit ugly.","agent 0: Green is my favorite color. Do you like green? agent 1: I love green, Green is the color between blue and yellow agent 0: Yes! Green is also one of the main colors in the RGB color model I believe. It is also a great shirt color. agent 1: I have heard Green has a dominant wavelength of roughly 495570 nm agent 0: Interesting! Has green always been common throughout history? I wonder if it was on cave paintings. agent 1: it was! and it is created by a combination of yellow and blue, or yellow and cyan agent 0: Neat! Yes it is fun to paint with yellow and blue to create green. agent 1: You can get so many different beautiful shades by mixing those colors. agent 0: Yeah, but I don't really care for green. Someof the shades can be a bit ugly.",1,1,1,1,1,"**Evaluating dialogue consistency**

I need to figure out if the last statement contradicts earlier comments. Agent 0 initially said, ""Green is my favorite color,"" showing a clear love for green. Later, they mentioned it being a main RGB color and a good shirt color, which is positive but not outright contradictory. However, the last comment, ""I don't really care for green,"" directly contradicts the earlier statements. So, within this context, the last utterance does contradict what was said before. **Determining contradiction**

I've got to confirm if the last statement contradicts the context of the conversation. Agent 0 previously mentioned that ""Green is one of the main colors in the RGB model,"" suggesting a positive feeling toward green. However, their final line states they don't care for green, which clearly contradicts their earlier positive remarks. Since this is a direct contradiction, I should output ""1"" as the answer. It really does seem quite clear!",1,"**Evaluating contradictions in dialogue**

I need to determine if the last statement contradicts what was previously said. The last utterance from agent 0 claims not to care for green after stating it was their favorite. This previous statement clearly stated that green is the favorite color, which means the later comment contradicts it. It’s interesting how opinions can shift in conversation, but in this case, there’s a contradiction present. I'll output a 1 to indicate the contradiction. **Finalizing the response**

I need to note that the previous statements about green and the RGB color model might have inaccuracies. Green is indeed a primary color in RGB, and it’s created through mixing specific colors, which I should clarify. There's also a comment about the dominant wavelength being roughly 495570 nm that has a missing hyphen but isn't critical to the main point. Given everything, I’ll finalize the answer as 1 since inaccuracies do exist.",glueing,56
"agent 0: i'm a good person like working with the senior agent 1: oh. you sound like a friendly guy. old people get on my nerves though agent 0: i know. they're always curling in the squat rack agent 1: Well you have to make allowances for age. You'll be there someday. My roommate is getting up there. agent 0: do you like to watch mma? i do agent 1: I can watch it. I'm not really into it though. agent 0: oh. do you even lift, bro? agent 1: I do lift and that's why I love MMA agent 0: MMA is so boring to watch though","agent 0: i'm a good person like working with the senior agent 1: oh. you sound like a friendly guy. old people get on my nerves though agent 0: i know. they're always curling in the squat rack agent 1: Well you have to make allowances for age. You'll be there someday. My roommate is getting up there. agent 0: do you like to watch mma? i do agent 1: I can watch it. I'm not really into it though. agent 0: oh. do you even lift, bro? agent 1: I do lift and that's why I love MMA agent 0: MMA is so boring to watchthough",1,1,1,1,1,"**Analyzing dialogue contradictions**

I need to determine if the last comment contradicts the conversation context. Here's what I see: Agent 0 enjoys working with seniors, while Agent 1 is annoyed by old people. They exchange a few jokes, and then Agent 1 claims they're not really into MMA, but later states they lift and love MMA. This contradiction within Agent 1’s remarks stands out. Finally, the last comment from Agent 0, stating that ""MMA is so boring to watch"" might also create a mismatch with the discussion. **Identifying dialogue contradictions**

I need to check if the last statement contradicts the dialogue. Agent 0 mentioned liking to watch MMA earlier, but then said, ""MMA is so boring to watch though,"" which directly contradicts their earlier enthusiasm. So, yes, that last statement contradicts the context. I see that Agent 1 also had contradictions, but my focus is on Agent 0's latest remark. Since it contradicts their previous statement, I’ll conclude with ""1"" as the answer.",1,1,glueing,57
"agent 0: i find Green to be a very interesting color, Green is the color between blue and yellow agent 1: I like green too! I like that there are so many shades! I like an emerald green, what's your favorite? agent 0: I love the Green on jade, It is evoked by light which has a dominant wavelength of roughly 495570 nm agent 1: That's so interesting! What else can you tell me about green? agent 0: It is really interesting that By far the largest contributor to green in nature is chlorophyll, the chemical by which plants photosynthesize agent 1: I never knew that! Green is such an interesting color! Do you know where it falls on the spectrum of visible light? agent 0: im not sure but Several minerals have a green color and they look really nice on jewelery agent 1: That sounds interesting, I will do my research on the color green agent 0: You might find it boring, I do not find the color interesting","agent 0: i find Green to be a very interesting color, Green is the color between blue and yellow agent 1: I like green too! I like that there are so many shades! I like an emerald green, what's your favorite? agent 0: I love the Green on jade, It is evoked by light which has a dominant wavelength of roughly 495570 nm agent 1: That's so interesting! What else can you tell me about green? agent 0: It is really interesting that By far the largest contributor to green in nature is chlorophyll, the chemical by which plants photosynthesize agent 1: I never knew that! Green is such an interesting color! Do you know where it falls on the spectrum of visible light? agent 0: im not sure but Several minerals have a green color and they look really nice on jewelery agent 1: That sounds interesting, I will do my research on the color green agent 0: Youmight find it boring, I do not find the color interesting",1,1,1,1,1,"**Identifying contradictions**

I'm considering whether the last statement contradicts the previous context. The last phrase from agent 0 is, ""You might find it boring, I do not find the color interesting."" Earlier, agent 0 claimed to find green a very interesting color, so this seems contradictory. Even if ""Youmight"" might be a typo for ""You might,"" the contradiction stands. For identifying contradictions, we only need the last utterance to conflict with the context, so it definitely is an issue. **Deciding contradiction output**

I'm reflecting on whether agent 0's two statements contradict each other. Initially, agent 0 expressed that ""I find green to be a very interesting color,"" but then later stated, ""Youmight find it boring, I do not find the color interesting."" Since these two statements are indeed contradictory, I need to return ""1"" as the answer. The user requested only a definitive number, so I won't add any extra text. It's simple: the output will be ""1"".",1,,glueing,58
"agent 0: I got the news that my girlfriend's mom passed away. I have to tell her the news myself since she has no other close family. I'm dreading having to actually say it to her. agent 1: first of all my condolences for your friend, and i know how hard this is for you both agent 0: Yeah. It's been really difficult. She's heartbroken. She's been depressed and sleeping alot. agent 1: i'm sorry to hear that. i'm also struggling here watching my parents in their last moments. agent 0: Losing a parent is never easy. Especially at a young age. Her mom was the only family she has left. agent 1: Yeah. It is difficult when you lose someone you're close to. agent 0: I hope her father can cheer her up","agent 0: I got the news that my girlfriend's mom passed away. I have to tell her the news myself since she has no other close family. I'm dreading having to actually say it to her. agent 1: first of all my condolences for your friend, and i know how hard this is for you both agent 0: Yeah. It's been really difficult. She's heartbroken. She's been depressed and sleeping alot. agent 1: i'm sorry to hear that. i'm also struggling here watching my parents in their last moments. agent 0: Losing a parent is never easy. Especially at a young age. Her mom was the only family she has left. agent 1: Yeah. It is difficult when you lose someone you're close to. agent 0: I hopeher father can cheer her up",1,1,1,1,1,,1,"**Identifying contradictions**

I need to determine if the last statement contradicts the dialogue context. Agent 0 said, ""I hope her father can cheer her up,"" but earlier context indicates that her mom was the only family she had left. This implies the absence of a father. Since the last statement hopes for a father’s support while claiming there’s no father, it does indeed present a contradiction. Therefore, I conclude that the answer is 1. **Analyzing family context**

I'm considering the phrase ""only family she has left."" It could imply that the father might be estranged or deceased, suggesting some family connection is still there. However, the statement ""mom was the only family she has left"" is quite strong. This strongly implies the father is either absent or not part of the immediate family. Since the last statement about the father contradicts this, I conclude the answer is 1.",glueing,59
"agent 0: hello! do you have to work today? i do not. the usps is closed. agent 1: hi. how are you? i do since i work for myself walking dogs agent 0: i'm doing well. barnaby, my shepherd, and i came back from a long walk. agent 1: oh you have a dog too. i've three. agent 0: only one. i work a lot. and, we have scorpions. we are both afraid of them. agent 1: wow that is scary. what do you like to do for fun? agent 0: i like to attend nascar races, my daddy was a driver. agent 1: that is cool. my dad was a door to door salesman. agent 0: my mom sold avon. they had the pretties grey eye shadow. agent 1: i'm not into makeup much agent 0: Neither am I. My mom and I don't use make up. It's something we really believe in. agent 1: That's weird. I love make up.","agent 0: hello! do you have to work today? i do not. the usps is closed. agent 1: hi. how are you? i do since i work for myself walking dogs agent 0: i'm doing well. barnaby, my shepherd, and i came back from a long walk. agent 1: oh you have a dog too. i've three. agent 0: only one. i work a lot. and, we have scorpions. we are both afraid of them. agent 1: wow that is scary. what do you like to do for fun? agent 0: i like to attend nascar races, my daddy was a driver. agent 1: that is cool. my dad was a door to door salesman. agent 0: my mom sold avon. they had the pretties grey eye shadow. agent 1: i'm not into makeup much agent 0: Neither am I. My mom and I don't use make up. It's something we really believe in. agent 1: That's weird. Ilove make up.",1,1,1,1,1,"I need to figure out if the last thing said goes against what's already been discussed in the conversation. I’m thinking about the context and what was previously mentioned. It's important to keep everything consistent and logically connected. I’ll check for any inconsistencies or contradictions in the flow of dialogue. This way, I can clarify things and maintain a coherent exchange. I'm looking forward to untangling this! Looking at the conversation, I see that agent 0 and agent 1 are sharing bits about their lives, like work and pets. They’re connecting over their experiences, which is lovely! Agent 0 mentions their dog, Barnaby, and their fear of scorpions, while agent 1 talks about their three dogs and family backgrounds. There’s also a moment about makeup preferences, where they both aren’t into it much. It feels like a friendly exchange filled with personal anecdotes! I'm analyzing the conversation for contradictions, focusing on agent 1's statements about makeup. Agent 1 first claims, ""I'm not into makeup much,"" but then says, ""That's weird. I love makeup."" These two statements can't be true at the same time, so there's a clear contradiction. While I thought about the possibility that one could say they’re “not into it much” yet still enjoy it, that’s not how it fits together here. So, I’m concluding that yes, it does contradict.  I'll output ""1"" for that!",1,"**Evaluating dialogue consistency**

I need to check if the last utterance from agent 1, ""That's weird. I love makeup,"" contradicts what was said before. Previously, agent 1 mentioned, ""I'm not into makeup much,"" which clearly contradicts their latest statement. Agent 0 also said they don't use makeup, but that doesn't create a contradiction with agent 1. So, yes, the last utterance contradicts the dialogue context. I'll summarize that as output one.",glueing,60
"agent 0: you mean like magic tricks? agent 1: yes. you should watch penn and teller agent 0: I love Penn and Teller. I love decorating cakes too. agent 1: That's awesome! You can watch them while you make some cakes, lol. How long have you been decorating cakes? agent 0: Ever since I realized I was a lesbian. So, around 12. What do you like to do? agent 1: I like to research about science and space. I want to be an astronaut one day. That's my dream! agent 0: That's a wonderful aspiration! Are you in college? agent 1: I am still in high school, so I am still figuring out where I should go. Hopefully I get some scholarships too. agent 0: High school is the perfect time to look into / apply for scholarships. However, playing a sport would probably help more to pay for college. agent 1: That's great advice. Do you play any sports? agent 0: Yes I do. I'm the captain of my volleyball team. agent 1: Wow that's great. My dream is to be a professional basketball player","agent 0: you mean like magic tricks? agent 1: yes. you should watch penn and teller agent 0: I love Penn and Teller. I love decorating cakes too. agent 1: That's awesome! You can watch them while you make some cakes, lol. How long have you been decorating cakes? agent 0: Ever since I realized I was a lesbian. So, around 12. What do you like to do? agent 1: I like to research about science and space. I want to be an astronaut one day. That's my dream! agent 0: That's a wonderful aspiration! Are you in college? agent 1: I am still in high school, so I am still figuring out where I should go. Hopefully I get some scholarships too. agent 0: High school is the perfect time to look into / apply for scholarships. However, playing a sport would probably help more to pay for college. agent 1: That's great advice. Do you play any sports? agent 0: Yes I do. I'm the captain of my volleyball team. agent 1: Wow that's great. My dream isto be a professional basketball player",1,1,1,1,1,"**Analyzing dialogue consistency**

I need to figure out if the last remark contradicts the previous dialogue context. Agent 1 initially expressed a passion for science and dreams of becoming an astronaut, mentioning they're in high school. However, they later say, ""My dream is to be a professional basketball player."" This could be seen as a contradiction since they state two different dreams. I wonder if someone could have multiple aspirations, but unless they changed their dream during the conversation, it does seem inconsistent. **Determining contradictions**

When analyzing these statements, I realize that claiming “That's my dream” suggests there is only one dream being referenced. Saying, “My dream is to be a professional basketball player” contradicts the earlier assertion unless they clarify that they have multiple dreams. Since no new information is given, I conclude there’s a contradiction present. Double-checking the other facts, Agent 1 is indeed in high school, which doesn't create a conflict. So, I would mark this as contradiction: 1.",1,,glueing,61
"agent 0: hi! how are you today? agent 1: i'm doing good, how about you agent 0: great. i just finished cooking paella this evening! agent 1: that sounds great! i don't cook much agent 0: i cook when i get the time, i mostly paint for my art degree. agent 1: nice. i just work for the us postal service agent 0: i love mail. did i mention that i am from the direct line of christopher columbus? agent 1: Wow, is that why you cook pasta for dinner? agent 0: Yeah, I loved this evening's ravioli.","agent 0: hi! how are you today? agent 1: i'm doing good, how about you agent 0: great. i just finished cooking paella this evening! agent 1: that sounds great! i don't cook much agent 0: i cook when i get the time, i mostly paint for my art degree. agent 1: nice. i just work for the us postal service agent 0: i love mail. did i mention that i am from the direct line of christopher columbus? agent 1: Wow, is that why you cook pasta for dinner? agent 0: Yeah, Iloved this evening's ravioli.",1,1,1,1,1,"**Evaluating dialogue consistency**

I need to check if the last utterance contradicts the context. So, agent 0 mentions cooking paella, but later talks about loving ravioli from the same evening. This could be a contradiction since paella and ravioli are different dishes. However, it's still possible they cooked both dishes that night. Yet, if they're both referring to the same meal, it seems unlikely. The earlier statement suggests they indeed cooked paella, not ravioli. **Analyzing meal contradiction**

The mention of ""this evening's ravioli"" implies that their dinner was ravioli, creating a contradiction if they previously stated they cooked paella. Additionally, agent 1's question about cooking pasta highlights that ravioli is a type of pasta, whereas paella is not. So, agreeing with pasta in the last utterance further suggests a contradiction with the earlier claim of paella. Therefore, I conclude that the answer is 1 for contradiction.",1,"**Analyzing dialogue consistency**

I need to determine if the last utterance contradicts the dialogue context. Agent 0 first mentions cooking paella and later says they loved ravioli. This creates a contradiction since both dishes were supposedly cooked for dinner that evening, but paella is rice and ravioli is pasta. It raises the question of whether it's possible to cook both, yet using ""this evening"" twice suggests otherwise. Therefore, the last utterance contradicts the earlier context. My answer is yes.",glueing,62
"agent 0: Genghis Khan was on of the greatest leaders of all time. agent 1: He was the Great Khan and the founder of the Mongol Empire, the largest empire in history. agent 0: I actually know a lot about him. I have a masters in History. Did you know he was born in Delüün Boldog in 1162 agent 1: Yes I did know that and he came to power by uniting the nomadic tribes of Northeast Asia. agent 0: He would have never been able to take over the world. The celts in Scotland at the time would have smashed him. Interesting fact he had 13 kids. agent 1: How many wives? agent 0: I am not sure. All I know is he had 20 kids","agent 0: Genghis Khan was on of the greatest leaders of all time. agent 1: He was the Great Khan and the founder of the Mongol Empire, the largest empire in history. agent 0: I actually know a lot about him. I have a masters in History. Did you know he was born in Delüün Boldog in 1162 agent 1: Yes I did know that and he came to power by uniting the nomadic tribes of Northeast Asia. agent 0: He would have never been able to take over the world. The celts in Scotland at the time would have smashed him. Interesting fact he had 13 kids. agent 1: How many wives? agent 0: I amnot sure. All I know is he had 20 kids",1,1,1,1,1,,1,,glueing,63
"agent 0: One day at work while I was pregnant, I fell! Luckily, the baby and I weren't hurt, but I wanted to waddle away so fast! agent 1: Oh no! I bet that was embarassing :( agent 0: Yes, it really was quite so! agent 1: I'm glad you're okay. Did you have the baby yet?? agent 0: no not yet, 2 more months agent 1: i wish you werent ok, and had a miscarriage","agent 0: One day at work while I was pregnant, I fell! Luckily, the baby and I weren't hurt, but I wanted to waddle away so fast! agent 1: Oh no! I bet that was embarassing :( agent 0: Yes, it really was quite so! agent 1: I'm glad you're okay. Did you have the baby yet?? agent 0: no not yet, 2 more months agent 1: i wish you werent ok, andhad a miscarriage",1,1,1,0,1,"**Analyzing dialogue consistency**

I’m trying to figure out if the last statement contradicts the previous dialogue context. The statement in question is “I wish you weren't okay, and had a miscarriage,” which seems hateful. The earlier statement from the same speaker was “I’m glad you’re okay.” Clearly, this creates a contradiction because the two statements oppose each other. In general, I need to assess if there's a logical contradiction based on facts or prior statements. The last utterance does contradict the context because it opposes the earlier positive sentiment. **Determining contradiction**

I’m analyzing whether the last statement contradicts the previous context. The last utterance is a wish that counters the earlier sentiment of “I’m glad you’re okay.” While it’s not a factual claim, it creates a semantic contradiction. The earlier statement expresses positivity, while the latter expresses a negative wish. It seems like a contradiction in emotion or stance, so it probably counts as a contradiction. Given the criteria, I think I'll mark it as a contradiction. **Verifying contradiction**

I'm double-checking the criteria for identifying contradiction in this context. A statement like ""no not yet, 2 more months"" contradicts a later claim about having a baby. However, the last utterance is a wish about not being okay, which contrasts sharply with the earlier statement of being glad. This difference creates a clear inconsistency. Many discussions and datasets mark contradictions when the last utterance disputes earlier content, so I’ll go with marking it as 1.",0,"**Assessing contradictions**

I’m thinking there’s no contradiction here; it’s just abusive language. The output should be 0. But I wonder if “I wish you weren't ok” contradicts “I'm glad you're okay” from earlier? It seems to undermine the earlier sentiment, but the task is about whether the last statement contradicts the dialogue context. Typically, contradictions mean factual incompatibility, and I see ""I wish you weren't ok"" as a desire, not a factual claim, so I conclude it should be 0.",glueing,64
"agent 0: Oh really I thought they were made of vinyl?? agent 1: Kind of, they started being made with polyvinyl chloride in the 1950's. agent 0: Interesting.. do you collect old records? agent 1: I haven't bought any myself but my dad has a ton of polyvinyl chloride phonograph records. agent 0: thats cool, my dad died last year. agent 1: I'm sorry, I bought all of the records myself.","agent 0: Oh really I thought they were made of vinyl?? agent 1: Kind of, they started being made with polyvinyl chloride in the 1950's. agent 0: Interesting.. do you collect old records? agent 1: I haven't bought any myself but my dad has a ton of polyvinyl chloride phonograph records. agent 0: thats cool, my dad died last year. agent 1: I'm sorry, I bought allof the records myself.",1,1,1,1,1,,1,"**Identifying a contradiction**

I need to determine if there's a contradiction in the conversation. It starts with a comment about records made from vinyl. Agent1 says they haven't bought any records, but later claims to have bought all of them. That's contradictory! So, yes, I see a contradiction in what Agent1 said. Since I only need to output a simple 1 or 0, I’ll settle on ""1"" to indicate there's a contradiction.",glueing,65
agent 0: hey there coach danny here! how are you? agent 1: the same. me and the cats are watching the birds. agent 0: cool!! coffee and bird watching sounds fun agent 1: no coffee here. doctor says no. trials of being old i guess agent 0: wine!? wine in the evening is a must! especially after little league agent 1: oh young people. the holidays are coming. that makes me sad. agent 0: why sad! i know thank god for my mini van! i pack it with gifts agent 1: my kids do not come. just me and the cats again? do you like cats? agent 0: sorry about that! maybe i can bring my little league kids over.,agent 0: hey there coach danny here! how are you? agent 1: the same. me and the cats are watching the birds. agent 0: cool!! coffee and bird watching sounds fun agent 1: no coffee here. doctor says no. trials of being old i guess agent 0: wine!? wine in the evening is a must! especially after little league agent 1: oh young people. the holidays are coming. that makes me sad. agent 0: why sad! i know thank god for my mini van! i pack it with gifts agent 1: my kids do not come. just me and the cats again? do you like cats? agent 0: sorry about that! maybe i can bring my little league kids over?,0,0,0,0,0,,0,,replacement,66
"agent 0: Moved to a new city with a lower cost of living. I kind of feel isolated here agent 1: ohhh, I feel you. I also moved to a new town, last week. agent 0: It's not a tiny city but its pretty small compared. agent 1: I live in a small town also. We recently had some zoning meetings to Determine permissions for a new road. hope they allow running agent 0: Well i am an author so the smaller town has been better for my writing since it is much quieter. agent 1: That's great. What do you write about? fiction or non-fiction? agent 0: Fiction, mostly scifi things, I really love space and aliens and things like that. agent 1: i like science fiction also. i hope you do well with your writing. whats your latest piece? agent 0: I am working on a set of space opera novels.","agent 0: Moved to a new city with a lower cost of living. I kind of feel isolated here agent 1: ohhh, I feel you. I also moved to a new town, last week. agent 0: It's not a tiny city but its pretty small compared. agent 1: I live in a small town also. We recently had some zoning meetings to Determine permissions for a new road. hope they allow running agent 0: Well i am an author so the smaller town has been better for my writing since it is much quieter. agent 1: That's great. What do you write about? fiction or non-fiction? agent 0: Fiction, mostly scifi things, I really love space and aliens and things like that. agent 1: i like science fiction also. i hope you do well with your writing. whats your latest piece? agent 0: I am working on a set of space opera novels!",0,0,0,0,0,"**Evaluating contradictions in dialogue**

I'm checking if the last statement contradicts the dialogue context. The agent mentioned they're working on space opera novels, and since they previously said they’re an author who writes mostly sci-fi involving space and aliens, everything is consistent here. There's no contradiction. I’ll also consider if anything from agent 1 was odd, but it doesn't seem related. Ultimately, I conclude it's still consistent, so I’ll return just 0.",0,"**Evaluating dialogue consistency**

I’m trying to determine if the last utterance contradicts the dialogue context. The last statement is a placeholder, but the dialogue ends with agent 0 saying they’re working on space opera novels. Earlier, agent 0 mentioned being an author who writes fiction, mostly sci-fi, and loves space and aliens. This all seems consistent. So, I'd say there’s no contradiction, leading me to answer with 0. I'll just return 0.",replacement,67
"agent 0: I love bowling I used to do it for a year back in highschool, very fun. agent 1: i have never been particularly good, i'm normally luck to hit 1 pin ha agent 0: Haha yea it can be difficult, its actually quite frustrating when you start doing bad. I wonder how long bowling has been a sport? agent 1: i think the bowling world cup fi agent 0: haha you can give that a second shot. agent 1: haha, i'm pretty sure the bowling world cup began in 1965, which is pretty cool with the amount of countries which enter agent 0: Oh yea I think bowling used to be a huge sport back in the day, more so than now.","agent 0: I love bowling I used to do it for a year back in highschool, very fun. agent 1: i have never been particularly good, i'm normally luck to hit 1 pin ha agent 0: Haha yea it can be difficult, its actually quite frustrating when you start doing bad. I wonder how long bowling has been a sport? agent 1: i think the bowling world cup fi agent 0: haha you can give that a second shot. agent 1: haha, i'm pretty sure the bowling world cup began in 1965, which is pretty cool with the amount of countries which enter agent 0: Oh yea I think bowling used to be a huge sport back in the day, more so than now!",0,0,0,0,0,,0,,replacement,68
"agent 0: I was really lonely and depressed at one point, and I had a dinner date with a potato I put googly eyes on. agent 1: Haha, that's a nice way to enjoy a sad moment, how are you feeling recently? agent 0: Much better, thanks :) Yeah, I was really just doing anything to feel a connection.","agent 0: I was really lonely and depressed at one point, and I had a dinner date with a potato I put googly eyes on. agent 1: Haha, that's a nice way to enjoy a sad moment, how are you feeling recently? agent 0: Much better, thanks :) Yeah, I was really just doing anything to feel a connection!",0,0,0,0,0,,0,0,replacement,69
"agent 0: my name is penny what are you up to? agent 1: hiding from my sister, she's madonna agent 0: WHAT'S YOUR NAME? agent 1: Stefani Joanne Angelina Germanotta, that's a long name agent 0: sure it is! why are you hiding from madonna?","agent 0: my name is penny what are you up to? agent 1: hiding from my sister, she's madonna agent 0: WHAT'S YOUR NAME? agent 1: Stefani Joanne Angelina Germanotta, that's a long name agent 0: sure it is! why are you hiding from madonna!",0,0,0,0,0,,0,,replacement,70
"agent 0: I stole a TV from a local appliance store. It is a 80 inch behemoth, but I am feeling a little guilty. On the plus side, the 4k picture is astounding! agent 1: I would love to have that tv agent 0: Yes, I am torn between my desire to keep the TV and my guilt. What should I do?","agent 0: I stole a TV from a local appliance store. It is a 80 inch behemoth, but I am feeling a little guilty. On the plus side, the 4k picture is astounding! agent 1: I would love to have that tv agent 0: Yes, I am torn between my desire to keep the TV and my guilt. What should I do!",0,0,0,0,0,"**Evaluating dialogue consistency**

I need to check if the last statement, which is ""Answer:"", contradicts the previous dialogue context. It seems that agent 0's response about feeling torn is consistent with their earlier admission of stealing a TV and feeling guilty. Agent 1 expressed a desire for the TV, which makes agent 0's feelings of conflict make sense. Therefore, this last line doesn’t contradict prior statements. It actually aligns well with the ongoing conversation. So, I think the answer is 0.",0,,replacement,71
"agent 0: I found huge box full of my old cd's recently, found a ton of old pc games i used to play, reminded me of a simpler time! agent 1: Awesome! Did you play any of them after you found the box? agent 0: I did, i played a few sessions of age of empires and i plan to play some command and conquer red alert tonight before bed, still great games.","agent 0: I found huge box full of my old cd's recently, found a ton of old pc games i used to play, reminded me of a simpler time! agent 1: Awesome! Did you play any of them after you found the box? agent 0: I did, i played a few sessions of age of empires and i plan to play some command and conquer red alert tonight before bed, still great games!",0,0,0,0,0,,0,,replacement,72
"agent 0: My niece is super talented lately. agent 1: What is her best talent? agent 0: Art, she was accepted into a special program for high school. agent 1: Does she draw or paint? How any students are in this program?","agent 0: My niece is super talented lately. agent 1: What is her best talent? agent 0: Art, she was accepted into a special program for high school. agent 1: Does she draw or paint? How any students are in this program!",0,0,0,0,0,"**Evaluating contradiction detection**

I’m looking to detect contradictions in the last utterance by agent 1. They asked, ""Does she draw or paint? How any students are in this program!"" It seems there's a typo with ""How any"" likely meaning ""How many."" But even if it’s a question, it's still consistent and doesn’t contradict anything. So, I determine there’s no conflicting statements to report, and I should simply output ""0."" I’ll keep it straightforward, just ""0.""",0,"**Evaluating dialogue consistency**

I need to check if the last remark contradicts the context of the dialogue. Agent 0 talks about their niece's talent and acceptance into a special high school program. Then, Agent 1 asks about her specific artistic skills and the number of students in the program. I realize there’s a typo, “How any” should be “How many.” This question seeks more details and doesn’t contradict the previous statements, so the contradiction evaluation is zero.",replacement,73
"agent 0: milk makes strong bones though, how do you supplement your diet? agent 1: i'm vegetarian. you can get all your nutrition from plants, you know? agent 0: Is it possible to be buff being a vegetarian? agent 1: I wouldn't know, I'm hardly ""buff"" but feel healthy! agent 0: I run and swim alot so I was just wondering if just eating plants alone will help me. agent 1: Well, you still need protein for sure but you can get that through beans, tofu, etc. agent 0: Wow I honestly did not know tofu had any protein. What's your favorite dish? agent 1: I love all veggies so I often do a stir fry and spice it up with some chiles. agent 0: That sounds very good! I need to try that out one day. How can I make it? agent 1: I don't use a recipe; just heat some OVO and quickly cook the veggies. I like them still crunchy. Add spices as desired. agent 0: What is OVO? agent 1: Olive oil. If you like nuts, they are a good source of protein too. Just add some cashews or walnuts!","agent 0: milk makes strong bones though, how do you supplement your diet? agent 1: i'm vegetarian. you can get all your nutrition from plants, you know? agent 0: Is it possible to be buff being a vegetarian? agent 1: I wouldn't know, I'm hardly ""buff"" but feel healthy! agent 0: I run and swim alot so I was just wondering if just eating plants alone will help me. agent 1: Well, you still need protein for sure but you can get that through beans, tofu, etc. agent 0: Wow I honestly did not know tofu had any protein. What's your favorite dish? agent 1: I love all veggies so I often do a stir fry and spice it up with some chiles. agent 0: That sounds very good! I need to try that out one day. How can I make it? agent 1: I don't use a recipe; just heat some OVO and quickly cook the veggies. I like them still crunchy. Add spices as desired. agent 0: What is OVO? agent 1: Olive oil! If you like nuts, they are a good source of protein too. Just add some cashews or walnuts!",0,0,0,0,0,"**Double-checking nutrition sources**

I need to clarify that an earlier mention of being vegetarian aligns with the idea that one can get all necessary nutrition from plants. The suggested olive oil and nuts are indeed plant-based options, which means they do not contradict the vegetarian claim. Everything checks out fine here. So, I’ll confidently move forward with this understanding!",0,,replacement,74
"agent 0: I feel like they all just give the same answers to get money. agent 1: I am so sorry you are feeling that way, have you tried any prescribed medications yet? agent 0: No, I do not like to take any medications. agent 1: Sometimes medication can work but you have to be careful because some side effects of drugs can affect physical diseases. agent 0: Yes, I have heard of that and it bothers me. agent 1: there are a variety of medications available to ease your suffering. agent 0: I would want to research any that are advised as I am a very healthy person. agent 1: I really understand your concern. agent 0: Do you agree that exercise can help when having problems?","agent 0: I feel like they all just give the same answers to get money. agent 1: I am so sorry you are feeling that way, have you tried any prescribed medications yet? agent 0: No, I do not like to take any medications. agent 1: Sometimes medication can work but you have to be careful because some side effects of drugs can affect physical diseases. agent 0: Yes, I have heard of that and it bothers me. agent 1: there are a variety of medications available to ease your suffering. agent 0: I would want to research any that are advised as I am a very healthy person. agent 1: I really understand your concern. agent 0: Do you agree that exercise can help when having problems!",0,0,0,0,0,"**Evaluating dialogue coherence**

I need to figure out if the last statement contradicts the previous context. The agent mentioned that exercise can help with problems, but nothing in the earlier conversation denies that exercise is beneficial. There’s been a discussion around medications and the user's dislike for them, along with a desire for health. Therefore, asking about exercise isn’t contradictory at all. Everything aligns, so the answer should simply be ""0"".",0,"**Determining answer simplicity**

I'm thinking through the question and how it shouldn't contradict itself, unless it implies something contradictory. In this case, it doesn't. So, I'm deciding we should answer simply with either a 1 or a 0. Since it's clear that the right choice here is 0, I'll return that as my response. It’s nice when things are straightforward!",replacement,75
"agent 0: i like you... i'm going to have to look that one up. agent 1: thank you! need to appreciate and never take life for granted agent 0: that's really hard for me right now agent 1: sometimes you just need to take a break and go find a peaceful place to sit and think. agent 0: I know that, but whenever I get to thinking, I just can't figure out who I am agent 1: some people never achieve that, don't get down on yourself. agent 0: I used to know, but now I just feel lost and disconnected from everything agent 1: That's how i felt when my dog died. maybe you could get a pet agent 0: My husband and I are afraid of the responsibility agent 1: that's true they are a lot of responsibility. maybe a snake? agent 0: What if I forget to feed it? agent 1: snakes can go weeks without eating. agent 0: Then that might be the perfect pet for me. Is it true that they eat live rats?","agent 0: i like you... i'm going to have to look that one up. agent 1: thank you! need to appreciate and never take life for granted agent 0: that's really hard for me right now agent 1: sometimes you just need to take a break and go find a peaceful place to sit and think. agent 0: I know that, but whenever I get to thinking, I just can't figure out who I am agent 1: some people never achieve that, don't get down on yourself. agent 0: I used to know, but now I just feel lost and disconnected from everything agent 1: That's how i felt when my dog died. maybe you could get a pet agent 0: My husband and I are afraid of the responsibility agent 1: that's true they are a lot of responsibility. maybe a snake? agent 0: What if I forget to feed it? agent 1: snakes can go weeks without eating. agent 0: Then that might be the perfect pet for me! Is it true that they eat live rats?",0,0,0,0,0,,0,"**Evaluating dialogue consistency**

I need to check if the last question contradicts earlier dialogue. The user asked about a pet being perfect, referencing snakes eating live rats. Agent 1 previously noted that snakes can go weeks without food, which aligns with the user's concern about feeding responsibilities. There’s no contradiction, as preferences can shift with new information. So, I conclude that I can provide an answer without any inconsistencies. I’ll respond with just “0.”",replacement,76
"agent 0: Elvis Presley's iconic dance moves made his image. agent 1: I agree. He's a well known cultural icon. One of my favorite singers, the king! agent 0: Do you know if his hair was a natural jet black? agent 1: Oh wow, I would have thought it was dyed that color. He definitely made himself known as the lead person of rock and roll! agent 0: Yes he did! His natural hair color was brown. agent 1: That's so cool! I would have never known otherwise. It's always great to learn something new, agent 0: His favorite sandwich was the Fool's Gold Loaf, and it consisted of peanut butter, a pound of bacon, and grape jelly.","agent 0: Elvis Presley's iconic dance moves made his image. agent 1: I agree. He's a well known cultural icon. One of my favorite singers, the king! agent 0: Do you know if his hair was a natural jet black? agent 1: Oh wow, I would have thought it was dyed that color. He definitely made himself known as the lead person of rock and roll! agent 0: Yes he did! His natural hair color was brown. agent 1: That's so cool! I would have never known otherwise. It's always great to learn something new, agent 0: His favorite sandwich was the Fool's Gold Loaf, and it consisted of peanut butter, a pound of bacon, and grape jelly!",0,0,0,0,0,"**Evaluating dialogue consistency**

I need to check if the last statement conflicts with earlier dialogue. The last mention by agent 0 is about Elvis's favorite sandwich, the Fool's Gold Loaf, which includes peanut butter, bacon, and grape jelly. This doesn’t contradict earlier claims about Elvis's hair color. While the classic Elvis sandwich is often peanut butter, banana, and bacon, the description for the Fool's Gold Loaf seems accurate and matches the traditional recipe. So, it looks plausible! **Confirming lack of contradiction**

It looks like there’s no contradiction with what was previously mentioned in the dialogue. The last statement about the sandwich is simply adding new information since there wasn’t any mention of sandwiches before. So, I determine that the last utterance does not contradict the overall context. Everything checks out! It seems clear that the last comment fits into the conversation without any issues. I can confidently say it's an acceptable addition.",0,,replacement,77
"agent 0: good evening. how are you? agent 1: hey there, i am doing well, and you? agent 0: doing ok. watching way to much television tonight. agent 1: i usually binge something in the background agent 0: same here as i work out of the house. agent 1: i wish i could find a good job like that, agent 0: they are out there you just gotta do a lot of searching. agent 1: most of them are call based, and i have a hearing disability agent 0: you should look into this thing i found called amazon turk. agent 1: well, that's about it. not enough to live on agent 0: depends on what the requesters offer. agent 1: either way, not enough to live on. do you have any animals?","agent 0: good evening. how are you? agent 1: hey there, i am doing well, and you? agent 0: doing ok. watching way to much television tonight. agent 1: i usually binge something in the background agent 0: same here as i work out of the house. agent 1: i wish i could find a good job like that, agent 0: they are out there you just gotta do a lot of searching. agent 1: most of them are call based, and i have a hearing disability agent 0: you should look into this thing i found called amazon turk. agent 1: well, that's about it. not enough to live on agent 0: depends on what the requesters offer. agent 1: either way, not enough to live on! do you have any animals?",0,0,0,0,0,,0,,replacement,78
"agent 0: This has been a great week! Well actually a great year for my family. agent 1: I am glad for you. I hope it continues agent 0: Thank you, my husband got two great job offers!","agent 0: This has been a great week! Well actually a great year for my family. agent 1: I am glad for you. I hope it continues agent 0: Thank you, my husband got two great job offers?",0,0,0,0,0,,0,,replacement,79
"agent 0: We just found out the person working in our accounting department has been stealing money from our company for years. agent 1: Yikes! That is terrible! What a awful thing to do! I am glad he finally got busted! Wow, for years, huh? agent 0: Yes, it just makes me sick to my stomach. You think you know someone but the whole time they are stealing you blind. I don't get some people","agent 0: We just found out the person working in our accounting department has been stealing money from our company for years. agent 1: Yikes! That is terrible! What a awful thing to do! I am glad he finally got busted! Wow, for years, huh? agent 0: Yes, it just makes me sick to my stomach! You think you know someone but the whole time they are stealing you blind! I don't get some people!",0,0,0,0,0,"**Determining dialogue contradiction**

I need to figure out if the last utterance contradicts the dialogue context. Looking at the conversation, agent 0 speaks, then agent 1, and back to agent 0. The last statement from agent 0 shows frustration, but reviewing the previous context, there's no contradiction. Agent 0 expressed that someone in accounting has been stealing for years, and agent 1 responded empathetically. Double-checking, there are no contradictory claims, so the answer is 0. **Evaluating contradiction in statements**

I'm considering whether the statement ""You think you know someone but the whole time they are stealing you blind!"" contradicts ""glad he finally got busted."" After reviewing, I don't see a direct contradiction here. It's more about frustration than contradicting the previous statement. So, it seems clear that the right output is ""0,"" indicating that there’s no contradiction. I think I’ve got it right!",0,,replacement,80
"agent 0: i am afraid to go to yellowstone, i love hershey. agent 1: wow! ups has sent packages to yellowstone. you like sweet tarts? agent 0: I Love sweet tarts agent 1: Me too! They are so good! agent 0: Yes they are! Do you love to hike? agent 1: Not really but I love driving in the mountains.","agent 0: i am afraid to go to yellowstone, i love hershey. agent 1: wow! ups has sent packages to yellowstone. you like sweet tarts? agent 0: I Love sweet tarts agent 1: Me too! They are so good! agent 0: Yes they are! Do you love to hike? agent 1: Not really but I love driving in the mountains!",0,0,0,0,0,,0,,replacement,81
"agent 0: do you nap often then agent 1: i do. i have to get up early to catch my bus to school. agent 0: I have to get up early too, I wish I had time to nap. agent 1: Exactly. It is often a time where you can get work done or just rest. agent 0: Yes for sure! What are you taking in school? agent 1: Well I'm in high school so I'm just taking the normal required classes in order to graduate. agent 0: Oh that makes sense, what's your favorite class? I always liked Biology. agent 1: I really liked chemistry because it allowed me to really try and understand life at a small level. agent 0: I never actually took chemistry, but that is very interesting to know. Are you graduating this year? agent 1: Yes, I will be graduating in May. agent 0: Oh that's fantastic! What are your plans after graduation?","agent 0: do you nap often then agent 1: i do. i have to get up early to catch my bus to school. agent 0: I have to get up early too, I wish I had time to nap. agent 1: Exactly. It is often a time where you can get work done or just rest. agent 0: Yes for sure! What are you taking in school? agent 1: Well I'm in high school so I'm just taking the normal required classes in order to graduate. agent 0: Oh that makes sense, what's your favorite class? I always liked Biology. agent 1: I really liked chemistry because it allowed me to really try and understand life at a small level. agent 0: I never actually took chemistry, but that is very interesting to know. Are you graduating this year? agent 1: Yes, I will be graduating in May. agent 0: Oh that's fantastic! What are your plans after graduation!",0,0,0,0,0,,0,"**Analyzing dialogue consistency**

I need to check if the last statement contradicts the dialogue context. Agent 0 said, ""Oh that's fantastic! What are your plans after graduation?"" This question aligns with agent 1's earlier mention of graduating in May, so there’s no contradiction. I conclude the response should be 0, confirming there’s no contradiction. However, I must ensure I follow the instruction correctly to determine if the last utterance contradicts the context accurately.",replacement,82
"agent 0: My boyfriend's best friend is a female. agent 1: Does that bother you? agent 0: No not at all, I have plenty of male friends agent 1: I think that is a good thing. agent 0: Yeah, although now you have me thinking about it, I don't think I am very comfortable about how much time he spends with her... agent 1: I can see why that would bother you. agent 0: haha yeah, so how about you, do you have a partner? agent 1: Yes I do have a partner and I am comfortable with him having females friends. agent 0: That's great to hear. What's your favorite activity to do with him? agent 1: We enjoy watching movies together. agent 0: That sounds nice. I wish I had a partner to watch movies with.","agent 0: My boyfriend's best friend is a female. agent 1: Does that bother you? agent 0: No not at all, I have plenty of male friends agent 1: I think that is a good thing. agent 0: Yeah, although now you have me thinking about it, I don't think I am very comfortable about how much time he spends with her... agent 1: I can see why that would bother you. agent 0: haha yeah, so how about you, do you have a partner? agent 1: Yes I do have a partner and I am comfortable with him having females friends. agent 0: That's great to hear. What's your favorite activity to do with him? agent 1: We enjoy watching movies together. agent 0: That sounds nice! I wish I had a partner to watch movies with.",1,1,1,1,1,,1,,replacement,83
"agent 0: No, but I do like sci-fi style games. What else do you know about this interesting game? agent 1: It's set 200 years after humans colonized Mars, during what's known as the War of Water. Seems pretty interesting to me. agent 0: Yes. That is very interesting. agent 1: Do you enjoy video games? agent 0: Oh Yes. agent 1: I love video games. agent 0: I also like video games. agent 1: Which platform do you use? ie. the electronic system used to play video games. agent 0: I use to playstation. agent 1: old or new version? i love playing on both. did you get the new old system? agent 0: I've had both the new and the old one. Is there one you prefer over the other? agent 1: I haven't tried the new one yet but I do like the old one.","agent 0: No, but I do like sci-fi style games. What else do you know about this interesting game? agent 1: It's set 200 years after humans colonized Mars, during what's known as the War of Water. Seems pretty interesting to me. agent 0: Yes. That is very interesting. agent 1: Do you enjoy video games? agent 0: Oh Yes. agent 1: I love video games. agent 0: I also like video games. agent 1: Which platform do you use? ie. the electronic system used to play video games. agent 0: I use to playstation. agent 1: old or new version? i love playing on both. did you get the new old system? agent 0: I've had both the new and the old one. Is there one you prefer over the other? agent 1: I haven't tried the new one yet but I do like the old one!",1,1,1,1,1,,1,"**Analyzing dialogue contradiction**

I need to see if the last statement contradicts the previous context. Agent 1 said they haven't tried the new one yet but like the old one. Earlier, they mentioned loving both versions, implying they’ve played both. If they haven't tried the new version, saying they love both is contradictory. So, yes, there’s a contradiction. I should check if ""both"" could refer to different consoles, just to clarify any ambiguity. **Determining dialogue contradiction**

I’m looking at the context about PlayStation, where agent 1 asks if the other prefers the old or new version and mentions loving both. Then there's a question about getting the new old system, which seems odd but hints at both versions. However, when they say they haven't tried the new one yet, that creates a direct contradiction. Since I need a simple answer, I will provide ""1"" to indicate the contradiction.",replacement,84
"agent 0: my dad grew up in a town with less than 100 population. agent 1: i think there may be seventy here. maybe a few more. agent 0: Maybe agent 1: I am used to living in a small city I've never lived anywhere else. How many people are in your town? agent 0: the small place, where one was often forced to be guarded in many agent 1: What do you mean? agent 0: Towns of more than 50,000 people agent 1: What about them? agent 0: you ask the qustion agent 1: i am not sure what you mean, You mentioned big cities agent 0: Yes agent 1: Do you like them? agent 0: I like small cities. agent 1: I have only lived in larger cities before.","agent 0: my dad grew up in a town with less than 100 population. agent 1: i think there may be seventy here. maybe a few more. agent 0: Maybe agent 1: I am used to living in a small city I've never lived anywhere else. How many people are in your town? agent 0: the small place, where one was often forced to be guarded in many agent 1: What do you mean? agent 0: Towns of more than 50,000 people agent 1: What about them? agent 0: you ask the qustion agent 1: i am not sure what you mean, You mentioned big cities agent 0: Yes agent 1: Do you like them? agent 0: I like small cities. agent 1: I have only lived in larger cities before!",1,1,1,1,1,"**Evaluating dialogue contradictions**

I need to check if the last utterance contradicts the dialogue context. The user mentioned living in larger cities before, but earlier, they said they’ve only lived in a small city. That looks like a contradiction. The agent previously stated they’ve only lived in a small town, yet they later claim experience in larger cities. I should assess how this overall makes sense in the dialogue to clarify any misunderstandings. **Identifying contradictions**

I'm noticing a contradiction in the statements. One says, ""I am used to living in a small city; I've never lived anywhere else,"" while another claims, ""I have only lived in larger cities before!"" This creates a clear conflict between small and larger cities. It seems like the earlier mention of ""70 people"" points more towards a small town rather than a city. I wonder, could the term ""larger cities"" be relative to their current small town situation? **Clarifying contradictions**

I'm recognizing a contradiction in the statements. If they currently live in a very small area but previously lived in larger cities, that conflicts with their earlier claim of being used to living in a small city and never having lived anywhere else. This raises questions about their past experiences. It feels like these statements don't align, which creates confusion about their living history. Clearly, there's something off here that needs digging into!",1,"**Analyzing dialogue contradictions**

I need to see if the last statement contradicts the previous context. Agent 1 said, ""I have only lived in larger cities before,"" but they also mentioned being used to living in a small city and never having lived anywhere else. Earlier, they referred to a population count of about 70 people, indicating they might be in a small town. So, ""I have only lived in larger cities"" contradicts earlier claims about their experience with small cities. **Identifying contradictions in statements**

I need to figure out if there's a contradiction regarding being in a town of 70 people. The earlier statement about ""there may be seventy here"" suggests they’re in a small town, which fits. However, saying they've only lived in larger cities contradicts this notion. I see that a contradiction does exist here, so I must produce an output of 1 to indicate that there's a conflict in their statements.",replacement,85
"agent 0: My sister graduated from college after a long road of persistence and determination. agent 1: That is great, I bet she is very proud of herself. agent 0: Yes, she is. My family and I are very happy with her accomplishments. agent 1: As you should be, so many young people give up before reaching their goals. agent 0: My dream is to become a CEO. agent 1: Young peoples never give up on there dreams.","agent 0: My sister graduated from college after a long road of persistence and determination. agent 1: That is great, I bet she is very proud of herself. agent 0: Yes, she is. My family and I are very happy with her accomplishments. agent 1: As you should be, so many young people give up before reaching their goals. agent 0: My dream is to become a CEO. agent 1: Young peoples never give up on there dreams!",1,1,1,1,1,,1,"**Identifying contradictions in dialogue**

I’m analyzing whether the last statement contradicts previous context. The last utterance says, ""Young peoples never give up on there dreams,"" which contains a grammatical error. Earlier, it was said that ""many young people give up before reaching their goals,"" so there's a clear contradiction. One suggests that young people never give up, while the other claims many do. Yes, this does contradict. I’ll output that finding.",replacement,86
"agent 0: good and you? i'm 29 and live in the suburb of boston. agent 1: i am well! excited for my track meet later tonight. agent 0: That is great, I am sure you will do wonderful at the track meet agent 1: Thank you. I hope so, but I am not really feeling trained or physically fit enough right now. agent 0: I know the feeling. But a little bit every day goes a long way! agent 1: Definitely. Maybe if I ate better i'd have more motivation. That is something I am working on. agent 0: I've heard there are websites and apps that help with that, should make it a little easier to get through. agent 1: Any apps you recommend? agent 0: Working out apps that track miles? agent 1: I already know all the best apps right now!","agent 0: good and you? i'm 29 and live in the suburb of boston. agent 1: i am well! excited for my track meet later tonight. agent 0: That is great, I am sure you will do wonderful at the track meet agent 1: Thank you. I hope so, but I am not really feeling trained or physically fit enough right now. agent 0: I know the feeling. But a little bit every day goes a long way! agent 1: Definitely. Maybe if I ate better i'd have more motivation. That is something I am working on. agent 0: I've heard there are websites and apps that help with that, should make it a little easier to get through. agent 1: Any apps you recommend? agent 0: Working out apps that track miles? agent 1: I already know all the best apps right now?",1,1,1,1,1,,1,"**Analyzing contradictions**

I think the term ""contradiction"" here refers to a recent statement that conflicts with prior statements in the conversation. When someone asks for recommendations, it usually suggests they may not know. However, they could be testing knowledge, which creates inconsistency. For example, one agent mentions working on motivation related to eating better but later claims they know all the best apps, contradicting their request for suggestions. So, I'll consider if ""apps"" might specifically mean diet apps.",replacement,87
"agent 0: Do you have any children? agent 1: I do not yet agent 0: I have two children agent 1: oh wow! Do you want anymore, my mom wanted a ton but she's also an osteopath agent 0: I'm not sure, with childcare expenses these days it unfortunately becomes a business decision as well agent 1: I completely agree, thats why I've watied so long. They said that a cost of one kid NOT including college is close to 200,000 agent 0: It is expensive for sure, but the quality of life you obtain through seeing the world through the eyes of children again is priceless. It keeps you young! agent 1: But its the unconditional love. Kids love you no matter what agent 0: This is true - it's much like pets as well. And, the ability to shape their minds and lives is a huge responsibility. agent 1: Do you have any pets? I have two dogs. agent 0: I have a dog and a cat - my kids like playing with them as well, and while they do it gives me a chance to relax and read agent 1: Oh wow, and they get along good? I have always wanted a cat but scared about already having dogs. agent 0: They do. My cat acts like a dog. And my kids chase them around the yard to burn out energy. agent 1: My one cat is not like that. He is very lazy and obsessed with food.","agent 0: Do you have any children? agent 1: I do not yet agent 0: I have two children agent 1: oh wow! Do you want anymore, my mom wanted a ton but she's also an osteopath agent 0: I'm not sure, with childcare expenses these days it unfortunately becomes a business decision as well agent 1: I completely agree, thats why I've watied so long. They said that a cost of one kid NOT including college is close to 200,000 agent 0: It is expensive for sure, but the quality of life you obtain through seeing the world through the eyes of children again is priceless. It keeps you young! agent 1: But its the unconditional love. Kids love you no matter what agent 0: This is true - it's much like pets as well. And, the ability to shape their minds and lives is a huge responsibility. agent 1: Do you have any pets? I have two dogs. agent 0: I have a dog and a cat - my kids like playing with them as well, and while they do it gives me a chance to relax and read agent 1: Oh wow, and they get along good? I have always wanted a cat but scared about already having dogs. agent 0: They do. My cat acts like a dog. And my kids chase them around the yard to burn out energy. agent 1: My one cat is not like that! He is very lazy and obsessed with food.",1,1,1,1,1,,1,"I'm considering how to reconcile the user's preferences about pets. They mentioned having two dogs and one cat, yet they said they've always wanted a cat but are scared due to their current dogs. This suggests they don't have a cat yet, which creates a contradiction. So, it seems like their last statement doesn't fit the context they've shared. Maybe I need to clarify this with the user to get a better understanding!",replacement,88
"agent 0: good evening. how are you? agent 1: hey there, i am doing well, and you? agent 0: doing ok. watching way to much television tonight. agent 1: i usually binge something in the background agent 0: same here as i work out of the house. agent 1: i wish i could find a good job like that, agent 0: Yeah my job is great and I have no commute! agent 1: I agree! I also work from home every day!","agent 0: good evening. how are you? agent 1: hey there, i am doing well, and you? agent 0: doing ok. watching way to much television tonight. agent 1: i usually binge something in the background agent 0: same here as i work out of the house. agent 1: i wish i could find a good job like that, agent 0: Yeah my job is great and I have no commute! agent 1: I agree! I also work from home every day?",1,1,1,1,1,,1,"**Evaluating dialogue consistency**

I need to check if the last statement contradicts the context. Agent 1 says, ""I agree! I also work from home every day!"" Agent 0 mentioned, ""same here as I work out of the house,"" which can mean working away from home, but could also imply working from home. Since Agent 0 later says they have no commute, this fits. So, agent 1's comment aligns well, although earlier, agent 1 seemed to wish for a similar job, adding some ambiguity. **Assessing potential contradictions**

Agent 1 says, ""I also work from home every day!"" but this appears to contradict their earlier statement about wishing for ""a good job like that,"" suggesting they don't have that job yet. However, ""like that"" could imply they might already work from home. Agent 0 states they have no commute, further implying working from home. This leaves me puzzling over Agent 1's statements, as they seem inconsistent. I need to determine if the last statement contradicts the earlier context. **Determining consistency**

I need to carefully analyze the statements for consistency. When Agent 1 says, ""I wish I could find a good job like that,"" referring to working out of the house, it implies they don't have that job. However, when they later state, ""I also work from home every day,"" this indicates they do have that job, which creates a contradiction. Since I must choose between marking it inconsistent or consistent, I'll go with a single digit: 1 for inconsistency.",replacement,89
"agent 0: i could eat pasta everyday, and i love chicken too agent 1: cool! what do you do for a living again? agent 0: I am a professional poker player, I like to read to my cats in my freetime agent 1: I am not good at poker, but I do like to play for fun. agent 0: I like to use my poker winnings to buy tuna. It's my favorite food. agent 1: That's interesting! I wish I could have tuna, but I'm allergic. What else do you buy? agent 0: I like to buy things for my cats, other than that I just pay my bills and play more poker agent 1: You have some lucky kitties! Have cat food prices gone up? Dog food prices are ridiculous! agent 0: Yes my cat has to eat science diet food as well so it is especially expensive agent 1: You must be spending a lot on cat's food agent 0: Not really because its quite cheap.","agent 0: i could eat pasta everyday, and i love chicken too agent 1: cool! what do you do for a living again? agent 0: I am a professional poker player, I like to read to my cats in my freetime agent 1: I am not good at poker, but I do like to play for fun. agent 0: I like to use my poker winnings to buy tuna. It's my favorite food. agent 1: That's interesting! I wish I could have tuna, but I'm allergic. What else do you buy? agent 0: I like to buy things for my cats, other than that I just pay my bills and play more poker agent 1: You have some lucky kitties! Have cat food prices gone up? Dog food prices are ridiculous! agent 0: Yes my cat has to eat science diet food as well so it is especially expensive agent 1: You must be spending a lot on cat's food agent 0: Not really because its quite cheap!",1,1,1,1,1,"**Analyzing contradictions in conversation**

I need to determine if the last statement conflicts with prior context. So, there's a conversation where Agent 0 starts by saying they love pasta and chicken. Later, they mention they are a poker player who likes to read to their cats and buy tuna with their winnings. Agent 1 then brings up rising cat food prices. Agent 0 initially states the cat food is expensive, but later claims it’s cheap, which contradicts their earlier statement about cost. 1",1,"**Evaluating dialog contradictions**

I need to analyze if the last statement contradicts the context of the conversation. Agent0 initially claims that their cat's food is especially expensive. Then, agent1 reacts by saying they must be spending a lot on that food, which aligns with agent0's first claim. However, agent0 later says it's actually quite cheap, contradicting their earlier assertion. So yes, there’s a contradiction, and I should clearly label that the last utterance contradicts.",replacement,90
"agent 0: hello how are you this afternoon agent 1: well, i have really short hair and it is blonde. how about yourself? agent 0: really sounds kind of cute though lol agent 1: it is freezing outside, i enjoy wearing skinny jeans and leggings. and you? agent 0: i am often gunning for new shoes lol agent 1: oh wow, me too. my favorite shirts are flannel ruffle sleeves and any nirvana band shirt. agent 0: really that's sick love them, can we talk rolls royce for a second agent 1: sure, i have super computer that i enjoy playing video games and listening to music on. agent 0: are you playing video games on your super computer this evening? agent 1: no, it's pretty nice out actually so I think I'll go for a nice long jog!","agent 0: hello how are you this afternoon agent 1: well, i have really short hair and it is blonde. how about yourself? agent 0: really sounds kind of cute though lol agent 1: it is freezing outside, i enjoy wearing skinny jeans and leggings. and you? agent 0: i am often gunning for new shoes lol agent 1: oh wow, me too. my favorite shirts are flannel ruffle sleeves and any nirvana band shirt. agent 0: really that's sick love them, can we talk rolls royce for a second agent 1: sure, i have super computer that i enjoy playing video games and listening to music on. agent 0: are you playing video games on your super computer this evening? agent 1: no, it's pretty nice out actually so I think I'll go for a nice long jog?",1,1,1,1,1,"**Analyzing dialogue consistency**

I need to check if the last comment contradicts the earlier part of the conversation. The dialogue seems to start with a casual persona chat. Agent 0 greets, and Agent 1 mentions having short blonde hair, leading to light banter. However, later, Agent 1 suggests it's freezing outside, which contrasts with their final statement about going for a jog. It doesn’t seem to fit the earlier context about it being cold, so I should note that inconsistency. **Identifying contradictions**

I see a potential contradiction here. Earlier, Agent 1 mentions, ""it's freezing outside,"" but later states, ""it's pretty nice out actually, so I think I'll go for a nice long jog."" Those weather descriptions are at odds. Since it’s the same conversation without a time qualifier for the first comment, it's tricky. I wonder if the weather could have changed in such a short discussion, but that seems unlikely. Overall, I’d conclude this is indeed a contradiction. **Examining the consistency of statements**

I need to analyze if Agent 1’s comment about jogging aligns with the earlier statement of “it’s freezing outside.” Saying “I think I’ll go for a nice long jog” indicates a pleasant environment, which conflicts with saying it’s freezing. While it is technically possible to jog in chilly weather, the phrase “it’s pretty nice out actually” directly contradicts the earlier claim. Because of this, I conclude that there is a contradiction here, so I’ll mark it as such.",1,"**Identifying contradictions**

I'm looking at whether the last statement contradicts the previous dialogue. The first agent mentioned it was freezing outside but later said it was actually nice out and decided to go for a jog. That's definitely a contradiction between the two claims about the weather. I don't think I need to check for any other contradictions, so I'll just conclude with ""1"" to indicate there's one contradiction found.",replacement,91
"agent 0: Skiing is one of my favorite pasttimes. I wish I could do it more. agent 1: It is a lot of fun and has been around a long time. It goes back almost 5000 years! agent 0: I wonder what they used for skiis back then. agent 1: The word ski actually comes from skio. That is Old Norse for split piece of wood agent 0: Now that is pretty cool. So they named it after the piece of wood they originally used. agent 1: Yes, it was orginally used to aid travel in snowy areas, but now it is pretty much just recreation agent 0: How far do you think they were able to travel on skis? agent 1: Not very far and only downhill. Skis were only invented for travel in the desert.","agent 0: Skiing is one of my favorite pasttimes. I wish I could do it more. agent 1: It is a lot of fun and has been around a long time. It goes back almost 5000 years! agent 0: I wonder what they used for skiis back then. agent 1: The word ski actually comes from skio. That is Old Norse for split piece of wood agent 0: Now that is pretty cool. So they named it after the piece of wood they originally used. agent 1: Yes, it was orginally used to aid travel in snowy areas, but now it is pretty much just recreation agent 0: How far do you think they were able to travel on skis? agent 1: Not very far and only downhill! Skis were only invented for travel in the desert!",1,1,1,1,1,"**Identifying contradictions**

I need to check if the last statement contradicts the earlier context of the dialogue about skiing and its history. Initially, Agent 1 said skiing goes back almost 5,000 years and that skis were used for travel in snowy regions. However, their latest comment—claiming skis were invented solely for desert travel and could only go downhill—is not only contradictory but also ignores the historical use of skis for cross-country travel. So, this clearly confirms a contradiction. The answer is 1.",1,"**Identifying contradictions in dialogue**

I need to check if the last statement contradicts the context about skiing. Agent 1 mentioned skiing's historical use in snowy areas, so saying skis were only for the desert conflicts with that. Plus, saying they were only used downhill goes against the earlier mention of skis aiding travel, which might include movements across snow in various directions. This definitely indicates a contradiction, so the answer here is 1.",replacement,92
agent 0: my husband opened the door and a huge wasp flew in! I hate insects. they are so nasty agent 1: Did you go running like crazy!? agent 0: heck yes i did! I locked myself in the room and told him he needs to kill that thing before he goes to work agent 1: i would have done the same glad no one got stung! agent 0: It's not that big of a deal. Insects aren't that bad.,agent 0: my husband opened the door and a huge wasp flew in! I hate insects. they are so nasty agent 1: Did you go running like crazy!? agent 0: heck yes i did! I locked myself in the room and told him he needs to kill that thing before he goes to work agent 1: i would have done the same glad no one got stung! agent 0: It's not that big of a deal! Insects aren't that bad!,1,1,1,1,1,,1,,replacement,93
"agent 0: hello! do you have to work today? i do not. the usps is closed. agent 1: hi. how are you? i do since i work for myself walking dogs agent 0: i'm doing well. barnaby, my shepherd, and i came back from a long walk. agent 1: oh you have a dog too. i've three. agent 0: only one. i work a lot. and, we have scorpions. we are both afraid of them. agent 1: wow that is scary. what do you like to do for fun? agent 0: i like to attend nascar races, my daddy was a driver. agent 1: that is cool. my dad was a door to door salesman. agent 0: my mom sold avon. they had the pretties grey eye shadow. agent 1: i'm not into makeup much agent 0: Neither am I. My mom and I don't use make up. It's something we really believe in. agent 1: That's weird. I love make up.","agent 0: hello! do you have to work today? i do not. the usps is closed. agent 1: hi. how are you? i do since i work for myself walking dogs agent 0: i'm doing well. barnaby, my shepherd, and i came back from a long walk. agent 1: oh you have a dog too. i've three. agent 0: only one. i work a lot. and, we have scorpions. we are both afraid of them. agent 1: wow that is scary. what do you like to do for fun? agent 0: i like to attend nascar races, my daddy was a driver. agent 1: that is cool. my dad was a door to door salesman. agent 0: my mom sold avon. they had the pretties grey eye shadow. agent 1: i'm not into makeup much agent 0: Neither am I. My mom and I don't use make up. It's something we really believe in. agent 1: That's weird! I love make up.",1,1,1,1,1,"**Determining contradictions**

I'm assessing whether the last utterance contradicts the previous dialogue context. Agent 1 said, ""I'm not into makeup much,"" but then declared, ""That's weird! I love makeup."" This is a clear contradiction. Agent 0 also mentioned they don't use makeup, which makes Agent 1's statement even more inconsistent. I wonder if ""not into makeup much"" and ""love makeup"" could somehow be consistent, but they really are opposites. The instruction is to return 1 for contradictions, so that's my answer: ""1.""",1,"**Evaluating dialogue consistency**

I need to check if the last utterance from agent 1, ""That's weird. I love makeup,"" contradicts what was said before. Previously, agent 1 mentioned, ""I'm not into makeup much,"" which clearly contradicts their latest statement. Agent 0 also said they don't use makeup, but that doesn't create a contradiction with agent 1. So, yes, the last utterance contradicts the dialogue context. I'll summarize that as output one.",replacement,94
"agent 0: hi, i am part deaf agent 1: hey i am larry, what is your name? agent 0: i am alberto, nice to meet you agent 1: nice to meet you as well. so alberto, do you like comic books? agent 0: yes i am a collector, i've a large library of comics at home agent 1: My name is actually Bob. I don't like comic books. agent 0: I have never liked comic books. I think they are boring.","agent 0: hi, i am part deaf agent 1: hey i am larry, what is your name? agent 0: i am alberto, nice to meet you agent 1: nice to meet you as well. so alberto, do you like comic books? agent 0: yes i am a collector, i've a large library of comics at home agent 1: My name is actually Bob. I don't like comic books. agent 0: I have never liked comic books! I think they are boring!",1,1,1,1,1,"**Evaluating contradictions**

I'm trying to figure out if agent 0's last statement, saying they've never liked comic books, contradicts what they said earlier about being a collector with a large library. It does seem to contradict their earlier claim, which indicated they like comic books. I'm double-checking for other contradictions, and I notice agent 1 also contradicted themselves about their name. However, our focus is on agent 0's latest statement. So, it clearly contradicts their previous one. I'll return just 1 as the answer.",1,,replacement,95
"agent 0: My kids are going into 7th and 8th grade in a couple weeks. They really are growing up well agent 1: thats good to hear. my kids will returning to school soon as well. I cant wait! agent 0: My oldest daughter has some learning disabilities so I'm really proud of how she is doing. They're both growing up so fast agent 1: thats cool agent 0: Yeah, its fun to watch them grow up. agent 1: I wish I had kids, it sounds fun.","agent 0: My kids are going into 7th and 8th grade in a couple weeks. They really are growing up well agent 1: thats good to hear. my kids will returning to school soon as well. I cant wait! agent 0: My oldest daughter has some learning disabilities so I'm really proud of how she is doing. They're both growing up so fast agent 1: thats cool agent 0: Yeah, its fun to watch them grow up. agent 1: I wish I had kids, it sounds fun!",1,1,1,1,1,,1,,replacement,96
"agent 0: good afternoon? how are you? agent 1: doing well, how are you? agent 0: very well thank you. i'm fluent in several languages, what is your main language? agent 1: my main language is english. agent 0: wonderful, mine too although i speak french and spanish as well. what are your favorite colors? agent 1: my favorite color is red. what is yours? agent 0: red and silver, both colors that will match the apartment my boyfriend and i are moving into. agent 1: red and silver are colors that look nice together. agent 0: I can't wait to decorate our new apartment. agent 1: You should use the color blue in your decorating. It's my favorite.","agent 0: good afternoon? how are you? agent 1: doing well, how are you? agent 0: very well thank you. i'm fluent in several languages, what is your main language? agent 1: my main language is english. agent 0: wonderful, mine too although i speak french and spanish as well. what are your favorite colors? agent 1: my favorite color is red. what is yours? agent 0: red and silver, both colors that will match the apartment my boyfriend and i are moving into. agent 1: red and silver are colors that look nice together. agent 0: I can't wait to decorate our new apartment. agent 1: You should use the color blue in your decorating! It's my favorite.",1,1,1,1,1,"**Identifying contradictions**

I’m checking if the last statement contradicts the earlier dialogue. The last utterance suggests using blue as a favorite color, while earlier, agent 1 stated red as their favorite. There’s a clear contradiction here! The prompts support that, so I’ll confirm it. After double-checking, I gather the earlier statements, and since there’s inconsistency, my final response to the instruction will be a straightforward 1 to indicate contradiction—no extra words needed!",1,,replacement,97
"agent 0: hi. how are you doing? agent 1: hello, i am wonderful, how are you? i am a canadian. agent 0: i'm good. i'm american. i've never been outside of ohio. agent 1: i'm on the other side of lake erie. agent 0: i work at the supermarket here in town.. what do you do? agent 1: i'm currently enlisted in the canadian army. agent 0: that is awesome. any pets? my cat is named spook. agent 1: i have a dog, her name is shelby. agent 0: Nice. I wish I had more time to spend with my cat. I spend all day at the hospital working as a doctor.","agent 0: hi. how are you doing? agent 1: hello, i am wonderful, how are you? i am a canadian. agent 0: i'm good. i'm american. i've never been outside of ohio. agent 1: i'm on the other side of lake erie. agent 0: i work at the supermarket here in town.. what do you do? agent 1: i'm currently enlisted in the canadian army. agent 0: that is awesome. any pets? my cat is named spook. agent 1: i have a dog, her name is shelby. agent 0: Nice! I wish I had more time to spend with my cat. I spend all day at the hospital working as a doctor!",1,1,1,1,1,"**Identifying contradictions**

I need to determine if the last statement contradicts the previous context. The dialogue shows agent 0 claiming they work at a supermarket, but then they say, ""I wish I had more time to spend with my cat. I spend all day at the hospital working as a doctor!"" It seems there’s a contradiction here since they've switched jobs without any suggestion of a change. Overall, this inconsistency leads me to mark it as a contradiction, so my output should be: 1.",1,,replacement,98
"agent 0: Winter is the best time of year. The cold crisp air. The blanket of snow on the farm land. Don't you agree? agent 1: I don't agree! I hate winter- it's the coldest season, and where I live, there is usually so much snow. Yuck! agent 0: I'm from Colorado so I know about snow. My city gets an average to 10-12 feet a year. If you hate it why not move? agent 1: You would see a lot of snow! Moving is not so easy, I'm Canadian, and when it is winter, it is winter in the whole country. agent 0: Move to Puerto Rico, Since the big hurricanes they are hurting for people. agent 1: I've never been to Puerto Rico, but I'm not sure I could get a visa. It's tempting- but aren't they still without electricity in many regions? agent 0: It's a quite troubled place to be honest. agent 1: It's very nice. There's good electricity","agent 0: Winter is the best time of year. The cold crisp air. The blanket of snow on the farm land. Don't you agree? agent 1: I don't agree! I hate winter- it's the coldest season, and where I live, there is usually so much snow. Yuck! agent 0: I'm from Colorado so I know about snow. My city gets an average to 10-12 feet a year. If you hate it why not move? agent 1: You would see a lot of snow! Moving is not so easy, I'm Canadian, and when it is winter, it is winter in the whole country. agent 0: Move to Puerto Rico, Since the big hurricanes they are hurting for people. agent 1: I've never been to Puerto Rico, but I'm not sure I could get a visa. It's tempting- but aren't they still without electricity in many regions? agent 0: It's a quite troubled place to be honest. agent 1: It's very nice! There's good electricity!",1,1,1,1,1,"**Analyzing dialogue contradictions**

I need to see if the last statement about electricity contradicts previous comments. Agent 1 previously suggested uncertainty about electricity availability in Puerto Rico, which aligns with Agent 0's remark about the area being troubled. However, the latest remark says there's good electricity, which sounds contradictory since earlier statements hinted at a lack of electricity due to hurricanes. So, I'll determine if there’s a factual inconsistency in these statements based on the context. **Examining contradictions in dialogue**

Agent 1 had previously asked if many regions were still without electricity. This question implies there’s a lack, which Agent 0's comment about Puerto Rico being troubled reinforces. But then the last statement claims there’s good electricity, contradicting this earlier implication. I should label this contradiction based on the dialogue context, not external facts. The conclusion is that the last statement indeed contradicts earlier concerns about electricity in Puerto Rico. So, the answer is 1.",1,"**Evaluating contradictions in dialogue**

I need to determine if the last statement contradicts the earlier dialogue context. Agent 1's recent comment, “It's very nice. There's good electricity,” seems at odds with their previous question about electricity availability in Puerto Rico. Earlier, they expressed skepticism with, “Aren't they still without electricity in many regions?” This shift in tone appears contradictory. Additionally, there's a contrast between Agent 0's statement about the troubles of Puerto Rico and Agent 1's positive assertion regarding electricity. **Assessing contradictions in dialogue**

The context indicates that Puerto Rico had electricity issues after the hurricanes. Agent 1’s claim, “There’s good electricity,” contradicts their earlier uncertainty and the suggestion of outages. The task is to determine if the last statement contradicts the dialogue context. Their previous question about electricity availability implies the opposite of good electricity. While the last statement conflicts with “It’s a quite troubled place,” it primarily contradicts their earlier assertion about outages. Therefore, the answer is 1 — there is a contradiction.",replacement,99
