original_dialog,modified_dialog,modified_label,original_label,modified_pred,original_pred,raw_output,reasoning,original_raw_output,original_reasoning,type,id
"agent 0: I recently remembered a sweet memory of my aunt who recently passed away. agent 1: what was it? agent 0: She would give hundreds of dollars of school supplies to kids in need each year. agent 1: wow, that's an amazing woman. did she rub off on you any? agent 0: She did! I fill stockings around the holidays and go around on Christmas giving them out to people who have to work. :) agent 1: It sounds like your aunt was an amazing woman. agent 0: Amazingly selfish, she never spent a penny on anyone besides herself.","agent 0: I recently remembered a sweet memory of my aunt who recently passed away. agent 1: what was it? agent 0: She would give hundreds of dollars of school supplies to kids in need each year. agent 1: wow, that's an amazing woman. did she rub off on you any? agent 0: She did! I fill stockings around the holidays and go around on Christmas giving them out to people who have to work. :) agent 1: It sounds like your aunt was an amazing woman. agent 0: Amazingly selfish, nobody besides herself ever spent a penny on her.",1,1,1,1,1,"**Analyzing characterization**

The earlier statements depict her as generous and selfless for giving hundreds of dollars to kids in need. But then it says ""Amazingly selfish,"" which feels contradictory. The phrase ""nobody besides herself ever spent a penny on her"" suggests that only she has ever spent money on herself, hinting at selflessness or frugality. Yet, calling her ""selfish"" doesn't match the generosity shown earlier. Maybe ""selfish"" is sarcastic, but it really raises questions about contextual consistency. **Evaluating contradictions**

I'm looking at the previous praises like ""amazing woman"" and her giving nature. However, the last statement calls her ""Amazingly selfish,"" which clearly contradicts the earlier characterization of her as generous. So, I think the answer is simply that there's a contradiction in how she is described. We don't need to overanalyze the nuance; it’s clear that her selfishness contradicts the earlier praise of her generosity. So, the answer is 1 only.",1,,grammatical_role,0
"agent 0: About to open a restaurant with my friend. I hope it goes well. agent 1: Oh yeah? What is going to be your hallmark meal? agent 0: I have to think about that, not sure yet. Any suggestions? agent 1: i don't know... maybe pizza? agent 0: Yeah! why not. It is not that hard and I have done it in the past. thanks agent 1: what kind of restaurant do you want? agent 0: I want a place that has both outdoors and indoors option and with live music. agent 1: That is good to hear I would enjoy a night with some great music.","agent 0: About to open a restaurant with my friend. I hope it goes well. agent 1: Oh yeah? What is going to be your hallmark meal? agent 0: I have to think about that, not sure yet. Any suggestions? agent 1: i don't know... maybe pizza? agent 0: Yeah! why not. It is not that hard and I have done it in the past. thanks agent 1: what kind of restaurant do you want? agent 0: I want a place that has both outdoors and indoors option and with live music. agent 1: That is good to hear a night would enjoy some great music with me.",0,0,0,0,0,"**Evaluating dialogue context**

I’m trying to figure out if the last utterance contradicts the dialogue context. Here’s where it gets a bit tricky: the last sentence is grammatically weird, but I don’t see a clear contradiction in terms of content. It could be rephrased for clarity, like ""That is good to hear, I would enjoy some great music at night."" So, overall, I think it fits, even if it's not phrased perfectly. **Confirming agreement in dialogue**

I’m looking at the last utterance, and it clearly agrees that live music is enjoyable and expresses interest in experiencing it. So, I see no contradiction there. Based on that understanding, I would conclude the response should be answer 0. This makes sense since everything lines up with the overall context of the dialogue, showing that they appreciate the idea of live music.",0,"**Evaluating dialogue consistency**

I'm considering whether the last utterance contradicts the dialogue context. It seems the last utterance is ""Answer,"" and the conversation ends with an agreement about enjoying a night with great music. Agent 0 mentioned wanting a place with both outdoor and indoor options along with live music, and Agent 1 responded positively about great music, which aligns with Agent 0's request. So, I conclude there’s no contradiction here and return 0.",grammatical_role,1
"agent 0: what do you do for fun? i love long weekend hikes myself agent 1: i go hunt for the best lobster. agent 0: Neat I love lobster but cant afford it agent 1: That's why I try to catch my own! What do you do in your free time? agent 0: In my free time I do a lot of reading agent 1: Nice! Reading is so relaxing. agent 0: yes. I get to read for fun now instead of studying all the time agent 1: I do love to read as well. What did you study? agent 0: Public Relations agent 1: Thats cool. I went to school for computer science. agent 0: Did you join any clubs while you were there? agent 1: No, I had to focus on my degree. Did you join any clubs? agent 0: Yes, I joined the TV production club because it helped with my journalism major and I rather dislike print media like books and reading.","agent 0: what do you do for fun? i love long weekend hikes myself agent 1: i go hunt for the best lobster. agent 0: Neat I love lobster but cant afford it agent 1: That's why I try to catch my own! What do you do in your free time? agent 0: In my free time I do a lot of reading agent 1: Nice! Reading is so relaxing. agent 0: yes. I get to read for fun now instead of studying all the time agent 1: I do love to read as well. What did you study? agent 0: Public Relations agent 1: Thats cool. I went to school for computer science. agent 0: Did you join any clubs while you were there? agent 1: No, I had to focus on my degree. Did you join any clubs? agent 0: Yes, I joined the journalism major club because it helped with my TV production and I rather dislike print media like books and reading.",1,1,1,1,1,,1,"**Checking for contradictions**

I’m trying to figure out if the last statement contradicts the earlier context. So, agent 0 mentioned joining a TV production club since it was helpful for their journalism major and declared a dislike for print media, like books. But earlier, they said they do a lot of reading in their free time and enjoy it. I’m wondering how they can love reading but also not like print media. It's a bit confusing! **Identifying contradictions**

I’m noticing some contradictions in agent 0's statements. They mentioned they enjoy reading for fun, but then later say they dislike print media, which is confusing. Additionally, there’s a conflict between saying they’re a journalism major and earlier mentioning studying Public Relations. These inconsistencies definitely stand out. It seems like I should simply note that there’s at least one contradiction to address. So, I’ll conclude with an output of ""1.""",grammatical_role,2
"agent 0: I didn't realize it was that large. Have you seen The Wolf of Wallstreet? agent 1: Yeah I have, it was really good. It was set near Broadway and the South Street. agent 0: I agree, it's a great movie. Leonardo DiCaprio is a great actor and handsome too, lol. agent 1: He is a very great actor. I also like him in Gangs of New York. agent 0: Oh, I've never seen that, but I have heard of it! I'll have to watch it. I don't watch a lot of movies, but I want to watch more. agent 1: You should watch it. It's a great movie. What do you like to do? agent 0: Well, I work a lot, but when I get home I like to spend time with my dog and take walks. agent 1: That sounds like a good way to have fun and get some exercise! I also have two dogs. What kind of dog do you have? agent 0: She's a poodle! They're a very smart breed. What about you?","agent 0: I didn't realize it was that large. Have you seen The Wolf of Wallstreet? agent 1: Yeah I have, it was really good. It was set near Broadway and the South Street. agent 0: I agree, it's a great movie. Leonardo DiCaprio is a great actor and handsome too, lol. agent 1: He is a very great actor. I also like him in Gangs of New York. agent 0: Oh, I've never seen that, but I have heard of it! I'll have to watch it. I don't watch a lot of movies, but I want to watch more. agent 1: You should watch it. It's a great movie. What do you like to do? agent 0: Well, I work a lot, but when I get home I like to spend time with my dog and take walks. agent 1: That sounds like a good way to have fun and get some exercise! I also have two dogs. What kind of dog do you have? agent 0: She's a very smart breed! They're a poodle. What about you?",0,0,0,0,0,"**Analyzing grammatical consistency**

When someone says, ""They're a poodle,"" it could mean a single dog or multiple dogs, and that’s acceptable. Saying, ""She's a very smart breed!"" is ungrammatical but doesn’t contradict anything outright. It's consistent that agent 0 has a female poodle. The mention of Broadway and South Street isn't contradictory in the context provided. So, the final interpretation holds up: the dog is a poodle, and the terms used do align without contradiction.",0,"**Evaluating dialogue consistency**

I need to figure out if the last statement conflicts with the dialogue context. Agent 0 said, ""She's a poodle!"" and mentioned earlier that they have a dog. That seems consistent, especially since Agent 1 previously inquired about the dog breed. Everything fits well together so far. However, I also want to double-check any contradictions in earlier statements. For instance, Agent 1’s factual claim about the film's setting seems off, but it doesn't contradict the current context.",grammatical_role,3
"agent 0: milk makes strong bones though, how do you supplement your diet? agent 1: i'm vegetarian. you can get all your nutrition from plants, you know? agent 0: Is it possible to be buff being a vegetarian? agent 1: I wouldn't know, I'm hardly ""buff"" but feel healthy! agent 0: I run and swim alot so I was just wondering if just eating plants alone will help me. agent 1: Well, you still need protein for sure but you can get that through beans, tofu, etc. agent 0: Wow I honestly did not know tofu had any protein. What's your favorite dish? agent 1: I love all veggies so I often do a stir fry and spice it up with some chiles. agent 0: That sounds very good! I need to try that out one day. How can I make it? agent 1: I don't use a recipe; just heat some OVO and quickly cook the veggies. I like them still crunchy. Add spices as desired. agent 0: What is OVO? agent 1: Olive oil. If you like nuts, they are a good source of protein too. Just add some cashews or walnuts!","agent 0: milk makes strong bones though, how do you supplement your diet? agent 1: i'm vegetarian. you can get all your nutrition from plants, you know? agent 0: Is it possible to be buff being a vegetarian? agent 1: I wouldn't know, I'm hardly ""buff"" but feel healthy! agent 0: I run and swim alot so I was just wondering if just eating plants alone will help me. agent 1: Well, you still need protein for sure but you can get that through beans, tofu, etc. agent 0: Wow I honestly did not know tofu had any protein. What's your favorite dish? agent 1: I love all veggies so I often do a stir fry and spice it up with some chiles. agent 0: That sounds very good! I need to try that out one day. How can I make it? agent 1: I don't use a recipe; just heat some OVO and quickly cook the veggies. I like them still crunchy. Add spices as desired. agent 0: What is OVO? agent 1: Cashews or walnuts. If you like olive oil, they are a good source of protein too. Just add some nuts!",0,0,1,0,1,"**Evaluating OVO context**

I’m trying to figure out if ""OVO"" is an abbreviation for extra virgin olive oil (EVOO). The user asked what OVO means, but then the response mentioned cashews or walnuts, which doesn't really answer that question. Olive oil isn't a good source of protein—it’s primarily fat, while nuts contain protein and fat. So, there doesn’t seem to be a clear contradiction with earlier statements, but I need to determine if this response conflicts with the context. **Analyzing OVO and protein claims**

I’m examining the claim that olive oil can be a protein source and how it links to nuts. Just suggesting adding nuts doesn’t directly answer the user’s question about ""OVO."" There’s a factual error here, as olive oil is primarily fat, not protein. The earlier mention of getting protein from beans or tofu doesn’t explicitly contradict olive oil being labeled as a protein source; it’s more of a misstatement. Does that mean saying OVO equals cashews or walnuts is valid? I'm not sure. **Assessing OVO and contradiction**

I’m looking at whether saying ""OVO"" contradicts earlier instructions to heat it. Can you heat cashews or walnuts? OVO might relate to ""olive vegetable oil,"" often abbreviated as ""EVOO."" The last response refers to both cashews and olive oil as sources of protein, which feels inconsistent. The task seems to focus on contradictions within the dialogue rather than world knowledge. Unless ""OVO"" was previously defined, the statement equating OVO to nuts could contradict the earlier instruction to heat it. It's tricky. **Identifying contradictions in statements**

I’m analyzing whether the last utterance contradicts earlier statements. It claims ""olive oil is a good source of protein,"" which doesn't directly contradict earlier suggestions of getting protein from beans, tofu, and nuts. However, it’s interesting that nothing was said about olive oil before. The potential contradiction seems to lie in defining OVO; saying ""cashews or walnuts"" in response to ""What is OVO?"" contradicts the earlier instruction to heat OVO, as it's unclear if OVO refers to those nuts. I think the label might be a contradiction. **Evaluating the concept of contradiction**

I’m considering whether the term ""OVO"" might refer to ""olive vegetable oil."" When the user asks what OVO is, the response suggesting ""cashews or walnuts"" doesn’t clearly define it. It gets tricky because if OVO is supposed to be heated, saying it equals nuts doesn’t make sense. The contradictions show up between OVO and the suggestion of cashews or walnuts. This does conflict with earlier statements about using OVO as an oil. Ultimately, yes, there’s a contradiction here! I'd label it as 1.",0,,grammatical_role,4
"agent 0: It makes me think of the good old days when I was a kid when I listen to the music in my aunts car agent 1: What does? Were you in a car ride with your aunt? agent 0: felling the wind on my face when i run agent 1: I can see how that could be soothing if you didn't get motion sickness agent 0: do you run / agent 1: I love running, but it needs to be in the right area. You? agent 0: it's my enjoyment, my stress reliever. agent 1: That is a great stress reliever. How far do you normally run? agent 0: bout 4 miles easy, i like to run when its cool and windy agent 1: Wow. I only make it about a mile, mile and a half. When I have time. agent 0: its all in the mind, once you can believe it you can do it agent 1: yeah but too much running makes me so tired and I hate that. agent 0: I like to run when its very warm to get sweaty.","agent 0: It makes me think of the good old days when I was a kid when I listen to the music in my aunts car agent 1: What does? Were you in a car ride with your aunt? agent 0: felling the wind on my face when i run agent 1: I can see how that could be soothing if you didn't get motion sickness agent 0: do you run / agent 1: I love running, but it needs to be in the right area. You? agent 0: it's my enjoyment, my stress reliever. agent 1: That is a great stress reliever. How far do you normally run? agent 0: bout 4 miles easy, i like to run when its cool and windy agent 1: Wow. I only make it about a mile, mile and a half. When I have time. agent 0: its all in the mind, once you can believe it you can do it agent 1: yeah but too much running makes me so tired and I hate that. agent 0: It gets me very sweaty when I like to run in the warmth.",1,1,1,1,1,"**Evaluating contradictions in dialogue**

I'm trying to figure out if the last statement by agent 0 contradicts what they said earlier. The last utterance mentions enjoying running in warmth, while the earlier context indicated a preference for cool and windy conditions. This seems like a contradiction since those preferences are opposites. But could someone potentially like both cool and warm running conditions? I find myself questioning if it's an absolute contradiction or not. **Analyzing preferences in statements**

I’m looking at the statements: ""I like to run when it’s cool and windy"" versus ""I like to run in the warmth."" These can't both be true if they're exclusive to one condition. However, if someone can enjoy running in both cool and warm conditions, then it's not contradictory. The phrase about getting sweaty in warmth seems awkward, possibly meaning: ""It gets me sweaty, but I still like running in warmth."" This implies they sometimes like warm runs, contradicting their earlier preference for cool. **Exploring preference inconsistencies**

I'm looking at the preferences shared in the conversation, which seem inconsistent. While someone can enjoy both warm and cool runs, these preferences contrast with each other. The task is to see if the last statement contradicts earlier dialogue context. Typically, datasets flag such contradictions since cool and windy is opposite to warm. I lean toward a contradiction. Agent 0’s earlier note about running with the wind hints at a preference. So, yes, there appears to be a contradiction with liking both conditions. **Analyzing potential contradictions**

I'm considering the statements, where one says they like to run in cool, windy conditions while later saying it gets them sweaty when running in warmth. The latter doesn’t state a preference for warmth over cool, just that warmth makes them sweat. So, is it a contradiction? There’s no explicit denial like ""I don't like to run in warmth."" Typically, tasks might classify these as conflicting preferences. I'm curious about the dataset, possibly ""Abductive NLI for dialogues,"" focusing on binary classification like ""contradict or not."" This makes it tricky to decide. **Examining preferences in statements**

I'm analyzing the statements: ""I like to run when it’s cool and windy"" and ""It gets me very sweaty when I like to run in the warmth."" The latter doesn't clearly state a preference for warmth, just that running in warmth makes them sweat. The odd grammar makes it tricky, but it suggests they do like running in warmth. However, these preferences seem contradictory. People usually don't say they enjoy both cool and warm runs. If I'm being strict about contradiction, I lean toward saying they don't contradict entirely. To play it safe, I would choose 1 to indicate a contradiction.",1,"**Evaluating conflicting preferences**

I need to determine if the last statement contradicts earlier ones. Agent 0 mentioned liking to run when it's cool and windy, but then said they like to run when it's very warm to get sweaty. This could be contradictory, but it's possible for someone to enjoy both conditions. They aren't mutually exclusive, yet the phrasing suggests a preference, which creates a conflict. Typically, contradiction tasks view these as opposing preferences, leading to confusion. **Assessing contradictory statements**

I need to determine if the last statement contradicts earlier claims. The user expressed a preference for cool and windy weather, then later said they enjoy running when it's very warm to get sweaty. These seem like opposing preferences, unless they've changed their mind. In contradiction datasets, statements like ""I like cold weather"" followed by ""I like hot weather"" are seen as contradictions. So, I'll mark this situation as a contradiction.",grammatical_role,5
agent 0: going near hights really makes me scared agent 1: Did a specific experience cause this? or just instinct. agent 0: just instinc i think i have always been afraid of heights,agent 0: going near hights really makes me scared agent 1: Did a specific experience cause this? or just instinct. agent 0: just instinct I think heights have always made me afraid,0,0,0,0,0,,0,"**Determining dialogue consistency**

I need to see if the last statement contradicts the conversation context. Agent 0's last remark is about always being afraid of heights, and the previous context discusses their fear of heights. Agent 1 is asking if this fear stems from a specific experience or is just instinctual. Since Agent 0's response aligns with their previous statement, it does not contradict the dialogue. Therefore, the answer is 0. It's a straightforward decision!",grammatical_role,6
"agent 0: hi agent 1: You should read the instructions before you start.. You need to work off the prompts.. But hello, agent 0: ughhhh i was proud that i graduated but i don't do anything with my degree agent 1: Well you should be proud of graduating. Why didn't you do anything with your degree? agent 0: Because whenever I get an interview they always say ""we decided to move forward with someone else"". It's too much work to keep going to those stupid interviews anyways. agent 1: Well you will never get in if you don't keep trying? What are you doing instead? agent 0: Just watching Shark Tank. They have it so easy. I just have to think of something that'll sell and then I'll never have to work! agent 1: Well that seems like a lot of work and a little risky but I am sure you can think of a good idea agent 0: I know right? It's why I can't think of anything. I wish that I was more imaginative and could think of something. What do you watch? agent 1: well I like Naked and afraid but I would never do the show. I have problems with interviews too when they see my hair agent 0: OMG that's so much work. And what's wrong with your hair? I bet you have nicer hair than me though agent 1: Really? My hair is blue and orange right now","agent 0: hi agent 1: You should read the instructions before you start.. You need to work off the prompts.. But hello, agent 0: ughhhh i was proud that i graduated but i don't do anything with my degree agent 1: Well you should be proud of graduating. Why didn't you do anything with your degree? agent 0: Because whenever I get an interview they always say ""we decided to move forward with someone else"". It's too much work to keep going to those stupid interviews anyways. agent 1: Well you will never get in if you don't keep trying? What are you doing instead? agent 0: Just watching Shark Tank. They have it so easy. I just have to think of something that'll sell and then I'll never have to work! agent 1: Well that seems like a lot of work and a little risky but I am sure you can think of a good idea agent 0: I know right? It's why I can't think of anything. I wish that I was more imaginative and could think of something. What do you watch? agent 1: well I like Naked and afraid but I would never do the show. I have problems with interviews too when they see my hair agent 0: OMG that's so much work. And what's wrong with your hair? I bet you have nicer hair than me though agent 1: Really? Blue and orange is my hair right now.",0,0,0,0,0,"**Evaluating dialogue consistency**

I need to determine if the last statement from agent 1 contradicts the previous dialogue context. Agent 1 commented on their hair color, blue and orange, and I’m considering the flow of the conversation. They discussed their experiences with interviews and television shows, followed by questions about their hair. After analyzing the preceding remarks, I conclude that agent 1's statement does not contradict the prior conversation—it's relevant to the ongoing discussion. **Confirming consistency in conversation**

I'm considering the reasons behind interview problems mentioned in the dialogue. Agent 1's blue and orange hair aligns with their previous statement about having issues during interviews. The last utterance doesn't contradict earlier remarks; in fact, it's consistent and provides a valid reason for their concerns. So, I can confidently conclude that there’s no contradiction here, and it aligns well within the context of the conversation, leading to the final answer of 0.",0,,grammatical_role,7
"agent 0: I put in a job application for a new job. I am fairly certain that my credentials are enough to get me the job. agent 1: Thats awesome! Have you been scheduled for an interview yet? agent 0: I was, I go in next Tuesday. I am pretty excited for them to give me the job. agent 1: I would be too! I hope everything goes well with it! agent 0: Thanks. I'm ready to go to work right now! agent 1: I bet you don't get it.","agent 0: I put in a job application for a new job. I am fairly certain that my credentials are enough to get me the job. agent 1: Thats awesome! Have you been scheduled for an interview yet? agent 0: I was, I go in next Tuesday. I am pretty excited for them to give me the job. agent 1: I would be too! I hope everything goes well with it! agent 0: Thanks. I'm ready to go to work right now! agent 1: You bet I don't get it.",1,1,0,0,0,"**Evaluating dialogue consistency**

I need to determine if the last statement contradicts the earlier context of the conversation. Agent 0 expressed confidence and excitement about an interview, while agent 1 said, ""You bet I don't get it,"" which sounds confusing. This could indicate misunderstanding, but it doesn't contradict the earlier supportive tone; instead, it feels inconsistent. So, while it's not a logical contradiction, it affects the tone. The task is to decide: 1 if it contradicts, 0 if it does not. **Clarifying contradiction assessment**

Earlier, there was no mention of ""bet"" or ""don't get it,"" so I wouldn't consider that a contradiction—it's more about confusion. So, I'm thinking the answer should be 0. But I also need to check: some datasets might interpret contradictions differently. For example, if agent 1 initially showed understanding and then said, ""I don't get it,"" it could seem contradictory to their earlier stance. However, since it's not a factual contradiction, I'm deciding on the answer: 0.",0,"**Analyzing dialogue contradictions**

I need to determine if Agent1's statement, ""I bet you don't get it,"" contradicts the earlier context. Agent0 is confident and has a scheduled interview, while Agent1 was previously supportive, saying things like, ""That's awesome! I hope everything goes well with it!"" It seems like Agent1's latest comment goes against that supportive tone, but it’s more pessimistic than a factual contradiction. So, I’m questioning whether it really constitutes a contradiction or just a conflicting sentiment. **Examining contradictions in dialogue**

I’m considering whether it's inconsistent to express hope for success while also saying, “I bet you don’t get it.” These statements don’t create a logical contradiction; it’s possible to feel both hope and doubt about someone’s abilities. The real question is whether this latest statement contradicts the earlier supportive context. I believe it doesn’t contradict any factual information. Statements made by different speakers can disagree without implying a direct contradiction, which usually stems from negating the same proposition. **Evaluating dialogue contradictions**

In examining the dialogue, I'm considering whether the statement ""I bet you don't get it"" contradicts the earlier sentiments like ""They will give me the job"" or ""I'm fairly certain my credentials are enough."" While the two statements express disagreement, one reflects likelihood and the other certainty. The dataset typically looks for factual contradictions, like saying ""I have an interview"" and someone responding, ""You didn't schedule an interview."" In this case, it's more about negative sentiment rather than a factual contradiction. **Identifying contradictions in dialogue**

I’m analyzing whether the statement ""I bet you don't get it"" contradicts the earlier statement, ""I am pretty excited for them to give me the job."" The latter expresses a solid expectation of getting the job, while the former suggests a doubt. In many natural language inference tasks, those would be considered contradictory positions. So, I think yes, the last utterance contradicts the expectation of getting the job and also undermines the earlier supportive sentiment. Thus, I’d likely label it as a contradiction. **Analyzing contradiction and context**

Some tasks distinguish between contradiction and non-contradiction on an utterance level. There isn’t a factual conflict, but the statement ""I bet you don't get it"" does go against the sentiment expressed in ""I am fairly certain my credentials are enough."" While it doesn’t directly contradict this fact, it conflicts with the prediction of getting the job. The context includes supportive phrases like ""I hope everything goes well,"" which could be seen as contradictory. However, since it doesn’t involve a factual contradiction, I think the answer leans toward 0.",grammatical_role,8
"agent 0: Have you ever heard of Dylan's Candy Bar? It's a great candy shop that started in New York, and now is in different cities. agent 1: I have heard about it. I bet it has delicious treats. Who started it? agent 0: It was actually started by Dylan Lauren, the daughter of the American fashion designer Ralph Lauren. agent 1: That's interesting. I wonder what gave her the idea to start it? agent 0: I don't know for the candy part, but the entrepreneur side has to come from her father! agent 1: Anyways, never heard of it. It must be a pretty small chain.","agent 0: Have you ever heard of Dylan's Candy Bar? It's a great candy shop that started in New York, and now is in different cities. agent 1: I have heard about it. I bet it has delicious treats. Who started it? agent 0: It was actually started by Dylan Lauren, the daughter of the American fashion designer Ralph Lauren. agent 1: That's interesting. I wonder what gave her the idea to start it? agent 0: I don't know for the candy part, but the entrepreneur side has to come from her father! agent 1: Anyways, never heard of the small chain. It must be it.",1,1,1,1,1,"**Analyzing dialogue contradictions**

I need to check if the last statement in the dialogue contradicts what was said earlier. Agent 1 mentions they’ve ""never heard of the small chain"" while previously stating they had ""heard about it."" This contradiction is clear. Previous context shows agent 0 explained Dylan's Candy Bar starting in NY and its growth. Given agent 1's conflicting statements, it seems the last utterance contradicts the earlier one, leading to the conclusion of answer 1. **Identifying contradictions**

I’m analyzing if there’s a contradiction between ""small chain"" and the earlier statement about starting in New York and expanding to different cities. It seems like there is indeed a contradiction. Agent 1 claims they ""never heard of the small chain,"" which conflicts with their earlier admission of having heard of it. So, the conclusion is that a contradiction exists, leading to the output of ""1.""",1,,grammatical_role,9
"agent 0: I went to the store for sodas and it ended up being a rough trip. agent 1: Ut oh.. what happened? agent 0: I dropped my money while my hands were full, ran into the door, and the bag busted sending a 2 liter bouncing through the parking lot. And of course there were a lot of people that saw.","agent 0: I went to the store for sodas and it ended up being a rough trip. agent 1: Ut oh.. what happened? agent 0: My money dropped while I was holding too much, I ran into the door, and a 2 liter sent the bag busting through the parking lot. And of course a lot of people saw it.",0,0,0,0,0,,0,,grammatical_role,10
"agent 0: No, but I do like sci-fi style games. What else do you know about this interesting game? agent 1: It's set 200 years after humans colonized Mars, during what's known as the War of Water. Seems pretty interesting to me. agent 0: Yes. That is very interesting. agent 1: Do you enjoy video games? agent 0: Oh Yes. agent 1: I love video games. agent 0: I also like video games. agent 1: Which platform do you use? ie. the electronic system used to play video games. agent 0: I use to playstation. agent 1: old or new version? i love playing on both. did you get the new old system? agent 0: I've had both the new and the old one. Is there one you prefer over the other? agent 1: I haven't tried the new one yet but I do like the old one.","agent 0: No, but I do like sci-fi style games. What else do you know about this interesting game? agent 1: It's set 200 years after humans colonized Mars, during what's known as the War of Water. Seems pretty interesting to me. agent 0: Yes. That is very interesting. agent 1: Do you enjoy video games? agent 0: Oh Yes. agent 1: I love video games. agent 0: I also like video games. agent 1: Which platform do you use? ie. the electronic system used to play video games. agent 0: I use to playstation. agent 1: old or new version? i love playing on both. did you get the new old system? agent 0: I've had both the new and the old one. Is there one you prefer over the other? agent 1: The old one is what I like, but I haven't tried the new one yet.",1,1,1,1,1,,1,"**Analyzing dialogue contradiction**

I need to see if the last statement contradicts the previous context. Agent 1 said they haven't tried the new one yet but like the old one. Earlier, they mentioned loving both versions, implying they’ve played both. If they haven't tried the new version, saying they love both is contradictory. So, yes, there’s a contradiction. I should check if ""both"" could refer to different consoles, just to clarify any ambiguity. **Determining dialogue contradiction**

I’m looking at the context about PlayStation, where agent 1 asks if the other prefers the old or new version and mentions loving both. Then there's a question about getting the new old system, which seems odd but hints at both versions. However, when they say they haven't tried the new one yet, that creates a direct contradiction. Since I need a simple answer, I will provide ""1"" to indicate the contradiction.",grammatical_role,11
"agent 0: Once I ate a raw oyster because my uncle offered me some and I contracted food poisoning. Things were coming out from both ends, so gross. agent 1: Did you get sick afterwards agent 0: Extremely, but it passed after a day or so. Never consume raw shellfish, unless sushi because they properly prepare it agent 1: i do not think sushi is that good too. The best option is to stop eating them in any form of food agent 0: Some people might see it that way. I've never gotten sick from sushi though, so I will continue eating it. agent 1: I eat sushi too. I eat all sorts of raw shellfish, it's totally safe.","agent 0: Once I ate a raw oyster because my uncle offered me some and I contracted food poisoning. Things were coming out from both ends, so gross. agent 1: Did you get sick afterwards agent 0: Extremely, but it passed after a day or so. Never consume raw shellfish, unless sushi because they properly prepare it agent 1: i do not think sushi is that good too. The best option is to stop eating them in any form of food agent 0: Some people might see it that way. I've never gotten sick from sushi though, so I will continue eating it. agent 1: I eat all sorts of raw shellfish too. I eat sushi, it's totally safe.",1,1,1,1,1,,1,,grammatical_role,12
"agent 0: Over the summer my family went to Alabama to visit family and I felt a lot of emotions agent 1: I guess you don't live in Alabama? Was it overall a good trip....or challenging? Or both! agent 0: No, I do not live in Alabama. We drove and trip was overall very good as sometimes it can be challenging when driving such a long distance agent 1: Well, if the drive was the most challenging it sounds like a good trip! Too often it's family dynamics that are *more* challenging -- and not so easily taken care of. ;-) agent 0: It wasn't challenging because we just took a plane, quicker that way.","agent 0: Over the summer my family went to Alabama to visit family and I felt a lot of emotions agent 1: I guess you don't live in Alabama? Was it overall a good trip....or challenging? Or both! agent 0: No, I do not live in Alabama. We drove and trip was overall very good as sometimes it can be challenging when driving such a long distance agent 1: Well, if the drive was the most challenging it sounds like a good trip! Too often it's family dynamics that are *more* challenging -- and not so easily taken care of. ;-) agent 0: A plane just took us, it wasn't challenging, quicker that way.",1,1,1,1,1,"**Evaluating dialogue contradictions**

I need to analyze the conversation to identify contradictions. Agent 0 mentions driving to Alabama and feeling emotions, replying that the trip was good but long drives can be challenging. Then Agent 1 implies the drive was the most difficult part. However, Agent 0 later claims they took a plane instead, saying it was quicker and not challenging. This contradicts their earlier statements about driving, which makes me think through the inconsistencies in their responses. **Analyzing contradictions**

I see a clear contradiction here. Agent 0 first mentions driving to Alabama, indicating that it could be challenging, particularly implying that it might have been the most difficult part of the trip. However, they later state that they took a plane, which directly contradicts their earlier claim of driving. Since this last statement conflicts with the initial ones, I would say there’s a contradiction present, which leads me to conclude with a 1.",1,"**Evaluating contradictions**

I need to check if the last statement from agent 0 about taking a plane contradicts their earlier comment about driving. Earlier, they mentioned driving being challenging, but now they claim it wasn’t challenging because they took a plane. This does directly contradict their previous statement. While agent 1 said driving was challenging, agent 0's statement contradicts both of these points. Ultimately, the contradiction with the earlier context means I identify this as a contradiction and will provide a response of 1.",grammatical_role,13
"agent 0: I have heard that you can set your clock using the geyser. agent 1: I never knew that, interesting. It was established by Ulysses S. Grant in 1872! agent 0: Really? That has been around for awhile then. agent 1: Yeah isn't that crazy. I love geysers. Have you ever seen one in person? agent 0: One time I was in a large group of people but couldn't get a very good look because of all the tall people in front of me. agent 1: Oh no! I am pretty tall so I don't have that problem. Except everyone looks at me funny in public. agent 0: But, you can always grab things off the top shelf. That is a challenge for me! agent 1: It is a challenge for me too. I am so short, seems like everything was made for taller people.","agent 0: I have heard that you can set your clock using the geyser. agent 1: I never knew that, interesting. It was established by Ulysses S. Grant in 1872! agent 0: Really? That has been around for awhile then. agent 1: Yeah isn't that crazy. I love geysers. Have you ever seen one in person? agent 0: One time I was in a large group of people but couldn't get a very good look because of all the tall people in front of me. agent 1: Oh no! I am pretty tall so I don't have that problem. Except everyone looks at me funny in public. agent 0: But, you can always grab things off the top shelf. That is a challenge for me! agent 1: It is a challenge for taller people too. I am so short, seems like everything was made for me.",1,1,1,1,1,,1,,grammatical_role,14
"agent 0: My dad was a big fan of Guns N' Roses, they're a hard rick band that was from Los Angeles. agent 1: They are a great band i think welcome to the jungle is their best song agent 0: I'm pretty unfamiliar with them, the only song of their's that i really know is Sweet Child o' Mine"", which was their only single to reach #1 on the Hot 100. agent 1: That is a great song as well. who is their singer again? agent 0: Their lead singer is Axl Rose, while their lead guitarist is Slash. agent 1: slash is great! i love his solos agent 0: Yeah he sounds a bit more familiar to me. HE released 3 solo albums ""Slash,"" ""Apocalyptic Love"", and ""World on Fire."" All since 2010. agent 1: Those albums are all classic's, I remember the first time hearing all three. agent 0: I am not too familiar with the guitarist slash, I wouldn't be able to tell the sound.","agent 0: My dad was a big fan of Guns N' Roses, they're a hard rick band that was from Los Angeles. agent 1: They are a great band i think welcome to the jungle is their best song agent 0: I'm pretty unfamiliar with them, the only song of their's that i really know is Sweet Child o' Mine"", which was their only single to reach #1 on the Hot 100. agent 1: That is a great song as well. who is their singer again? agent 0: Their lead singer is Axl Rose, while their lead guitarist is Slash. agent 1: slash is great! i love his solos agent 0: Yeah he sounds a bit more familiar to me. HE released 3 solo albums ""Slash,"" ""Apocalyptic Love"", and ""World on Fire."" All since 2010. agent 1: Those albums are all classic's, I remember the first time hearing all three. agent 0: I am not too familiar with the sound, I wouldn't be able to tell the guitarist Slash.",1,1,0,0,0,"**Analyzing conversation context**

I need to check if the last statement contradicts the context we're discussing. So, I’ll read through the conversation again. There are typos, but the main points are clear. It seems that we established some facts about the band Guns N' Roses, their songs, and their members, including Axl Rose and Slash. The last statement about Slash releasing solo albums since 2010 fits well and doesn’t contradict previous messages. Everything seems consistent! **Clarifying familiarity with music**

Okay, I'm working through the information about Slash's albums. He released ""Slash"" in 2010, ""Apocalyptic Love"" in 2012, and ""World on Fire"" in 2014, so saying ""since 2010"" is correct.

However, agent 0 mentioned they aren't very familiar with the sound and couldn't recognize Slash, which might contradict the earlier statements. Earlier, they claimed to know a little about Guns N' Roses and even said Slash sounded familiar. So, it seems there's a mix-up in their familiarity with the music. I need to reconcile these inconsistencies! **Evaluating familiarity and contradictions**

I'm considering whether there's a contradiction in what agent 0 has said. The phrase ""He sounds a bit more familiar to me"" suggests they have some familiarity, but then they also say ""not too familiar"" and wouldn't recognize Slash by his sound. This actually seems consistent — they might know the name but can't identify his sound.

Agent 0 can list the albums correctly, which shows knowledge without necessarily recognizing the sound. So, their statements don't contradict; they just reflect different levels of familiarity. Therefore, everything checks out! **Assessing familiarity statements**

I'm noticing a potential minor contradiction between the statements, where they say, ""he sounds a bit more familiar to me,"" and later, ""I am not too familiar with the sound."" However, ""a bit more familiar"" doesn't contradict ""not too familiar"" — it could simply mean they're slightly familiar compared to something else but still not well-acquainted.

Given this understanding, I feel confident that these statements are consistent, and so I conclude that there’s no contradiction. The answer remains 0!",0,,grammatical_role,15
"agent 0: My boyfriend's best friend is a female. agent 1: Does that bother you? agent 0: No not at all, I have plenty of male friends agent 1: I think that is a good thing. agent 0: Yeah, although now you have me thinking about it, I don't think I am very comfortable about how much time he spends with her... agent 1: I can see why that would bother you. agent 0: haha yeah, so how about you, do you have a partner? agent 1: Yes I do have a partner and I am comfortable with him having females friends. agent 0: That's great to hear. What's your favorite activity to do with him? agent 1: We enjoy watching movies together. agent 0: That sounds nice. I wish I had a partner to watch movies with.","agent 0: My boyfriend's best friend is a female. agent 1: Does that bother you? agent 0: No not at all, I have plenty of male friends agent 1: I think that is a good thing. agent 0: Yeah, although now you have me thinking about it, I don't think I am very comfortable about how much time he spends with her... agent 1: I can see why that would bother you. agent 0: haha yeah, so how about you, do you have a partner? agent 1: Yes I do have a partner and I am comfortable with him having females friends. agent 0: That's great to hear. What's your favorite activity to do with him? agent 1: We enjoy watching movies together. agent 0: That sounds nice. A partner to watch movies with, I wish I had.",1,1,1,1,1,"**Analyzing dialogue contradictions**

I need to check if the last statement from agent 0 contradicts what was said earlier. Agent 0 previously mentioned having a boyfriend, which suggests they already have a partner. However, the recent utterance, ""A partner to watch movies with, I wish I had,"" implies they don't feel they have a partner for that. This seems contradictory. I’ll double-check if the wish could mean wanting a partner who watches movies, even if they have one that doesn’t. **Interpreting the statement context**

The phrase ""A partner to watch movies with, I wish I had"" might suggest that agent 0 longs for a partner specifically for movie watching, even though they have a boyfriend. This could imply their boyfriend doesn’t share that interest. The earlier exchange indicates that agent 1 enjoys watching movies with a partner, and agent 0's recent comment seems to express a wish for that kind of connection. It's a bit confusing, but it suggests they want more. **Examining the partner statement**

Even if agent 0 has a boyfriend, they might still express a desire for a partner who enjoys watching movies, indicating their current boyfriend doesn't share that activity. The phrase ""A partner to watch movies with, I wish I had"" doesn't outright deny having a partner; it might specifically mean wishing for a partner who does share that interest. So, it's not necessarily contradictory. The last statement could imply they want a different kind of connection rather than indicating they lack any partner. **Evaluating contradiction in statements**

It seems like there's no explicit contradiction regarding having a partner; instead, agent 0 might be expressing a lack of a partner to watch movies with, not any partner at all. The common-sense view leads to confusion, as they previously claimed to have a boyfriend but now express a wish for a partner, which suggests they feel they don't have one for that specific activity. I think that does indicate a contradiction, so I'll go with that conclusion.",1,,grammatical_role,16
agent 0: Yeah about 10 years ago I had a horrifying experience. It was 100% their fault but they hit the water barrels and survived. They had no injuries but they almost ran me off the road. agent 1: Did you suffer any injuries? agent 0: No I wasn't hit. It turned out they were drunk. I felt guilty but realized it was his fault. agent 1: Why did you feel guilty? People really shouldn't drive drunk. agent 0: I feel guilty as I got badly injured as well agent 1: it is ok to drive under minor drinks if you are confidant.,agent 0: Yeah about 10 years ago I had a horrifying experience. It was 100% their fault but they hit the water barrels and survived. They had no injuries but they almost ran me off the road. agent 1: Did you suffer any injuries? agent 0: No I wasn't hit. It turned out they were drunk. I felt guilty but realized it was his fault. agent 1: Why did you feel guilty? People really shouldn't drive drunk. agent 0: I feel guilty as I got badly injured as well agent 1: Minor drinks are ok to drive under if you are confident.,1,1,1,1,1,"**Determining contradictions**

I'm analyzing whether the last utterance contradicts the previous context regarding driving under the influence. The prior statement emphasized that people shouldn't drive drunk, while the last one suggests that minor drinks are acceptable if someone feels confident. This definitely contradicts the previous warning against driving drunk, especially since the context mentions that the person was drunk, which implies it’s not okay. So, I'll conclude that the last utterance contradicts earlier statements—answer is 1.",1,"**Identifying contradictions**

I see an agent suggesting that it's okay to drive under the influence of minor drinks if someone feels confident, but that contradicts an earlier statement saying people shouldn’t drive drunk. So there's definitely a contradiction in the dialogue context. The task is to assign ""1"" if there's a contradiction and ""0"" if not. Since I can see the contradiction clearly, I’ll go with ""1"" for the response.",grammatical_role,17
"agent 0: Do you like Nickelback? What can you tell me about him so I can be convinced to listen to his songs? agent 1: I used to like Nickelback but they haven't done anything worth it in many years. agent 0: Really? isn't that a good thing. Artist who release music very often are usually not serious artist thats what I think though agent 1: They released The best of Nickelback and then vanished. agent 0: I like him because he is from my country agent 1: They are from Alberta in Canada all right. agent 0: Yes, what more can you tell me about Nickelback? agent 1: Chad Kroeger is the leading vocalist of the group.","agent 0: Do you like Nickelback? What can you tell me about him so I can be convinced to listen to his songs? agent 1: I used to like Nickelback but they haven't done anything worth it in many years. agent 0: Really? isn't that a good thing. Artist who release music very often are usually not serious artist thats what I think though agent 1: They released The best of Nickelback and then vanished. agent 0: I like him because he is from my country agent 1: They are from Alberta in Canada all right. agent 0: Yes, what more can you tell me about Nickelback? agent 1: The group has Chad Kroeger as its leading vocalist.",0,0,0,0,0,,0,,grammatical_role,18
"agent 0: it can be tough. got to stay strong though. agent 1: i couldn't figure it out. math is just to hard. agent 0: I agree! Math is way too hard. If you need help you can always ask though! agent 1: That's true. What are you studying math for? agent 0: I had to take some math classes to finish my nursing degree. I only took them because they were mandatory though. Why are you studying math? agent 1: I'm hoping to go into engineering. So I better improve my math! Don't want to be serving tables forever. agent 0: You can do it! I'm more of an athlete. I have travelled lots for competitions which was great. Have you travelled anywhere? agent 1: Last year, I went to Belarus. It was really interesting, the country is almost lost in time. Have you ever been to Eastern Europe? agent 0: Yes i were there last year agent 1: oh great i would also go there I'd never been there","agent 0: it can be tough. got to stay strong though. agent 1: i couldn't figure it out. math is just to hard. agent 0: I agree! Math is way too hard. If you need help you can always ask though! agent 1: That's true. What are you studying math for? agent 0: I had to take some math classes to finish my nursing degree. I only took them because they were mandatory though. Why are you studying math? agent 1: I'm hoping to go into engineering. So I better improve my math! Don't want to be serving tables forever. agent 0: You can do it! I'm more of an athlete. I have travelled lots for competitions which was great. Have you travelled anywhere? agent 1: Last year, I went to Belarus. It was really interesting, the country is almost lost in time. Have you ever been to Eastern Europe? agent 0: Yes i were there last year agent 1: oh great there would also go I I'd never been there",1,1,1,1,1,"**Evaluating dialogue context**

I need to check if the last utterance contradicts the earlier dialogue. The final line, ""oh great there would also go I I'd never been there,"" has poor grammar. It might mean, ""oh great, I would also go there. I'd never been there.""

However, the previous speaker mentioned, ""Last year, I went to Belarus,"" indicating they have been to Eastern Europe. So, the contradiction is present in this person's statement, as they claim they've never been there, but earlier contradicts that. **Analyzing potential contradictions**

Agent 1's statement, ""oh great there would also go I I'd never been there,"" seems to contradict their earlier comment about visiting Belarus last year. The phrase ""I'd never been there"" likely refers to Eastern Europe, given that Belarus is included in that region. Although agent 1 might mean they haven't visited the specific location agent 0 mentioned, it still leads to contradiction. I should also consider if their statement could be referencing a time before last year, but it feels present-focused. So, yes, there's still a contradiction. **Clarifying contextual issues**

Earlier, they mentioned going to Belarus last year, which contradicts their current statement of ""I'd never been there."" Even if they're using a past perfect tense to refer to a time before last year, it feels out of context based on their prior comment. Since the dialogue context expects clarity, this situation leads to a contradiction. Therefore, I’ll stick with answer 1, confirming the contradiction stands.",1,"I'm analyzing the last statement in the dialogue context to see if it contradicts anything. The previous interactions show encouragement around math, while the last utterance shifts focus to the agent's athletic experience and travels. It seems relevant, as it highlights a different aspect of their personal journey, but it doesn’t directly relate to the math topic. This change in focus could be seen as a slight deviation from the conversation about math. I'm reviewing the dialogue to check for contradictions. Agent 1 mentioned traveling to Belarus and asked if Agent 0 had been to Eastern Europe, which suggests they must have been there. Then Agent 0 confirmed they also visited last year. However, Agent 1's last comment about wanting to go there and never having been contradicts their earlier statement. It doesn't quite add up, creating a confusing situation in the conversation.",grammatical_role,19
"agent 0: And who would be the most successful producer? agent 1: Probably Warner Bros. Entertainment Inc. agent 0: I agree. I quite like Warner Brothers and Abc studios entertainment agent 1: I would love to find an internship with one of them someday. Are you in the music business? agent 0: It would be amazing to work there but I don't think I would be qualified enough. No, I am not talented enough to be in the music business either. agent 1: What are you talented in? agent 0: Im mostly talented at sports agent 1: I don't want to know at you're talented in","agent 0: And who would be the most successful producer? agent 1: Probably Warner Bros. Entertainment Inc. agent 0: I agree. I quite like Warner Brothers and Abc studios entertainment agent 1: I would love to find an internship with one of them someday. Are you in the music business? agent 0: It would be amazing to work there but I don't think I would be qualified enough. No, I am not talented enough to be in the music business either. agent 1: What are you talented in? agent 0: Im mostly talented at sports agent 1: You don't want to know at I'm talented in",1,1,0,1,0,"**Finalizing the response**

I’m considering the lack of any previous claims by agent 1 regarding their talents, so there’s no contradiction to address. It's just a continuation of the conversation. This leads me to conclude that the answer is 0. In terms of edge cases, their response doesn’t negate their talents, so it still aligns. To keep things simple, I’ll return just the number as requested: ""Answer: 0.""",1,"**Evaluating contradiction**

I'm noticing that the previous request seems contradictory. Typically, contradictions are about factual content, but preferences can change. Still, in this case, they first asked for information and then said they didn't want to know it, which does seem like a contradiction to their earlier intent. So, I'm concluding that yes, their last statement contradicts the dialogue context. I would say the answer is 1.",grammatical_role,20
"agent 0: Winter is the best time of year. The cold crisp air. The blanket of snow on the farm land. Don't you agree? agent 1: I don't agree! I hate winter- it's the coldest season, and where I live, there is usually so much snow. Yuck! agent 0: I'm from Colorado so I know about snow. My city gets an average to 10-12 feet a year. If you hate it why not move? agent 1: You would see a lot of snow! Moving is not so easy, I'm Canadian, and when it is winter, it is winter in the whole country. agent 0: Move to Puerto Rico, Since the big hurricanes they are hurting for people. agent 1: I've never been to Puerto Rico, but I'm not sure I could get a visa. It's tempting- but aren't they still without electricity in many regions? agent 0: It's a quite troubled place to be honest. agent 1: It's very nice. There's good electricity","agent 0: Winter is the best time of year. The cold crisp air. The blanket of snow on the farm land. Don't you agree? agent 1: I don't agree! I hate winter- it's the coldest season, and where I live, there is usually so much snow. Yuck! agent 0: I'm from Colorado so I know about snow. My city gets an average to 10-12 feet a year. If you hate it why not move? agent 1: You would see a lot of snow! Moving is not so easy, I'm Canadian, and when it is winter, it is winter in the whole country. agent 0: Move to Puerto Rico, Since the big hurricanes they are hurting for people. agent 1: I've never been to Puerto Rico, but I'm not sure I could get a visa. It's tempting- but aren't they still without electricity in many regions? agent 0: It's a quite troubled place to be honest. agent 1: Good electricity is there. It's very nice.",1,1,0,1,0,"**Evaluating dialogue consistency**

I need to see if the statement ""Good electricity is there. It's very nice."" contradicts the earlier conversation. Agent 0 likes winter, while Agent 1 hates it and mentions Canada’s winter permanence. When Agent 0 suggests Puerto Rico, it raises concerns about electricity availability due to previous hurricane issues. This context creates uncertainty. However, Agent 1's later remark apparently asserts that electricity is good in Puerto Rico. So, I'm questioning if this really contradicts Agent 1's previous doubts about power. **Analyzing statements for contradiction**

I see that earlier, there was a question showing concern about electricity, while now there's an assertion that ""Good electricity is there."" This feels like a potential contradiction since the earlier dialogue implied uncertainty about electricity. Although Agent 0 labeled the place as troubled, it doesn't necessarily contradict having electricity. Yet, saying ""Good electricity is there"" counters the earlier worry about outages. My task is to confirm if this last statement genuinely contradicts the context, focusing on explicit inconsistencies. **Assessing contradiction in dialogue**

Earlier, there was a question about electricity rather than a definitive statement. In contradiction detection, I should compare the last utterance to the overall dialogue context. While there was concern about possibly being without electricity, questioning doesn't assert a fact. The statement ""Good electricity is there"" implies positivity, which might seem to conflict with ""It's a quite troubled place."" However, being troubled isn't solely about electricity, so it isn't a strict contradiction. I’m leaning toward saying there’s no contradiction, confirming the best answer is zero. **Finalizing contradiction assessment**

I’m checking if the last sentence, ""Good electricity is there. It's very nice,"" directly contradicts Agent 1's earlier question about whether they are still without electricity. This statement could imply that they are not without power, but it doesn't necessarily contradict the earlier question, which was framed as uncertainty rather than a claim. So, I conclude there's no direct contradiction, and my answer will be ""0."" Let's keep it clear and concise.",1,"**Evaluating contradictions in dialogue**

I need to determine if the last statement contradicts the earlier dialogue context. Agent 1's recent comment, “It's very nice. There's good electricity,” seems at odds with their previous question about electricity availability in Puerto Rico. Earlier, they expressed skepticism with, “Aren't they still without electricity in many regions?” This shift in tone appears contradictory. Additionally, there's a contrast between Agent 0's statement about the troubles of Puerto Rico and Agent 1's positive assertion regarding electricity. **Assessing contradictions in dialogue**

The context indicates that Puerto Rico had electricity issues after the hurricanes. Agent 1’s claim, “There’s good electricity,” contradicts their earlier uncertainty and the suggestion of outages. The task is to determine if the last statement contradicts the dialogue context. Their previous question about electricity availability implies the opposite of good electricity. While the last statement conflicts with “It’s a quite troubled place,” it primarily contradicts their earlier assertion about outages. Therefore, the answer is 1 — there is a contradiction.",grammatical_role,21
agent 0: So I managed to get all my school shopping done this week so the kids have all their things ready to go for tomorrow! agent 1: Cool I just finished today agent 0: I got an early start this year. Most years I start late and they're out of stuff I need by the time I get around to it. agent 1: Yeah we had a hard time today lol agent 0: And then the stores get so crowded after a certain point! agent 1: I am going to do like you next year for sure! agent 0: It's always good to plan ahead. agent 1: I haven't even bought anything for school yet.,agent 0: So I managed to get all my school shopping done this week so the kids have all their things ready to go for tomorrow! agent 1: Cool I just finished today agent 0: I got an early start this year. Most years I start late and they're out of stuff I need by the time I get around to it. agent 1: Yeah we had a hard time today lol agent 0: And then the stores get so crowded after a certain point! agent 1: I am going to do like you next year for sure! agent 0: It's always good to plan ahead. agent 1: Anything for school hasn't even been bought by me yet.,1,1,1,1,1,,1,"**Evaluating contradictions in dialogue**

I’m reviewing the dialogue to see if there are contradictions. Agent 0 mentions finishing school shopping, and agent 1 initially says they just finished today, which fits well. However, agent 1 later states they haven’t bought anything for school yet. This clearly contradicts their earlier statement of just finishing. So, yes, it’s definitely a contradiction. The instructions indicate that I should respond with a 1 if it contradicts, so my final answer is 1.",grammatical_role,22
"agent 0: I had been studying so hard for a test and was very confident going in. agent 1: How did it go? agent 0: I don't know, yet. I know a lot, about a lot of things, so I probably did good on it. agent 1: Sounds like you should do fine. Where are you from? agent 0: Florida. It's finally getting cooler here. Where are you from? agent 1: Originally from Moscow. Now I live in Minnesota agent 0: Moscow! Really? So do you speak Russian? agent 1: Yes. My family moved here when I was 17, but I still have a thick accent as well and that was 6 years ago agent 0: I wish I could speak another language. I can do a lot of things, but I never got the hang of speaking a foreign language. agent 1: Yes. English was hard for me to pick up. How old are you? agent 0: 62. I've heard English is a hard language to learn. agent 1: You're the same age as my father. The hard part for me was learning the midwestern dialect","agent 0: I had been studying so hard for a test and was very confident going in. agent 1: How did it go? agent 0: I don't know, yet. I know a lot, about a lot of things, so I probably did good on it. agent 1: Sounds like you should do fine. Where are you from? agent 0: Florida. It's finally getting cooler here. Where are you from? agent 1: Originally from Moscow. Now I live in Minnesota agent 0: Moscow! Really? So do you speak Russian? agent 1: Yes. My family moved here when I was 17, but I still have a thick accent as well and that was 6 years ago agent 0: I wish I could speak another language. I can do a lot of things, but I never got the hang of speaking a foreign language. agent 1: Yes. English was hard for me to pick up. How old are you? agent 0: 62. I've heard English is a hard language to learn. agent 1: The midwestern dialect was the hard part for me to learn. You're the same age as my father.",0,0,0,0,0,"**Evaluating age consistency**

I’m trying to see if the last statement about age contradicts prior context. The user mentioned ""You're the same age as my father,"" and considering an age of 23 for Agent 1, their father being 62 seems plausible. They stated that the family moved when Agent 1 was 17, which was six years ago. Since I don't see any contradictions here, I can return just ""0"" as the answer.",0,,grammatical_role,23
"agent 0: I was supposed to go for brunch with my friend Maria the other day. At least that was the plan. agent 1: Why didn't you go? agent 0: Well, we had initially agreed to meet at 11. Wouldn't you know it, she didn't end up returning my text until 3PM!","agent 0: I was supposed to go for brunch with my friend Maria the other day. At least that was the plan. agent 1: Why didn't you go? agent 0: Well, she had initially agreed to meet at 11. Wouldn't you know it, my text didn't end up returning her until 3PM!",0,0,0,0,0,,0,,grammatical_role,24
"agent 0: Be aggressive! Be Be aggressive! That's my favorite cheer! agent 1: Haha! That is pretty cool. I think I would be good at chanting slogans, but not the intense physical activity! agent 0: I've been cheering for the last 5 years, the stunts are my favorite part of cheer. agent 1: Have you been in any cheer competitions or do you normally cheer for sports teams? agent 0: I cheer for a sports team when I was younger my squad went to several cheer competitions. agent 1: That is cool! My niece went to Cheer Athletics in TX. It is the largest cheerleading program in the US. I was very proud of her. agent 0: Wow that's awesome, kudos to her!","agent 0: Be aggressive! Be Be aggressive! That's my favorite cheer! agent 1: Haha! That is pretty cool. I think I would be good at chanting slogans, but not the intense physical activity! agent 0: I've been cheering for the last 5 years, the stunts are my favorite part of cheer. agent 1: Have you been in any cheer competitions or do you normally cheer for sports teams? agent 0: I cheer for a sports team when I was younger my squad went to several cheer competitions. agent 1: That is cool! My niece went to Cheer Athletics in TX. It is the largest cheerleading program in the US. I was very proud of her. agent 0: Wow that's awesome, kudos to Cheer Athletics in TX!",0,0,0,0,0,"**Evaluating dialogue context**

I need to check if the last statement contradicts the previous context. It ends with agent 0 saying they appreciate Cheer Athletics in TX, and that aligns with what agent 1 mentioned about the niece attending there, known as the largest cheerleading program in the US. That sounds like a positive, consistent response! So, it looks like there's no contradiction, meaning I would answer ""0."" I need to confirm that they actually want to know about contradictions.",0,,grammatical_role,25
agent 0: I recently joined a group to help me lose weight. I have so much respect and admire everyone in that group so much. agent 1: Good luck! My sister-in-law has been with weight watchers for a while now. She loves the camaraderie and how everyone encourages each other. agent 0: It has really helped to have their support. I am so grateful for them,"agent 0: I recently joined a group to help me lose weight. I have so much respect and admire everyone in that group so much. agent 1: Good luck! My sister-in-law has been with weight watchers for a while now. She loves the camaraderie and how everyone encourages each other. agent 0: Their support has really helped. For them, I am so grateful.",0,0,0,0,0,,0,"**Assessing dialogue consistency**

I’m checking if the last statement contradicts the dialogue context. The last utterance is from agent 0: “It has really helped to have their support. I am so grateful for them.” This aligns with earlier interactions, where agent 0 shows respect and admiration for the group, and agent 1 talks about support and encouragement. So, there’s no contradiction here. I’m confirming that the answer is consistent!",grammatical_role,26
"agent 0: do you nap often then agent 1: i do. i have to get up early to catch my bus to school. agent 0: I have to get up early too, I wish I had time to nap. agent 1: Exactly. It is often a time where you can get work done or just rest. agent 0: Yes for sure! What are you taking in school? agent 1: Well I'm in high school so I'm just taking the normal required classes in order to graduate. agent 0: Oh that makes sense, what's your favorite class? I always liked Biology. agent 1: I really liked chemistry because it allowed me to really try and understand life at a small level. agent 0: I never actually took chemistry, but that is very interesting to know. Are you graduating this year? agent 1: Yes, I will be graduating in May. agent 0: Oh that's fantastic! What are your plans after graduation?","agent 0: do you nap often then agent 1: i do. i have to get up early to catch my bus to school. agent 0: I have to get up early too, I wish I had time to nap. agent 1: Exactly. It is often a time where you can get work done or just rest. agent 0: Yes for sure! What are you taking in school? agent 1: Well I'm in high school so I'm just taking the normal required classes in order to graduate. agent 0: Oh that makes sense, what's your favorite class? I always liked Biology. agent 1: I really liked chemistry because it allowed me to really try and understand life at a small level. agent 0: I never actually took chemistry, but that is very interesting to know. Are you graduating this year? agent 1: Yes, I will be graduating in May. agent 0: Oh that's fantastic! After graduation, what are your plans?",0,0,0,0,0,,0,"**Analyzing dialogue consistency**

I need to check if the last statement contradicts the dialogue context. Agent 0 said, ""Oh that's fantastic! What are your plans after graduation?"" This question aligns with agent 1's earlier mention of graduating in May, so there’s no contradiction. I conclude the response should be 0, confirming there’s no contradiction. However, I must ensure I follow the instruction correctly to determine if the last utterance contradicts the context accurately.",grammatical_role,27
"agent 0: i like you... i'm going to have to look that one up. agent 1: thank you! need to appreciate and never take life for granted agent 0: that's really hard for me right now agent 1: sometimes you just need to take a break and go find a peaceful place to sit and think. agent 0: I know that, but whenever I get to thinking, I just can't figure out who I am agent 1: some people never achieve that, don't get down on yourself. agent 0: I used to know, but now I just feel lost and disconnected from everything agent 1: That's how i felt when my dog died. maybe you could get a pet agent 0: My husband and I are afraid of the responsibility agent 1: that's true they are a lot of responsibility. maybe a snake? agent 0: What if I forget to feed it? agent 1: snakes can go weeks without eating. agent 0: Then that might be the perfect pet for me. Is it true that they eat live rats?","agent 0: i like you... i'm going to have to look that one up. agent 1: thank you! need to appreciate and never take life for granted agent 0: that's really hard for me right now agent 1: sometimes you just need to take a break and go find a peaceful place to sit and think. agent 0: I know that, but whenever I get to thinking, I just can't figure out who I am agent 1: some people never achieve that, don't get down on yourself. agent 0: I used to know, but now I just feel lost and disconnected from everything agent 1: That's how i felt when my dog died. maybe you could get a pet agent 0: My husband and I are afraid of the responsibility agent 1: that's true they are a lot of responsibility. maybe a snake? agent 0: What if I forget to feed it? agent 1: snakes can go weeks without eating. agent 0: Live rats might be the perfect pet for me. Is it true that they eat snakes?",0,0,0,0,0,"**Analyzing dialogue context**

I need to check if the last statement contradicts the earlier dialogue. Agent 0 mentioned that live rats could be a perfect pet and asked if they eat snakes. This isn't a contradiction. It’s more of a curiosity rather than a denial of previous concerns about pet responsibility and feeding. While some snakes eat rats, it’s not common for rats to eat snakes. The contradiction relates to the dialogue's flow, not just factual correctness. **Assessing responsibility and contradictions**

Agent 0 previously expressed fear of responsibility but now considers live rats as a potential pet. This isn’t a strict contradiction; they might still feel apprehensive while believing rats could be suitable. However, bringing up potential feeding problems suggests a shift in perspective since rats need more frequent feeding than snakes. Nevertheless, there’s no outright contradiction as they didn’t claim they absolutely wouldn’t get any pet. I'll conclude with a 0 for no contradiction.",0,"**Evaluating dialogue consistency**

I need to check if the last question contradicts earlier dialogue. The user asked about a pet being perfect, referencing snakes eating live rats. Agent 1 previously noted that snakes can go weeks without food, which aligns with the user's concern about feeding responsibilities. There’s no contradiction, as preferences can shift with new information. So, I conclude that I can provide an answer without any inconsistencies. I’ll respond with just “0.”",grammatical_role,28
"agent 0: I spent all weekend alone, wish my family lived closer. agent 1: i know what you mean. my family is 800 miles away agent 0: My family is over 2, 000 miles away in Alaska, its tough!","agent 0: I spent all weekend alone, wish my family lived closer. agent 1: i know what you mean. my family is 800 miles away agent 0: It's tough, my family over 2, 000 miles away is in Alaska!",0,0,0,0,0,0,0,,grammatical_role,29
"agent 0: my name is penny what are you up to? agent 1: hiding from my sister, she's madonna agent 0: WHAT'S YOUR NAME? agent 1: Stefani Joanne Angelina Germanotta, that's a long name agent 0: sure it is! why are you hiding from madonna?","agent 0: my name is penny what are you up to? agent 1: hiding from my sister, she's madonna agent 0: WHAT'S YOUR NAME? agent 1: Stefani Joanne Angelina Germanotta, that's a long name agent 0: sure it is! why is madonna hiding from you?",1,0,1,0,1,,0,,grammatical_role,30
"agent 0: Chocolate makes people happy, don't you agree? agent 1: I think Chocolate is a key to happiness! It's so sweet, those roasted cacao seeds are a blessing for us. agent 0: We have a chocolate factory in the town where i leave. I think it feeds my love of chocolate. agent 1: Have you ever had the seeds from the cacao tree? Before they are processed they are pretty bitter and are fermented before being processed into chocolate. agent 0: No I have not. Where do you purchase them? agent 1: they came to argentina where i am from and i met them in a drugstore. agent 0: You met who in a drugstore? agent 1: Sorry, I got the cacao seeds there. agent 0: Ah I see. I've never seen them in a drug store around here. I will ask my twin sister though. She works at a drug store. agent 1: If you can't find them locally, you can always find them online. agent 0: That's a good idea. I do a lot of shopping on amazon. Have you started Christmas shopping yet? agent 1: No, but I need to get started. Have you? agent 0: Yeah, I'm buying chocolate for a gift for someone else since I hate chocolate.","agent 0: Chocolate makes people happy, don't you agree? agent 1: I think Chocolate is a key to happiness! It's so sweet, those roasted cacao seeds are a blessing for us. agent 0: We have a chocolate factory in the town where i leave. I think it feeds my love of chocolate. agent 1: Have you ever had the seeds from the cacao tree? Before they are processed they are pretty bitter and are fermented before being processed into chocolate. agent 0: No I have not. Where do you purchase them? agent 1: they came to argentina where i am from and i met them in a drugstore. agent 0: You met who in a drugstore? agent 1: Sorry, I got the cacao seeds there. agent 0: Ah I see. I've never seen them in a drug store around here. I will ask my twin sister though. She works at a drug store. agent 1: If you can't find them locally, you can always find them online. agent 0: That's a good idea. I do a lot of shopping on amazon. Have you started Christmas shopping yet? agent 1: No, but I need to get started. Have you? agent 0: Yeah, I'm buying a gift for chocolate for someone else since I hate someone else.",1,1,0,1,0,,1,"**Evaluating dialogue contradiction**

I'm thinking through whether the last utterance contradicts the previous context. Agent 0 initially states they hate chocolate while mentioning they buy it as a gift. Earlier, they claimed chocolate makes people happy, which doesn’t mean they like it, then later suggested their love for chocolate. This creates a contradiction since they can't hate something and also love it. While sarcasm could be a factor, I'll lean toward it being a direct contradiction. So, I’ll provide an output of 1.",grammatical_role,31
"agent 0: My husband woke up with his face swollen and a terrible toothache agent 1: That's horrible. Did he get to go to the dentist yet? agent 0: Not yet, but I was his bedside nurse all day. Anything he needed I was sure to get.","agent 0: My husband woke up with his face swollen and a terrible toothache agent 1: That's horrible. Did he get to go to the dentist yet? agent 0: Not yet, but the bedside nurse was I all day. Anything needed by him I was sure to get.",0,0,0,0,0,,0,,grammatical_role,32
"agent 0: hey how are you doing? agent 1: tired man, been standing all day at the pumps. what about you? agent 0: you work at a gas station? i had a long day of teaching agent 1: new job, i do not think it will work. you teach kids? agent 0: that does now sound fun. yeah elementary students agent 1: the fumes get to me, would rather be in the gardens. hungry? agent 0: do you have a garden. yeah i could eat agent 1: those carrots are from my garden, i could try landscaping maybe. agent 0: do you think you would like that, i take landscape photography agent 1: i love working with my hands but they just want people to cut grass. agent 0: That's interesting I don't know anything about landscape work. agent 1: I only cut grass I don't really like to do any other hard labor.","agent 0: hey how are you doing? agent 1: tired man, been standing all day at the pumps. what about you? agent 0: you work at a gas station? i had a long day of teaching agent 1: new job, i do not think it will work. you teach kids? agent 0: that does now sound fun. yeah elementary students agent 1: the fumes get to me, would rather be in the gardens. hungry? agent 0: do you have a garden. yeah i could eat agent 1: those carrots are from my garden, i could try landscaping maybe. agent 0: do you think you would like that, i take landscape photography agent 1: i love working with my hands but they just want people to cut grass. agent 0: That's interesting I don't know anything about landscape work. agent 1: I don't really like to do any other hard labor, only grass I cut.",1,1,1,0,1,"**Analyzing conversation context**

I need to check if the last statement in the dialogue conflicts with previous messages. The conversation includes agent 0 asking about agent 1's job and expressing experiences related to teaching, while agent 1 talks about their work at a gas station and mentions having a garden. 

So far, everything aligns, but I should ensure the last comment about landscaping doesn't create contradictions. It's essential to maintain continuity in their dialogue! **Examining dialogue consistency**

In this conversation, agent 1 expresses a love for working with their hands but feels frustrated that landscaping jobs mainly involve cutting grass. Their last comment about not enjoying hard labor seems to contradict their earlier statement. It suggests a desire to engage in meaningful work rather than sticking to just grass cutting. I need to analyze whether these views about landscaping and manual labor align or if there's a genuine conflict in agent 1's feelings. **Clarifying apparent contradictions**

In the last statement, agent 1 claims not to like any hard labor except for cutting grass, which may seem consistent at first glance. However, earlier, they expressed a desire for variety in their work and a frustration that landscaping primarily involves grass cutting. This creates a contradiction: they love working with their hands and want diverse tasks, but then limit themselves to just grass cutting while expressing dislike for other hard labor. I need to resolve this inconsistency in agent 1's feelings and statements. **Analyzing preferences in dialogue**

Let's break down agent 1's statement: ""I love working with my hands but they just want people to cut grass."" This could mean they enjoy hands-on tasks like gardening, but feel constrained by the landscaping industry's focus on grass cutting, which might feel less fulfilling to them. Later, they mention not liking other hard labor, indicating they’re okay with just cutting grass. This doesn’t have to contradict their love for working with their hands; maybe they prefer lighter work rather than engaging in more strenuous tasks. **Evaluating agent 1's statements**

Agent 1 previously expressed frustration that ""they just want people to cut grass,"" suggesting he desires a role that involves more diverse tasks, like gardening. His earlier comments show a clear contrast between his love for hands-on work and the dissatisfaction with grass-cutting jobs. When he later states he only cuts grass and doesn't like hard labor, it contradicts his earlier wish for more varied work. This inconsistency raises questions about his true preferences and satisfaction in his job. I will affirm this contradiction.",0,"**Analyzing dialogue consistency**

I need to assess if the last statement contradicts earlier context. So, the dialogue shows agent1 is tired from standing all day at the gas station. Agent0 recognizes this and acknowledges a long day of teaching. Agent1 mentions a new job, which suggests a recent change in employment, yet it aligns with their role at the gas station. It seems agent1 is confirming their new job while also expressing doubts about it. There's no contradiction here; the statements fit together. **Assessing dialogue context**

I'm looking at whether the last statement contradicts the previous context. Agent0 talks about elementary students and mentions a love for landscape photography, while agent1 discusses having a garden and trying landscaping. Agent1's last comment, about only cutting grass and not enjoying hard labor, seems consistent with their earlier thoughts on wanting to work outdoors. They express a preference for simpler tasks, which aligns well with their earlier statements. Overall, there’s no contradiction here; it all fits together. **Examining contradictions in statements**

I need to explore if there’s a contradiction in agent1’s statements. He said he loves working with his hands but that landscaping roles mainly involve grass cutting. This suggests he desires more variety in tasks. However, in his following statement, he claims he only cuts grass and dislikes other hard labor. Loving working with hands doesn’t mean he enjoys all types of hard work. I guess he appreciates the idea of diverse tasks but currently prefers the simplicity of grass cutting. **Analyzing expressions of frustration**

Agent1 says he loves working with his hands but complains that the job only wants grass cutting, which implies he’d like to do more varied tasks. This tone suggests frustration, indicating he might desire more than just cutting grass. However, his later statement, ""I only cut grass; I don't really like to do any other hard labor,"" seems contradictory to this. If he doesn't like other types of labor, then wanting more variety wouldn’t be an issue. It’s a complex situation! **Clarifying statements about work**

Agent1’s comment, ""I love working with my hands but they just want people to cut grass,"" suggests he enjoys hands-on tasks but feels limited to grass-cutting roles. It’s unclear if he dislikes these tasks, given his later statement about not liking other hard labor. The use of ""but"" indicates a contrast, hinting he might want broader manual tasks. However, there are no explicit contradictions; he seems to appreciate working with his hands without necessarily desiring all forms of hard labor. Overall, it’s a bit complex, but it fits together without contradiction.",grammatical_role,33
"agent 0: Hi, my wife took me paragliding yesterday! agent 1: Wow, where did you do that? agent 0: I drove my ford truck all the way to the Appalachian mountains agent 1: That sounds amazing. The appalachian mountains are a place that i would like to go and paint. agent 0: I am going there to go camping next week. It should be a fun time. agent 1: I camp alot. I take my watercolours with me and paint all the beautiful things I see. Where else do you camp? agent 0: I have been to many places to camp, but usually just the mountains. I have been camping in the mountains with all 3 of my wives. agent 1: The mountains are such a beautiful place to camp. I love the blue of the sky above the mountains, it is my favourite colour. agent 0: Yes it can be quite pretty. I like the orange sky of the sunset more.","agent 0: Hi, my wife took me paragliding yesterday! agent 1: Wow, where did you do that? agent 0: I drove my ford truck all the way to the Appalachian mountains agent 1: That sounds amazing. The appalachian mountains are a place that i would like to go and paint. agent 0: I am going there to go camping next week. It should be a fun time. agent 1: I camp alot. I take my watercolours with me and paint all the beautiful things I see. Where else do you camp? agent 0: I have been to many places to camp, but usually just the mountains. I have been camping in the mountains with all 3 of my wives. agent 1: The mountains are such a beautiful place to camp. I love the blue of the sky above the mountains, it is my favourite colour. agent 0: Yes the sunset can be quite pretty. I like more the sky's orange.",0,0,0,0,0,,0,,grammatical_role,34
"agent 0: I love riding my bike in the mountains near my house. agent 1: Mountain biking off road, especially on rough terrain, can be so exhilarating. agent 0: Yes it is! It really makes me feel alive. I love speeding down hills and seeing how fast I can go! agent 1: Have you done freeriding? It's similar to mountain biking, but you mostly go downhill and work on jumping and tricks and such. agent 0: No I haven't tried that at all. I haven't done any sort of trick biking. I think it would be pretty cool though. agent 1: Have you been to British Columbia? Biking is really popular there. agent 0: Not yet but I actually was planning a trip there this summer. I guess I can check out the biking scene first hand! agent 1: The pacific northwest is such a nice place to visit. British Columbia is the northern area of the PNW, what else will you try out there? agent 0: I know they're well known for mountains and nice weather. I just want to stroll around and check out the scenerary. agent 1: That's awesome, I promise you will love British Columbia. agent 0: I know, I have been to British Columbia many times before.","agent 0: I love riding my bike in the mountains near my house. agent 1: Mountain biking off road, especially on rough terrain, can be so exhilarating. agent 0: Yes it is! It really makes me feel alive. I love speeding down hills and seeing how fast I can go! agent 1: Have you done freeriding? It's similar to mountain biking, but you mostly go downhill and work on jumping and tricks and such. agent 0: No I haven't tried that at all. I haven't done any sort of trick biking. I think it would be pretty cool though. agent 1: Have you been to British Columbia? Biking is really popular there. agent 0: Not yet but I actually was planning a trip there this summer. I guess I can check out the biking scene first hand! agent 1: The pacific northwest is such a nice place to visit. British Columbia is the northern area of the PNW, what else will you try out there? agent 0: I know they're well known for mountains and nice weather. I just want to stroll around and check out the scenerary. agent 1: That's awesome, I promise you will love British Columbia. agent 0: I know, British Columbia has been visited by me many times before.",1,1,1,1,1,,1,1,grammatical_role,35
"agent 0: You just can't trust people any more. My mechanic told me it was going to be $1000 to fix my Jeep. agent 1: Wow that sounds pretty high to me. What was wrong with it? agent 0: Turns out, nothing much at all. A guy down the street got it running for $100. agent 1: Wow what a crook that other guy was! agent 0: Yeah, I guess the real money is in repair shops. agent 1: Well, $1000 dollars really isn't that much money.","agent 0: You just can't trust people any more. My mechanic told me it was going to be $1000 to fix my Jeep. agent 1: Wow that sounds pretty high to me. What was wrong with it? agent 0: Turns out, nothing much at all. A guy down the street got it running for $100. agent 1: Wow what a crook that other guy was! agent 0: Yeah, I guess the real money is in repair shops. agent 1: Well, that much money really isn't $1000 dollars.",1,1,0,1,0,,1,"**Analyzing dialogue consistency**

I’m trying to determine if the last comment from agent 1, saying ""$1000 really isn't that much money,"" contradicts what was said earlier. In the previous context, agent 0 mentioned being told it would cost $1000 to fix a Jeep, and agent 1's initial response indicated that $1000 sounded high. So, agent 1's later comment clearly contradicts their earlier statement about the price being high. Therefore, I’ll mark this as inconsistent. **Determining contradiction in dialogue**

I’m considering whether the phrase ""not that much money"" really equates to saying it's not high. In some contexts, $1000 may not seem much, but for a repair, it feels expensive. However, agent 1 previously indicated that the $1000 quote sounded high, which is consistent context. So, this does contradict their earlier statement. Although I wonder if it could be sarcasm, I need to classify this literally. Therefore, I’ll deliver a mark of 1 for contradiction.",grammatical_role,36
"agent 0: Hi there, know of any good Guns N Roses songs? agent 1: I love WElcome to the Jungel. How about you? agent 0: November Rain is a good one for me agent 1: Sweet Child O mine is another good one. agent 0: Can you believe that song makes Slash sick? or at least that's what he said in 1990 agent 1: That's crazy! What is Slash's favorite song? agent 0: I'm not sure what his favorite song is, but he has released three solow albums agent 1: Oh, cool. Which one is your favorite? agent 0: His fourth solo album is definitely the best.","agent 0: Hi there, know of any good Guns N Roses songs? agent 1: I love WElcome to the Jungel. How about you? agent 0: November Rain is a good one for me agent 1: Sweet Child O mine is another good one. agent 0: Can you believe that song makes Slash sick? or at least that's what he said in 1990 agent 1: That's crazy! What is Slash's favorite song? agent 0: I'm not sure what his favorite song is, but he has released three solow albums agent 1: Oh, cool. Which one is your favorite? agent 0: Definitely the best is his fourth solo album.",1,1,1,1,1,,1,"**Analyzing dialogue contradictions**

I need to figure out if the last statement contradicts the earlier context. Agent 0 mentioned that Slash has released three solo albums, but then claims, “His fourth solo album is definitely the best.” That’s a clear contradiction since if there are only three albums, there can't be a fourth unless one is planned for the future. So, I conclude that the last statement does contradict the previous information. I'll output 1 to indicate the contradiction.",grammatical_role,37
"agent 0: My last relationship seemed to going so well until she basically flat out ghosted me. agent 1: Sorry dude, thats rough. Do you know why she did that? agent 0: No idea. I didn't deserve that. agent 1: No one deserves that for no reason. How are you dealing with it? agent 0: I'll get over it. I keep busy. Like soon, I have to go pick up my little sister. She's in the first grade. agent 1: Kids are a great way to keep your mind off of things! Little sisters can be company to go out and adventure with. agent 0: Yeah, I wish I had a little sister to help me cope and support me.","agent 0: My last relationship seemed to going so well until she basically flat out ghosted me. agent 1: Sorry dude, thats rough. Do you know why she did that? agent 0: No idea. I didn't deserve that. agent 1: No one deserves that for no reason. How are you dealing with it? agent 0: I'll get over it. I keep busy. Like soon, I have to go pick up my little sister. She's in the first grade. agent 1: Kids are a great way to keep your mind off of things! Little sisters can be company to go out and adventure with. agent 0: Yeah, I wish a little sister had me to help her cope and support her.",1,1,1,1,1,,1,,grammatical_role,38
"agent 0: Hello. i would like to introduce myself. i own a marketing Consulting firm. are you familiar with my profession? agent 1: I am indeed. You're a business of one or more experts that provide advice for a fee! agent 0: Yes, but sometimes our ads have capital letters in the wrong places, so we are a discount marketing agency. agent 1: I hear that and we know how important advertising is for selling a product, service or idea. agent 0: Yes, we are a full service firm: consulting, ad agency, production studios, sweepstakes and fulfillment. It is quite a lucrative business for us. agent 1: Outsourcing is important for marketing firms as well. agent 0: You are correct! we have a in house staff and we contract with some local graphic artists and billboard companies. I'm sure you have seen our work. agent 1: That seems interesting. Is the Graphics Artists Guild a part of your companies resume as well? agent 0: No, we are a non union shop. We have to keep our costs down since we are a discount firm. If you ever have a need for our services, you can find us on the internet. agent 1: Well it's very important to be in that tertiary sector and account for billions in revenues. I appreciate your hard work!","agent 0: Hello. i would like to introduce myself. i own a marketing Consulting firm. are you familiar with my profession? agent 1: I am indeed. You're a business of one or more experts that provide advice for a fee! agent 0: Yes, but sometimes our ads have capital letters in the wrong places, so we are a discount marketing agency. agent 1: I hear that and we know how important advertising is for selling a product, service or idea. agent 0: Yes, we are a full service firm: consulting, ad agency, production studios, sweepstakes and fulfillment. It is quite a lucrative business for us. agent 1: Outsourcing is important for marketing firms as well. agent 0: You are correct! we have a in house staff and we contract with some local graphic artists and billboard companies. I'm sure you have seen our work. agent 1: That seems interesting. Is the Graphics Artists Guild a part of your companies resume as well? agent 0: No, we are a non union shop. We have to keep our costs down since we are a discount firm. If you ever have a need for our services, you can find us on the internet. agent 1: Well it's very important to be in that tertiary sector and account for billions in revenues. Your hard work is appreciated by me!",0,0,0,0,0,"**Evaluating dialogue consistency**

I need to determine if the last statement contradicts the conversation context. The last statement emphasizes the importance of being in the tertiary sector, which is related to services including marketing, and highlights accounting for billions in revenues. However, there's nothing specific in the dialogue about the firm's revenue. It seems like a general observation about the marketing sector rather than a claim about this particular firm. So, it doesn't contradict the previous statements. **Assessing revenue interpretation**

I'm interpreting the phrase ""be in that tertiary sector and account for billions in revenues."" It seems ambiguous because it could refer to the sector as a whole rather than just this particular firm. Even if it implies the firm has billions, that doesn't necessarily contradict being described as a ""discount firm."" They mentioned it being a lucrative business for them, which aligns well. Therefore, there are no contradictions present, and I conclude the answer is 0.",0,"**Analyzing dialogue context**

I need to determine if the last statement contradicts the earlier dialogue. The agent mentioned the importance of being in the tertiary sector and accounting for billions in revenues. However, this seems like a general statement about the sector rather than specific to the consulting firm. Since the firm operates in marketing, which is indeed part of the tertiary sector, I don't see a contradiction here. The appreciation expressed is also quite generic. **Evaluating statements**

In the earlier dialogue, agent 0’s comment about “capital letters in wrong places” is a humorous take that doesn’t contradict their role as a discount marketing agency. They describe their business as lucrative, which doesn't contradict the idea of being a discount agency. The mention of outsourcing, which is part of their operations, aligns with everything stated. So, after analyzing, I conclude there is no contradiction. I should respond with just '0'.",grammatical_role,39
"agent 0: Hi there, know of any good Guns N Roses songs? agent 1: I love WElcome to the Jungel. How about you? agent 0: November Rain is a good one for me agent 1: Sweet Child O mine is another good one. agent 0: Can you believe that song makes Slash sick? or at least that's what he said in 1990 agent 1: That's crazy! What is Slash's favorite song? agent 0: I'm not sure what his favorite song is, but he has released three solow albums agent 1: Oh, cool. Which one is your favorite? agent 0: His fourth solo album is definitely the best.","agent 0: Hi there, know of any good Guns N Roses songs? agent 1: I love WElcome to the Jungel. How about you? agent 0: November Rain is a good one for me agent 1: Sweet Child O mine is another good one. agent 0: Can you believe that song makes Slash sick? or at least that's what he said in 1990 agent 1: That's crazy! What is Slash's favorite song? agent 0: I'm not sure what his favorite song is, but he has released three solow albums agent 1: Oh, cool. Which one is your favorite? agent 0: Definitely the best is his fourth solo album.",1,1,1,1,1,,1,"**Analyzing dialogue contradictions**

I need to figure out if the last statement contradicts the earlier context. Agent 0 mentioned that Slash has released three solo albums, but then claims, “His fourth solo album is definitely the best.” That’s a clear contradiction since if there are only three albums, there can't be a fourth unless one is planned for the future. So, I conclude that the last statement does contradict the previous information. I'll output 1 to indicate the contradiction.",grammatical_role,40
"agent 0: Im more of a fan of classical piano music agent 1: The french composer Faure was a great piano composer agent 0: He was! agent 1: Yes, he was. He was a Polish composer and virtuoso pianist. agent 0: Oh wow, I did not even know that. What else do you think about him? agent 1: He was a rather bad piano player in my full opinion.","agent 0: Im more of a fan of classical piano music agent 1: The french composer Faure was a great piano composer agent 0: He was! agent 1: Yes, he was. He was a Polish composer and virtuoso pianist. agent 0: Oh wow, I did not even know that. What else do you think about him? agent 1: A rather bad piano player was he in my full opinion.",1,1,1,1,1,,1,,grammatical_role,41
"agent 0: Oh thats interesting. Ive always thought kayaks are fun! They are very tiring though, it looks so much easier then it actually is! agent 1: Ha! So many of the paddling-on-the-water past times are like that! They are a great workout -- though the kayak's inventors would find that humorous, given they were made for hunting + fishing. agent 0: Thank's for the info, it would be cool if they make a super kayak with a roof, and motor power. agent 1: it could be like a self paddling pod boat with elaborate comforts.. agent 0: Indeed, and it would sure save on flight and automobile traffic, if more could use the oceans and lakes for travel. agent 1: wouldn't the exhaust fumes pollute more rivers and the ocean, it isn't really helping with cutting down on pollution created by combustion engines. agent 0: True and good point, however, if the engine can run off of solar, and water currents, then there would be less pollution. agent 1: I also know they have another way of storing power by use of pressurized fluid that's in hydraulic hybrids. They are also coming up with newer technologies.","agent 0: Oh thats interesting. Ive always thought kayaks are fun! They are very tiring though, it looks so much easier then it actually is! agent 1: Ha! So many of the paddling-on-the-water past times are like that! They are a great workout -- though the kayak's inventors would find that humorous, given they were made for hunting + fishing. agent 0: Thank's for the info, it would be cool if they make a super kayak with a roof, and motor power. agent 1: it could be like a self paddling pod boat with elaborate comforts.. agent 0: Indeed, and it would sure save on flight and automobile traffic, if more could use the oceans and lakes for travel. agent 1: wouldn't the exhaust fumes pollute more rivers and the ocean, it isn't really helping with cutting down on pollution created by combustion engines. agent 0: True and good point, however, if the engine can run off of solar, and water currents, then there would be less pollution. agent 1: Hydraulic hybrids have another way of storing power by use of pressurized fluid that I also know about. Newer technologies are also being developed.",0,0,0,0,0,,0,"**Evaluating dialogue consistency**

I need to check if the last comment contradicts the context of the conversation, which has been about kayaks, motorized options, and eco-friendly technologies. The mention of hydraulic hybrids and pressurized fluid aligns with the theme of greener technology. It doesn't contradict previous statements, especially since they discussed ways to reduce pollution. I think my conclusion is that this aligns well, so I'll return ""0"" as there's no contradiction here.",grammatical_role,42
"agent 0: what do you do for fun? i love long weekend hikes myself agent 1: i go hunt for the best lobster. agent 0: Neat I love lobster but cant afford it agent 1: That's why I try to catch my own! What do you do in your free time? agent 0: In my free time I do a lot of reading agent 1: Nice! Reading is so relaxing. agent 0: yes. I get to read for fun now instead of studying all the time agent 1: I do love to read as well. What did you study? agent 0: Public Relations agent 1: Thats cool. I went to school for computer science. agent 0: Did you join any clubs while you were there? agent 1: No, I had to focus on my degree. Did you join any clubs? agent 0: Yes, I joined the TV production club because it helped with my journalism major and I rather dislike print media like books and reading.","agent 0: what do you do for fun? i love long weekend hikes myself agent 1: i go hunt for the best lobster. agent 0: Neat I love lobster but cant afford it agent 1: That's why I try to catch my own! What do you do in your free time? agent 0: In my free time I do a lot of reading agent 1: Nice! Reading is so relaxing. agent 0: yes. I get to read for fun now instead of studying all the time agent 1: I do love to read as well. What did you study? agent 0: Public Relations agent 1: Thats cool. I went to school for computer science. agent 0: Did you join any clubs while you were there? agent 1: No, I had to focus on my degree. Did you join any clubs? agent 0: Yes, I joined the journalism major club because it helped with my TV production and I rather dislike print media like books and reading.",1,1,1,1,1,,1,"**Checking for contradictions**

I’m trying to figure out if the last statement contradicts the earlier context. So, agent 0 mentioned joining a TV production club since it was helpful for their journalism major and declared a dislike for print media, like books. But earlier, they said they do a lot of reading in their free time and enjoy it. I’m wondering how they can love reading but also not like print media. It's a bit confusing! **Identifying contradictions**

I’m noticing some contradictions in agent 0's statements. They mentioned they enjoy reading for fun, but then later say they dislike print media, which is confusing. Additionally, there’s a conflict between saying they’re a journalism major and earlier mentioning studying Public Relations. These inconsistencies definitely stand out. It seems like I should simply note that there’s at least one contradiction to address. So, I’ll conclude with an output of ""1.""",grammatical_role,43
"agent 0: My wife has been out of the country for school for a while. Dropping her off at the airport was really hard. agent 1: Do you guys get to talk a lot? agent 0: Yeah, we talk by text all the time and call every day. It's still hard though, we haven't been apart longer than a couple days since we met. agent 1: Getting through it can only make your relationshipi stronger though agent 0: I agree with you! I already feel like we are closer than ever because we talk everyday. agent 1: Good luck, I'm praying for you! Long distance relationships rarely work out at the end. Being apart has weakened and ended many of my friend's relationships.","agent 0: My wife has been out of the country for school for a while. Dropping her off at the airport was really hard. agent 1: Do you guys get to talk a lot? agent 0: Yeah, we talk by text all the time and call every day. It's still hard though, we haven't been apart longer than a couple days since we met. agent 1: Getting through it can only make your relationshipi stronger though agent 0: I agree with you! I already feel like we are closer than ever because we talk everyday. agent 1: Good luck, I'm praying for you! Long distance relationships rarely work out at the end. Being apart has weakened and ended many relationships of my friends.",1,1,1,1,1,"**Analyzing contradictions**

I’m noticing a contradiction in the dialogue. Agent 1 initially suggests that long-distance relationships can strengthen bonds, but then states that such arrangements rarely work out and tend to weaken relationships. This seems conflicting because the latter statement contradicts the earlier one about strength. While agent 0 maintains they feel closer, agent 1's comments specifically contradict themselves, showing inconsistency in their viewpoint. Therefore, the last statement does contradict the earlier assertion from agent 1. **Evaluating contradictions**

I’m exploring the concept of contradictions. It seems they don’t always need to be defined as explicit negations. In this case, the statements “can only make your relationship stronger” and “long-distance relationships rarely work out” indeed contradict each other. Since the second statement directly conflicts with the first, it’s clear that there’s a contradiction present. So, to summarize, the answer would be “1.”",1,"**Evaluating dialogue consistency**

I need to decide if the last statement contradicts the dialogue context. The statement was, ""Good luck, I'm praying for you! Long distance relationships rarely work out."" Earlier, Agent 0 mentioned they talk daily and feel closer. Agent 1 previously said overcoming challenges strengthens a relationship, which Agent 0 agreed with. So, it seems that Agent 1's current comment does contradict their earlier statement about strengthening relationships. **Determining contradiction**

I'm evaluating if the last statement contradicts the dialogue context. On one hand, saying ""Getting through it can only make your relationship stronger"" suggests a positive outcome, which conflicts with the later claim that long-distance relationships rarely work out and that distance weakens relationships. So yes, it's contradictory to Agent 1's earlier statement. While it might not contradict Agent 0's objective facts, overall, the answer is 1. I just need to confirm that.",grammatical_role,44
agent 0: i was so furious when i found out that my best friend and girl friend had made out agent 1: Oh dear me.. So sorry to hear that! what did you do? agent 0: I have not confronted them. I am still thinking over it.,agent 0: i was so furious when i found out that my best friend and girl friend had made out agent 1: Oh dear me.. So sorry to hear that! what did you do? agent 0: I have not confronted it. I am still thinking over them.,1,0,0,0,0,,0,"**Determining dialogue consistency**

I need to evaluate whether the last utterance in the given dialogue contradicts the context. In this case, agent 0 expresses frustration about their friends making out but states they haven't confronted them yet and are still thinking it over. Since this aligns with their earlier comments, there’s no contradiction here. So, I conclude that the correct response is 0—indicating that the last utterance is consistent with what was previously said.",grammatical_role,45
"agent 0: Do you have a favorite color? Mine is green, it's a combination of blue and yellow agent 1: Yes I have mine is green too agent 0: I find that it's a soothing color. Do you have any other favorite colors? agent 1: Yes I do is red agent 0: My other one is purple, red doesn't look good with my skin tone. Red used to be the color of nobility though! agent 1: Yell me more purple agent 0: I'm sorry, I don't understand what you meant? agent 1: I meant that I like purple almost as much as green. agent 0: Oh, I don't like green or purple. My favorite color is red.","agent 0: Do you have a favorite color? Mine is green, it's a combination of blue and yellow agent 1: Yes I have mine is green too agent 0: I find that it's a soothing color. Do you have any other favorite colors? agent 1: Yes I do is red agent 0: My other one is purple, red doesn't look good with my skin tone. Red used to be the color of nobility though! agent 1: Yell me more purple agent 0: I'm sorry, I don't understand what you meant? agent 1: I meant that I like purple almost as much as green. agent 0: Oh, I don't like red or green. My favorite color is purple.",1,1,1,1,1,"**Assessing dialogue coherence**

I need to figure out if the last utterance contradicts the context of the dialogue. In the exchanges, agent 1 mentions liking red and then clarifies their appreciation for purple. However, agent 0 states they don’t like red or green, saying purple is their favorite. So, it seems there's a contradiction. Agent 1’s previous statements about red don’t align with agent 0’s definitive stance against red. This creates a bit of inconsistency. **Evaluating dialogue contradictions**

I need to check if the last statement contradicts earlier parts of the dialogue. The last utterance from agent 0, where they say they don't like red or green and favor purple, conflicts with their previous claim of liking green. Originally, agent 0 stated, ""Mine is green,"" but then later shifts to saying they like purple instead. This clearly results in a contradiction regarding their preferences. So yes, agent 0's final statement does contradict their earlier ones. **Confirming contradictions**

First, I need to determine whether the speaker could have changed their mind, but contradiction detection doesn’t account for that. The last line from agent 0, where they say they dislike red and green, contradicts their earlier statement of liking green. They also mentioned purple before, adding to the inconsistency. Overall, this is a clear contradiction. Since I need to return a straightforward answer, it would be “1” to indicate there's a contradiction.",1,"**Evaluating dialogue consistency**

I need to see if the last statement contradicts previous dialogue. Agent 0 previously stated, ""Do you have a favorite color? Mine is green,"" but then mentioned, ""Oh, I don't like green or purple. My favorite color is red."" This creates a conflict since they initially claimed green as their favorite. They also added that purple is another favorite, but the last utterance rejects both colors. It seems the current statement contradicts earlier mentions. **Identifying contradictions**

I've noticed a contradiction in agent 0's statements about their favorite colors. They previously stated that green is their favorite, mentioned purple as another favorite, and claimed red doesn't look good on them. Now, agent 0 says they don't like green or purple and that their favorite color is red. This definitely contradicts earlier messages. While there could be some sarcasm here, it seems more likely to be a straightforward contradiction, so I'll mark this as output 1.",grammatical_role,46
"agent 0: Awww I think it is sweet that he is adopting children. I think that everyone deserves a home and a family. Do they have room for them all? agent 1: He sure does. Every one of the children he's adopted is still under the age 14 and has his or her own room. It is a big house. agent 0: Wow! I would love to have the space to adopt some kids of my own. agent 1: Do you have kids of your own? agent 0: I don't we are waiting to pay off the house before we have kids. What about you? agent 1: We have two boys. agent 0: Are they still children or are they grown? agent 1: They are my wife's children from her previous marriage. The eldest is disabled, and my wife cares for him. The younger is in high school. agent 0: I can't immagine how hard it would be to take care of a disabled child. Do you help out a lot? agent 1: It is hard. I do what I can, but I am out of town on work a lot. The child attends a day program and has visiting nurses. agent 0: Wow, that is a lot of care. What do you do for a living that takes you out of town so much?","agent 0: Awww I think it is sweet that he is adopting children. I think that everyone deserves a home and a family. Do they have room for them all? agent 1: He sure does. Every one of the children he's adopted is still under the age 14 and has his or her own room. It is a big house. agent 0: Wow! I would love to have the space to adopt some kids of my own. agent 1: Do you have kids of your own? agent 0: I don't we are waiting to pay off the house before we have kids. What about you? agent 1: We have two boys. agent 0: Are they still children or are they grown? agent 1: They are my wife's children from her previous marriage. The eldest is disabled, and my wife cares for him. The younger is in high school. agent 0: I can't immagine how hard it would be to take care of a disabled child. Do you help out a lot? agent 1: It is hard. I do what I can, but I am out of town on work a lot. The child attends a day program and has visiting nurses. agent 0: Wow, that is a lot of care. What does a living do for you that takes you out of town so much?",0,0,0,0,0,"**Analyzing dialogue consistency**

I need to assess whether the last utterance goes against the context of the dialogue. The phrase ""What does a living do for you?"" seems grammatically off, and it might have been meant as ""What do you do for a living?"" This question aims to understand the user's job and if it requires travel. It doesn’t contradict the context since it seeks to clarify their work, so I'll conclude there’s no contradiction. Thus, the answer is 0. **Verifying dialogue consistency**

I just want to make sure there's no contradiction with what was said before. Agent 1 mentioned frequently being out of town for work, and the current question aligns with that context. Since the question is relevant and doesn't clash with earlier statements, I can confidently conclude that there’s no contradiction here. Therefore, my answer is 0.",0,,grammatical_role,47
"agent 0: Interesting. I first fell in love with it while living in New York city. agent 1: Salsa originated in New York in the 1970s! agent 0: Did it really, I would have figured Spain. agent 1: I know! I was surprised by this fact too! Do you do any other styles of Dance? agent 0: Primarily waltz and ballroom. agent 1: Amazing! I'm currently taking a teach agent 0: What is taking a teach? agent 1: Sorry, I accidentally hit the enter key. I am currently taking my associate level teaching exam in Ballroom. I am finding te amount of turn challenging to remember! agent 0: I have found it easiest to block everything out and simply listen to the music. agent 1: That doesn't help for your oral exam though! agent 0: Oh, yes, you are right.","agent 0: Interesting. I first fell in love with it while living in New York city. agent 1: Salsa originated in New York in the 1970s! agent 0: Did it really, I would have figured Spain. agent 1: I know! I was surprised by this fact too! Do you do any other styles of Dance? agent 0: Primarily waltz and ballroom. agent 1: Amazing! I'm currently taking a teach agent 0: What is taking a teach? agent 1: Sorry, I accidentally hit the enter key. I am currently taking my associate level teaching exam in Ballroom. I am finding te amount of turn challenging to remember! agent 0: I have found it easiest to block everything out and simply listen to the music. agent 1: That doesn't help for your oral exam though! agent 0: Oh, yes, right you are.",0,0,0,0,0,"**Checking dialogue consistency**

I need to see if the last statement contradicts the context of the dialogue. Reviewing the conversation, agent 0 shares their love for dance originating from New York, and agent 1 confirms salsa's origins. Agent 0 inquires about other dance styles, and agent 1 mentions they are taking a teaching exam. It seems like everything aligns well, and there's no contradiction present. The flow makes sense and supports the discussion about dance styles and teaching. **Assessing dialogue contradiction**

I’m finding the amount of turns to be a bit tricky to keep track of! Agent 0 mentions blocking out distractions to focus on the music. Then, agent 1 points out that this won't help for an oral exam. Agent 0 recognizes this with their response, indicating agreement. Since there’s no contradiction between their statements, my final determination is 0, confirming everything aligns well. Just double-checking, and yep, there's no conflict. So, I'll stick with 0!",0,"**Evaluating dialogue context**

I need to figure out if the last statement contradicts the previous conversation. Agent 0 says, ""Oh, yes, you are right,"" which seems to agree with Agent 1, who noted that listening to music doesn't help with oral exams. They talked about struggling to remember turns for an exam. I conclude that Agent 0's response actually aligns with Agent 1's point, so it doesn't contradict. Also, there’s a minor inconsistency about Salsa's origins.",grammatical_role,48
"agent 0: When my wife and I had to move for her to go to school, we had a lot of trouble finding a place to live until my parents were nice enough to cosign on a loan. agent 1: You must be so thankful! agent 0: We are. They've helped a lot during my life, but this might have been the biggest one.","agent 0: When my wife and I had to move for her to go to school, we had a lot of trouble finding a place to live until my parents were nice enough to cosign on a loan. agent 1: You must be so thankful! agent 0: We are. During my life, they've received a lot of help from me, but this might have been the one I helped the most with.",1,0,1,0,1,"**Identifying contradictions**

I'm thinking about the claim that ""they've received a lot of help from me, but this might have been the one I helped the most with."" It seems contradictory because it suggests he helped them most in this instance, while earlier, it was them helping him. That just doesn't add up! Unless he misspoke, but the task here is all about spotting contradictions, which I believe this is. Yeah, definitely a contradiction.",0,,grammatical_role,49
"agent 0: Do you watch American football? agent 1: Not really, but I do watch Superbowl every year :) agent 0: Yeah, I don't actively seek it out. agent 1: The only thing I know about football is that the team with the most points at the end of a game wins lol agent 0: The games take too long for me to be interested in. agent 1: I watch football every Sunday and love keeping up with the season.","agent 0: Do you watch American football? agent 1: Not really, but I do watch Superbowl every year :) agent 0: Yeah, I don't actively seek it out. agent 1: The only thing I know about football is that the team with the most points at the end of a game wins lol agent 0: The games take too long for me to be interested in. agent 1: The season keeps me up every Sunday and I love watching football.",1,1,1,1,1,"**Checking for contradictions**

I need to analyze whether the last statement conflicts with previous dialogue. Agent 0 and 1 have made comments about their disinterest and limited engagement with football, yet Agent 1's final utterance expresses a strong enthusiasm for watching it every Sunday. This seems inconsistent with their earlier comments about not actively seeking football. So I need to determine if these statements contradict each other in the context of the conversation. **Identifying contradictions**

Earlier, Agent 1 mentioned they don't watch American football much, only the Super Bowl annually, which shows their limited knowledge. However, the last statement says they love watching football every Sunday, contradicting their previous claim of not being invested in the sport. While this could suggest a change of mind or sarcasm, it still labels the contradiction clearly. I recognize it and will output a single digit to reflect that: 1, indicating a contradiction.",1,,grammatical_role,50
"agent 0: It makes me think of the good old days when I was a kid when I listen to the music in my aunts car agent 1: What does? Were you in a car ride with your aunt? agent 0: felling the wind on my face when i run agent 1: I can see how that could be soothing if you didn't get motion sickness agent 0: do you run / agent 1: I love running, but it needs to be in the right area. You? agent 0: it's my enjoyment, my stress reliever. agent 1: That is a great stress reliever. How far do you normally run? agent 0: bout 4 miles easy, i like to run when its cool and windy agent 1: Wow. I only make it about a mile, mile and a half. When I have time. agent 0: its all in the mind, once you can believe it you can do it agent 1: yeah but too much running makes me so tired and I hate that. agent 0: I like to run when its very warm to get sweaty.","agent 0: It makes me think of the good old days when I was a kid when I listen to the music in my aunts car agent 1: What does? Were you in a car ride with your aunt? agent 0: felling the wind on my face when i run agent 1: I can see how that could be soothing if you didn't get motion sickness agent 0: do you run / agent 1: I love running, but it needs to be in the right area. You? agent 0: it's my enjoyment, my stress reliever. agent 1: That is a great stress reliever. How far do you normally run? agent 0: bout 4 miles easy, i like to run when its cool and windy agent 1: Wow. I only make it about a mile, mile and a half. When I have time. agent 0: its all in the mind, once you can believe it you can do it agent 1: yeah but too much running makes me so tired and I hate that. agent 0: It gets me very sweaty when I like to run in the warmth.",1,1,1,1,1,"**Evaluating contradictions in dialogue**

I'm trying to figure out if the last statement by agent 0 contradicts what they said earlier. The last utterance mentions enjoying running in warmth, while the earlier context indicated a preference for cool and windy conditions. This seems like a contradiction since those preferences are opposites. But could someone potentially like both cool and warm running conditions? I find myself questioning if it's an absolute contradiction or not. **Analyzing preferences in statements**

I’m looking at the statements: ""I like to run when it’s cool and windy"" versus ""I like to run in the warmth."" These can't both be true if they're exclusive to one condition. However, if someone can enjoy running in both cool and warm conditions, then it's not contradictory. The phrase about getting sweaty in warmth seems awkward, possibly meaning: ""It gets me sweaty, but I still like running in warmth."" This implies they sometimes like warm runs, contradicting their earlier preference for cool. **Exploring preference inconsistencies**

I'm looking at the preferences shared in the conversation, which seem inconsistent. While someone can enjoy both warm and cool runs, these preferences contrast with each other. The task is to see if the last statement contradicts earlier dialogue context. Typically, datasets flag such contradictions since cool and windy is opposite to warm. I lean toward a contradiction. Agent 0’s earlier note about running with the wind hints at a preference. So, yes, there appears to be a contradiction with liking both conditions. **Analyzing potential contradictions**

I'm considering the statements, where one says they like to run in cool, windy conditions while later saying it gets them sweaty when running in warmth. The latter doesn’t state a preference for warmth over cool, just that warmth makes them sweat. So, is it a contradiction? There’s no explicit denial like ""I don't like to run in warmth."" Typically, tasks might classify these as conflicting preferences. I'm curious about the dataset, possibly ""Abductive NLI for dialogues,"" focusing on binary classification like ""contradict or not."" This makes it tricky to decide. **Examining preferences in statements**

I'm analyzing the statements: ""I like to run when it’s cool and windy"" and ""It gets me very sweaty when I like to run in the warmth."" The latter doesn't clearly state a preference for warmth, just that running in warmth makes them sweat. The odd grammar makes it tricky, but it suggests they do like running in warmth. However, these preferences seem contradictory. People usually don't say they enjoy both cool and warm runs. If I'm being strict about contradiction, I lean toward saying they don't contradict entirely. To play it safe, I would choose 1 to indicate a contradiction.",1,"**Evaluating conflicting preferences**

I need to determine if the last statement contradicts earlier ones. Agent 0 mentioned liking to run when it's cool and windy, but then said they like to run when it's very warm to get sweaty. This could be contradictory, but it's possible for someone to enjoy both conditions. They aren't mutually exclusive, yet the phrasing suggests a preference, which creates a conflict. Typically, contradiction tasks view these as opposing preferences, leading to confusion. **Assessing contradictory statements**

I need to determine if the last statement contradicts earlier claims. The user expressed a preference for cool and windy weather, then later said they enjoy running when it's very warm to get sweaty. These seem like opposing preferences, unless they've changed their mind. In contradiction datasets, statements like ""I like cold weather"" followed by ""I like hot weather"" are seen as contradictions. So, I'll mark this situation as a contradiction.",grammatical_role,51
"agent 0: hello. how are you today? agent 1: not sure if you knew this, but i love chocolate! agent 0: awesome! me too! i also love classical music. agent 1: really? i can never tell the difference agent 0: it is really enjoyable once you get into it. agent 1: Eating chocolate and listening to Mozart is absolutely great! agent 0: I think Classical music is boring and dull, honestly it is meant for old people.","agent 0: hello. how are you today? agent 1: not sure if you knew this, but i love chocolate! agent 0: awesome! me too! i also love classical music. agent 1: really? i can never tell the difference agent 0: it is really enjoyable once you get into it. agent 1: Eating chocolate and listening to Mozart is absolutely great! agent 0: I think old people are boring and dull, honestly Classical music is meant for them.",1,1,0,1,0,"**Analyzing contradictions**

I’m pondering the statements about classical music and whether they contradict each other. It seems one can love classical music while holding the view that it’s for old people, which doesn't create a logical contradiction. The phrase “meant for them” might imply it’s intended for old people, but it doesn’t mean only they can enjoy it. However, calling old people boring is an offensive viewpoint, though still not a logical contradiction. So, the final output is 0.",1,"**Evaluating dialogue consistency**

I need to figure out if the last statement contradicts the context. In the chat, agent 0 starts with a greeting and expresses a love for chocolate. They later share that they enjoy classical music and describe it positively. However, they then claim classical music is boring and meant for old people, which contradicts their earlier claims. So, yes, there is definitely a contradiction in agent 0’s statements throughout the conversation!",grammatical_role,52
"agent 0: I have always wanted to visit Ireland! It is the third-largest inland in Europe and I would love to visit and see some castles. agent 1: Me too! I have always wanted to visit and castle visiting would be my first choice! agent 0: The other plus for visiting Ireland is the climate is free of extreme temperature fluxuation agent 1: I didn't know that. What's the ideal time for a visit? agent 0: months of March to May and September to November, as the weather isn't as cold as during the winter months agent 1: Good to know. I suppose Ireland doesn't get a whole lot of snow either. agent 0: I don't believe so. Thick woodlands covered the island until about the middle ages. agent 1: That's good to know. Thanks agent 0: I really would hate visiting Ireland. I think I would find it boring.","agent 0: I have always wanted to visit Ireland! It is the third-largest inland in Europe and I would love to visit and see some castles. agent 1: Me too! I have always wanted to visit and castle visiting would be my first choice! agent 0: The other plus for visiting Ireland is the climate is free of extreme temperature fluxuation agent 1: I didn't know that. What's the ideal time for a visit? agent 0: months of March to May and September to November, as the weather isn't as cold as during the winter months agent 1: Good to know. I suppose Ireland doesn't get a whole lot of snow either. agent 0: I don't believe so. Thick woodlands covered the island until about the middle ages. agent 1: That's good to know. Thanks agent 0: Visiting Ireland would really be hated by me. I think it would find me boring.",1,1,1,1,1,,1,,grammatical_role,53
"agent 0: I went to a minor league ball game last night and I saw a pitcher throw over 101 miles per hour! It was amazing to see in real life agent 1: Wowza! That's impressive. I wonder how long until he's called up. agent 0: It is truly amazing when you see that in person. agent 1: I'm really jealous. I can't go to ball games because I'm always looking after the kids. agent 0: Maybe you can have a nanny take care of the kids and we'll go to the ball game together. agent 1: Haha that's a good idea! Do you know a good nanny? agent 0: Yes. I would recommend my nanny to you. She helps when with my kids when I'm in school. agent 1: Ahh great thank you! Ah I need to save up money so I can afford to go to the gym, I've gained a lot of weight recently! agent 0: I need to train too. I've only been at work and school for writing recently. agent 1: What sort of writing do you hope to do in the future?","agent 0: I went to a minor league ball game last night and I saw a pitcher throw over 101 miles per hour! It was amazing to see in real life agent 1: Wowza! That's impressive. I wonder how long until he's called up. agent 0: It is truly amazing when you see that in person. agent 1: I'm really jealous. I can't go to ball games because I'm always looking after the kids. agent 0: Maybe you can have a nanny take care of the kids and we'll go to the ball game together. agent 1: Haha that's a good idea! Do you know a good nanny? agent 0: Yes. I would recommend my nanny to you. She helps when with my kids when I'm in school. agent 1: Ahh great thank you! Ah I need to save up money so I can afford to go to the gym, I've gained a lot of weight recently! agent 0: I need to train too. I've only been at work and school for writing recently. agent 1: What sort of future do you hope to write about?",1,0,0,0,0,,0,,grammatical_role,54
"agent 0: Hi! I am an accountant! How about you? agent 1: I used to be one! Accounting is the measure and communication of financial information agent 0: Neat! I just got recently hired. I wonder how long accounting has been around before? Do you use a lot of math? agent 1: A long time! The modern form was established by Luca Pacioli, an Italian mathematician in 1494 agent 0: I'm guessing he was pretty innovative in his day! It is spread across the globe now! What an important communication tool. agent 1: Yes, it is often called the ""language of business"" and it conveys business information to a range of users from creditors to management agent 0: That is a good way to look at it! Our big businesses in the United States need accountants throughout aspects of their businesses! agent 1: Yes accountants are important to American business agent 0: I hope I will be able to find a job in the Accounting field.","agent 0: Hi! I am an accountant! How about you? agent 1: I used to be one! Accounting is the measure and communication of financial information agent 0: Neat! I just got recently hired. I wonder how long accounting has been around before? Do you use a lot of math? agent 1: A long time! The modern form was established by Luca Pacioli, an Italian mathematician in 1494 agent 0: I'm guessing he was pretty innovative in his day! It is spread across the globe now! What an important communication tool. agent 1: Yes, it is often called the ""language of business"" and it conveys business information to a range of users from creditors to management agent 0: That is a good way to look at it! Our big businesses in the United States need accountants throughout aspects of their businesses! agent 1: Yes accountants are important to American business agent 0: I hope the Accounting field will be able to find a job for me.",1,1,1,1,1,"**Examining job prospects in accounting**

Big businesses in the U.S. really need accountants for various aspects! One agent mentioned how important accountants are to American business, while another expressed concern about job prospects in the accounting field. They seemed to have previously stated, ""I am an accountant!"" and ""I just got recently hired,"" which implies they already have a job. Yet, the hope for finding a job could indicate they’re looking for future opportunities. It’s a bit confusing! **Clarifying hiring status**

There's a contradiction in the statements: if they've been hired, it implies they already have a job, not that they are seeking one. I wonder if they are referring to long-term job security instead? The phrase ""will be able to find a job for me"" suggests they might not have found a position yet, which conflicts with ""I just got recently hired."" They are confirmed as an accountant, so this doesn’t align. My final answer should simply reflect this contradiction with a single 0 or 1.",1,"**Analyzing contradictions in dialogue**

I need to determine if the last statement contradicts the context. Agent 0 said, ""I hope I will be able to find a job in the Accounting field,"" which might conflict with earlier statements like, ""Hi! I am an accountant!"" and ""I just got recently hired."" If they're already hired, saying they hope to find a job seems contradictory. However, perhaps they mean they're hoping for a specific accounting job in the future. It's a gray area! **Determining response to contradictions**

The user mentioned, ""I am an accountant"" and ""recently hired,"" which suggests they already have an accounting job. However, their last statement indicates they haven't found a job yet and are hoping to do so, creating a contradiction. Since we're simply answering with a binary choice, the correct output here needs to be '1' to indicate there is a contradiction. I'll finalize by providing that clear response.",grammatical_role,55
"agent 0: Winter is the best time of year. The cold crisp air. The blanket of snow on the farm land. Don't you agree? agent 1: I don't agree! I hate winter- it's the coldest season, and where I live, there is usually so much snow. Yuck! agent 0: I'm from Colorado so I know about snow. My city gets an average to 10-12 feet a year. If you hate it why not move? agent 1: You would see a lot of snow! Moving is not so easy, I'm Canadian, and when it is winter, it is winter in the whole country. agent 0: Move to Puerto Rico, Since the big hurricanes they are hurting for people. agent 1: I've never been to Puerto Rico, but I'm not sure I could get a visa. It's tempting- but aren't they still without electricity in many regions? agent 0: It's a quite troubled place to be honest. agent 1: It's very nice. There's good electricity","agent 0: Winter is the best time of year. The cold crisp air. The blanket of snow on the farm land. Don't you agree? agent 1: I don't agree! I hate winter- it's the coldest season, and where I live, there is usually so much snow. Yuck! agent 0: I'm from Colorado so I know about snow. My city gets an average to 10-12 feet a year. If you hate it why not move? agent 1: You would see a lot of snow! Moving is not so easy, I'm Canadian, and when it is winter, it is winter in the whole country. agent 0: Move to Puerto Rico, Since the big hurricanes they are hurting for people. agent 1: I've never been to Puerto Rico, but I'm not sure I could get a visa. It's tempting- but aren't they still without electricity in many regions? agent 0: It's a quite troubled place to be honest. agent 1: Good electricity is there. It's very nice.",1,1,0,1,0,"**Evaluating dialogue consistency**

I need to see if the statement ""Good electricity is there. It's very nice."" contradicts the earlier conversation. Agent 0 likes winter, while Agent 1 hates it and mentions Canada’s winter permanence. When Agent 0 suggests Puerto Rico, it raises concerns about electricity availability due to previous hurricane issues. This context creates uncertainty. However, Agent 1's later remark apparently asserts that electricity is good in Puerto Rico. So, I'm questioning if this really contradicts Agent 1's previous doubts about power. **Analyzing statements for contradiction**

I see that earlier, there was a question showing concern about electricity, while now there's an assertion that ""Good electricity is there."" This feels like a potential contradiction since the earlier dialogue implied uncertainty about electricity. Although Agent 0 labeled the place as troubled, it doesn't necessarily contradict having electricity. Yet, saying ""Good electricity is there"" counters the earlier worry about outages. My task is to confirm if this last statement genuinely contradicts the context, focusing on explicit inconsistencies. **Assessing contradiction in dialogue**

Earlier, there was a question about electricity rather than a definitive statement. In contradiction detection, I should compare the last utterance to the overall dialogue context. While there was concern about possibly being without electricity, questioning doesn't assert a fact. The statement ""Good electricity is there"" implies positivity, which might seem to conflict with ""It's a quite troubled place."" However, being troubled isn't solely about electricity, so it isn't a strict contradiction. I’m leaning toward saying there’s no contradiction, confirming the best answer is zero. **Finalizing contradiction assessment**

I’m checking if the last sentence, ""Good electricity is there. It's very nice,"" directly contradicts Agent 1's earlier question about whether they are still without electricity. This statement could imply that they are not without power, but it doesn't necessarily contradict the earlier question, which was framed as uncertainty rather than a claim. So, I conclude there's no direct contradiction, and my answer will be ""0."" Let's keep it clear and concise.",1,"**Evaluating contradictions in dialogue**

I need to determine if the last statement contradicts the earlier dialogue context. Agent 1's recent comment, “It's very nice. There's good electricity,” seems at odds with their previous question about electricity availability in Puerto Rico. Earlier, they expressed skepticism with, “Aren't they still without electricity in many regions?” This shift in tone appears contradictory. Additionally, there's a contrast between Agent 0's statement about the troubles of Puerto Rico and Agent 1's positive assertion regarding electricity. **Assessing contradictions in dialogue**

The context indicates that Puerto Rico had electricity issues after the hurricanes. Agent 1’s claim, “There’s good electricity,” contradicts their earlier uncertainty and the suggestion of outages. The task is to determine if the last statement contradicts the dialogue context. Their previous question about electricity availability implies the opposite of good electricity. While the last statement conflicts with “It’s a quite troubled place,” it primarily contradicts their earlier assertion about outages. Therefore, the answer is 1 — there is a contradiction.",grammatical_role,56
"agent 0: Do you like Harry Potter? I have to admit I have not read any books or seen any of the movies. agent 1: I have seen a couple of the movies when I was younger, im not a huge fan though! Everyone seems to love the series, i know it was produced by J.K Rowling. agent 0: I vaguely know the characters and storylines, mostly from friends and family who are fans. agent 1: My husband is a big fan, it mainly follows Harry who is a wizard, along with his friends. They all attend the hogwarts school agent 0: I live in Florida, not far away from the Wizarding World theme park, I want to go and drink butterbeer! agent 1: That sounds amazing! Im also from Fl. But Orlando is a couple hour drive for me, I do enjoy going there. Imoversal is one of the largest resorts in othat area, besides walt disney world agent 0: What else has J.K. Rowling done outside of the Harry Potter series? agent 1: J.K Rowling is a screenwriter and producer. I cant find much information about other work other then harry potter. agent 0: I guess she doesn't want to go away from what made her rich! I wonder how much those movies and books have made. agent 1: I'm sure a lot! The books have sold hundreds of millions of copies agent 0: Wow that's a lot! I've read and enjoyed several of the books.","agent 0: Do you like Harry Potter? I have to admit I have not read any books or seen any of the movies. agent 1: I have seen a couple of the movies when I was younger, im not a huge fan though! Everyone seems to love the series, i know it was produced by J.K Rowling. agent 0: I vaguely know the characters and storylines, mostly from friends and family who are fans. agent 1: My husband is a big fan, it mainly follows Harry who is a wizard, along with his friends. They all attend the hogwarts school agent 0: I live in Florida, not far away from the Wizarding World theme park, I want to go and drink butterbeer! agent 1: That sounds amazing! Im also from Fl. But Orlando is a couple hour drive for me, I do enjoy going there. Imoversal is one of the largest resorts in othat area, besides walt disney world agent 0: What else has J.K. Rowling done outside of the Harry Potter series? agent 1: J.K Rowling is a screenwriter and producer. I cant find much information about other work other then harry potter. agent 0: I guess she doesn't want to go away from what made her rich! I wonder how much those movies and books have made. agent 1: I'm sure a lot! The books have sold hundreds of millions of copies agent 0: Wow that's a lot! Several of the books have been read and enjoyed by me.",1,1,1,1,1,,1,,grammatical_role,57
"agent 0: Green is my favorite color. Do you like green? agent 1: I love green, Green is the color between blue and yellow agent 0: Yes! Green is also one of the main colors in the RGB color model I believe. It is also a great shirt color. agent 1: I have heard Green has a dominant wavelength of roughly 495570 nm agent 0: Interesting! Has green always been common throughout history? I wonder if it was on cave paintings. agent 1: it was! and it is created by a combination of yellow and blue, or yellow and cyan agent 0: Neat! Yes it is fun to paint with yellow and blue to create green. agent 1: You can get so many different beautiful shades by mixing those colors. agent 0: Yeah, but I don't really care for green. Some of the shades can be a bit ugly.","agent 0: Green is my favorite color. Do you like green? agent 1: I love green, Green is the color between blue and yellow agent 0: Yes! Green is also one of the main colors in the RGB color model I believe. It is also a great shirt color. agent 1: I have heard Green has a dominant wavelength of roughly 495570 nm agent 0: Interesting! Has green always been common throughout history? I wonder if it was on cave paintings. agent 1: it was! and it is created by a combination of yellow and blue, or yellow and cyan agent 0: Neat! Yes it is fun to paint with yellow and blue to create green. agent 1: You can get so many different beautiful shades by mixing those colors. agent 0: Yeah, but I don't really care for some of the shades. Green can be a bit ugly.",1,1,0,1,0,"**Analyzing dialogue consistency**

I’m trying to figure out if the last thing agent 0 said contradicts their earlier statements. They initially expressed a liking for green, mentioning it as their favorite color and a great shirt color. Later, they said some shades of green can be ugly. I wonder if that's truly a contradiction; it's possible to have a favorite color while still finding certain shades unattractive. The phrasing about ""some of the shades"" matters too. **Clarifying contradictions in dialogue**

I think the last statement doesn't really contradict the earlier claim of green being a favorite color. It's totally possible to like green overall but still find some shades unattractive. Looking at agent 1's comments, there's no contradiction there either. They mentioned loving green and its position between blue and yellow, which aligns fine. The phrase ""Green can be a bit ugly"" is broad, but when combined with ""some of the shades,"" it shows context, so I see no contradiction.",1,"**Evaluating contradictions in dialogue**

I need to determine if the last statement contradicts what was previously said. The last utterance from agent 0 claims not to care for green after stating it was their favorite. This previous statement clearly stated that green is the favorite color, which means the later comment contradicts it. It’s interesting how opinions can shift in conversation, but in this case, there’s a contradiction present. I'll output a 1 to indicate the contradiction. **Finalizing the response**

I need to note that the previous statements about green and the RGB color model might have inaccuracies. Green is indeed a primary color in RGB, and it’s created through mixing specific colors, which I should clarify. There's also a comment about the dominant wavelength being roughly 495570 nm that has a missing hyphen but isn't critical to the main point. Given everything, I’ll finalize the answer as 1 since inaccuracies do exist.",grammatical_role,58
"agent 0: hello! how are you today? agent 1: i'm fine from alabama, enjoying my tacos and brother. agent 0: that sounds delicious. i am drinking my coffee. agent 1: oh yea? i am liking my tacos then. agent 0: tacos are yummy. just not margaritas. agent 1: oh darn. how many siblings do you have? agent 0: i've 2 sisters. they love pink, i hate pink. agent 1: i happen to have three. and a brother. go figure. agent 0: oh wow. that sounds fun. do you have a bike? agent 1: no no bike. in all labor there is profit, so i guess i could get one. agent 0: yes, that's a good way to look at it. get a mountain bike. agent 1: in the multitude of counselors there is safety. my lovely dog would run behind me. agent 0: i am not sure i understand, but ok then.","agent 0: hello! how are you today? agent 1: i'm fine from alabama, enjoying my tacos and brother. agent 0: that sounds delicious. i am drinking my coffee. agent 1: oh yea? i am liking my tacos then. agent 0: tacos are yummy. just not margaritas. agent 1: oh darn. how many siblings do you have? agent 0: i've 2 sisters. they love pink, i hate pink. agent 1: i happen to have three. and a brother. go figure. agent 0: oh wow. that sounds fun. do you have a bike? agent 1: no no bike. in all labor there is profit, so i guess i could get one. agent 0: yes, that's a good way to look at it. get a mountain bike. agent 1: in the multitude of counselors there is safety. my lovely dog would run behind me. agent 0: ok then, but I am not sure I understand.",0,0,0,0,0,,0,0,grammatical_role,59
"agent 0: When was discovery channel formed? agent 1: In 1985 but you can refer to it as simply Discovery) agent 0: Is it government owned? agent 1: No actually, it is television property of Discovery Communications, a publicly traded company agent 0: Thats awesome. Who founded the company? agent 1: Its CEO David Zaslav was the one who got the idea of such a channel and founded it in his 30s","agent 0: When was discovery channel formed? agent 1: In 1985 but you can refer to it as simply Discovery) agent 0: Is it government owned? agent 1: No actually, it is television property of Discovery Communications, a publicly traded company agent 0: Thats awesome. Who founded the company? agent 1: The idea of such a channel and its foundation in his 30s was got by its CEO David Zaslav.",0,0,0,0,0,,0,,grammatical_role,60
agent 0: well that sucks. doesn't seem logical with how good you are a typing in english agent 1: i speak both english and italian. agent 0: i speak english only,agent 0: well that sucks. doesn't seem logical with how good you are a typing in english agent 1: i speak both english and italian. agent 0: I speak only English.,0,0,0,0,0,,0,"**Analyzing dialogue contradictions**

I need to be careful with determining if the last utterance contradicts the dialogue context. The last utterance from agent 0 is ""I speak English only,"" and I need to consider that alongside agent 1's claim of speaking both English and Italian. These are different speakers, so the task isn't straightforward. Contradicting statements typically occur within the same agent. Since agent 0's statements don't conflict with its earlier context, it seems there's no contradiction here. **Determining contradiction response**

If the previous statement had been ""I speak both English and Italian"" followed by ""I speak English only,"" that would indicate a contradiction. However, since they didn't say that, the answer is clearly 0. There's also an edge case where the first turn mentions, ""doesn't seem logical with how good you are at typing in English."" This might suggest that they're implying agent 1 shouldn't struggle with English typing, but it's not relevant to the contradiction, so I'll stick with the output ""0.""",grammatical_role,61
"agent 0: My niece is super talented lately. agent 1: What is her best talent? agent 0: Art, she was accepted into a special program for high school. agent 1: Does she draw or paint? How any students are in this program?","agent 0: My niece is super talented lately. agent 1: What is her best talent? agent 0: Art, she was accepted into a special program for high school. agent 1: Does she draw or paint? How many students are in the special program for high school?",0,0,0,0,0,,0,"**Evaluating dialogue consistency**

I need to check if the last remark contradicts the context of the dialogue. Agent 0 talks about their niece's talent and acceptance into a special high school program. Then, Agent 1 asks about her specific artistic skills and the number of students in the program. I realize there’s a typo, “How any” should be “How many.” This question seeks more details and doesn’t contradict the previous statements, so the contradiction evaluation is zero.",grammatical_role,62
"agent 0: I love my husband so much I could never cheat on him. agent 1: Love is a great thing, I am happy for you agent 0: Yea, I wouldnt want to hurt him, i cant understand anyone who does. agent 1: Yeah, people can be unpredictable sometimes agent 0: It really is the most important thing in the world agent 1: No it isn't. I think Love is a scam and hate seeing happy couples.","agent 0: I love my husband so much I could never cheat on him. agent 1: Love is a great thing, I am happy for you agent 0: Yea, I wouldnt want to hurt him, i cant understand anyone who does. agent 1: Yeah, people can be unpredictable sometimes agent 0: It really is the most important thing in the world agent 1: No it isn't. I think Love is a scam and hate seeing couples happy.",1,1,1,1,1,"**Evaluating dialogue contradiction**

I need to determine whether the last statement contradicts the dialogue context. The last statement is from agent 1, who says, ""No it isn't. I think Love is a scam..."" This contradicts agent 0's previous claim that love is the most important thing in the world. Therefore, it seems clear that agent 1's denial contradicts the assertion made by agent 0. I'm concluding that the answer to whether it contradicts is 1. **Determining contradiction**

I recognize that the last statement is contradictory to the previous assertion, which states, ""It really is the most important thing in the world."" Thus, the answer is 1. But I need to be cautious here; the contradiction isn't within the same speaker but between agents. Additionally, agent 1 previously expressed a positive sentiment about love but later claimed it's a scam. Overall, I confirm that the final utterance contradicts the context and I’ll output 1.",1,"**Identifying contradictions in dialogue**

I need to determine if the last utterance contradicts any part of the dialogue context. The last utterance says ""No, it isn't,"" which contradicts agent 0’s statement that “It really is the most important thing in the world.” It also goes against agent 1's earlier positive remark, “Love is a great thing, I am happy for you,” since calling love a scam conflicts with that earlier sentiment. Given these contradictions, my answer is 1.",grammatical_role,63
"agent 0: I was surprised to find I loved The Walking Dead. Not my style, usually. Do you watch? agent 1: I tried a few times but found it wasn't for me. I like zombie games though. How about you? I play on the PS4. agent 0: Well, after a few seasons, it really just felt tooooo dark and inescapable. I guess zombies will do that to you...! What's your favorite game? agent 1: I enjoy strategy games the most. One of my favorites is Plants Vs. Zombies. Have you played that one? It's about homeowners that use plants to try and stop zombies from invading. agent 0: I haven't -- but know lots of people who love that one. It's had some longevity too, hasn't it? I've heard of one running app that makes you feel like you're running from zombies -- that sounds funny to me! agent 1: That's true. It has been around for a while. It's made it through iOS, PS3, PS4, etc. Lots of places to play that game. I think that you can even play it on the IPad! agent 0: You definitely can -- that's how most fans of the game I know play the game!","agent 0: I was surprised to find I loved The Walking Dead. Not my style, usually. Do you watch? agent 1: I tried a few times but found it wasn't for me. I like zombie games though. How about you? I play on the PS4. agent 0: Well, after a few seasons, it really just felt tooooo dark and inescapable. I guess zombies will do that to you...! What's your favorite game? agent 1: I enjoy strategy games the most. One of my favorites is Plants Vs. Zombies. Have you played that one? It's about homeowners that use plants to try and stop zombies from invading. agent 0: I haven't -- but know lots of people who love that one. It's had some longevity too, hasn't it? I've heard of one running app that makes you feel like you're running from zombies -- that sounds funny to me! agent 1: That's true. It has been around for a while. It's made it through iOS, PS3, PS4, etc. Lots of places to play that game. I think that you can even play it on the IPad! agent 0: You definitely can -- that's how the game is played by most fans I know!",0,0,0,0,0,,0,"**Evaluating dialogue consistency**

I’m looking at the conversation to see if the last comment contradicts the previous context. Agent 0 shared their experience with The Walking Dead, mentioning it’s not their usual style. Agent 1 dislikes it but enjoys zombie games, particularly Plants Vs. Zombies. They mention its longevity and availability on various platforms, to which Agent 0 agrees. So, I’m wondering if Agent 0's last statement about how fans typically play the game contradicts anything they said before. It seems consistent. **Assessing contradiction in dialogue**

Agent 1 mentioned that the game can be played on the iPad, and Agent 0 confirmed this by saying that most fans they know play it that way. This aligns with what Agent 0 said earlier about not having played the game themselves but knowing many who love it. Since there’s no contradiction, I realize that the answer should be 0. I need to keep my responses simple, just providing the answer without extra explanation.",grammatical_role,64
"agent 0: Hey! ever heard of GNR or Guns N Roses!? agent 1: Guns N' Roses a.k.a GNR are my best American rock band agent 0: OH really!? thats awesome. What is your favorite song? agent 1: Interestingly they had eight-song album ""G N' R Lies"" (1988) which reached number two on the ""Billboard"" 200. agent 0: Oh forreal? Nice! I like the O' Sweet child Of mine song agent 1: More so,They had twin albums ""Use Your Illusion I"" and ""Use Your Illusion II"" (1991) agent 0: Yeah I heard about those. Never listened tho agent 1: Also,they million records worldwide, including 45 million in the United States.","agent 0: Hey! ever heard of GNR or Guns N Roses!? agent 1: Guns N' Roses a.k.a GNR are my best American rock band agent 0: OH really!? thats awesome. What is your favorite song? agent 1: Interestingly they had eight-song album ""G N' R Lies"" (1988) which reached number two on the ""Billboard"" 200. agent 0: Oh forreal? Nice! I like the O' Sweet child Of mine song agent 1: More so,They had twin albums ""Use Your Illusion I"" and ""Use Your Illusion II"" (1991) agent 0: Yeah I heard about those. Never listened tho agent 1: Also, million records worldwide, including 45 million in the United States, they sold.",0,0,0,0,0,"**Analyzing dialogue context**

I need to check if the last statement contradicts the dialogue context. The last utterance mentions ""million records worldwide, including 45 million in the US,"" which seems garbled but doesn't conflict with previous info about the eight-song album ""G N' R Lies"" (1988) reaching number two on the Billboard 200. There aren't any contradictory claims; even if the last statement is incomplete, it aligns with the known fact of GNR's sales, so I'll conclude there’s no contradiction. **Checking contradiction in dialogue**

My task here is to determine if the last statement contradicts the dialogue context rather than external world knowledge. Since the context doesn’t provide specific numbers, there’s no contradiction, so it’s a 0. I consider an edge case where ""million records worldwide"" lacks a specific numeral, but it’s still not contradictory. Therefore, I just need to return a simple 0 as the answer since there isn’t any inconsistency.",0,"**Considering contradiction detection**

I'm thinking about the task of contradiction detection. It seems like nonsense doesn't really contradict, unless it claims something that is opposite. In this case, since there's no assertion to contradict, it looks like the answer would simply be 0. So I should go ahead and return just that — 0. It feels straightforward, but I'll make sure to confirm I'm being clear in my reasoning!",grammatical_role,65
agent 0: One of the hardest times in my life was when I had to leave my husband and daughter when I went through a divorce. agent 1: I am so sorry. I can't imagine what you must have went through. agent 0: I felt like I had no one. The two people I loved most in life I barely saw and was disconnected from. agent 1: That must have been really hard.,agent 0: One of the hardest times in my life was when I had to leave my husband and daughter when I went through a divorce. agent 1: I am so sorry. I can't imagine what you must have went through. agent 0: I felt like I had no one. The two people I loved most in life I barely saw and was disconnected from. agent 1: Really hard that must have been.,0,0,0,0,0,,0,,grammatical_role,66
"agent 0: I was out at dinner with my family, and when coming back to the table from the bathroom I somehow accidentally sat down with a different family. agent 1: That is embarassing, but a good story at least! agent 0: Yeah, it certainly lead to a lot of good natured ribbing from my parents :P agent 1: That is for sure, you can always count on parents for that agent 0: My boyfriend is the one that directed me to the wrong table. agent 1: I'm sure it wasn't embarrassing. I've done way worse.","agent 0: I was out at dinner with my family, and when coming back to the table from the bathroom I somehow accidentally sat down with a different family. agent 1: That is embarassing, but a good story at least! agent 0: Yeah, it certainly lead to a lot of good natured ribbing from my parents :P agent 1: That is for sure, you can always count on parents for that agent 0: My boyfriend is the one that directed me to the wrong table. agent 1: Way worse I've done, I'm sure it wasn't embarrassing.",1,1,1,1,1,"I'm thinking about how the phrase ""I'm sure it wasn't embarrassing"" could be seen as an attempt to reassure someone, but there seems to be a contradiction there. It makes me ponder whether the intention behind the phrase really is to comfort or if it just comes off the wrong way. Since it’s tricky, my best guess is that the answer would still be 1. It's just a small nuance that really catches my attention.",1,,grammatical_role,67
