original_dialog,modified_dialog,modified_label,original_label,modified_pred,original_pred,raw_output,reasoning,original_raw_output,original_reasoning,modification_type,modification_description,type,id
"agent 0: My kids are going into 7th and 8th grade in a couple weeks. They really are growing up well
agent 1: thats good to hear. my kids will returning to school soon as well. I cant wait!
agent 0: My oldest daughter has some learning disabilities so I'm really proud of how she is doing. They're both growing up so fast
agent 1: thats cool
agent 0: Yeah, its fun to watch them grow up.
agent 1: I wish I had kids, it sounds fun.","agent 0: My kids are going into 7th and 8th grade in a couple weeks. They really are growing up well
agent 1: thats good to hear. my kids will returning to school soon as well. I cant wait!
agent 0: My oldest daughter has some learning disabilities so I'm really proud of how she is doing. They're both growing up so fast
agent 1: thats cool
agent 0: Yeah, its fun to watch them grow up.
agent 1: I wish I had offspring, it sounds fun-filled.",1,1,1,1,1,,1,"**Identifying contradictions in dialogue**

I need to check if the last statement contradicts the earlier context of the conversation. In the dialogue, Agent 1 initially claims to have kids, but later expresses a wish to have children. This is definitely a contradiction! It seems the last utterance conflicts with their previous message about having kids. So, yes, it’s clear there’s a contradiction here. My conclusion is 1; the statement contradicts the prior claims.",compound_word,modified to use compound words,compound_word,0
"agent 0: Bought two pairs of shoes recently.
agent 1: What brand are they?
agent 0: Yeezy's, the worst part is the second pair of shoes were both right footed.","agent 0: Bought two pairs of shoes recently.
agent 1: What brand are they?
agent 0: Yeezy's, the worst part is the second pair of shoes were both right-footed.",0,0,0,0,0,"**Assessing dialogue consistency**

I need to figure out if the last statement contradicts the earlier dialogue. Starting with the first line, agent 0 mentions buying two pairs of shoes, which means four shoes total. Agent 1 follows up asking for the brand, and agent 0 replies with ""Yeezy's."" Then, agent 0 states the second pair was both right-footed. That sounds odd but isn't a contradiction. The grammar about ""were both right-footed"" seems off, but it doesn’t contradict earlier claims regarding the brand. **Checking for contradictions**

I'm assessing whether the ""two pairs"" statement contradicts the mention of Yeezy's in singular form. It doesn’t contradict since he could have bought two pairs of Yeezy's. Now, looking at ""the second pair of shoes were both right-footed,"" that might seem tricky. However, it's possible to have two right-foot shoes in a pair, and there’s no rule saying they had to be a matched set. Everything checks out with the dialogue context, so my final answer is 0. No contradictions.",0,"**Clarifying shoe pairs**

I'm considering the grammar of the phrase ""second pair of shoes were both right footed."" It suggests that I have two right shoes in that pair, which aligns with having bought two pairs. There's no contradiction here. Therefore, the answer should be 0, indicating that the phrase isn't contradicted by anything. So, I'll just provide the output as ""0.""",compound_word,modified to use compound words,compound_word,1
"agent 0: watching football is one of my favorite things to do.
agent 1: I'm not a huge fan of American football, or the gridiron.
agent 0: I really just like watching my local team.
agent 1: American football actually originated from rugby football.
agent 0: OH really? I didn't know that!
agent 1: Yes! And the first match was played in 1869 between 2 college teams.
agent 0: Wow I didn't realize how far back the sport went.
agent 1: Yes, its been around for quite a while. SInce the mid 19th century in Britain
agent 0: I guess they had to figure out stuff to do to keep them entertained.","agent 0: watching football is one of my favorite things to do.
agent 1: I'm not a huge fan of American football, or the gridiron.
agent 0: I really just like watching my local team.
agent 1: American football actually originated from rugby football.
agent 0: OH really? I didn't know that!
agent 1: Yes! And the first match was played in 1869 between 2 college teams.
agent 0: Wow I didn't realize how far back the sport went.
agent 1: Yes, its been around for quite a while. SInce the mid 19th century in Britain
agent 0: I guess they had to figure out pastimes to keep them entertained.",0,0,0,0,0,"**Evaluating context in communication**

I'm considering the last utterance in relation to the context. It seems like they had to come up with pastimes for entertainment, which fits smoothly. So, there's no conflict, and I'm thinking it might lead to an answer of 0. I wonder about edge cases, like whether ""pastimes"" as a compound word would change anything, but it looks like it doesn't really matter here since they mentioned ""compound words."" Overall, I'm settling on the answer being 0.",0,,compound_word,modified to use compound words,compound_word,2
"agent 0: Hey there! I really love the color green. You?
agent 1: Yes green is my favorite color! It's between blue and yellow on the visible spectrum.
agent 0: Haha, very true. My favorite shade would have to be forest green because it's such a rich color.
agent 1: Yes forest green is lovely. There are so many varieties of green that differ in hue or tone.
agent 0: Yeah, for sure. My least favorite shade would have to be olive green. I had a really ugly chair that color when I was growing up. What shade do you think is the worst?
agent 1: I like Olive green. Many shades of green are named after plants! Probably the one I don't like the most is sea foam green.
agent 0: Yeah I think that one is pretty horrible too. It just doesn't appeal to me at all. What is your favorite shade?
agent 1: My favorite would have to be sea foam green. I've always thought it was such a pretty color.","agent 0: Hey there! I really love the color green. You?
agent 1: Yes green is my favorite color! It's between blue and yellow on the visible spectrum.
agent 0: Haha, very true. My favorite shade would have to be forest green because it's such a rich color.
agent 1: Yes forest green is lovely. There are so many varieties of green that differ in hue or tone.
agent 0: Yeah, for sure. My least favorite shade would have to be olive green. I had a really ugly chair that color when I was growing up. What shade do you think is the worst?
agent 1: I like Olive green. Many shades of green are named after plants! Probably the one I don't like the most is sea foam green.
agent 0: Yeah I think that one is pretty horrible too. It just doesn't appeal to me at all. What is your favorite shade?
agent 1: My favorite would have to be sea foam green. I've always thought it was such a picture-perfect color.",1,1,1,1,1,"**Evaluating contradictions in dialogue**

I need to check if the last statement contradicts earlier dialogue about preferences. Agent 1 previously said they dislike sea foam green and later claimed it as their favorite. This is a clear contradiction. The last utterance is about liking sea foam green, which directly conflicts with their earlier statement that it’s their least preferred color. I’ll conclude that this statement contradicts the prior context, noting that it’s clear and straightforward. 1",1,"**Evaluating dialogue consistency**

I need to check if the last statement contradicts what was said earlier. Agent 1 mentioned that their favorite color is sea foam green, but they also stated earlier that it’s the one they dislike the most. That’s clearly a contradiction! It means they can’t like a color that they previously claimed to dislike. So, I’ll mark the response as inconsistent, and simply output ""1"" as the final answer.",compound_word,modified to use compound words,compound_word,3
"agent 0: I was terrified when I watched that horror movie
agent 1: which one was it
agent 0: It was Scream","agent 0: I was terrified when I watched that horror movie
agent 1: which one was it
agent 0: It was Scream-fest",0,0,0,0,0,,0,,compound_word,modified to use compound words,compound_word,4
"agent 0: i'm a good person like working with the senior
agent 1: oh. you sound like a friendly guy. old people get on my nerves though
agent 0: i know. they're always curling in the squat rack
agent 1: Well you have to make allowances for age. You'll be there someday. My roommate is getting up there.
agent 0: do you like to watch mma? i do
agent 1: I can watch it. I'm not really into it though.
agent 0: oh. do you even lift, bro?
agent 1: I do lift and that's why I love MMA
agent 0: MMA is so boring to watch though","agent 0: i'm a good person like working with the senior
agent 1: oh. you sound like a friendly guy. old people get on my nerves though
agent 0: i know. they're always curling in the squat rack
agent 1: Well you have to make allowances for age. You'll be there someday. My roommate is getting up there.
agent 0: do you like to watch mma? i do
agent 1: I can watch it. I'm not really into it though.
agent 0: oh. do you even lift, bro?
agent 1: I do lift and that's why I love MMA
agent 0: MMA is so mind-numbingly boring to watch though",1,1,1,1,1,"**Analyzing contradictions**

I'm noticing a conflict in the statement about MMA being boring to watch. On one hand, someone could express, ""I do like to watch MMA,"" but then call it boring, which seems contradictory. While someone can enjoy something that might be boring, typically, if it’s described as ""mind-numbingly boring,"" they probably wouldn’t enjoy it. I also see inconsistency in agent1's statements about their interests. However, we're focused on whether the last statement contradicts its prior context. In this case, it does seem contradictory.",1,"**Clarifying statements**

I'm thinking about the phrase ""MMA is so boring to watch though."" I wonder if it could be said sarcastically, but it seems unlikely. Therefore, my main conclusion is that we just need to produce the number '1' as the response. It's pretty straightforward once I dissect it!",compound_word,modified to use compound words,compound_word,5
"agent 0: Hi, apparently I'm an accountant
agent 1: Oh hey there! I like Hi-5?
agent 0: What's that?
agent 1: It' an Australian children musical team from 1998! What all do you do?
agent 0: I suppose accounting. Such different topics!
agent 1: Its pretty much all the same:) I love Australian TV. Especially Play School.
agent 0: Is that like the equivalent of Barney in the US?
agent 1: Yes except there are all adults singing children's songs
agent 0: I work as a teacher so I know a lot of children's song","agent 0: Hi, apparently I'm an accountant
agent 1: Oh hey there! I like Hi-5?
agent 0: What's that?
agent 1: It' an Australian children musical team from 1998! What all do you do?
agent 0: I suppose accounting. Such different topics!
agent 1: Its pretty much all the same:) I love Australian TV. Especially Play School.
agent 0: Is that like the equivalent of Barney in the US?
agent 1: Yes except there are all adults singing children's songs
agent 0: I work as a teacher so I know a lot of children's sing-along songs",1,1,1,1,1,,1,"**Evaluating dialogue consistency**

I need to check if the last statement contradicts what was previously established in the dialogue. Agent 0 first claimed to be an accountant, and then stated, ""I work as a teacher."" This seems contradictory unless they are a part-time teacher, which wasn't mentioned. However, it looks more like a contradiction, especially with the minor grammar issue of “song” versus “songs.” I conclude that the last utterance contradicts the earlier information, so my final answer is 1.",compound_word,modified to use compound words,compound_word,6
"agent 0: My wife has been out of the country for school for a while. Dropping her off at the airport was really hard.
agent 1: Do you guys get to talk a lot?
agent 0: Yeah, we talk by text all the time and call every day. It's still hard though, we haven't been apart longer than a couple days since we met.
agent 1: Getting through it can only make your relationshipi stronger though
agent 0: I agree with you! I already feel like we are closer than ever because we talk everyday.
agent 1: Good luck, I'm praying for you! Long distance relationships rarely work out at the end. Being apart has weakened and ended many of my friend's relationships.","agent 0: My wife has been out of the country for school for a while. Dropping her off at the airport was really hard.
agent 1: Do you guys get to talk a lot?
agent 0: Yeah, we talk by text all the time and call every day. It's still hard though, we haven't been apart longer than a couple days since we met.
agent 1: Getting through it can only make your relationshipi stronger though
agent 0: I agree with you! I already feel like we are closer than ever because we talk everyday.
agent 1: Good luck, I'm praying for you! Long-distance relationships rarely work out in the end. Being apart has weakened and ended many of my friend's relationships.",1,1,1,1,1,"**Analyzing dialogue contradiction**

I'm tasked with figuring out if the last statement contradicts the dialogue context. The context includes an earlier claim that “can only make your relationship stronger” versus “rarely work out.” These two ideas can't both be true; they contradict. The first is general while the second indicates that relationships often don't succeed. Even if the problem expects contradiction with the last utterance contradicting previous context, it still contradicts an earlier statement. So, I’ll conclude with output 1.",1,"**Evaluating contradictions**

I'm noticing some inconsistencies here. If being apart can strengthen a relationship, then it can't also weaken it and lead to an end — that's a contradiction. Agent 0 mentioned feeling closer due to daily talks, which aligns with that idea. However, Agent 1's own statements contradict that sentiment. So, when determining if the last utterance contradicts the dialogue context, I conclude that it does contradict earlier claims from Agent 1. So, my answer would be contradiction.",compound_word,modified to use compound words,compound_word,7
"agent 0: 5
agent 1: 8
agent 0: Opps. Ok, i mean that I was sad the other day because a friend is moving.
agent 1: Is it far away_
agent 0: not to far, but it's still sad to see her go.
agent 1: It's always sad when a friend moves away.
agent 0: I am happy she is moving. I didn't like her anyway.","agent 0: 5
agent 1: 8
agent 0: Opps. Ok, i mean that I was sad the other day because a friend is moving.
agent 1: Is it far away_
agent 0: not to far, but it's still sad to see her go.
agent 1: It's always sad when a friend moves away.
agent 0: I am happy she is relocating. I didn't appreciate her company anyway.",1,1,1,1,1,"**Analyzing dialogue context**

I need to determine if the last statement contradicts the previous dialogue. Looking at what agent 0 and agent 1 said, agent 0 expressed being sad about a friend's move. However, later, agent 0 says they are happy about the relocation. This change seems contradictory. It’s possible their feelings shifted, but it feels typical to notice contradictions. So, yes, the last utterance does contradict the earlier statements, confirming I should mark it as such.",1,"**Assessing dialogue contradiction**

I need to check if the last statement contradicts previous context in the dialogue. Agent 0 said they were sad about a friend moving, stating it was still sad to see her go. However, they then claimed they were happy about her moving and didn’t like her anyway. This is indeed a contradiction—feeling sad versus feeling happy about the same situation. While it's possible to feel both, in this case, it seems directly contradictory. 1",compound_word,modified to use compound words,compound_word,8
"agent 0: i could eat pasta everyday, and i love chicken too
agent 1: cool! what do you do for a living again?
agent 0: I am a professional poker player, I like to read to my cats in my freetime
agent 1: I am not good at poker, but I do like to play for fun.
agent 0: I like to use my poker winnings to buy tuna. It's my favorite food.","agent 0: i could eat pasta everyday, and i love chicken too
agent 1: cool! what do you do for a living again?
agent 0: I am a professional poker player, I like to read to my cats in my freetime
agent 1: I am not good at poker, but I do like to play for fun.
agent 0: I like to use my poker winnings to buy tuna-fish. It's my favorite food.",0,0,0,0,0,"**Analyzing dialogue consistency**

I'm trying to see if the last statement about liking tuna-fish contradicts earlier claims from agent 0 about pasta and chicken. They said they could eat pasta daily and love chicken, but that doesn't have to conflict with declaring tuna-fish as their favorite. Liking tuna-fish just implies it's their top choice. So overall, it's not directly contradictory. Also, agent 0 mentions reading to their cats, which fits well along with the tuna-fish buying. So it all seems consistent! **Confirming alignment in statements**

I'm looking at whether claiming to be a professional poker player aligns with using poker winnings to buy tuna-fish. It seems like there's no contradiction here. Also, when agent 0 mentions that pasta could be eaten every day, it doesn't imply it's their favorite, just that they enjoy it regularly. So, I conclude there’s consistent reasoning. The response should be a simple ""0,"" so I’ll output that!",0,"**Analyzing food preferences**

I'm noticing a potential inconsistency here. If tuna is described as the favorite food, then the earlier statement about being able to eat pasta every day doesn't claim it's a favorite. Plus, saying ""I love chicken too"" doesn't assert it's a favorite either. So, there isn't really a contradiction. I think the answer is 0 in this case. I’ll finalize it based on this understanding!",compound_word,modified to use compound words,compound_word,9
"agent 0: Chocolate makes people happy, don't you agree?
agent 1: I think Chocolate is a key to happiness! It's so sweet, those roasted cacao seeds are a blessing for us.
agent 0: We have a chocolate factory in the town where i leave. I think it feeds my love of chocolate.
agent 1: Have you ever had the seeds from the cacao tree? Before they are processed they are pretty bitter and are fermented before being processed into chocolate.
agent 0: No I have not. Where do you purchase them?
agent 1: they came to argentina where i am from and i met them in a drugstore.
agent 0: You met who in a drugstore?
agent 1: Sorry, I got the cacao seeds there.
agent 0: Ah I see. I've never seen them in a drug store around here. I will ask my twin sister though. She works at a drug store.
agent 1: If you can't find them locally, you can always find them online.
agent 0: That's a good idea. I do a lot of shopping on amazon. Have you started Christmas shopping yet?
agent 1: No, but I need to get started. Have you?
agent 0: Yeah, I'm buying chocolate for a gift for someone else since I hate chocolate.","agent 0: Chocolate makes people happy, don't you agree?
agent 1: I think Chocolate is a key to happiness! It's so sweet, those roasted cacao seeds are a blessing for us.
agent 0: We have a chocolate factory in the town where i leave. I think it feeds my love of chocolate.
agent 1: Have you ever had the seeds from the cacao tree? Before they are processed they are pretty bitter and are fermented before being processed into chocolate.
agent 0: No I have not. Where do you purchase them?
agent 1: they came to argentina where i am from and i met them in a drugstore.
agent 0: You met who in a drugstore?
agent 1: Sorry, I got the cacao seeds there.
agent 0: Ah I see. I've never seen them in a drug store around here. I will ask my twin sister though. She works at a drug store.
agent 1: If you can't find them locally, you can always find them online.
agent 0: That's a good idea. I do a lot of shopping on amazon. Have you started Christmas shopping yet?
agent 1: No, but I need to get started. Have you?
agent 0: Yeah, I'm buying chocolate for a gift for someone else since I detest chocolate.",1,1,1,1,1,"**Determining contradictions in dialogue**

I need to check if the last statement contradicts the earlier context. Agent 0 starts off by saying chocolate makes people happy and claims to love chocolate. However, in the end, they say they detest chocolate while buying it for someone else. This creates a contradiction because they previously expressed love for chocolate. The dialogue has a small error, but it doesn’t change the contradiction. So, the answer is yes, there is a contradiction.",1,,compound_word,modified to use compound words,compound_word,10
"agent 0: I lost my job because my company didn't pay rent at our location.
agent 1: oh that is so wrong. How are you handling it?
agent 0: Not very well. It makes me so angry. So I go work out to relieve the stress.","agent 0: I lost my job because my company didn't pay rent at our location.
agent 1: oh that is so wrong. How are you handling it?
agent 0: Not very well. It makes me so angry. So I go power-walk to relieve the stress.",0,0,0,0,0,,0,,compound_word,modified to use compound words,compound_word,11
"agent 0: I've been out of a job for a while but someone I know has offered me an opportunity to do some work in my field
agent 1: Wow! What field are you going to be working in?
agent 0: Statistics. I am going to help a real estate company build models to predict house values","agent 0: I've been out of a job for a while but someone I know has offered me an opportunity to do some work in my field
agent 1: Wow! What field are you going to be working in?
agent 0: Statistics. I am going to help a real estate company build data-driven models to predict house values",0,0,0,0,0,0,0,"**Confirming model evaluation**

I’m realizing that there's consistency here. The field is likely Statistics, especially since the job involves building predictive models for real estate, which fits within that area. So, there’s no contradiction in my assessment. It seems clear we only need to provide a simple output: either 0 or 1. Since everything checks out, I’m concluding it should be 0.",compound_word,modified to use compound words,compound_word,12
"agent 0: I went to a play recently that was unconventional in a really fun way. It actually took place at a pool.
agent 1: that sounds cool.
agent 0: It was an adaptation of ""The Last Unicorn"". It had parts that took place in the water, and parts that took place on a giant trapeze!","agent 0: I went to a play recently that was unconventional in a really fun way. It actually took place at a pool.
agent 1: that sounds cool.
agent 0: It was an adaptation of'The Last Unicorn'. It had parts that took place in the water, and parts that took place on a giant high-wire trapeze!",0,0,0,0,0,"**Determining edge cases**

I’m concluding that we just output 0. I’m checking for any internal contradictions, and it seems there aren’t any. So, it’s a clear decision – just stick with 0. I also want to keep things simple, avoiding heavy formatting, so it’s really just the number 0 that needs to be presented. That feels straightforward, and it keeps things clean and easy to understand.",0,,compound_word,modified to use compound words,compound_word,13
"agent 0: Green is my favorite color. Do you like green?
agent 1: I love green, Green is the color between blue and yellow
agent 0: Yes! Green is also one of the main colors in the RGB color model I believe. It is also a great shirt color.
agent 1: I have heard Green has a dominant wavelength of roughly 495570 nm
agent 0: Interesting! Has green always been common throughout history? I wonder if it was on cave paintings.
agent 1: it was! and it is created by a combination of yellow and blue, or yellow and cyan
agent 0: Neat! Yes it is fun to paint with yellow and blue to create green.
agent 1: You can get so many different beautiful shades by mixing those colors.
agent 0: Yeah, but I don't really care for green. Some of the shades can be a bit ugly.","agent 0: Green is my favorite color. Do you like green?
agent 1: I love green, Green is the color between blue and yellow
agent 0: Yes! Green is also one of the main colors in the RGB color model I believe. It is also a great shirt color.
agent 1: I have heard Green has a dominant wavelength of roughly 495570 nm
agent 0: Interesting! Has green always been common throughout history? I wonder if it was on cave paintings.
agent 1: it was! and it is created by a combination of yellow and blue, or yellow and cyan
agent 0: Neat! Yes it is fun to paint with yellow and blue to create green.
agent 1: You can get so many different beautiful shades by mixing those colors.
agent 0: Yeah, but I don't really care for green. Some of the shades can be a bit off-putting.",1,1,1,1,1,"**Evaluating dialogue consistency**

I need to figure out if the last statement contradicts the context of the previous dialogue. Agent 0 starts by saying that green is their favorite color, which indicates a clear preference. However, later, they state they don't really care for green and find some shades off-putting. That's definitely a contradiction! So, when asked if the last statement contradicts the earlier context, the answer is yes. I need to confirm this clearly! **Invalidating earlier information**

I'm noticing that there might be some incorrect information mentioned earlier. While it's true that green is one of the main colors in the RGB model, the statement about its dominant wavelength being roughly 495570 nm seems a bit off. And the part about green being created from a combination of yellow and blue isn't directly relevant. Overall, I need to decide if the last statement passes consistency checks and conclude with a final output of 1.",1,"**Determining contradictions in dialogue**

I need to check if the last statement contradicts what was said earlier. Agent 0 first says, ""Green is my favorite color,"" which indicates a liking for green. Later, they contradict this by saying, ""I don't really care for green."" This is a clear contradiction by the same speaker. I’m thinking it might be a change of opinion, but generally, a contradiction means inconsistency with previous claims, so I conclude the answer must be 1.",compound_word,modified to use compound words,compound_word,14
"agent 0: My wife called me this morning and told me she scored a new job with Microsoft!
agent 1: that's amazing! She must be excited.
agent 0: She is so excited. She's even making more than I am.","agent 0: My wife called me this morning and told me she scored a new job with Microsoft!
agent 1: that's amazing! She must be excited.
agent 0: She is over-the-moon excited. She's even making more than I am.",0,0,0,0,0,,0,,compound_word,modified to use compound words,compound_word,15
"agent 0: Hello good evening! how is everything going on? i have trouble sleeping so i listen to Elvis Presley! i know weird Elvis makes me sleep
agent 1: Nothing weird. Listening to the king of rock and roll, would definitely help in coping with every bit of life events
agent 0: Yes! so you are a fan? my mom met elvis in Las Vegas in 1954, thats why i love him so much!
agent 1: Wow, impressive. Good chance your mom had. I have read that one of the strongest relationships Elvis had was with his mother Gladys. Moms are special
agent 0: Yeah, I love my mom dearly, I wonder if elvis mom pushed him in to the music carrer?
agent 1: I dont know anything about Elvis and his mom relationship.","agent 0: Hello good evening! how is everything going on? i have trouble sleeping so i listen to Elvis Presley! i know weird Elvis makes me sleep
agent 1: Nothing weird. Listening to the king of rock and roll, would definitely help in coping with every bit of life events
agent 0: Yes! so you are a fan? my mom met elvis in Las Vegas in 1954, thats why i love him so much!
agent 1: Wow, impressive. Good chance your mom had. I have read that one of the strongest relationships Elvis had was with his mother Gladys. Moms are special
agent 0: Yeah, I love my mom dearly, I wonder if elvis mom pushed him in to the music carrer?
agent 1: I don't know anything about Elvis and his mother-son relationship.",1,1,1,1,1,,1,,compound_word,modified to use compound words,compound_word,16
"agent 0: hello. how are you today?
agent 1: not sure if you knew this, but i love chocolate!
agent 0: awesome! me too! i also love classical music.
agent 1: really? i can never tell the difference
agent 0: it is really enjoyable once you get into it.
agent 1: Eating chocolate and listening to Mozart is absolutely great!
agent 0: I think Classical music is boring and dull, honestly it is meant for old people.","agent 0: hello. how are you today?
agent 1: not sure if you knew this, but i love chocolate!
agent 0: awesome! me too! i also love classical music.
agent 1: really? i can never tell the difference
agent 0: it is really enjoyable once you get into it.
agent 1: Eating chocolate and listening to Mozart is absolutely great!
agent 0: I think Classical music is boring and lacklustre, honestly it is meant for old people.",1,1,1,1,1,"**Evaluating contradictions in dialogue**

I'm analyzing whether the last statement contradicts the previous dialogue. In the conversation, agent 0 first expresses their enjoyment of classical music, saying it's enjoyable and loving it. However, in the last utterance, agent 0 calls classical music boring and says it's meant for older people. This seems contradictory since agent 0 initially conveyed enthusiasm for classical music. I need to clarify how that shift in sentiment occurs between the earlier and later comments. **Identifying contradiction in statements**

The final sentence claims that classical music is boring and only for old people, which definitely contradicts what agent 0 said earlier. This creates a clear contradiction in their sentiment. I wonder if there could be any nuance, like sarcasm, but that doesn’t seem to fit here. The shift from previous enjoyment of classical music to calling it lackluster is straightforward and can't be explained as anything but a contradiction. So I conclude it's contradiction, just as I suspected.",1,"**Identifying contradictions in dialogue**

I need to figure out if the last statement conflicts with the dialogue context. Agent 0 initially expresses a fondness for chocolate and classical music. They even say it’s enjoyable, but later they claim classical music is boring and dull, stating it's for old people. This shift definitely contradicts their earlier positive comments about classical music. So, yes, there is a contradiction in Agent 0's statements regarding their feelings about classical music.",compound_word,modified to use compound words,compound_word,17
"agent 0: A guy cut us off in the car today and almost made us get in a car accident.
agent 1: Did you follow him home and confront him?
agent 0: Oh no! I dont care for road rage. I am just glad we were safe!
agent 1: good! glad you all are safe. so whats your hobbies now?
agent 0: I love to ride horses!
agent 1: i used to ride horses, but i have not in a while!
agent 0: It is such a fun experience. I would like to own one of my own one day.
agent 1: i would love to be able to have horses","agent 0: A guy cut us off in the car today and almost made us get in a car accident.
agent 1: Did you follow him home and confront him?
agent 0: Oh no! I dont care for road rage. I am just glad we were safe!
agent 1: good! glad you all are safe. so whats your hobbies now?
agent 0: I love to ride horses!
agent 1: i used to ride horses, but i have not in a while!
agent 0: It is such a fun experience. I would like to own one of my own one day.
agent 1: i would love to be able to have racehorses",0,0,0,0,0,,0,"**Evaluating dialogue consistency**

I need to check if the last utterance conflicts with the context. The line ""I would love to be able to have horses"" from agent 1 doesn’t contradict their earlier statement about having ridden horses in the past. Agent 0 also expressed a desire to own a horse one day, which aligns perfectly. Reviewing the overall conversation, I see no contradictions. Therefore, it's safe to conclude that there is no contradiction. I'll just output 0.",compound_word,modified to use compound words,compound_word,18
"agent 0: My dad was a big fan of Guns N' Roses, they're a hard rick band that was from Los Angeles.
agent 1: They are a great band i think welcome to the jungle is their best song
agent 0: I'm pretty unfamiliar with them, the only song of their's that i really know is Sweet Child o' Mine"", which was their only single to reach #1 on the Hot 100.
agent 1: That is a great song as well. who is their singer again?
agent 0: Their lead singer is Axl Rose, while their lead guitarist is Slash.
agent 1: slash is great! i love his solos
agent 0: Yeah he sounds a bit more familiar to me. HE released 3 solo albums ""Slash,"" ""Apocalyptic Love"", and ""World on Fire."" All since 2010.
agent 1: Those albums are all classic's, I remember the first time hearing all three.
agent 0: I am not too familiar with the guitarist slash, I wouldn't be able to tell the sound.","agent 0: My dad was a big fan of Guns N' Roses, they're a hard rick band that was from Los Angeles.
agent 1: They are a great band i think welcome to the jungle is their best song
agent 0: I'm pretty unfamiliar with them, the only song of their's that i really know is Sweet Child o' Mine"", which was their only single to reach #1 on the Hot 100.
agent 1: That is a great song as well. who is their singer again?
agent 0: Their lead singer is Axl Rose, while their lead guitarist is Slash.
agent 1: slash is great! i love his solos
agent 0: Yeah he sounds a bit more familiar to me. HE released 3 solo albums ""Slash,"" ""Apocalyptic Love"", and ""World on Fire."" All since 2010.
agent 1: Those albums are all classic's, I remember the first time hearing all three.
agent 0: I am not too familiar with the guitar-virtuoso Slash, I wouldn't be able to tell the sound.",1,1,0,0,0,,0,"**Analyzing contradiction in dialogue**

I need to figure out if the last statement contradicts the conversation context. The last thing agent 0 said was, ""I am not too familiar with the guitarist Slash."" Earlier, they mentioned, ""he sounds a bit more familiar to me"" and provided details about Slash’s solo albums. While saying ""a bit more familiar"" and ""not too familiar"" might not be direct contradictions, the specific details suggest some level of familiarity. So, ""not too familiar"" could just mean not very familiar but still know some facts. **Examining familiarity statements**

The phrase ""I wouldn't be able to tell the sound"" implies a lack of identification with the guitarist's sound, which could still align with being ""not too familiar."" Earlier details about three solo albums don’t guarantee they can identify his sound. The statement ""Yeah, he sounds a bit more familiar to me"" suggests some recognition. However, when they say ""I am not too familiar,"" this isn’t necessarily contradictory. It might mean they are more familiar compared to someone else, like Axl. The context needs these nuances! **Clarifying familiarity and statements**

The mention of three solo albums suggests familiarity, while saying ""he sounds a bit more familiar"" could mean they recognize him compared to other band members. That phrase implies some knowledge, but saying ""not too familiar"" suggests limited familiarity. Both can be true: they may know details but not the actual sound. So, it doesn't seem to contradict. There’s a typo in ""hard rick band,"" but overall, everything checks out, and I conclude that the last statement is indeed consistent with the context. **Reviewing unfamiliarity statements**

I want to double-check the task requirements about contradictions. Earlier, agent 0 mentioned, ""I'm pretty unfamiliar with them,"" specifically noting that the only song they knew was ""Sweet Child o' Mine."" This shows initial unfamiliarity with the band. However, later references to Slash's solo albums could seem contradictory, but knowing some details about a member doesn't mean complete familiarity. When they say ""I am not too familiar with the guitarist Slash,"" it aligns with that earlier unfamiliarity. So, I conclude there’s no contradiction here. **Evaluating familiarity statements**

I’m looking at the line ""Yeah, he sounds a bit more familiar to me"" versus ""I am not too familiar with the guitarist Slash."" These two statements aren't necessarily contradictory. The first could imply familiarity relative to other band members, like those from Guns N' Roses, yet still indicate that overall familiarity remains limited. So, they can coexist without conflicting. I conclude that there’s no contradiction here, and I'll output 0.",compound_word,modified to use compound words,compound_word,19
"agent 0: my name is penny what are you up to?
agent 1: hiding from my sister, she's madonna
agent 0: WHAT'S YOUR NAME?
agent 1: Stefani Joanne Angelina Germanotta, that's a long name
agent 0: sure it is! why are you hiding from madonna?","agent 0: my name is penny what are you up to?
agent 1: hiding from my sister, she's madonna
agent 0: WHAT'S YOUR NAME?
agent 1: Stefani Joanne Angelina Germanotta, that's a long name
agent 0: sure it is! why are you playing hide-and-seek from madonna?",0,0,0,0,0,"**Analyzing dialogue consistency**

I'm thinking about whether the last statement contradicts the dialogue context. It doesn't seem to contradict because ""playing hide-and-seek"" feels playful and not strictly contradictory. I’m checking for anything explicit that negates previous statements or capitalizations, but I don’t see that. Answering with 0 seems correct. An edge case is where ""she's madonna"" could imply that Madonna is a familial name, but overall, it still leads back to 0. So, let's go with 0.",0,,compound_word,modified to use compound words,compound_word,20
"agent 0: Green is my favorite color. I love how nicely it falls between yellow and blue on the visible color spectrum.
agent 1: I love green as well. Do you like a particular shade of green?
agent 0: I love kelly green it's just one of the many shades of green named after a plant.
agent 1: That is a great color. Where do you like to see green the most? On cars, clothing?
agent 0: I love green on clothing. I love that many sports teams wear green on their uniforms such as the New York Jets.
agent 1: That's a great way to wear green. What is your least favorite color?
agent 0: I have to say brown... it' just so drab and boring... What about you?
agent 1: I hate green. Feels like the color of sickness!!!","agent 0: Green is my favorite color. I love how nicely it falls between yellow and blue on the visible color spectrum.
agent 1: I love green as well. Do you like a particular shade of green?
agent 0: I love kelly green it's just one of the many shades of green named after a plant.
agent 1: That is a great color. Where do you like to see green the most? On cars, clothing?
agent 0: I love green on clothing. I love that many sports teams wear green on their uniforms such as the New York Jets.
agent 1: That's a great way to wear green. What is your least favorite color?
agent 0: I have to say brown... it' just so drab and boring... What about you?
agent 1: I hate green. Feels like the color of seasickness!!!",1,1,1,1,1,,1,,compound_word,modified to use compound words,compound_word,21
"agent 0: Harry Potter books have attracted adult and young readers, and they helped young readers learn to enjoy reading.
agent 1: I actually read those books in Middle School. I enjoyed them.
agent 0: I am not a fantasy fiction lover, but I work with people who are part of the Harry Potter fandom. they engage in Harry Potter role playing games and such! Do you
agent 1: No, I'm not. Although, I do think that it is fun to dress up and pretend.
agent 0: I guess it's like make blieve, where you get to do something fun and creative, not a chore.
agent 1: True. It gives people a chance to break out their normal routines and engage in their own worlds of fantasy.
agent 0: Yes. I feel it's kind of like dressing up for Comic-Con which is an event I'd love to go to.
agent 1: I don't think I'd like a place like that. Dressing up in strange costumes that don't resemble normal clothing is weird to me.","agent 0: Harry Potter books have attracted adult and young readers, and they helped young readers learn to enjoy reading.
agent 1: I actually read those books in Middle School. I enjoyed them.
agent 0: I am not a fantasy fiction lover, but I work with people who are part of the Harry Potter fandom. they engage in Harry Potter role playing games and such! Do you
agent 1: No, I'm not. Although, I do think that it is fun to dress up and pretend.
agent 0: I guess it's like make blieve, where you get to do something fun and creative, not a chore.
agent 1: True. It gives people a chance to break out their normal routines and engage in their own worlds of fantasy.
agent 0: Yes. I feel it's kind of like dressing up for Comic-Con which is an event I'd love to go to.
agent 1: I don't think I'd like a place like that. Dressing up in outlandish costumes that don't resemble everyday clothing is weird to me.",1,1,0,0,0,,0,"**Assessing contradictions**

I'm trying to figure out if the last statement contradicts what was said before. Agent 1 mentioned earlier that they enjoy dressing up and pretending, but then they describe dressing in strange costumes as weird. I see a potential contradiction here. On one hand, they think it’s fun to dress up, but then they find these particular costumes weird. It's interesting to ponder how one can enjoy dressing up while simultaneously finding some costumes odd. **Exploring potential inconsistencies**

I think it’s possible for both statements to be true. They might enjoy dressing up in general but find the strange costumes at Comic-Con weird, which leads them to think they wouldn’t like it there. The earlier comment suggests they enjoy dressing up, while the later one indicates discomfort with extreme costumes. It might be an inconsistency rather than a contradiction, as ""weird"" doesn’t always mean ""not fun."" Despite the tension, they're not strictly contradicting themselves. **Analyzing compatibility of statements**

I'm considering the user's statements. They mentioned that they think dressing up is fun, but then say that strange costumes are weird to them. If we view ""fun"" and ""weird"" as compatible, then that’s not really a contradiction. Additionally, Agent 0 loves the idea of Comic-Con, while Agent 1 doesn’t, which also doesn’t contradict their earlier claims besides the dressing up aspect. I double-checked, and Agent 1's response about not being part of the fandom aligns too. So, I’ll conclude there’s no contradiction here.",compound_word,modified to use compound words,compound_word,22
"agent 0: Have you ever heard of Dylan's Candy Bar? It's a great candy shop that started in New York, and now is in different cities.
agent 1: I have heard about it. I bet it has delicious treats. Who started it?
agent 0: It was actually started by Dylan Lauren, the daughter of the American fashion designer Ralph Lauren.
agent 1: That's interesting. I wonder what gave her the idea to start it?
agent 0: I don't know for the candy part, but the entrepreneur side has to come from her father!
agent 1: Anyways, never heard of it. It must be a pretty small chain.","agent 0: Have you ever heard of Dylan's Candy Bar? It's a great candy shop that started in New York, and now is in different cities.
agent 1: I have heard about it. I bet it has delicious treats. Who started it?
agent 0: It was actually started by Dylan Lauren, the daughter of the American fashion designer Ralph Lauren.
agent 1: That's interesting. I wonder what gave her the idea to start it?
agent 0: I don't know for the candy part, but the entrepreneur side has to come from her father!
agent 1: Anyways, never heard of it. It must be a pretty small-scale chain.",1,1,1,1,1,"**Determining contradiction**

I'm analyzing the situation where one statement contradicts another. The primary contradiction here is the phrase ""never heard of it"" versus the earlier statement, ""I have heard about it."" It's clear that the last statement contradicts the context of the dialogue. So, my conclusion is to return just a 1, indicating that there is indeed a contradiction.",1,"**Analyzing dialogue contradictions**

I'm considering whether the last utterance contradicts the dialogue context. I think it does, because earlier there was a claim of hearing about something, but now it suggests a lack of knowledge. Plus, the mention of ""different cities"" hints that it can't be tiny, yet ""pretty small chain"" seems contradictory. The clearer contradiction is definitely between ""never heard of it"" and ""I have heard about it."" So, I'll conclude that the answer is 1.",compound_word,modified to use compound words,compound_word,23
"agent 0: really i am scheduled to get one next week
agent 1: hope it is better i've a big college exam on friday.
agent 0: I am pretty anxious about my exam. I still have to study a lot.
agent 1: Tests are stressful. I like to study in the library.
agent 0: Yes, I do too. That way I am not distracted so much. And it is nice and quiet in the library.
agent 1: Sometimes I like being alone so the library is perfect.
agent 0: I agree, the atmosphere there makes studying easier.
agent 1: It does, but the library is so crowded all the time!","agent 0: really i am scheduled to get one next week
agent 1: hope it is better i've a big college exam on friday.
agent 0: I am pretty anxious about my exam. I still have to study a lot.
agent 1: Tests are stressful. I like to study in the library.
agent 0: Yes, I do too. That way I am not distracted so much. And it is nice and quiet in the library.
agent 1: Sometimes I like being alone so the library is perfect.
agent 0: I agree, the atmosphere there makes studying easier.
agent 1: It does, but the library is so over-crowded all the time!",1,1,1,1,1,"**Analyzing library characteristics**

I’m trying to reconcile the idea that the library is nice and quiet, which is perfect for studying alone, with the statement that it’s over-crowded all the time. It does seem contradictory — if it's crowded, it can't also be quiet and conducive to solitude. Maybe it's usually busy, but still has moments of peace? I guess the last speaker enjoys being alone there, but I wonder how often that is possible given the crowds. **Examining contradictions**

I’m considering how the notion of the library being perfect for solitude clashes with the idea of it being overcrowded all the time. This seems to create a contradiction since ""over-crowded"" usually suggests noise and distractions, not a quiet atmosphere. It raises the question: Can a library be both nice and quiet and overcrowded? It seems unlikely. If it's constantly crowded, it's hard to see how it remains a perfect space for being alone. **Clarifying potential contradictions**

I’m reflecting on whether there’s a contradiction in saying the library is perfect for solitude while also being overcrowded. Maybe it means the environment is right for studying, even in crowds. Still, being alone in an always crowded space sounds unlikely. The contrast in the statement “It does, but…” suggests there are downsides to the library being helpful for studying. It seems overcrowded might not eliminate quietness, so it’s not a strict contradiction. But is it truly perfect for solitude? **Exploring library dynamics**

In a crowded library, it’s possible to feel alone, thanks to study carrels and the overall silence; however, saying it’s “perfect for being alone” while acknowledging it’s “over-crowded all the time” seems plausible. There’s no strict contradiction here; the library can still be perfect despite the crowds. The challenge is assessing whether these statements contradict each other. While being overcrowded generally undermines quietness, it’s still a library where quiet can exist independently, though the impressions do conflict. **Determining contradictions**

For the task at hand, I think the safest approach is to identify whether there’s a contradiction or not. The latest statement about the library being overcrowded all the time does seem to contradict the earlier claims that it’s quiet and perfect for solitude. Since these two ideas clash, I’ll conclude that there is a contradiction. So, my answer will be a straightforward ""1"" to indicate that it indeed contradicts the earlier statements.",1,"**Analyzing dialogue contradiction**

I need to figure out if the last thing said contradicts the context. Agent 1 mentioned how crowded the library is, while earlier they had said it was quiet and perfect for studying. Agent 0 had described the library as nice and quiet, while Agent 1 liked studying there, emphasizing that it’s ideal for being alone. This raises a question: can both statements be true, or is there a logical contradiction? I’m really pondering over this! **Clarifying solitude and contradiction**

I'm considering the implications of saying the library is perfect for solitude while also claiming it's crowded all the time. If it’s usually perfect for being alone, that’s in conflict with the idea of it being consistently crowded. There’s also agent 0's earlier statement about the library being ""nice and quiet,"" which adds another layer. It seems like a contradiction, but I need to determine if the last statement truly contradicts the overall dialogue context. Is it really contradictory? **Determining consistency in statements**

I see that the dialogue context states the library is quiet and is a good place to study, but the last comment claims it’s ""crowded all the time."" This inconsistency really stands out to me. The phrase ""all the time"" is a strong absolute, which does conflict with the earlier claims about the library being quiet and ideal for solitude. So it clearly leads to a contradiction. Therefore, I conclude it should be 1 for contradiction!",compound_word,modified to use compound words,compound_word,24
"agent 0: I love my husband so much I could never cheat on him.
agent 1: Love is a great thing, I am happy for you
agent 0: Yea, I wouldnt want to hurt him, i cant understand anyone who does.
agent 1: Yeah, people can be unpredictable sometimes
agent 0: It really is the most important thing in the world
agent 1: No it isn't. I think Love is a scam and hate seeing happy couples.","agent 0: I love my husband so much I could never cheat on him.
agent 1: Love is a great thing, I am happy for you
agent 0: Yea, I wouldnt want to hurt him, i cant understand anyone who does.
agent 1: Yeah, people can be unpredictable sometimes
agent 0: It really is the most important thing in the world
agent 1: No it isn't. I think Love is a scam and hate seeing joy-filled couples.",1,1,1,1,1,,1,"**Analyzing dialogue contradiction**

I'm trying to figure out if the last statement contradicts the previous dialogue. Agent 1 claims, ""No it isn't,"" after Agent 0 has said, ""It really is the most important thing in the world."" Clearly, there's a disagreement. Agent 1's response is inconsistent with Agent 0's claim about love being essential. So, yes, it’s a contradiction. But I'm also wondering if the definition of contradiction considers self-inconsistencies or just disagreements with prior statements. **Determining contradiction in dialogue**

The instruction is to figure out if the last statement contradicts the dialogue context where agents alternate. It's a bit unclear if contradiction needs to be a factual inconsistency, but in this case, it's straightforward. The last statement indeed contradicts agent 0's claim. Since contradiction is present, I should output 1 as instructed. So, my final answer will simply be: 1.",compound_word,modified to use compound words,compound_word,25
"agent 0: Moved to a new city with a lower cost of living. I kind of feel isolated here
agent 1: ohhh, I feel you. I also moved to a new town, last week.
agent 0: It's not a tiny city but its pretty small compared.
agent 1: I live in a small town also. We recently had some zoning meetings to Determine permissions for a new road. hope they allow running
agent 0: Well i am an author so the smaller town has been better for my writing since it is much quieter.
agent 1: That's great. What do you write about? fiction or non-fiction?
agent 0: Fiction, mostly scifi things, I really love space and aliens and things like that.
agent 1: i like science fiction also. i hope you do well with your writing. whats your latest piece?
agent 0: I am working on a set of space opera novels.","agent 0: Moved to a new city with a lower cost of living. I kind of feel isolated here
agent 1: ohhh, I feel you. I also moved to a new town, last week.
agent 0: It's not a tiny city but its pretty small compared.
agent 1: I live in a small town also. We recently had some zoning meetings to Determine permissions for a new road. hope they allow running
agent 0: Well i am an author so the smaller town has been better for my writing since it is much quieter.
agent 1: That's great. What do you write about? fiction or non-fiction?
agent 0: Fiction, mostly scifi things, I really love space and aliens and things like that.
agent 1: i like science fiction also. i hope you do well with your writing. whats your latest piece?
agent 0: I am working on a set of space-opera novels.",0,0,0,0,0,"**Analyzing statements for contradictions**

I’m trying to figure out if the last statement contradicts the dialogue context. The last utterance says, ""I am working on a set of space-opera novels,"" which seems in line with what was previously said about agent 0's interests in science fiction and space. Since everything aligns, it doesn’t seem contradictory. I also need to check if there are labels about alternating, but it looks like there are none. So, the answer is 0.",0,,compound_word,modified to use compound words,compound_word,26
"agent 0: And who would be the most successful producer?
agent 1: Probably Warner Bros. Entertainment Inc.
agent 0: I agree. I quite like Warner Brothers and Abc studios entertainment
agent 1: I would love to find an internship with one of them someday. Are you in the music business?
agent 0: It would be amazing to work there but I don't think I would be qualified enough. No, I am not talented enough to be in the music business either.
agent 1: What are you talented in?
agent 0: Im mostly talented at sports
agent 1: I don't want to know at you're talented in","agent 0: And who would be the most successful producer?
agent 1: Probably Warner Bros. Entertainment Inc.
agent 0: I agree. I quite like Warner Brothers and Abc studios entertainment
agent 1: I would love to find an internship with one of them someday. Are you in the music business?
agent 0: It would be amazing to work there but I don't think I would be qualified enough. No, I am not talented enough to be in the music business either.
agent 1: What are you talented in?
agent 0: Im mostly talented at sports
agent 1: I don't want to know what you're multi-talented in",1,1,1,1,1,,1,"**Identifying contradictions**

I need to see if the last statement matches the rest of the conversation. Agent 1’s phrase ""I don't want to know at you're talented in"" seems ungrammatical, and it likely meant ""I don't want to know what you're talented in."" But there's a contradiction: earlier, they asked about the user's talents, showing they wanted to know. It conflicts with their later comment, so the answer is ""1."" I also need to keep the formatting simple—just “1”.",compound_word,modified to use compound words,compound_word,27
"agent 0: hi my name is jill how are you today?
agent 1: i am doing well. about to go to my job at burger king.
agent 0: what do you do there at burger king?
agent 1: i'm only 19 and work the grill. i just want to have fun with friends.
agent 0: that's cool i still attend high school
agent 1: i want to move out. i am drug and booze free though.
agent 0: what kind of fun do you and your friends like?
agent 1: i play music. i'm going to be a rockstar.
agent 0: i hate drugs and don't drink either what kind of music do you play?
agent 1: scottish black metal. i play electric bag pipes.
agent 0: wow i've never heard of electric bagpipes. are there any videos of them on you tube?
agent 1: yeah, i've videos of me on there. i invented them. they are sweet.
agent 0: i'm sorry but i don't think you ever told me your name.
agent 1: My name is Sally. What are your plans tonight?
agent 0: I plan to go out drinking at the club. Maybe I'll see you and your band!","agent 0: hi my name is jill how are you today?
agent 1: i am doing well. about to go to my job at burger king.
agent 0: what do you do there at burger king?
agent 1: i'm only 19 and work the grill. i just want to have fun with friends.
agent 0: that's cool i still attend high school
agent 1: i want to move out. i am drug and booze free though.
agent 0: what kind of fun do you and your friends like?
agent 1: i play music. i'm going to be a rockstar.
agent 0: i hate drugs and don't drink either what kind of music do you play?
agent 1: scottish black metal. i play electric bag pipes.
agent 0: wow i've never heard of electric bagpipes. are there any videos of them on you tube?
agent 1: yeah, i've videos of me on there. i invented them. they are sweet.
agent 0: i'm sorry but i don't think you ever told me your name.
agent 1: My name is Sally. What are your plans tonight?
agent 0: I plan to go out club-drinking tonight. Maybe I'll see you and your band!",1,1,1,1,1,,1,,compound_word,modified to use compound words,compound_word,28
"agent 0: Auto racing is a motorsport that involve multiple automobiles competing against one another.
agent 1: Have you ever participating in auto racing, or are you a fan?
agent 0: I am just a fan, I would like to participate in one but it is dangerous!
agent 1: It is very dangerous! I heard about a death in an auto race just a few days ago. Sad.
agent 0: That is so sad, however this would not stop me from attempting to participating in Auto racing one day. I'll make sure I am safe
agent 1: Would you run on a dirt track?
agent 0: Yes of course, in fact, dirt track racing is one of the most common source of racing.
agent 1: We have a racetrack near where I live that is a rally car track. Are you familiar with rally cars?
agent 0: Yes I am, rallying is a type of motorsport that takes place on roads. Most cars in rally racing are either modified or specially built legal cars.","agent 0: Auto racing is a motorsport that involve multiple automobiles competing against one another.
agent 1: Have you ever participating in auto racing, or are you a fan?
agent 0: I am just a fan, I would like to participate in one but it is dangerous!
agent 1: It is very dangerous! I heard about a death in an auto race just a few days ago. Sad.
agent 0: That is so sad, however this would not stop me from attempting to participating in Auto racing one day. I'll make sure I am safe
agent 1: Would you run on a dirt track?
agent 0: Yes of course, in fact, dirt track racing is one of the most common source of racing.
agent 1: We have a racetrack near where I live that is a rally car track. Are you familiar with rally cars?
agent 0: Yes I am, rallying is a type of motorsport that takes place on public roads. Most cars in rally racing are either modified or specially-built street-legal cars.",0,0,0,0,0,"**Checking for contradictions**

I'm thinking about whether the last utterance contradicts the dialogue context. The statement from agent 0 mentions rallying as a type of motorsport on public roads, and I need to check it against previous statements. Parsing through, I see agent 0 defined auto racing as motorsport involving multiple cars, which is true despite minor grammar issues. I want to ensure everything aligns correctly before concluding if there's any contradiction. Let's keep analyzing! **Assessing dialogue consistency**

I’m reflecting on the dialogue flow between agents. Agent 0 is a fan who wants to participate despite acknowledging the dangers of racing. Agent 1 also points out the risks by mentioning a past incident. As I review, agent 0 discusses dirt track racing, claiming it's a common form, which seems consistent with previous statements. Then, agent 1 brings up rally cars and agent 0 explains rallying, confirming it takes place on public roads. Everything appears consistent so far! **Clarifying rallying definition**

I’m trying to define rallying, which typically occurs on public or private roads with modified or specially-built road-legal cars. Rally stages often use temporarily closed public roads rather than open traffic. The claim about most rally cars being modified or street-legal holds, especially at club levels, while top-level WRC cars aren’t street-legal. However, I realize my task is to check for internal contradictions within the dialogue context, and it seems that there are none here. **Examining rallying statements**

I’m considering the claims about rallying being a motorsport on public roads. The mention of a rally car track nearby raises questions since a track isn't typically a public road. This could create tension: if rallying occurs on public roads, how can there be a specific rally car track? While rallycross tracks exist, agent 0 confirmed that rallying happens on public roads and doesn't deny the possibility of a nearby track. Still, it might present a contradiction if strictly viewed. **Confirming response consistency**

I'm thinking about how the last statement doesn't rule out the existence of rally tracks—there could be a track for rally practice, rallycross, or specific rally stages. The earlier statements simply provide a general definition, so I don't see a contradiction here. Checking again, I note that agent 0 confirmed familiarity with rally cars, aligning with agent 1's question. Everything seems consistent! I’ll output “Answer: 0” as instructed, without any extra text.",0,"**Clarifying WRC cars' legality**

I’m realizing that WRC cars might need to be road legal in certain contexts. Historically, Group A required homologated production versions, but competition cars aren’t necessarily road registered. The term ""specially built legal cars"" seems vague. The issue here is about dialogue context rather than factual contradictions. Agent 1 asked if the other agent is familiar with rally cars, and the responses don’t contradict each other. So, the answer is straightforward: 0.",compound_word,modified to use compound words,compound_word,29
"agent 0: I forgot to pick up a bag of chips for my son from the grocery store.
agent 1: Did you go back?
agent 0: No, I didn't. We live in a rural area and the grocery store is 20 minutes away. Lucky for him, I forgot some other stuff for tomorrow's dinner [mom brain!] and I told him that we could ride together tomorrow back to the store.
agent 1: Maybe you should let him get a couple of things to make up for it.
agent 0: Multiple bags of chips, to be sure! *chuckle*
agent 1: Or you can get a variety pack!","agent 0: I forgot to pick up a bag of chips for my son from the grocery store.
agent 1: Did you go back?
agent 0: No, I didn't. We live in a rural area and the grocery store is 20 minutes away. Lucky for him, I forgot some other stuff for tomorrow's dinner [mom brain!] and I told him that we could ride together tomorrow back to the store.
agent 1: Maybe you should let him get a couple of things to make up for it.
agent 0: Multiple bags of chips, to be sure! *chuckle*
agent 1: Or you can get a multi-flavor pack!",0,0,0,0,0,,0,"**Evaluating dialogue consistency**

I'm thinking about whether the last statement contradicts the conversation context. The suggestion of a variety pack aligns well with the idea of getting multiple bags of chips. It’s not a contradiction but rather a consistent suggestion. So, I conclude that the response is satisfactory and doesn't go against what was previously established. Therefore, I'll mark it as consistent, which leads me to answer 0.",compound_word,modified to use compound words,compound_word,30
"agent 0: my husband opened the door and a huge wasp flew in! I hate insects. they are so nasty
agent 1: Did you go running like crazy!?
agent 0: heck yes i did! I locked myself in the room and told him he needs to kill that thing before he goes to work
agent 1: i would have done the same glad no one got stung!
agent 0: It's not that big of a deal. Insects aren't that bad.","agent 0: my husband opened the door and a huge wasp flew in! I hate insects. they are so nasty
agent 1: Did you go running like crazy!?
agent 0: heck yes i did! I locked myself in the room and told him he needs to kill that thing before he goes to work
agent 1: i would have done the same glad no one got stung!
agent 0: It's not that big of a deal. Insects aren't that troublesome.",1,1,1,1,1,"**Analyzing dialogue contradiction**

I want to determine if the last statement contradicts the previous ones. In the conversation, there's a clear contrast between agent 0 saying they hate insects and then claiming insects aren’t that troublesome later on. The initial fear is evident when they locked themselves in a room and urged their husband to deal with the wasp, but later seems to downplay the situation. This inconsistency between expressing fear and then claiming it's not a big deal is quite puzzling. **Identifying contradictions**

I'm recognizing that the last statement by agent 0 directly contradicts their earlier comments and actions. This inconsistency makes it clear that there’s a contradiction in their stance. They seem to flip-flop in their attitude, and this is crucial to note. So, the answer I come to is 1, indicating a contradiction is present. Even though there's a mention of compound words, that doesn’t impact my conclusion here.",1,"**Analyzing dialogue contradiction**

I need to see if the last statement contradicts the earlier context. Agent 0 starts by expressing fear about insects and locks themselves in the room, but later downplays the issue by saying insects aren't that bad. This shift in attitude definitely contradicts their earlier statement about hating insects. So, my conclusion is that the last utterance does contradict the previous context, and I should return 1.",compound_word,modified to use compound words,compound_word,31
"agent 0: Hey, are you into the NF:
agent 1: I do like American football, or gridiron football. It is fun to watch.
agent 0: Which teams are your favorite?
agent 1: I like the Colts because I'm originally from Indiana.
agent 0: Are you upset about Andrew Luck?
agent 1: Not too upset. My favorite player has always been Peyton Manning. He is one of the greatest quarterbacks of all time!
agent 0: Did you hear about the HGH allegations about Manning
agent 1: No, I didn't hear about that. It wouldn't matter to me much anyways, after 14 seasons with the Colts, he does no wrong in my eyes.","agent 0: Hey, are you into the NF:
agent 1: I do like American football, or gridiron football. It is fun to watch.
agent 0: Which teams are your favorite?
agent 1: I like the Colts because I'm originally from Indiana.
agent 0: Are you upset about Andrew Luck?
agent 1: Not too upset. My favorite player has always been Peyton Manning. He is one of the greatest quarterbacks of all time!
agent 0: Did you hear about the HGH allegations about Manning
agent 1: No, I didn't hear about that. It wouldn't matter to me much anyways, after 14 seasons with the Colts, he does no wrong in my eyesight.",0,0,0,0,0,"**Clarifying user interest**

The user mentioned ""NF:"" and I'm thinking they might mean ""NFL."" It looks like there's some confusion because agent 1 responded with information about American football. I'll keep things concise and just confirm my understanding - it seems we're at a final point of zero, meaning we're ready to move on. Let's keep it simple and straightforward!",0,,compound_word,modified to use compound words,compound_word,32
"agent 0: It makes me think of the good old days when I was a kid when I listen to the music in my aunts car
agent 1: What does? Were you in a car ride with your aunt?
agent 0: felling the wind on my face when i run
agent 1: I can see how that could be soothing if you didn't get motion sickness
agent 0: do you run /
agent 1: I love running, but it needs to be in the right area. You?
agent 0: it's my enjoyment, my stress reliever.
agent 1: That is a great stress reliever. How far do you normally run?
agent 0: bout 4 miles easy, i like to run when its cool and windy
agent 1: Wow. I only make it about a mile, mile and a half. When I have time.
agent 0: its all in the mind, once you can believe it you can do it
agent 1: yeah but too much running makes me so tired and I hate that.
agent 0: I like to run when its very warm to get sweaty.","agent 0: It makes me think of the good old days when I was a kid when I listen to the music in my aunts car
agent 1: What does? Were you in a car ride with your aunt?
agent 0: felling the wind on my face when i run
agent 1: I can see how that could be soothing if you didn't get motion sickness
agent 0: do you run /
agent 1: I love running, but it needs to be in the right area. You?
agent 0: it's my enjoyment, my stress reliever.
agent 1: That is a great stress reliever. How far do you normally run?
agent 0: bout 4 miles easy, i like to run when its cool and windy
agent 1: Wow. I only make it about a mile, mile and a half. When I have time.
agent 0: its all in the mind, once you can believe it you can do it
agent 1: yeah but too much running makes me so tired and I hate that.
agent 0: I like to run when it's very warm to get sweat-soaked.",1,1,0,1,0,"**Exploring contradictions in preferences**

I’m reflecting on whether preferences can contradict each other. For instance, enjoying both warm and cool conditions for running can seem contradictory, but not always. Many people might appreciate both depending on the context. The main question here is about the last statement: “I like to run when it's very warm” seems to conflict with previous statements about cool and windy conditions. I’ll need to determine if this represents a true contradiction considering both preferences. **Evaluating textual entailment in preferences**

I’m considering whether enjoying warm versus cool weather for running is contradictory. It only seems like a contradiction if someone states, “I only like to run when it’s cool.” Since that's not the case here, it likely isn't a contradiction. There's also an earlier comment about running making someone tired, which doesn’t impact this. Finally, looking back at the first utterance, it aligns rather than contradicts, so overall, I’d conclude the answer is 0.",1,"**Analyzing preferences for running**

I need to consider whether the last statement about running in warm weather contradicts earlier dialogue. The first statement indicated a preference for cool and windy conditions, while the latest suggests enjoyment of running in very warm weather to get sweaty. That seems contradictory at first glance, but it's possible someone appreciates both. However, the phrasing in the last utterance doesn't negate the preference for cool and windy unless exclusivity is implied, which typically suggests conflicting preferences. **Identifying contradictions**

In contradiction detection, if someone says ""I like X"" and later states ""I like not-X,"" that's clearly a contradiction. Here, ""cool and windy"" and ""very warm"" are quite incompatible conditions, so I would classify that as a contradiction. However, in the earlier dialogue, one statement about listening to music in an aunt's car and another about feeling the wind while running aren't relevant to this contradiction. So, the answer remains straightforward: ""1.""",compound_word,modified to use compound words,compound_word,33
"agent 0: My little brother has a broken heart and I dont know how to help him
agent 1: Thats tough. Broken heart is a metaphor for a broken heart. Is that what happened to him?
agent 0: He lost his girlfriend to cancer
agent 1: Emotional pain from a broken heart can cause ""broken heart syndrome"" if it gets sever enough. Hes going to need a lot of support.
agent 0: Yeah we are all in town to help him right now
agent 1: They say the emotional pain associated with a broken heart is part of a survival instinct.
agent 0: Do you know anything else about it
agent 1: No, I think he is just being a baby.","agent 0: My little brother has a broken heart and I dont know how to help him
agent 1: Thats tough. Broken heart is a metaphor for a broken heart. Is that what happened to him?
agent 0: He lost his girlfriend to cancer
agent 1: Emotional pain from a broken heart can cause ""broken heart syndrome"" if it gets sever enough. Hes going to need a lot of support.
agent 0: Yeah we are all in town to help him right now
agent 1: They say the emotional pain associated with a broken heart is part of a survival instinct.
agent 0: Do you know anything else about it
agent 1: No, I think he is just being a crybaby.",1,1,1,1,1,,1,,compound_word,modified to use compound words,compound_word,34
"agent 0: hello. how are you? tell me about yourself.
agent 1: hi, i make thirty dollars an hour walking dogs. you read alot? i do.
agent 0: no. i'm a piano teacher, so i spend most of my time playing music
agent 1: sorry. i was painting my kayak. you sing or dance. i do both.
agent 0: what do you do in your free time?
agent 1: what is free time? my mom and dad were street walkers.
agent 0: i personally give back by volunteering at the homeless shelter.
agent 1: great! my family lived in a shelter before. we learned to survive there.
agent 0: what is a street walker? does it mean homeless? survival is key
agent 1: they were sex workers. i read psychology journals sometimes. do you?","agent 0: hello. how are you? tell me about yourself.
agent 1: hi, i make thirty dollars an hour walking dogs. you read alot? i do.
agent 0: no. i'm a piano teacher, so i spend most of my time playing music
agent 1: sorry. i was painting my kayak. you sing or dance. i do both.
agent 0: what do you do in your free time?
agent 1: what is free time? my mom and dad were street walkers.
agent 0: i personally give back by volunteering at the homeless shelter.
agent 1: great! my family lived in a shelter before. we learned to survive there.
agent 0: what is a street walker? does it mean homeless? survival is key
agent 1: they were sex workers. I read psychology trade-journals sometimes. do you?",0,0,0,0,0,,0,,compound_word,modified to use compound words,compound_word,35
"agent 0: Hello. i would like to introduce myself. i own a marketing Consulting firm. are you familiar with my profession?
agent 1: I am indeed. You're a business of one or more experts that provide advice for a fee!
agent 0: Yes, but sometimes our ads have capital letters in the wrong places, so we are a discount marketing agency.
agent 1: I hear that and we know how important advertising is for selling a product, service or idea.
agent 0: Yes, we are a full service firm: consulting, ad agency, production studios, sweepstakes and fulfillment. It is quite a lucrative business for us.
agent 1: Outsourcing is important for marketing firms as well.
agent 0: You are correct! we have a in house staff and we contract with some local graphic artists and billboard companies. I'm sure you have seen our work.
agent 1: That seems interesting. Is the Graphics Artists Guild a part of your companies resume as well?
agent 0: No, we are a non union shop. We have to keep our costs down since we are a discount firm. If you ever have a need for our services, you can find us on the internet.
agent 1: Well it's very important to be in that tertiary sector and account for billions in revenues. I appreciate your hard work!","agent 0: Hello. i would like to introduce myself. i own a marketing Consulting firm. are you familiar with my profession?
agent 1: I am indeed. You're a business of one or more experts that provide advice for a fee!
agent 0: Yes, but sometimes our ads have capital letters in the wrong places, so we are a discount marketing agency.
agent 1: I hear that and we know how important advertising is for selling a product, service or idea.
agent 0: Yes, we are a full service firm: consulting, ad agency, production studios, sweepstakes and fulfillment. It is quite a lucrative business for us.
agent 1: Outsourcing is important for marketing firms as well.
agent 0: You are correct! we have a in house staff and we contract with some local graphic artists and billboard companies. I'm sure you have seen our work.
agent 1: That seems interesting. Is the Graphics Artists Guild a part of your companies resume as well?
agent 0: No, we are a non union shop. We have to keep our costs down since we are a discount firm. If you ever have a need for our services, you can find us on the internet.
agent 1: Well it's very important to be in that service-oriented sector and account for billions in revenues. I appreciate your hard work!",0,0,0,0,0,"I need to check if the last statement conflicts with the previous dialogue context. The conversation revolves around marketing consulting, its services, and how the agent operates as a non-union firm to keep costs down. So, the last remark about not being a union shop seems consistent with that context, given that they've identified themselves as a discount firm. The humour in the dialogue earlier adds a nice touch. It's good to assess these elements for coherence! I need to determine if the last statement contradicts the ongoing dialogue. Agent 1 mentions the importance of being in the service-oriented sector, noting it accounts for billions in revenue. This aligns with Agent 0’s description of their firm as lucrative and operating in this sector. There’s no contradiction regarding revenues – it refers to the sector's overall performance, which is factual. Additionally, discussions about being a non-union firm fit consistently with both agents’ perspectives, so everything checks out!",0,,compound_word,modified to use compound words,compound_word,36
"agent 0: You just can't trust people any more. My mechanic told me it was going to be $1000 to fix my Jeep.
agent 1: Wow that sounds pretty high to me. What was wrong with it?
agent 0: Turns out, nothing much at all. A guy down the street got it running for $100.
agent 1: Wow what a crook that other guy was!
agent 0: Yeah, I guess the real money is in repair shops.
agent 1: Well, $1000 dollars really isn't that much money.","agent 0: You just can't trust people any more. My mechanic told me it was going to be $1000 to fix my Jeep.
agent 1: Wow that sounds pretty high to me. What was wrong with it?
agent 0: Turns out, nothing much at all. A guy down the street got it running for $100.
agent 1: Wow what a crook that other guy was!
agent 0: Yeah, I guess the real money is in repair shops.
agent 1: Well, $1000 dollars really isn't that much pocket-change.",1,1,1,1,1,"**Evaluating dialogue consistency**

I’m trying to determine if the last statement contradicts earlier comments. The last thing agent 1 said was about $1000 not being much, while earlier they expressed that $1000 sounded high.

So, parsing the dialogue, agent 1 initially found the $1000 repair quote excessive but later downplayed it. This inconsistency shows a contradiction since agent 1 previously described that amount as high, but now implies it’s trivial. Clearly, it doesn’t align! **Analyzing contradiction in dialogue**

I’m pondering if the statements ""sounds pretty high to me"" and ""isn’t that much pocket-change"" can coexist. They seem contradictory since one implies a large sum while the other downplays it. 

The phrase ""not that much pocket change"" typically refers to a small amount, which feels odd when applied to $1000. So, if agent 1 means ""$1000 isn't pocket change,"" that’s clearer. Therefore, calling $1000 ""not much pocket change"" sounds pretty contradictory and confusing, doesn’t it? **Interpreting the statement**

I’m analyzing the phrase, ""Well, $1000 really isn't that much pocket-change."" It seems to imply ""$1000 isn't much money,"" which can be confusing since ""pocket change"" usually refers to small amounts. 

While people often say ""$1000 isn't pocket change"" to indicate it’s significant, the added ""that much"" makes it sound like they consider $1000 to be minimal. It’s strange to say ""dollars dollars,"" but it seems they’re downplaying the value, suggesting it isn’t a large sum. Overall, this phrasing makes the intent unclear. **Examining potential contradictions**

I’m considering the phrase ""isn't that much pocket-change"" and wondering if it's a double negative. It could mean a small amount, making it ambiguous. Generally, people say something like, ""It's not that much, just pocket change,"" which suggests $1000 is small. 

This clearly contradicts the earlier statement where it sounded high. However, context matters since they labeled the mechanic a crook for overcharging. In the end, I think it still contradicts; agent 1 might have changed their mind, but that doesn’t alter the dialogue context. So, I’ll confirm that there is a contradiction!",1,"**Evaluating conversational consistency**

I'm trying to figure out if the last statement contradicts the dialogue context. The last thing agent 1 said was, ""$1000 really isn't that much money,"" but earlier, agent 1 had called $1000 ""pretty high"" and criticized another person. This shift in perspective seems contradictory. It suggests inconsistency within agent 1's own statements, as saying $1000 isn't much conflicts with their previous claim of it being high. So yes, it appears there's a contradiction here. **Analyzing dialogue contradiction**

I'm determining if the last statement contradicts the dialogue context. Agent 1 said that $1000 isn't much, but the context indicates that $1000 is high for a repair and implies someone is being called a crook for that charge. This suggests that the last statement contradicts earlier claims. 

Even considering edge cases, saying $1000 isn't much flips the perspective of the previous context, reinforcing the contradiction. So, the answer is clear: there is a contradiction here.",compound_word,modified to use compound words,compound_word,37
"agent 0: Hi! I'm such a big fan of Ireland it's my absolute favorite
agent 1: It's the third largest island in Europe
agent 0: That's really cool! Do you know the population in Ireland?
agent 1: in 2011 the population was 6.6 million
agent 0: Oh i was thinking the population will be rather so low as 5 million in 2011
agent 1: I don't know the population in ireland?","agent 0: Hi! I'm such a big fan of Ireland it's my absolute favorite
agent 1: It's the third largest island in Europe
agent 0: That's really cool! Do you know the population in Ireland?
agent 1: in 2011 the population was 6.6 million
agent 0: Oh i was thinking the population will be rather so low as 5 million in 2011
agent 1: I don't know the headcount in ireland?",1,1,1,1,1,"**Evaluating dialogue contradictions**

I need to determine if the last statement contradicts the previous dialogue. Looking at it, agent 0 mentions being a fan of Ireland and later asks about its population. Agent 1 provides a specific number: 6.6 million in 2011. However, agent 0 guesses a much lower number, thinking it might be around 5 million. When agent 1 later claims they don't know the headcount, that seems contradictory to their earlier statement. So, I conclude that there’s indeed a contradiction here. **Confirming the pronoun reference**

I’m thinking about the pronoun usage in this dialogue. It's referring to the same agent, agent 1, who previously provided the number. Since there’s no other nuance or confusion here, I can definitely conclude that the answer should be 1. The pronoun consistently points back to agent 1, making the connection clear and straightforward. So, my answer is simply 1 without any doubt.",1,1,compound_word,modified to use compound words,compound_word,38
"agent 0: good evening. how are you?
agent 1: hey there, i am doing well, and you?
agent 0: doing ok. watching way to much television tonight.
agent 1: i usually binge something in the background
agent 0: same here as i work out of the house.
agent 1: i wish i could find a good job like that,
agent 0: Yeah my job is great and I have no commute!
agent 1: I agree! I also work from home every day!","agent 0: good evening. how are you?
agent 1: hey there, i am doing well, and you?
agent 0: doing ok. watching way to much television tonight.
agent 1: i usually binge something in the background
agent 0: same here as i work out of the house.
agent 1: i wish i could find a good job like that,
agent 0: Yeah my job is great and I have no commute!
agent 1: I agree! I also telecommute every day!",1,1,1,1,1,"**Evaluating dialogue consistency**

I need to figure out if there's a contradiction in the dialogue context. Agent0 mentions they work from home, while Agent1 initially expresses a desire for a similar job, implying they don’t have one. However, Agent1 later states they also telecommute every day, which contradicts their earlier wish. I’m wondering if there might be a way to interpret it that doesn’t involve a contradiction, but it seems pretty clear at first glance that there's a conflict here. **Examining job references**

The statement ""I wish I could find a good job like that"" might not only refer to working from home but also to having a great job. It does imply they feel they don’t have a similar position. However, when Agent1 later says they telecommute daily, it suggests they do have some kind of job. They could be telecommuting but still not consider it a ""good"" job. So ""like that"" seems to primarily reference working from home rather than overall job quality. **Identifying contradictions**

Agent1 says, ""I also telecommute every day,"" which suggests they agree with the telecommuting aspect that Agent0 mentioned, but earlier, Agent1 expressed a wish to find a good job like that. This seems contradictory since they indicate they cannot find such a job but then claim to telecommute daily. So, I’m concluding there’s definitely a contradiction between their earlier desire and later statement. I’ll make sure to clarify that in the final output.",1,1,compound_word,modified to use compound words,compound_word,39
"agent 0: I am disgusted by Hotdogs.
agent 1: I am too. No matter how you cook it, I won't eat it. Grill it or steam it or call it a frankfurter. Not going to eat it. I watched how they made them one time.
agent 0: I had a friend who used to do inspections in hot dog manufacturing facilities and he said to never eat one. What are they made of anyway?
agent 1: They basically grind all this meat and fat and bones and all kind of animal pieces. Bleck. They started becoming popular because of baseball. They are actually a Class 1A carcinogen-cancer causer.
agent 0: I actually had heard that. That is why I am a vegan...that and my wife forced me to be one. Hahahahaha.
agent 1: Really? Wow, not many people know about processed meat causing cancer. I follow veganism also! I just started a few months ago! Its such a high nutrition diet that we'll live forever!
agent 0: I hope not. I have been on it for about 30 years and I am tired of it. I am going to move to the beach at the end of this year and I think I will start eating meat again once I get there. Unless there are a lot of vegetarian festivals there.
agent 1: Don't do it! You'll increase your risk for heart attack so quickly! You're doing great! There's definitely a psychology to eating meat. Vry complex combination of morality, emotions, congnition, and personality but research nutrition and you can make the right choice.
agent 0: I don't know, I'm feeling pretty weak in my resolve right now.","agent 0: I am disgusted by Hotdogs.
agent 1: I am too. No matter how you cook it, I won't eat it. Grill it or steam it or call it a frankfurter. Not going to eat it. I watched how they made them one time.
agent 0: I had a friend who used to do inspections in hot dog manufacturing facilities and he said to never eat one. What are they made of anyway?
agent 1: They basically grind all this meat and fat and bones and all kind of animal pieces. Bleck. They started becoming popular because of baseball. They are actually a Class 1A carcinogen-cancer causer.
agent 0: I actually had heard that. That is why I am a vegan...that and my wife forced me to be one. Hahahahaha.
agent 1: Really? Wow, not many people know about processed meat causing cancer. I follow veganism also! I just started a few months ago! Its such a high nutrition diet that we'll live forever!
agent 0: I hope not. I have been on it for about 30 years and I am tired of it. I am going to move to the beach at the end of this year and I think I will start eating meat again once I get there. Unless there are a lot of vegetarian festivals there.
agent 1: Don't do it! You'll increase your risk for heart attack so quickly! You're doing great! There's definitely a psychology to eating meat. Vry complex combination of morality, emotions, congnition, and personality but research nutrition and you can make the right choice.
agent 0: I don't know, I'm feeling pretty weak in my willpower-resolve right now.",0,0,0,0,0,,0,,compound_word,modified to use compound words,compound_word,40
"agent 0: hello! i was three when i learned to play guitar!
agent 1: hi i enjoy disney world and go every year
agent 0: that's great. i really like rascal flats. i think they played there before.
agent 1: that's a good band. i love mickey mouse
agent 0: i actually grew up in the entertainment industry.
agent 1: i am also in the 3rd grade
agent 0: I live near Disney World.
agent 1: So jealous! I wish I could go there one day!","agent 0: hello! i was three when i learned to play guitar!
agent 1: hi i enjoy disney world and go every year
agent 0: that's great. i really like rascal flats. i think they played there before.
agent 1: that's a good band. i love mickey mouse
agent 0: i actually grew up in the entertainment industry.
agent 1: i am also in the 3rd grade
agent 0: I live near Disney World.
agent 1: So green-with-envy! I wish I could go there one day!",1,1,1,1,1,"I'm analyzing whether the last statement contradicts the previous dialogue. The first agent mentions their experience with music, while the second agent loves Disney World and claims to go every year. However, the second agent's final comment expresses a wish to visit, which contradicts their earlier claim. It’s important to ensure that the dialogue stays consistent, as the shift creates confusion about their actual experiences with Disney World. This is an interesting detail to consider! I'm determining whether there's a contradiction in the dialogue. The second agent's statement about wishing to go to Disney World implies they haven't actually been there, conflicting with their earlier claim of visiting every year. The phrase ""green-with-envy"" suggests they aren’t currently able to go, which reinforces the contradiction. It's interesting that despite their enthusiasm for Mickey Mouse, the statements don’t align. So, I conclude that this exchange presents a definite contradiction.",1,"**Evaluating contradiction in the statement**

The user might be wondering if the phrase ""go there one day"" implies a desire to live there. I think it suggests a future visit, which conflicts with the earlier statement about going every year. Therefore, based on the user’s request to respond with either 1 for contradiction or 0 for no contradiction, I conclude that the answer should be represented as ""1.""",compound_word,modified to use compound words,compound_word,41
"agent 0: hi, i am part deaf
agent 1: hey i am larry, what is your name?
agent 0: i am alberto, nice to meet you
agent 1: nice to meet you as well. so alberto, do you like comic books?
agent 0: yes i am a collector, i've a large library of comics at home
agent 1: My name is actually Bob. I don't like comic books.
agent 0: I have never liked comic books. I think they are boring.","agent 0: hi, i am part deaf
agent 1: hey i am larry, what is your name?
agent 0: i am alberto, nice to meet you
agent 1: nice to meet you as well. so alberto, do you like comic books?
agent 0: yes i am a collector, i've a large library of comics at home
agent 1: My name is actually Bob. I don't like comic books.
agent 0: I have never liked comic books. I think they are mind-numbing.",1,1,1,1,1,,1,,compound_word,modified to use compound words,compound_word,42
"agent 0: I love to read harry potter books
agent 1: I never read the books they was so huge but I seen all the movies of the young wizard I loved them.
agent 0: Very good movies. What is your favorite film from harry potter?
agent 1: I liked Harry Potter and the Dealthy Hallows I saw that one first before actually watching them in order what is your favorite?
agent 0: That is a great one. I would have to say the same as you the deathly hallows
agent 1: I loved the school of Hogwarts it was so different and the teachers and staff made the movie great as well I wish they come out with more.
agent 0: Yeah i hope in the future they keep making more films and books!
agent 1: Have you been to the Harry Potter theme park at Universal Studios?
agent 0: No, I am not really a Harry Potter Fan.","agent 0: I love to read harry potter books
agent 1: I never read the books they was so huge but I seen all the movies of the young wizard I loved them.
agent 0: Very good movies. What is your favorite film from harry potter?
agent 1: I liked Harry Potter and the Dealthy Hallows I saw that one first before actually watching them in order what is your favorite?
agent 0: That is a great one. I would have to say the same as you the deathly hallows
agent 1: I loved the school of Hogwarts it was so different and the teachers and staff made the movie great as well I wish they come out with more.
agent 0: Yeah i hope in the future they keep making more films and books!
agent 1: Have you been to the Harry Potter theme park at Universal Studios?
agent 0: No, I am not really a die-hard Harry Potter fan.",1,1,0,1,0,"**Evaluating fan intensity**

I think it's completely normal to enjoy reading Harry Potter without being a die-hard fan. Many people love the books but don't necessarily feel the need to dive deep into fandom. When I consider the mention of not wanting to visit the theme park, it aligns with this idea; it doesn't contradict the enjoyment of the books. So, overall, there's no contradiction here. I'll confidently return 0 for that!",1,"**Analyzing contradictions**

I need to evaluate if the last statement contradicts what was said before. Agent 0 mentioned they’re not a Harry Potter fan, but they previously said they love to read the books and enjoy the movies. This clearly suggests they are a fan. Their statement about not being a fan contradicts earlier comments about reading the books and hoping for more films. Given this contradiction, I’ll conclude with a return value of 1.",compound_word,modified to use compound words,compound_word,43
"agent 0: I'm moving into a new apartment soon. I do hope that the neighbors are nice and quiet.
agent 1: That's always both an exciting time and a nerve-wracking time. I'm in college and I had to move the past two years in a row. This year, I decided I kinda had enough and would just stay put, even though the apartment was just so-so. Do you like it well enough even if the neighbors may give you trouble?
agent 0: Not really, but my current upstairs neighbors are awful and I feel it'd be worth moving just to get away from them!
agent 1: Oh yeah, I know the type. Where they sound like they're having a parade at 3AM. Sorry you had to go through that. Luckily (or unluckily, if you want to see it that way) I have a loud window AC unit in my apartment, so even if they did make noise, I couldn't hear them over it!","agent 0: I'm moving into a new apartment soon. I do hope that the neighbors are nice and quiet.
agent 1: That's always both an exciting time and a nerve-wracking time. I'm in college and I had to move the past two years in a row. This year, I decided I kinda had enough and would just stay put, even though the apartment was just so-so. Do you like it well enough even if the neighbors may give you trouble?
agent 0: Not really, but my current upstairs neighbors are awful and I feel it'd be worth moving just to get away from them!
agent 1: Oh yeah, I know the type. Where they sound like they're having a parade at 3AM. Sorry you had to go through that. Luckily (or unluckily, if you want to see it that way) I have a noise-cancelling window AC unit in my apartment, so even if they did make noise, I couldn't hear them over it!",0,0,0,0,0,"**Evaluating dialogue context**

I need to figure out if the last statement contradicts the dialogue context. Agent 1 mentions having a noise-cancelling window AC unit which could imply they don’t hear the noise around. However, Agent 0 is concerned about noisy neighbors after previously mentioning problems with their current ones. I should compare these exchanges to determine if Agent 1’s confidence about noise is inconsistent with Agent 0's worries. It’s essential to connect these details accurately! **Analyzing logical consistency**

I'm thinking through if the last statement is logically consistent. If the AC unit is noise-cancelling and running, it makes sense that one wouldn’t hear surrounding noise, regardless of whether it’s loud. This approach doesn’t contradict the previous dialogue, so I conclude that there's no contradiction. However, the directive about ""compound words"" seems unrelated here. Ultimately, I’ll confirm that the last utterance does not contradict the context, so I’ll output 0.",0,"**Finalizing the output**

The last line mentions that they've got a loud window AC unit, which means they wouldn’t hear their neighbors even if they made noise. That makes sense. I think the answer should be 0. I also need to double-check what agent 1 said earlier about it being an exciting and nerve-wracking time, but there doesn’t seem to be anything else to contradict. So, I’m thinking I should just output 0.",compound_word,modified to use compound words,compound_word,44
"agent 0: i cant wait to visit my family back home they are so far away i dont get to see them a lo
agent 1: When will you be going?
agent 0: in a couple of weeks i am really happy to see them it has been 5 years
agent 1: Wow, I hope you have a really nice trip.
agent 0: thanks. i will miss you
agent 1: your journey will be horrible","agent 0: i cant wait to visit my family back home they are so far away i dont get to see them a lo
agent 1: When will you be going?
agent 0: in a couple of weeks i am really happy to see them it has been 5 years
agent 1: Wow, I hope you have a really nice trip.
agent 0: thanks. i will miss you
agent 1: your cross-country journey will be horrible",1,1,0,1,0,"**Analyzing dialogue contradictions**

I need to see if the last statement contradicts the previous context. The last utterance from agent 1 was, ""your cross-country journey will be horrible,"" which seems to clash with agent 0's excitement about the trip to visit their family. Agent 1 initially wished for the trip to go well, but then makes a negative prediction. This shift in tone does seem contradictory — a wish versus a prediction creates an internal inconsistency in agent 1's statements. **Evaluating conversational consistency**

The statements ""I hope you have a nice trip"" and ""your journey will be horrible"" aren't logically contradictory; one can express hope while predicting negativity. In conversational terms, there’s an inconsistency, since it contrasts earlier positive sentiments. It doesn't contradict any facts as the notion of a ""cross-country journey"" remains consistent. While one statement is a hope and the other a prediction, some annotation systems might classify ""It will be nice"" as directly opposing ""It will be horrible."" So, there’s an interesting tension between hope and prediction here. **Determining contradiction in dialogue**

The statement ""I hope you have a really nice trip"" isn't the same as saying ""you will have a nice trip,"" so it doesn't represent a contradiction. Plus, agent 0 expresses they'll miss agent 1, while agent 1 predicts the journey will be horrible. This doesn't contradict the sentiment of missing someone. The earlier mention of a ""cross-country"" journey fits with the context of family being far away. So overall, I conclude that the answer is 0 regarding contradiction.",1,"**Analyzing dialogue contradictions**

I need to check if the last utterance contradicts the previous dialogue context. Agent0 mentions excitement about visiting family after five years, and Agent1 initially wishes them a nice trip. However, the last remark from Agent1 stating ""your journey will be horrible"" contradicts the earlier sentiment. One expression shows hope, while the other implies negativity. Therefore, yes, the last utterance contradicts the context of the conversation, leading me to conclude that the answer is 1.",compound_word,modified to use compound words,compound_word,45
"agent 0: Even though having a broken heart is part of our survival instinct, I really try to overcome it however possible.
agent 1: Has it happened to you often
agent 0: Well it has happened a couple times in my life. The pain wasn't so severe as to cause physical damage, as happens in ""broken heart syndrome"".
agent 1: Oh wow people actually suffer physical damage?
agent 0: Yes, the heart can have trouble doing it's job of supplying blood, oxygen, and nutrients adequately - I guess it is from the depression and anxiety that often accompanies the state of mind.
agent 1: That is amazing. Can it actually be fatal?
agent 0: I would imagine that it is possible, since it does does to the heart. But, the anxiety is probably the wort part of it, physical symptoms such as fast heart rate and shakiness.","agent 0: Even though having a broken heart is part of our survival instinct, I really try to overcome it however possible.
agent 1: Has it happened to you often
agent 0: Well it has happened a couple times in my life. The pain wasn't so severe as to cause physical damage, as happens in ""broken heart syndrome"".
agent 1: Oh wow people actually suffer physical damage?
agent 0: Yes, the heart can have trouble doing it's job of supplying blood, oxygen, and nutrients adequately - I guess it is from the depression and anxiety that often accompanies the state of mind.
agent 1: That is amazing. Can it actually be fatal?
agent 0: I would imagine that it is possible, since it does does to the heart. But, the anxiety is probably the worst part of it, physical symptoms such as rapid-fire heart rate and shakiness.",0,0,0,0,0,"**Evaluating heart health and anxiety**

I'm considering how depression and anxiety can affect the heart's ability to supply blood and oxygen. It seems possible that it could be fatal since anxiety leads to symptoms like rapid heart rate and shakiness. I noticed a typo, ""does does,"" which likely should be ""does damage."" But their earlier comments about pain not being severe might seem contradictory to the idea of potential fatality. However, maybe this doesn't completely conflict with their experiences. **Analyzing anxiety's impact**

I'm thinking about how anxiety is described as the worst part of the experience, with physical symptoms like a rapid heart rate and shakiness. They mentioned heart supply trouble without contradictions to this claim. I noticed a missing word in, ""does does to the heart,"" which might be corrected to ""does damage."" Their earlier reference to pain not being severe doesn't conflict with discussing anxiety's general effects. Overall, their statements seem consistent, leading me to conclude there are no contradictions.",0,,compound_word,modified to use compound words,compound_word,46
"agent 0: it can be tough. got to stay strong though.
agent 1: i couldn't figure it out. math is just to hard.
agent 0: I agree! Math is way too hard. If you need help you can always ask though!
agent 1: That's true. What are you studying math for?
agent 0: I had to take some math classes to finish my nursing degree. I only took them because they were mandatory though. Why are you studying math?
agent 1: I'm hoping to go into engineering. So I better improve my math! Don't want to be serving tables forever.
agent 0: You can do it! I'm more of an athlete. I have travelled lots for competitions which was great. Have you travelled anywhere?
agent 1: Last year, I went to Belarus. It was really interesting, the country is almost lost in time. Have you ever been to Eastern Europe?
agent 0: Yes i were there last year
agent 1: oh great i would also go there I'd never been there","agent 0: it can be tough. got to stay strong though.
agent 1: i couldn't figure it out. math is just to hard.
agent 0: I agree! Math is way too hard. If you need help you can always ask though!
agent 1: That's true. What are you studying math for?
agent 0: I had to take some math classes to finish my nursing degree. I only took them because they were mandatory though. Why are you studying math?
agent 1: I'm hoping to go into engineering. So I better improve my math! Don't want to be serving tables forever.
agent 0: You can do it! I'm more of an athlete. I have travelled lots for competitions which was great. Have you travelled anywhere?
agent 1: Last year, I went to Belarus. It was really interesting, the country is almost lost in time. Have you ever been to Eastern Europe?
agent 0: Yes i were there last year
agent 1: oh great i would also go there I'd never been there before",1,1,1,1,1,"**Analyzing dialogue context**

I need to determine whether agent 1's last statement contradicts their previous dialogue. The last utterance is, ""oh great I would also go there I'd never been there before."" 

First, I’ll look at what agent 1 said before. They mentioned struggling with math and hoping to improve for engineering and even shared that they visited Belarus, which is in Eastern Europe. Since agent 1 has been to Eastern Europe before, their current statement about never having been there seems contradictory. **Evaluating dialogue contradiction**

Agent 0 says, ""Yes, I were there last year,"" which is grammatically incorrect. Then agent 1 says they would go somewhere they've apparently never been before, which seems contradictory since they had previously mentioned visiting Belarus last year.

It's confusing because ""I would also go there"" sounds hypothetical, while ""I'd never been there before"" suggests a past reference. It's possible ""there"" means a different place, like Eastern Europe, but the previous statements about Belarus contradict that notion. **Examining dialogue ambiguity**

In the previous exchange, agent 0 said, ""Yes, I were there last year,"" to the question about Eastern Europe, and then agent 1 stated they would go somewhere they’d never been before. It’s confusing because it could imply ""there"" refers to where agent 0 has been; however, agent 1 previously said they went to Belarus, which is in Eastern Europe. So, agent 1's claim of never having been there contradicts their earlier statement. Even if ""there"" refers to agent 0's location, it still doesn't fit. **Clarifying the response**

The phrase ""would also go there"" seems hypothetical, while ""I'd never been there before"" might suggest a time before last year. The grammar is a bit messy, but the simplest interpretation is that it contradicts what agent 1 previously stated about visiting Belarus. Since that’s the case, it seems clear to me that the right answer is 1. Therefore, I should simply output ""1.""",1,,compound_word,modified to use compound words,compound_word,47
"agent 0: I was surprised to find I loved The Walking Dead. Not my style, usually. Do you watch?
agent 1: I tried a few times but found it wasn't for me. I like zombie games though. How about you? I play on the PS4.
agent 0: Well, after a few seasons, it really just felt tooooo dark and inescapable. I guess zombies will do that to you...! What's your favorite game?
agent 1: I enjoy strategy games the most. One of my favorites is Plants Vs. Zombies. Have you played that one? It's about homeowners that use plants to try and stop zombies from invading.
agent 0: I haven't -- but know lots of people who love that one. It's had some longevity too, hasn't it? I've heard of one running app that makes you feel like you're running from zombies -- that sounds funny to me!
agent 1: That's true. It has been around for a while. It's made it through iOS, PS3, PS4, etc. Lots of places to play that game. I think that you can even play it on the IPad!
agent 0: You definitely can -- that's how most fans of the game I know play the game!","agent 0: I was surprised to find I loved The Walking Dead. Not my style, usually. Do you watch?
agent 1: I tried a few times but found it wasn't for me. I like zombie games though. How about you? I play on the PS4.
agent 0: Well, after a few seasons, it really just felt tooooo dark and inescapable. I guess zombies will do that to you...! What's your favorite game?
agent 1: I enjoy strategy games the most. One of my favorites is Plants Vs. Zombies. Have you played that one? It's about homeowners that use plants to try and stop zombies from invading.
agent 0: I haven't -- but know lots of people who love that one. It's had some longevity too, hasn't it? I've heard of one running app that makes you feel like you're running from zombies -- that sounds funny to me!
agent 1: That's true. It has been around for a while. It's made it through iOS, PS3, PS4, etc. Lots of places to play that game. I think that you can even play it on the IPad!
agent 0: You definitely can -- that's how most die-hard fans of the game I know play the game!",0,0,0,0,0,"**Evaluating contradictions in dialogue**

I'm checking if the last statement contradicts the context. Agent 0 said, ""You definitely can -- that's how most die-hard fans of the game I know play the game!"" This follows from agent 1's comment about playing on iPad. So, no contradiction there; it actually confirms it. But then there's the detail that agent 0 mentioned not having played Plants vs Zombies but knowing fans who do. That seems like it might create some inconsistency, but overall, the main response still holds. **Checking for consistency**

It looks like everything is consistent—agent 0 understands how die-hard fans play the game on iPad, even though they haven’t played it themselves. Since there’s no contradiction in their statements, I’ll go with output 0. The instruction mentions that the text has been modified with compound words, but that seems irrelevant to determining contradiction. So, the final answer is definitely 0!",0,"**Evaluating dialogue consistency**

I need to check if the last statement contradicts the context of the conversation. Agent 0 initially expresses surprise about The Walking Dead, mentioning it gets dark after a few seasons. Then, Agent 1, who likes zombie games and plays on PS4, contributes about its longevity and availability. When Agent 0 agrees that many fans play on iPads, it's clear there’s no contradiction. Instead, it supports Agent 1's point. So, it all aligns smoothly! **Checking dialogue consistency**

I’m looking at some edge cases here. Agent 1 mentions iOS and then even the iPad, and Agent 0 confirms that it’s definitely possible—so that’s consistent! Next, Agent 1 plays on PS4, and Plants vs. Zombies is available there, which is all good. Agent 0 hasn’t played but still recognizes that fans love to play it on iPad, keeping everything consistent. Therefore, there are no contradictions, and I'll return just 0.",compound_word,modified to use compound words,compound_word,48
"agent 0: I love bowling I used to do it for a year back in highschool, very fun.
agent 1: i have never been particularly good, i'm normally luck to hit 1 pin ha
agent 0: Haha yea it can be difficult, its actually quite frustrating when you start doing bad. I wonder how long bowling has been a sport?
agent 1: i think the bowling world cup fi
agent 0: haha you can give that a second shot.
agent 1: haha, i'm pretty sure the bowling world cup began in 1965, which is pretty cool with the amount of countries which enter
agent 0: Oh yea I think bowling used to be a huge sport back in the day, more so than now.","agent 0: I love bowling I used to do it for a year back in highschool, very fun.
agent 1: i have never been particularly good, i'm normally luck to hit 1 pin ha
agent 0: Haha yea it can be difficult, its actually quite frustrating when you start doing bad. I wonder how long bowling has been a sport?
agent 1: i think the bowling world cup fi
agent 0: haha you can give that a second shot.
agent 1: haha, i'm pretty sure the bowling world cup began in 1965, which is pretty cool with the amount of countries which enter
agent 0: Oh yea I think bowling used to be a mega-sport back in the day, more so than now.",0,0,0,0,0,,0,,compound_word,modified to use compound words,compound_word,49
"agent 0: Hi there, know of any good Guns N Roses songs?
agent 1: I love WElcome to the Jungel. How about you?
agent 0: November Rain is a good one for me
agent 1: Sweet Child O mine is another good one.
agent 0: Can you believe that song makes Slash sick? or at least that's what he said in 1990
agent 1: That's crazy! What is Slash's favorite song?
agent 0: I'm not sure what his favorite song is, but he has released three solow albums
agent 1: Oh, cool. Which one is your favorite?
agent 0: His fourth solo album is definitely the best.","agent 0: Hi there, know of any good Guns N Roses songs?
agent 1: I love WElcome to the Jungel. How about you?
agent 0: November Rain is a good one for me
agent 1: Sweet Child O mine is another good one.
agent 0: Can you believe that song makes Slash sick? or at least that's what he said in 1990
agent 1: That's crazy! What is Slash's favorite song?
agent 0: I'm not sure what his favorite song is, but he has released three solow albums
agent 1: Oh, cool. Which one is your favorite?
agent 0: His fourth solo album is definitely the top-notch.",1,1,1,1,1,"**Evaluating contradictions in dialogue**

I need to check if the last statement contradicts what was said earlier. Agent 0 mentioned Slash has released three solo albums, but then they refer to a ""fourth solo album."" That clearly contradicts their previous claim! I wonder if they meant to include something else or if something changed over time. In the context of the conversation, though, it really does seem contradictory, which shows the importance of clarity in dialogue.",1,,compound_word,modified to use compound words,compound_word,50
"agent 0: My husband woke up with his face swollen and a terrible toothache
agent 1: That's horrible. Did he get to go to the dentist yet?
agent 0: Not yet, but I was his bedside nurse all day. Anything he needed I was sure to get.","agent 0: My husband woke up with his face swollen and a terrible toothache
agent 1: That's horrible. Did he get to go to the dentist yet?
agent 0: Not yet, but I was his round-the-clock bedside nurse all day. Anything he needed I was sure to get.",0,0,0,0,0,"**Deciding on wording choices**

I realize that ""all day"" could imply 24 hours or just the daytime, but there's really no contradiction in that. It's a plausible interpretation. Since we only need to output either a 0 or a 1, I'll settle on providing 0 here. This seems like a straightforward decision!",0,"**Checking for contradictions**

I'm checking if the last statement contradicts the dialogue context. Agent 0 says, ""Not yet,"" which aligns with the previous comment about the husband waking up with swelling and toothache. When agent 1 asks if he went to the dentist, the answer ""Not yet"" fits perfectly. Also, the statement about being his bedside nurse all day makes sense within this context. There's no implicit contradiction here, so I’ll output 0.",compound_word,modified to use compound words,compound_word,51
"agent 0: Be aggressive! Be Be aggressive! That's my favorite cheer!
agent 1: Haha! That is pretty cool. I think I would be good at chanting slogans, but not the intense physical activity!
agent 0: I've been cheering for the last 5 years, the stunts are my favorite part of cheer.
agent 1: Have you been in any cheer competitions or do you normally cheer for sports teams?
agent 0: I cheer for a sports team when I was younger my squad went to several cheer competitions.
agent 1: That is cool! My niece went to Cheer Athletics in TX. It is the largest cheerleading program in the US. I was very proud of her.
agent 0: Wow that's awesome, kudos to her!","agent 0: Be aggressive! Be Be aggressive! That's my favorite cheer!
agent 1: Haha! That is pretty cool. I think I would be good at chanting slogans, but not the intense physical activity!
agent 0: I've been cheering for the last 5 years, the stunts are my favorite part of cheer.
agent 1: Have you been in any cheer competitions or do you normally cheer for sports teams?
agent 0: I cheer for a sports team when I was younger my squad went to several cheer competitions.
agent 1: That is cool! My niece went to Cheer Athletics in TX. It is the largest cheerleading program in the US. I was very proud of her.
agent 0: Wow that's awesome, double-kudos to her!",0,0,0,0,0,"**Evaluating dialogue consistency**

I need to determine if the last utterance contradicts the previous statements in the dialogue. The last statement from agent 0 is supportive and doesn't seem to conflict with anything said before. So, it looks like there's no contradiction. The task involves checking only the last line against the previous lines, and it confirms no inconsistencies. Therefore, I can confidently return 0.",0,"**Evaluating dialogue consistency**

I need to determine if the last statement contradicts the dialogue context. The latest comment was ""Wow that's awesome, kudos to her!"" referring to agent 1's niece. It’s a positive reaction, which fits in well, so there’s no contradiction. Agent 0 previously mentioned cheering for five years and being part of competitions. The wording is a little strange, but it seems consistent overall. Therefore, I conclude with an answer of ""0"".",compound_word,modified to use compound words,compound_word,52
"agent 0: hello, do you have any vegan lunch recipes?
agent 1: i am too old to cook. what is this vegan you speak of?
agent 0: i do not eat anything that has a face, i love animals, especially horses.
agent 1: well, i do not eat the faces of animals either, but i enjoy a good burger.
agent 0: do you have any suggestions as to how to decorate my room? it is purple and green
agent 1: you could paint the walls a different color. i suggest victorian pieces.
agent 0: i prefer those colors, as they're my favorite and don't clash with my brown hair.
agent 1: that is fine. just don't put a television in there and add shades of moonlight.
agent 0: my parents will not allow a tv, i graduate in two years.
agent 1: we never had a television in my youth. keep you focused on your studies.
agent 0: i am an honor student. what do you do?
agent 1: good job! if you live to 100 like me, you will need all that learning.
agent 0: what is your secret? witchcraft?
agent 1: a good wine and a hearty outlook will keep you strong.
agent 0: i love wine, i had some with dinner, when we were in europe.
agent 1: have you traveled to Europe before?
agent 0: but i hate drinking wine","agent 0: hello, do you have any vegan lunch recipes?
agent 1: i am too old to cook. what is this vegan you speak of?
agent 0: i do not eat anything that has a face, i love animals, especially horses.
agent 1: well, i do not eat the faces of animals either, but i enjoy a good burger.
agent 0: do you have any suggestions as to how to decorate my room? it is purple and green
agent 1: you could paint the walls a different color. i suggest victorian pieces.
agent 0: i prefer those colors, as they're my favorite and don't clash with my brown hair.
agent 1: that is fine. just don't put a television in there and add shades of moonlight.
agent 0: my parents will not allow a tv, i graduate in two years.
agent 1: we never had a television in my youth. keep you focused on your studies.
agent 0: i am an honor student. what do you do?
agent 1: good job! if you live to 100 like me, you will need all that learning.
agent 0: what is your secret? witchcraft?
agent 1: a good wine and a hearty outlook will keep you strong.
agent 0: i love wine, i had some with dinner, when we were in europe.
agent 1: have you traveled to Europe before?
agent 0: but i hate wine-tasting",1,1,0,1,0,"**Evaluating dialogue consistency**

I need to check if the last statement contradicts the previous context. The dialogue alternates between two agents, and agent 0 mentions hating wine-tasting after stating they love wine. Agent 1 asked if agent 0 has traveled to Europe, which agent 0 confirms implies they enjoy wine. So, agent 0 loving wine doesn’t necessarily contradict hating wine-tasting; they can enjoy wine without liking wine-tasting events. Yes, earlier mentions affirm their love for wine too. **Analyzing dialogue for contradictions**

Saying ""but I hate wine-tasting"" introduces a contrast, but it's not a contradiction; it makes sense. They mentioned being vegan, but love for wine isn't conflicting since wine is vegan. The age aspect, regarding being a student and wine consumption, could create confusion. Agent 1's statement about eating habits could contradict, but that’s not agent 0's claim. As for traveling to Europe, they've confirmed it by saying they were there before. Overall, no contradictions—so the answer remains 0. **Verifying dialogue consistency**

I’m double-checking the context here: agent 0 stated, ""I love wine, I had some with dinner when we were in Europe,"" which suggests they have traveled there. Agent 1 then asks if they've traveled to Europe before; it's a standard question and doesn't contradict anything. The last statement, ""but I hate wine-tasting,"" doesn't contradict earlier sentiments either. So, I conclude that there’s no contradiction here—therefore, the answer is 0.",1,1 1,compound_word,modified to use compound words,compound_word,53
"agent 0: Skiing is one of my favorite pasttimes. I wish I could do it more.
agent 1: It is a lot of fun and has been around a long time. It goes back almost 5000 years!
agent 0: I wonder what they used for skiis back then.
agent 1: The word ski actually comes from skio. That is Old Norse for split piece of wood
agent 0: Now that is pretty cool. So they named it after the piece of wood they originally used.
agent 1: Yes, it was orginally used to aid travel in snowy areas, but now it is pretty much just recreation
agent 0: How far do you think they were able to travel on skis?
agent 1: Not very far and only downhill. Skis were only invented for travel in the desert.","agent 0: Skiing is one of my favorite pasttimes. I wish I could do it more.
agent 1: It is a lot of fun and has been around a long time. It goes back almost 5000 years!
agent 0: I wonder what they used for skiis back then.
agent 1: The word ski actually comes from skio. That is Old Norse for split piece of wood
agent 0: Now that is pretty cool. So they named it after the piece of wood they originally used.
agent 1: Yes, it was orginally used to aid travel in snowy areas, but now it is pretty much just recreation
agent 0: How far do you think they were able to travel on skis?
agent 1: Not very far and only downhill. Skis were only invented for sand-skiing in the desert.",1,1,1,1,1,"**Evaluating dialogue contradictions**

I need to check if the last statement contradicts the previous dialogue context. The last statement from agent 1 claimed that skis were only invented for sand-skiing in the desert. However, earlier, agent 1 mentioned that skis were originally made to help travel in snowy areas, which directly contradicts the latest claim. Additionally, saying ""only downhill"" doesn't align with the earlier suggestion of travel potential. So, the main issue here definitely revolves around the claim about skis' snowy origin.",1,"**Identifying contradictions in dialogue**

I’m checking if the last utterance contradicts the dialogue. Agent 0 likes skiing and is curious about its history. They state the word comes from Old Norse and that skis were initially used for travel in snowy areas. But then Agent 1 claims skis were only for downhill travel in the desert, which contradicts the idea of using them for travel in snowy areas. So, I see a clear contradiction here in the claims about skiing!",compound_word,modified to use compound words,compound_word,54
"agent 0: hello, i'm just finishing my mexican food. i apologize for my rudeness.
agent 1: no worries. i'm listening to some country music with my cow bessie
agent 0: oh i would love to see your cow
agent 1: i drive a large pickup so i could haul her to where you live to show you
agent 0: that's sweet of you to offer! i work in construction and get sent many places.
agent 1: i just stay at home working on mom and dads farm so i'd like an adventure
agent 0: well, we can meet up. tell me when!
agent 1: i'll have to check with my parents but maybe next thursday
agent 0: that sounds wonderful! what is your favorite music?
agent 1: country all the way! its all i listen to. you?
agent 0: well, i'm a big aerosmith fan, but i also like country.
agent 1: aerosmith is not bad but i love country so much
agent 0: me too. they play it at the nascar races that i attend.
agent 1: i am a nascar fan too!","agent 0: hello, i'm just finishing my mexican food. i apologize for my rudeness.
agent 1: no worries. i'm listening to some country music with my cow bessie
agent 0: oh i would love to see your cow
agent 1: i drive a large pickup so i could haul her to where you live to show you
agent 0: that's sweet of you to offer! i work in construction and get sent many places.
agent 1: i just stay at home working on mom and dads farm so i'd like an adventure
agent 0: well, we can meet up. tell me when!
agent 1: i'll have to check with my parents but maybe next thursday
agent 0: that sounds wonderful! what is your favorite music?
agent 1: country all the way! its all i listen to. you?
agent 0: well, i'm a big aerosmith fan, but i also like country.
agent 1: aerosmith is not bad but i love country so much
agent 0: me too. they play it at the nascar races that i attend.
agent 1: i am a die-hard nascar fan too!",0,0,0,0,0,"**Finalizing the answer**

I'm double-checking for any contradictions in earlier messages. The statement about staying at home working on the farm doesn't conflict with being a NASCAR fan. Saying they’re listening to country music while with their cow is fine too. Mentioning needing to check with parents implies they live with them. So, the final answer must be 0 or 1. I've decided it's 0. Let's wrap this up!",0,"**Evaluating dialogue consistency**

I’m trying to determine if the last statement by agent 1 about being a NASCAR fan contradicts earlier dialogue. I’ll review the previous comments: agent 1 mentioned listening to country music, driving a pickup, and working on a farm, expressing a desire for adventure. Also, agent 0 noted that they like Aerosmith but attend NASCAR races where country music is played. Agent 1's new statement seems consistent with this, as they haven’t said anything contradictory about NASCAR before. **Confirming consistency**

I’m analyzing whether agent 1's statement about being a NASCAR fan contradicts anything previously said. Since there's no earlier mention about NASCAR, but agent 1 likes country music and drives a pickup, there's consistency overall. Therefore, I believe there's no contradiction present. I think the proper response is simply ""0,"" indicating that the last utterance aligns with what was previously expressed. I’ll stick to just that concise output!",compound_word,modified to use compound words,compound_word,55
"agent 0: I just finished watching the Saw movie.
agent 1: I just cannot watch horror movies!! Did you like it?
agent 0: I hated it! I didn't want to watch it but my husband did. The gore is just too much!
agent 1: Oh I am right there with you! The last scary movie I watched made it where I couldn't sleep that night.","agent 0: I just finished watching the Saw movie.
agent 1: I just cannot watch horror movies!! Did you like it?
agent 0: I hated it! I didn't want to watch it but my husband did. The gore is just too much!
agent 1: Oh I am right there with you! The last fright-fest movie I watched made it where I couldn't sleep that night.",0,0,0,0,0,"**Evaluating contradictions in statements**

I’m analyzing the perceived contradiction between saying ""I can’t watch horror movies"" and ""The last horror movie I watched."" It seems plausible that someone could have watched one in the past but now feels they cannot. The phrase ""cannot watch"" suggests a present inability, and referencing a past horror movie aligns with that context. I don’t see any other contradictions, so I conclude that the answer is 0.",0,"**Evaluating contradictions in dialogue**

I'm trying to determine if the last statement contradicts earlier remarks. Agent 1 mentioned, ""Oh I am right there with you! The last scary movie I watched made it where I couldn't sleep that night."" Earlier, they said, ""I just cannot watch horror movies!! Did you like it?"" It seems they're saying they can't handle horror, yet refer to having watched one, which might suggest they sometimes do. Is this a contradiction? It could just be hyperbole, but for classification, I'm not so sure. **Analyzing statements about horror movies**

I'm considering a situation where someone claims they cannot watch horror movies but then mentions the last scary movie they watched. This could imply there's a contradiction, but maybe ""cannot"" simply means they can't handle them now. They might have watched one before developing their aversion. Saying they can't watch them now doesn't contradict the past experience; it makes sense that they might have previously watched and then decided against it. So I don't see a contradiction here, and it seems reasonable to determine the answer is 0.",compound_word,modified to use compound words,compound_word,56
"agent 0: I like to hunt by trapping animals, or pursuing or tracking them
agent 1: That is a little scary. Do you take pleasure in hunting them down?
agent 0: Yes, pleasure and most commonly done for food, recreation, to remove predators that are dangerous to humans
agent 1: That is true. Is it true that humans are great hunters because of their stamina and intelligence?
agent 0: Yes we are. But it is essential to know the difference between Lawful hunting and poaching. which is the illegal killing, trapping or capture of the hunted species.
agent 1: I know that sometimes people poach animals illegally for their valuable resources.
agent 0: Yes and because of there excessive hunting, it contributed to the endangerment, extirpation and extinction of many animals. We need to stop that from happening","agent 0: I like to hunt by trapping animals, or pursuing or tracking them
agent 1: That is a little scary. Do you take pleasure in hunting them down?
agent 0: Yes, pleasure and most commonly done for food, recreation, to remove predators that are dangerous to humans
agent 1: That is true. Is it true that humans are great hunters because of their stamina and intelligence?
agent 0: Yes we are. But it is essential to know the difference between Lawful hunting and poaching. which is the illegal killing, trapping or capture of the hunted species.
agent 1: I know that sometimes people poach animals illegally for their valuable resources.
agent 0: Yes and because of their excessive over-hunting, it contributed to the endangerment, extirpation and extinction of many animals. We need to stop that from happening",0,0,0,0,0,,0,"**Evaluating contradictions in dialogue**

I need to decide if the last statement contradicts the dialogue context. The last utterance from agent 0 talks about excessive hunting leading to endangerment and extinction of animals. First, I’ll compare it with earlier turns. Agent 0 seems to enjoy hunting for pleasure but also mentions it’s for food and safety. Agent 1 expresses concern about hunting. So, hmm... the final statement may not directly contradict earlier sentiments; rather, it adds a sense of urgency or responsibility. **Clarifying hunting vs. poaching**

I’m considering the difference between lawful hunting and illegal poaching. Agent 1 mentions that some people poach animals for their resources, which is true. Agent 0 acknowledges that excessive hunting contributes to endangerment and extinction, calling for an end to it. This seems consistent with their earlier condemnation of poaching, even though they enjoy hunting for food and control. So, it appears no contradiction exists here. I’ll conclude with 0 as instructed. **Finalizing the answer**

Alright, the task is to just provide a simple answer of either 0 or 1, so I'll go with 0. I noticed a grammar issue in saying ""there excessive,"" but that doesn't create a contradiction in the context. It’s good to recognize these nuances, but they don't affect the answer required here. So, I'll confidently finalize that the answer is 0.",compound_word,modified to use compound words,compound_word,57
"agent 0: hi! how are you today?
agent 1: i'm doing good, how about you
agent 0: great. i just finished cooking paella this evening!
agent 1: that sounds great! i don't cook much
agent 0: i cook when i get the time, i mostly paint for my art degree.
agent 1: nice. i just work for the us postal service
agent 0: i love mail. did i mention that i am from the direct line of christopher columbus?
agent 1: Wow, is that why you cook pasta for dinner?
agent 0: Yeah, I loved this evening's ravioli.","agent 0: hi! how are you today?
agent 1: i'm doing good, how about you
agent 0: great. i just finished cooking paella this evening!
agent 1: that sounds great! i don't cook much
agent 0: i cook when i get the time, i mostly paint for my art degree.
agent 1: nice. i just work for the us postal service
agent 0: i love mail. did i mention that i am from the direct line of christopher columbus?
agent 1: Wow, is that why you cook pasta for dinner?
agent 0: Yeah, I loved this evening's home-cooked ravioli.",1,1,1,1,1,"**Analyzing potential contradiction**

I need to figure out if the last statement contradicts the conversation context. Agent 0 mentioned cooking paella, and then agent 1 implies they made pasta. Agent 0 later says they enjoyed ravioli, which is also pasta. This creates inconsistency since they initially stated paella. Both references to ""this evening"" make it complicated—it's possible they cooked both, but that seems unlikely. So, I’m weighing whether it's a contradiction or just a miscommunication. **Identifying contradiction**

Agent 0 could have cooked ravioli instead of paella, creating a contradiction. When agent 1 asks about pasta and agent 0 agrees, it implies they made pasta, which goes against their earlier claim of cooking paella. So, it’s clear there's a contradiction here. I note that the statement mentioned being modified to use compound words, but that doesn't really change the essence of the inconsistency. In conclusion, I’ll return the answer as 1.",1,"**Analyzing contradiction**

I see that saying ""finished cooking paella this evening"" implies that dinner was paella. There's a contradiction here, suggesting that agent0's latest statement conflicts with an earlier one. It feels important to note this down and mark it as a contradiction. It's like piecing together a puzzle where the pieces just don’t quite fit together! Let’s make sure I've documented this correctly as contradicts.",compound_word,modified to use compound words,compound_word,58
"agent 0: hello! how are you today?
agent 1: i'm doing wonderfully, just came back from a walk with my dogs.
agent 0: oh my! i also have two dogs! what kind?
agent 1: i've a springer spaniel and a lab. they are both rescues.
agent 0: nice! i've a lab mix and a collie mix. dogs are better than people
agent 1: they sure are! i'm a mechanic, what do you do
agent 0: i quit my job to find a husband. its hard when your are my age.","agent 0: hello! how are you today?
agent 1: i'm doing wonderfully, just came back from a walk with my dogs.
agent 0: oh my! i also have two dogs! what kind?
agent 1: i've a springer spaniel and a lab. they are both rescues.
agent 0: nice! i've a lab mix and a collie mix. dogs are better than people
agent 1: they sure are! i'm a mechanic, what do you do
agent 0: i quit my job to find a life-partner. it's hard when you're at my age.",0,0,0,0,0,,0,,compound_word,modified to use compound words,compound_word,59
"agent 0: Green is a beautiful color often seen in nature. Do you like the color green?
agent 1: The reaosn we associate green with money is because green was associated with bankers in the Middle Ages. It was the color of the banker class.
agent 0: I never heard that before. Why was green associated with the banker class?
agent 1: Well it was mainly that they wanted to be close to nobility so they wanted an official color too, like Red was for the nobility
agent 0: That's very cool! What else can you share with me about the color green?
agent 1: It's obviously a color associated with Ireland. They do love their green.
agent 0: I always wear my green on St. Patrick's Day! lol
agent 1: I wear red, but Red isn't associated with any class in Ireland.","agent 0: Green is a beautiful color often seen in nature. Do you like the color green?
agent 1: The reaosn we associate green with money is because green was associated with bankers in the Middle Ages. It was the color of the banker class.
agent 0: I never heard that before. Why was green associated with the banker class?
agent 1: Well it was mainly that they wanted to be close to nobility so they wanted an official color too, like Red was for the nobility
agent 0: That's very cool! What else can you share with me about the color green?
agent 1: It's obviously a color associated with Ireland. They do love their green.
agent 0: I always wear my green on St. Patrick's Day! lol
agent 1: I wear red, but Red isn't associated with any socio-economic class in Ireland.",1,1,0,0,0,"**Examining color associations**

I previously mentioned that red was linked to nobility, likely in a broader European context rather than just Ireland. So, is there a contradiction when I say red isn’t tied to socio-economic class in Ireland? Since I didn’t specify Ireland before, saying it’s not associated in Ireland isn't contradicting unless red is implied as universally noble. If my earlier claim is general, it could apply to Ireland too, leading to a contradiction. I'm just checking internal consistency in the conversation logic. **Clarifying color associations**

I noted that red was tied to nobility in a general sense, without being limited to any specific region. Mentioning Ireland next raised a question since I noted their preference for green, and I didn’t associate red with Ireland before saying it isn't linked to any socio-economic class there. If red is seen as noble elsewhere, that could fit with the earlier statements, but it doesn't create a contradiction specific to Ireland. The ambiguity remains, but there isn't an explicit conflict. So, my answer would be 0.",0,"**Evaluating dialogue consistency**

I need to check if the last statement contradicts the previous context. The final utterance says, ""I wear red, but Red isn't associated with any class in Ireland."" 

So, let’s unpack the dialogue. Earlier, there was mention of red associating with the nobility, especially in the Middle Ages, while green was linked to money. However, the recent claim about wearing red in relation to Ireland complicates things. The speaker seems to switch the meaning of red, which might cause some confusion about consistency. **Analyzing potential contradictions**

I’m trying to see if there's a contradiction in earlier statements. They initially claimed red was for the nobility in general, but later stated, ""Red isn't associated with any class in Ireland."" These aren't directly contradictory since the first claim didn't specify Ireland—it implied nobility generally. The focus shifts to Ireland in the later claim, which doesn’t necessarily conflict. However, there's a consideration about associating colors with Ireland, especially with the mention of green, but again, no conflict arises. **Determining consistency in statements**

The new statement says, ""I wear red, but Red isn't associated with any class in Ireland."" There was no previous claim linking red to any class specifically in Ireland, which means there's no contradiction here. I need to double-check the dialogue for consistency. The earlier mention of red being for the nobility might suggest a broader European context, but since the latest statement specifies Ireland, I see no direct conflict. So, I'm concluding that the answer should be 0.",compound_word,modified to use compound words,compound_word,60
"agent 0: American Football, refered as football in the United States ans Canada, is such a fun sport. Do you play?
agent 1: No i do not play. But i am always curious about the game
agent 0: Well i think college football is the best. Even though it's considered second-tier. Do you watch it on tv?
agent 1: Yes i do but not with full concentration so i still do not know much about it. What are the rules of the game
agent 0: Oh I have no clue, but within the US the college version of footballs garners high tv ratings
agent 1: How many players are often involved in the american football
agent 0: Oh I'd say at least 30, haha. The history of the game can be traced to early versions of rugby if that tells you anything
agent 1: Hmm okay. I know they share many resemblance. SO i would ask what differentiate the game from each other?
agent 0: Oh well one's the UK version and the other evolved in the united states","agent 0: American Football, refered as football in the United States ans Canada, is such a fun sport. Do you play?
agent 1: No i do not play. But i am always curious about the game
agent 0: Well i think college football is the best. Even though it's considered second-tier. Do you watch it on tv?
agent 1: Yes i do but not with full concentration so i still do not know much about it. What are the rules of the game
agent 0: Oh I have no clue, but within the US the college version of footballs garners high tv ratings
agent 1: How many players are often involved in the american football
agent 0: Oh I'd say at least 30, haha. The history of the game can be traced to early versions of rugby if that tells you anything
agent 1: Hmm okay. I know they share many resemblance. SO i would ask what differentiate the game from each other?
agent 0: Oh well one's the UK-born version and the other evolved in the United States",0,0,0,0,0,,0,,compound_word,modified to use compound words,compound_word,61
"agent 0: Do you have any children?
agent 1: I do not yet
agent 0: I have two children
agent 1: oh wow! Do you want anymore, my mom wanted a ton but she's also an osteopath
agent 0: I'm not sure, with childcare expenses these days it unfortunately becomes a business decision as well
agent 1: I completely agree, thats why I've watied so long. They said that a cost of one kid NOT including college is close to 200,000
agent 0: It is expensive for sure, but the quality of life you obtain through seeing the world through the eyes of children again is priceless. It keeps you young!
agent 1: But its the unconditional love. Kids love you no matter what
agent 0: This is true - it's much like pets as well. And, the ability to shape their minds and lives is a huge responsibility.
agent 1: Do you have any pets? I have two dogs.
agent 0: I have a dog and a cat - my kids like playing with them as well, and while they do it gives me a chance to relax and read
agent 1: Oh wow, and they get along good? I have always wanted a cat but scared about already having dogs.
agent 0: They do. My cat acts like a dog. And my kids chase them around the yard to burn out energy.
agent 1: My one cat is not like that. He is very lazy and obsessed with food.","agent 0: Do you have any children?
agent 1: I do not yet
agent 0: I have two children
agent 1: oh wow! Do you want anymore, my mom wanted a ton but she's also an osteopath
agent 0: I'm not sure, with childcare expenses these days it unfortunately becomes a business decision as well
agent 1: I completely agree, thats why I've watied so long. They said that a cost of one kid NOT including college is close to 200,000
agent 0: It is expensive for sure, but the quality of life you obtain through seeing the world through the eyes of children again is priceless. It keeps you young!
agent 1: But its the unconditional love. Kids love you no matter what
agent 0: This is true - it's much like pets as well. And, the ability to shape their minds and lives is a huge responsibility.
agent 1: Do you have any pets? I have two dogs.
agent 0: I have a dog and a cat - my kids like playing with them as well, and while they do it gives me a chance to relax and read
agent 1: Oh wow, and they get along good? I have always wanted a cat but scared about already having dogs.
agent 0: They do. My cat acts like a dog. And my kids chase them around the yard to burn out energy.
agent 1: My one cat is not like that. He is very couch-potato-like and obsessed with food.",1,1,1,1,1,"That's interesting! It looks like there's a contradiction about having a cat, because the last statement indicates there is a cat mentioned after saying there wasn't one before. The task is clear: I need to output 1 if there’s a contradiction and 0 if there isn’t. Here, since there is indeed a contradiction, I'll simply deliver the answer as the number 1. So, let’s go ahead and do just that!",1,"**Evaluating dialogue consistency**

I need to check if the last statement contradicts the dialogue context. Agent 1 mentioned having two dogs earlier, which implies they don’t have a cat. When they said, ""My one cat is not like that,"" it creates a mismatch. Initially, Agent 1 said they didn’t have children and later spoke about kids. Given these contradictions, it seems Agent 1's claim about having a cat does not align with their previous statements. **Checking agent dialogue consistency**

Agent 0 mentioned having a dog and a cat, and their kids enjoy playing with them. This gives Agent 0 time to relax and read. Then Agent 1 expresses wanting a cat but being scared since they have dogs, suggesting that Agent 1 doesn’t currently have a cat. However, Agent 1 later states, ""My one cat is not like that,"" which seems to contradict their earlier statement about wanting a cat. This inconsistency raises questions about their claims. **Determining contradiction in dialogue**

I’m trying to figure out if there’s a contradiction in the dialogue. Agent 1 has stated they have two dogs, and then they mention ""My one cat,"" which implies ownership of at least one cat. This creates a contradiction since earlier they said they had no cat. I wondered if they were talking about Agent 0’s cat, but since Agent 1 used ""my one cat,"" it suggests they own it. Based on this, I conclude it contradicts, so the final answer is 1.",compound_word,modified to use compound words,compound_word,62
"agent 0: i could eat pasta everyday, and i love chicken too
agent 1: cool! what do you do for a living again?
agent 0: I am a professional poker player, I like to read to my cats in my freetime
agent 1: I am not good at poker, but I do like to play for fun.
agent 0: I like to use my poker winnings to buy tuna. It's my favorite food.
agent 1: That's interesting! I wish I could have tuna, but I'm allergic. What else do you buy?
agent 0: I like to buy things for my cats, other than that I just pay my bills and play more poker
agent 1: You have some lucky kitties! Have cat food prices gone up? Dog food prices are ridiculous!
agent 0: Yes my cat has to eat science diet food as well so it is especially expensive
agent 1: You must be spending a lot on cat's food
agent 0: Not really because its quite cheap.","agent 0: i could eat pasta everyday, and i love chicken too
agent 1: cool! what do you do for a living again?
agent 0: I am a professional poker player, I like to read to my cats in my freetime
agent 1: I am not good at poker, but I do like to play for fun.
agent 0: I like to use my poker winnings to buy tuna. It's my favorite food.
agent 1: That's interesting! I wish I could have tuna, but I'm allergic. What else do you buy?
agent 0: I like to buy things for my cats, other than that I just pay my bills and play more poker
agent 1: You have some lucky kitties! Have cat food prices gone up? Dog food prices are ridiculous!
agent 0: Yes my cat has to eat science diet food as well so it is especially expensive
agent 1: You must be spending a lot on cat's food
agent 0: Not really because it's quite cost-effective.",1,1,1,1,1,"**Evaluating dialogue context**

I need to determine if the last statement contradicts the dialogue context. The conversation reveals agent0 mentioning that cat food prices have gone up and specifically noting it's expensive, while also stating that it’s cost-effective. This seems contradictory. Agent0 implies spending might not be high despite the mentioned increase. Let's explore this more to clarify whether agent0's comments align or if there's a contradiction that needs addressing. **Identifying contradictions**

Agent0 said it’s especially expensive for cat food but then claimed they're not spending a lot because it’s cost-effective. This presents a contradiction. The mention of needing to buy science diet food suggests high prices, yet stating it’s cost-effective implies they feel the value outweighs the cost. However, when previously asked about spending a lot, saying ""not really"" counters that assumption. So, yes, I think there's a contradiction in agent0's statements.",1,"**Identifying contradictions**

I need to check if the last statement contradicts the previous context in the dialogue. Agent 0 previously mentioned that their cat's food is ""especially expensive,"" while agent 1 responds by highlighting the potential cost. However, agent 0 later claims that it’s ""not really"" expensive. That definitely contradicts the earlier statement. So, I conclude that there’s a clear contradiction here, labelling it as output 1. The edge between the two statements clarifies the inconsistency.",compound_word,modified to use compound words,compound_word,63
"agent 0: What do you know about ireland?
agent 1: Are you referring to the island in the North Atlantic? It has a population of 6.6 million people. Why do you ask?
agent 0: Exactly, do you know any thing about Island north Atlantic?
agent 1: There are lots of low-lying mountains in Ireland. Do you fancy a hike?
agent 0: Wow, that will make island north Atlantic.
agent 1: It also has lush vegetation and is very clean and green.
agent 0: It sounds beautiful.
agent 1: I don't know, it's pretty barren.","agent 0: What do you know about ireland?
agent 1: Are you referring to the island in the North Atlantic? It has a population of 6.6 million people. Why do you ask?
agent 0: Exactly, do you know any thing about Island north Atlantic?
agent 1: There are lots of low-lying mountains in Ireland. Do you fancy a hike?
agent 0: Wow, that will make island north Atlantic.
agent 1: It also has lush vegetation and is very clean and green.
agent 0: It sounds beautiful.
agent 1: I don't know, it's pretty lifeless-barren.",1,1,1,1,1,,1,"**Analyzing contradictions in dialogue**

Okay, I need to check if the last statement contradicts what was said earlier. The last utterance describes the area as ""pretty barren,"" while agent 1 previously mentioned ""lush vegetation and... very clean and green,"" which clearly indicates it's the opposite. There were also earlier references to ""lots of low-lying mountains in Ireland"" and the island's population. So, I’ve confirmed there’s a contradiction here. The output should indicate that.",compound_word,modified to use compound words,compound_word,64
"agent 0: One day at work while I was pregnant, I fell! Luckily, the baby and I weren't hurt, but I wanted to waddle away so fast!
agent 1: Oh no! I bet that was embarassing:(
agent 0: Yes, it really was quite so!
agent 1: I'm glad you're okay. Did you have the baby yet??
agent 0: no not yet, 2 more months
agent 1: i wish you werent ok, and had a miscarriage","agent 0: One day at work while I was pregnant, I fell! Luckily, the baby and I weren't hurt, but I wanted to waddle away so fast!
agent 1: Oh no! I bet that was embarassing:(
agent 0: Yes, it really was quite so!
agent 1: I'm glad you're okay. Did you have the baby yet??
agent 0: no not yet, 2 more months
agent 1: i wish you weren't okay, and had a heart-wrenching miscarriage",1,1,0,0,0,"**Evaluating dialogue consistency**

I'm trying to figure out if the last statement contradicts the previous context. The last remark wished harm, stating, ""I wish you weren't okay, and had a heart-wrenching miscarriage."" Earlier, one agent expressed relief that the other was okay and asked about the baby, who's not due for two more months. It seems inconsistent in sentiment with the earlier statement, but it's a wish, not a factual contradiction. So, it doesn't assert anything factual, just a desire. **Assessing contradiction in dialogue**

I’m considering whether the last statement contradicts the earlier context. Wishing someone had a miscarriage doesn’t contradict the fact that she’s pregnant and okay. A true contradiction would be if it stated she had a miscarriage or wasn’t okay. This wish is more cruel than factual. So, does it contradict the dialogue? It seems no; expressed wishes are typically not treated as contradictions in similar scenarios. I’ll conclude with a single digit '0' for the response.",0,"**Analyzing contradiction detection**

I’m focusing on contradiction detection, which usually looks for factual inconsistencies. The last statement expresses a desire rather than stating a fact, so does it actually contradict anything? Most likely not, since it's not about factual content; it’s offensive instead. However, it could be seen as conflicting with a prior positive sentiment. Typically, the task would assign a contradiction score of 0, since last utterance doesn't contradict facts but contains toxic sentiment instead. **Following contradiction instructions**

I need to be careful with these instructions: I'm given a dialogue with alternating agent labels, and the task is to determine if the last utterance contradicts the dialogue context. I should respond with 1 if there’s a contradiction and 0 if not. In this case, it seems clear that the answer is 0 since there’s no contradiction present. So, I just need to remember to keep my response concise and only output 0.",compound_word,modified to use compound words,compound_word,65
"agent 0: I like Dylans bars do you?
agent 1: Yes Dylans Candy Bar is my favorite boutique candy store
agent 0: They have everything! i just love it
agent 1: Yes Ralph Laurens daughter Dylan Lauren owns them
agent 0: How long have they been around?
agent 1: Since 2011 and Dylan Lauren was on the cover of Forbes magazine
agent 0: That is really cool!","agent 0: I like Dylans bars do you?
agent 1: Yes Dylans Candy Bar is my favorite boutique candy store
agent 0: They have everything! i just love it
agent 1: Yes Ralph Laurens daughter Dylan Lauren owns them
agent 0: How long have they been around?
agent 1: Since 2011 and Dylan Lauren was on the cover of Forbes magazine
agent 0: That is really super-cool!",0,0,0,0,0,,0,,compound_word,modified to use compound words,compound_word,66
"agent 0: hello! do you have to work today? i do not. the usps is closed.
agent 1: hi. how are you? i do since i work for myself walking dogs
agent 0: i'm doing well. barnaby, my shepherd, and i came back from a long walk.
agent 1: oh you have a dog too. i've three.
agent 0: only one. i work a lot. and, we have scorpions. we are both afraid of them.
agent 1: wow that is scary. what do you like to do for fun?
agent 0: i like to attend nascar races, my daddy was a driver.
agent 1: that is cool. my dad was a door to door salesman.
agent 0: my mom sold avon. they had the pretties grey eye shadow.
agent 1: i'm not into makeup much
agent 0: i like eye shadow and mascara. i wear a dull uniform, i have to look pretty somehow.
agent 1: i understand. at least you have government benefits
agent 0: i do. stressful job though.","agent 0: hello! do you have to work today? i do not. the usps is closed.
agent 1: hi. how are you? i do since i work for myself walking dogs
agent 0: i'm doing well. barnaby, my shepherd, and i came back from a long walk.
agent 1: oh you have a dog too. i've three.
agent 0: only one. i work a lot. and, we have scorpions. we are both afraid of them.
agent 1: wow that is scary. what do you like to do for fun?
agent 0: i like to attend nascar races, my daddy was a driver.
agent 1: that is cool. my dad was a door to door salesman.
agent 0: my mom sold avon. they had the pretties grey eye shadow.
agent 1: i'm not into makeup much
agent 0: i like eye shadow and mascara. i wear a dull uniform, i have to look pretty somehow.
agent 1: i understand. at least you have government benefits
agent 0: i do. high-stress job though.",0,0,0,0,0,,0,,compound_word,modified to use compound words,compound_word,67
"agent 0: Going out today to learn a new route for my job and I'm hoping that I don't get lost.
agent 1: Are you able to learn the route first before you have to take it for your job or are they kind of just throwing you into it?
agent 0: I got the assignment yesterday, and I told myself that I'd go drive around it today and tomorrow. My boss is supposed to ride along with me the first week, and then after that I'll be on my own.
agent 1: Well hopefully you're able to familiarize yourself quickly. Good luck!
agent 0: Yeah I already know the way, it's super easy.","agent 0: Going out today to learn a new route for my job and I'm hoping that I don't get lost.
agent 1: Are you able to learn the route first before you have to take it for your job or are they kind of just throwing you into it?
agent 0: I got the assignment yesterday, and I told myself that I'd go drive around it today and tomorrow. My boss is supposed to ride along with me the first week, and then after that I'll be on my own.
agent 1: Well hopefully you're able to familiarize yourself quickly. Good luck!
agent 0: Yeah I already know the way, it's super user-friendly.",1,1,0,1,0,"**Analyzing statements on familiarity**

I’m considering how saying ""I already know the way"" could conflict with the idea of learning and feeling lost. People might claim they know the way after practice, but that doesn’t seem to apply here since they mentioned driving today and tomorrow. I’m questioning if there's a real contradiction because the earlier statements imply a lack of familiarity. It's curious how saying ""I already know the way"" doesn't align with needing to learn and hoping not to get lost. **Examining confidence and knowledge**

I'm realizing that it's not strictly contradictory to say ""I already know the way"" while also feeling cautious. The phrase ""hoping I don't get lost"" shows there's some uncertainty. Usually, we look for clear contradictions, but here the last claim and earlier intentions seem at odds. “Already” relates to the notion of familiarity quickly gained; maybe they learned fast or had prior knowledge. However, saying ""Going out today to learn a new route"" suggests they initially didn’t know the way at all. **Clarifying knowledge and learning**

I’m thinking that if the person claims to ""already know the way,"" it could simply be because they learned it after going out. The conversation feels immediate, so maybe there's been a break. Some tasks might only see contradictions if they seem impossible. They could have learned quickly today, especially since they mentioned driving today and tomorrow. So, it seems there's no contradiction. The mention of a boss riding along also doesn’t conflict with knowing the way. Overall, I believe there’s no contradiction! **Assessing knowledge statements**

I see that although they initially mentioned going out to learn, the statement ""I already know the way"" is present-tense and implies they've learned it now. If they didn't know before but do now, there’s no inherent contradiction. Since there aren't any explicit contradictions present in how they expressed their thoughts, I would conclude that there’s a logical progression. Ultimately, my final answer would be 0, indicating no contradiction exists!",1,"**Analyzing logical consistency**

I’m thinking about how one can verify information while also knowing something. We should consider contradictions as logical inconsistencies. For example, one statement suggests the person is uncertain about a route while another claims they know it well. This could indicate a timeline change, but the conversation doesn't clarify that. It seems contradictory at first, but perhaps they realized the route is familiar after some reflection. This is interesting in contradiction detection tasks! **Evaluating contradictions**

I'm leaning toward the idea that the statements contradict each other. The initial claim says they're going out to learn a new route, while the last claim insists they already know the way. That inconsistency stands out. However, it’s possible they had prior knowledge of the route or reviewed a map, which could make “already know the way” plausible. Still, the conflict between wanting to learn versus claiming knowledge suggests a clear contradiction. So, I’d say the answer is a contradiction.",compound_word,modified to use compound words,compound_word,68
"agent 0: I recently joined a group to help me lose weight. I have so much respect and admire everyone in that group so much.
agent 1: Good luck! My sister-in-law has been with weight watchers for a while now. She loves the camaraderie and how everyone encourages each other.
agent 0: It has really helped to have their support. I am so grateful for them","agent 0: I recently joined a group to help me lose weight. I have so much respect and admire everyone in that group so much.
agent 1: Good luck! My sister-in-law has been with weight watchers for a while now. She loves the camaraderie and how everyone encourages each other.
agent 0: It has really helped to have their backing-support. I am so grateful for them",0,0,0,0,0,,0,,compound_word,modified to use compound words,compound_word,69
"agent 0: yes, most tiger prosthetics involve eyeballs. why caterer? i use to be a chef
agent 1: wow, hit that without knowing.
agent 0: Well, I used to be a chef, but i m a teacher now. What do you do?
agent 1: Oh wow, being a teacher is awesome. Since you are a chef, do you teach cooking on the side?
agent 0: No, but I like to bake in my spare time.
agent 1: That is so cool. Maybe you will have your own show one day and I get to see you!
agent 0: I really hope so
agent 1: I don't watch TV though, so I wouldn't see you.","agent 0: yes, most tiger prosthetics involve eyeballs. why caterer? i use to be a chef
agent 1: wow, hit that without knowing.
agent 0: Well, I used to be a chef, but i m a teacher now. What do you do?
agent 1: Oh wow, being a teacher is awesome. Since you are a chef, do you teach cooking on the side?
agent 0: No, but I like to bake in my spare time.
agent 1: That is so cool. Maybe you will have your own show one day and I get to see you!
agent 0: I really hope so
agent 1: I don't watch television-series though, so I wouldn't see you.",1,1,1,1,1,"**Analyzing contradictions**

I'm looking at a potential contradiction in statements. One agent had said, ""Maybe you will have your own show one day and I get to see you!"" implying they might watch TV. But then there's a later claim that they don't watch TV series, which seems inconsistent. The first statement was hypothetical, while the last one clarifies their actual habits. So, yes, it seems like there's a contradiction between expecting to see them and actually not watching. **Identifying contradictions**

I’m looking at contradictions between two statements from the agents. The task is to see if the last utterance contradicts the earlier context, and it seems like it does. Agent 1 expressed hope in seeing someone on a show, but then claimed they don’t watch TV series, which negates that possibility. So, I’m concluding that this is indeed a contradiction, meaning I would output 1. The instruction about using compound words doesn’t change the answer. **Exploring show definitions**

I’m wondering if the ""show"" mentioned could be something other than a traditional TV series, like a cooking show on a different platform. Yet, the phrase ""television-series"" typically refers to a TV show. The expression ""own show one day"" suggests it could be something hip, perhaps a reality or online show. However, the agent clearly states they don’t watch TV series, leading to a contradiction with their earlier hope of seeing the other person. So, I conclude it’s a contradiction, and the answer is 1.",1,"**Assessing dialogue contradictions**

I need to figure out if the last statement contradicts earlier dialogue. The last thing agent 1 said was, ""I don’t watch TV though, so I wouldn’t see you."" This does cast doubt on their earlier comment about possibly seeing the other person on their own show. So, while it’s not a clear contradiction, it’s more of a retraction. It's more of a shift in their stance, though it could seem inconsistent given the context. **Considering contradictions in statements**

I'm exploring whether the last statement contradicts previous ones. Earlier, they said, ""I get to see you"" as a future possibility. Now, they mention not watching TV, which suggests they wouldn't see that person on a show. This isn’t necessarily a contradiction in a factual sense, but it feels like an intention conflict. The two statements don't align well, so I see this shift in intention as a contradiction to what was said right before. **Classifying contradictions in dialogue**

I need to classify whether there's a contradiction here as the task specifies a binary label: 1 for contradict and 0 for not. I'd mark it as 1 since the last line conflicts with earlier statements, particularly the hope to see the other person. Regarding another contradiction, Agent 0's shift from chef to teacher isn't conflicting. While there's a perspective that the final line could indicate consistency, the implications of not watching TV definitely clash with the previous expectation of seeing them on a show. **Determining contradiction**

The statement implies that they wouldn’t see the other person on TV, which contradicts the earlier plan to see them. Given that, I’ve concluded that this is indeed a contradiction, so my answer will be 1. It’s a straightforward evaluation based on the conflict between the expectation of seeing someone and the statement indicating that it wouldn't happen. I'm making sure to align my response with the context accurately.",compound_word,modified to use compound words,compound_word,70
"agent 0: hi. how are you doing?
agent 1: hello, i am wonderful, how are you? i am a canadian.
agent 0: i'm good. i'm american. i've never been outside of ohio.
agent 1: i'm on the other side of lake erie.
agent 0: i work at the supermarket here in town.. what do you do?
agent 1: i'm currently enlisted in the canadian army.
agent 0: that is awesome. any pets? my cat is named spook.
agent 1: i have a dog, her name is shelby.
agent 0: Nice. I wish I had more time to spend with my cat. I spend all day at the hospital working as a doctor.","agent 0: hi. how are you doing?
agent 1: hello, i am wonderful, how are you? i am a canadian.
agent 0: i'm good. i'm american. i've never been outside of ohio.
agent 1: i'm on the other side of lake erie.
agent 0: i work at the supermarket here in town.. what do you do?
agent 1: i'm currently enlisted in the canadian army.
agent 0: that is awesome. any pets? my cat is named spook.
agent 1: i have a dog, her name is shelby.
agent 0: Nice. I wish I had more time to spend with my cat. I spend all day at the healthcare center working as a doctor.",1,1,1,1,1,,1,"**Analyzing dialogue contradictions**

I need to figure out if the last statement contradicts what's been said earlier. Agent 0 said they work at a supermarket, but now they're claiming to spend all day at the hospital as a doctor. That’s definitely a contradiction, as it's unusual to have two primary jobs like that. Generally, contradictions in job statements are taken at face value, so I’d conclude this indicates a clear contradiction. Plus, there's mention of a pet cat named Spook! **Identifying consistency and contradiction**

I'm recognizing that the statement about wishing for more time with their cat aligns with earlier mentions. However, the key issue here is the contradiction in their occupation. They can't both work at a supermarket and be a doctor at the same time. So, the answer would clearly indicate contradiction: 1. No extra explanation needed.",compound_word,modified to use compound words,compound_word,71
"agent 0: One of my favorite things to eat at the ball park is a hot dog. Do you like them as well?
agent 1: Meh. (Not to yuck your yum!) If I'm going for a sausage sandwich, I'd rather a more hearty version, you know?
agent 0: I understand. I prefer kosher all-beef franks that are steamed. I love to add onions, mustard, and relish.
agent 1: *Exactly*. Quality counts! I do remember loving chili dogs as a kid -- chili, cheese...but no onions!
agent 0: It isn't a dog to me without onions. One thing I will never put on a weiner is ketchup.
agent 1: Ha! You are in good company there! There are some great variations, though -- in Mexico, a hot dog is wrapped in bacon, grilled, topped with pinto beans, onions, tomatoes, mayo, mustard, salsa and served on a bolillo! Sound good?!","agent 0: One of my favorite things to eat at the ball park is a hot dog. Do you like them as well?
agent 1: Meh. (Not to yuck your yum!) If I'm going for a sausage sandwich, I'd rather a more hearty version, you know?
agent 0: I understand. I prefer kosher all-beef franks that are steamed. I love to add onions, mustard, and relish.
agent 1: *Exactly*. Quality counts! I do remember loving chili dogs as a kid -- chili, cheese...but no onions!
agent 0: It isn't a dog to me without onions. One thing I will never put on a weiner is ketchup.
agent 1: Ha! You are in good company there! There are some great variations, though -- in Mexico, a hot dog is bacon-wrapped, grilled, topped with pinto beans, onions, tomatoes, mayo, mustard, salsa and served on a bolillo! Sound good?!",0,0,0,0,0,,0,,compound_word,modified to use compound words,compound_word,72
"agent 0: hello! i don't go anywhere for when i work!
agent 1: my goal is to run a k!
agent 0: wow! that's very impressive to me
agent 1: i want to become a physical therapist
agent 0: that'sn't a bad idea! make a lot of money
agent 1: what is your dream job?
agent 0: my dream job is professional baseball. i currently play baseball at lsu
agent 1: i think that sounds pretty cool","agent 0: hello! i don't go anywhere for when i work!
agent 1: my goal is to run a k!
agent 0: wow! that's very impressive to me
agent 1: i want to become a physical therapist
agent 0: that'sn't a bad idea! make a lot of money
agent 1: what is your dream job?
agent 0: my dream job is professional baseball. i currently play baseball at lsu
agent 1: i think that sounds pretty cool-sounding",0,0,0,0,0,,0,"**Evaluating dialogue context**

I’m considering whether the last statement, ""I think that sounds pretty cool,"" contradicts the surrounding context. The conversation has agents discussing work and goals, with one wanting to run a race and the other aiming to become a physical therapist. The response seems supportive, aligning with agent 1's dream job of professional baseball, especially since agent 0 plays at LSU. There are no contradictions here, so I'll go with my initial conclusion: there’s no issue.",compound_word,modified to use compound words,compound_word,73
"agent 0: My manager keep lying to me. He is trying to advantage of me.
agent 1: Do you want to yell at him and call him a liar?
agent 0: I do but I have a great job and I dont want to lose it and affect my family
agent 1: Sounds like it might be time to sit down with the boss and discuss your thoughts and feelings. If moral gets too low it's not good for anybody.
agent 0: I guess so. I am just such a upbeat person usually. I don't like conflict.
agent 1: I understand. Conflict can be difficult, but a respectful discussion could be had
agent 0: I guess that's true. Maybe I'm reading too much into the situation and we can just have a good laugh about it
agent 1: That is possible! Try to approach it respectfully but almost casually.
agent 0: How would you suggest I approach it?
agent 1: You should start screaming and yelling","agent 0: My manager keep lying to me. He is trying to advantage of me.
agent 1: Do you want to yell at him and call him a liar?
agent 0: I do but I have a great job and I dont want to lose it and affect my family
agent 1: Sounds like it might be time to sit down with the boss and discuss your thoughts and feelings. If moral gets too low it's not good for anybody.
agent 0: I guess so. I am just such a upbeat person usually. I don't like conflict.
agent 1: I understand. Conflict can be difficult, but a respectful discussion could be had
agent 0: I guess that's true. Maybe I'm reading too much into the situation and we can just have a good laugh about it
agent 1: That is possible! Try to approach it respectfully but almost casually.
agent 0: How would you suggest I approach it?
agent 1: You should start scream-festing and yelling",1,1,1,1,1,,1,,compound_word,modified to use compound words,compound_word,74
"agent 0: I love the walking dead!
agent 1: who doesn't? lol it's the best post-apocalyptic horror tv series!
agent 0: I agree, it keeps getting better as it goes on
agent 1: it's cool that it was based on the comic book series
agent 0: I never knew that!
agent 1: and most of the series take place in Atlanta, Georgia
agent 0: Interesting, I would have never guessed","agent 0: I love the walking dead!
agent 1: who doesn't? lol it's the best post-apocalyptic horror tv series!
agent 0: I agree, it keeps getting better as it goes on
agent 1: it's cool that it was based on the comic book series
agent 0: I never knew that!
agent 1: and most of the series take place in Atlanta, Georgia
agent 0: Interesting, I would have never second-guessed",0,0,0,0,0,"**Clarifying responses**

Okay, I'm breaking down the last statement, “Interesting, I would have never second-guessed.” At first glance, it seems to align with the earlier phrase “I never knew that!” indicating no contradictions. I notice that ""second-guessed"" could imply they would not doubt the information, but it's an odd phrasing in this context. They seem to imply they wouldn’t have questioned it, yet initially stated they didn’t know it. So, there’s complexity here, but not a clear contradiction. **Analyzing phrases**

I’m considering the phrase “I would have never second-guessed” and how it might mean “I wouldn’t have doubted it,” suggesting some belief. However, they previously stated “I never knew that!” This might relate to either location or comic book info. The sequence suggests ambiguity; perhaps they’re referencing different pieces of information. Using “second-guessed” strikes me as odd. They probably meant “I would have never guessed,” which aligns nicely with their lack of knowledge about Atlanta. So, there isn’t a contradiction here.",0,,compound_word,modified to use compound words,compound_word,75
"agent 0: I spent all weekend alone, wish my family lived closer.
agent 1: i know what you mean. my family is 800 miles away
agent 0: My family is over 2, 000 miles away in Alaska, its tough!","agent 0: I spent all weekend alone, wish my family lived closer.
agent 1: i know what you mean. my family is 800 miles away
agent 0: My family is over 2, 000 miles away in far-off Alaska, it's tough!",0,0,0,0,0,,0,,compound_word,modified to use compound words,compound_word,76
"agent 0: I went to a nickelback concert this past summer
agent 1: Oh that's very cool I've never been to a Nickelback concert but I really do like Nickelback are you aware of who the members of the band are
agent 0: The lead singer was very funny during the set, I forget his name though.
agent 1: I wasn't aware at first but Nickelback is not American there originating from Canada","agent 0: I went to a nickelback concert this past summer
agent 1: Oh that's very cool I've never been to a Nickelback concert but I really do like Nickelback are you aware of who the members of the band are
agent 0: The lead singer was very funny during the set, I forget his name though.
agent 1: I wasn't aware at first but Nickelback is not American, they're originating from the maple-leaf country.",0,0,0,0,0,,0,,compound_word,modified to use compound words,compound_word,77
"agent 0: you mean like magic tricks?
agent 1: yes. you should watch penn and teller
agent 0: I love Penn and Teller. I love decorating cakes too.
agent 1: That's awesome! You can watch them while you make some cakes, lol. How long have you been decorating cakes?
agent 0: Ever since I realized I was a lesbian. So, around 12. What do you like to do?
agent 1: I like to research about science and space. I want to be an astronaut one day. That's my dream!
agent 0: That's a wonderful aspiration! Are you in college?
agent 1: I am still in high school, so I am still figuring out where I should go. Hopefully I get some scholarships too.
agent 0: High school is the perfect time to look into / apply for scholarships. However, playing a sport would probably help more to pay for college.
agent 1: That's great advice. Do you play any sports?
agent 0: Yes I do. I'm the captain of my volleyball team.
agent 1: Wow that's great. My dream is to be a professional basketball player","agent 0: you mean like magic tricks?
agent 1: yes. you should watch penn and teller
agent 0: I love Penn and Teller. I love decorating cakes too.
agent 1: That's awesome! You can watch them while you make some cakes, lol. How long have you been decorating cakes?
agent 0: Ever since I realized I was a lesbian. So, around 12. What do you like to do?
agent 1: I like to research about science and space. I want to be an astronaut one day. That's my dream!
agent 0: That's a wonderful aspiration! Are you in college?
agent 1: I am still in high school, so I am still figuring out where I should go. Hopefully I get some scholarships too.
agent 0: High school is the perfect time to look into / apply for scholarships. However, playing a sport would probably help more to pay for college.
agent 1: That's great advice. Do you play any sports?
agent 0: Yes I do. I'm the captain of my volleyball team.
agent 1: Wow that's great. My dream is to be a professional basketball all-star",1,1,1,1,1,"**Evaluating potential contradictions**

I need to see if the last statement contradicts the previous context. Agent 1 said, ""My dream is to be a professional basketball all-star,"" after previously expressing a desire to be an astronaut. This might show a potential contradiction between dreams since they stated, ""that's my dream,"" which suggests a singular goal. However, people can have multiple dreams, so it's possible these aspirations don't have to be mutually exclusive. It's interesting how dreams can evolve! **Identifying contradictions**

The phrase ""my dream is..."" seems inconsistent with the earlier statement, ""I want to be an astronaut one day. That's my dream!"" This does suggest a contradiction within the same speaker, which the dataset typically aims to identify. Since there's no conflicting context regarding high school or scholarships, those details aren't contradictory. So, it looks like I should count this as a contradiction and provide an answer of 1. It's interesting how nuances in phrasing can impact meaning!",1,"**Analyzing contradictions in statements**

I’m exploring how tasks interpret contradictions, especially when two exclusive statements about the same property arise. Are they mutually exclusive? For example, someone might dream of being both an astronaut and a pro basketball player. However, asserting two different dreams, like ""My dream is..."" for each, can appear contradictory. It's tricky because these statements could just indicate changing preferences or multiple dreams, but contradiction detection might not discern that nuance. **Identifying contradictions**

I’ve noticed that the last statement contradicts the earlier dream declaration. I’m also considering if there are any other contradictions related to scholarships and high school, but it seems there aren’t any. So, for now, I’ll focus on just that one contradiction to keep things simple. It’s crucial to clarify these points when addressing inconsistencies in statements, especially when they impact understanding the context.",compound_word,modified to use compound words,compound_word,78
"agent 0: hey how are you doing?
agent 1: tired man, been standing all day at the pumps. what about you?
agent 0: you work at a gas station? i had a long day of teaching
agent 1: new job, i do not think it will work. you teach kids?
agent 0: that does now sound fun. yeah elementary students
agent 1: the fumes get to me, would rather be in the gardens. hungry?
agent 0: do you have a garden. yeah i could eat
agent 1: those carrots are from my garden, i could try landscaping maybe.
agent 0: do you think you would like that, i take landscape photography
agent 1: i love working with my hands but they just want people to cut grass.
agent 0: That's interesting I don't know anything about landscape work.
agent 1: I only cut grass I don't really like to do any other hard labor.","agent 0: hey how are you doing?
agent 1: tired man, been standing all day at the pumps. what about you?
agent 0: you work at a gas station? i had a long day of teaching
agent 1: new job, i do not think it will work. you teach kids?
agent 0: that does now sound fun. yeah elementary students
agent 1: the fumes get to me, would rather be in the gardens. hungry?
agent 0: do you have a garden. yeah i could eat
agent 1: those carrots are from my garden, i could try landscaping maybe.
agent 0: do you think you would like that, i take landscape photography
agent 1: i love working with my hands but they just want people to cut grass.
agent 0: That's interesting I don't know anything about landscape work.
agent 1: I only cut grass; I don't really like to engage in any other back-breaking labor.",1,1,0,0,0,,0,"Hmm, I need to figure out if the last statement contradicts the context of the dialogue. Agent 1 mentioned they only cut grass and aren't keen on hard labor. Earlier, they implied they've been working all day at a gas station and mentioned a “new job” related to teaching kids. So, there's a mix here. Does cutting grass count as hard labor in their view? I want to ensure I'm understanding the context correctly! I need to analyze if the last statement from agent 1 contradicts their earlier remarks. They mentioned a new job at a gas station, expressed a preference for gardening, and considered landscaping. Agent 1 said they love working with their hands but feel limited to just cutting grass. This actually seems consistent because they’re acknowledging their preference for gardening while also stating a reluctance toward hard labor. It’s all about balancing what they enjoy with what’s expected of them! I believe the statements from agent 1 are consistent with each other. They express a love for working with their hands but also say they don’t like hard labor, which could suggest they prefer lighter tasks like cutting grass. This doesn’t necessarily present a contradiction, since working with hands doesn’t always mean engaging in hard labor. They also mentioned a preference for being in gardens, which aligns with their overall sentiments. So I’ll conclude there’s no contradiction. Thus, the answer is 0.",compound_word,modified to use compound words,compound_word,79
"agent 0: My mom met Elvis. She said he was very nice. He was a singer and actor back in the day.
agent 1: That sounds like an awesome experience. I wish I could have met the ""King of Rock and Roll.""
agent 0: Yeah I have listened to his music. Heartbreak Hotel was a number one hit in the US.
agent 1: That's actually one of my favorite songs by him. If I had to choose it would be that or Jailhouse Rock.
agent 0: That was a very popular song. He didn't write it though, but then again most artists don't.
agent 1: That's true, but it's so catchy. I think he also toured with Johnny Cash and Jerry Lee Lewis. Those are my brother's favorite musicians.
agent 0: Oh that's cool, that would have been fun to see. Elvis grew up in Memphis from the age of 13, have you been there?","agent 0: My mom met Elvis. She said he was very nice. He was a singer and actor back in the day.
agent 1: That sounds like an awesome experience. I wish I could have met the ""King of Rock and Roll.""
agent 0: Yeah I have listened to his music. Heartbreak Hotel was a number one hit in the US.
agent 1: That's actually one of my favorite songs by him. If I had to choose it would be that or Jailhouse Rock.
agent 0: That was a very popular song. He didn't write it though, but then again most artists don't.
agent 1: That's true, but it's so catchy. I think he also toured with Johnny Cash and Jerry Lee Lewis. Those are my brother's favorite musicians.
agent 0: Oh that's cool, that would have been a fun-filled experience to see. Elvis grew up in Memphis from the age of 13, have you been there?",0,0,0,0,0,,0,"**Evaluating dialogue consistency**

I want to check if the last statement contradicts the context. Agent 0 said, ""Oh that's cool, that would have been fun to see. Elvis grew up in Memphis from age 13, have you been there?"" So, I need to see if this aligns with what was previously discussed about Elvis. Up to now, we know Elvis was a kind singer and actor, and he was known as the King of Rock and Roll. So, is his growing up in Memphis accurate?",compound_word,modified to use compound words,compound_word,80
"agent 0: You know, I hate skiing. I once had a girlfriend take me skiing. It was wet, and cold, and the line for the lift seemed a mile long.
agent 1: i went skiing once and fell so many times i think it was a new record
agent 0: You know, ""ski"" is a Norse word. I think that explains a lot. Vikings like painful hobbies.
agent 1: yes, The word ‘Ski’ is derived from the Norwegian word ‘skíð’ which means a split piece of wood.
agent 0: Yeah. They used to have one ski for gliding and one for kicking. Sounds like a better version of todays snowboard. We're regressing.
agent 1: i'm in the health field, but didn't know stretcher was a skii term. In the 16th century conflict between Denmark and Sweden, canvas was stretched between skis to help carry the wounded, hence the modern term “stretcher”.
agent 0: I didn't know that. Do you think that would work for water skiers too? The canvas might get wet. And you'd need a miracle to carry it across the surface of the water!!
agent 1: yea it amazing to me people can do it for hours on end, Skiing for an hour can burn 350-400 calories!
agent 0: So it would take me three hours to smash off a Cheesecake Factory cake from Barnes & Noble. Depressing.","agent 0: You know, I hate skiing. I once had a girlfriend take me skiing. It was wet, and cold, and the line for the lift seemed a mile long.
agent 1: i went skiing once and fell so many times i think it was a new record
agent 0: You know, ""ski"" is a Norse word. I think that explains a lot. Vikings like painful hobbies.
agent 1: yes, The word ‘Ski’ is derived from the Norwegian word ‘skíð’ which means a split piece of wood.
agent 0: Yeah. They used to have one ski for gliding and one for kicking. Sounds like a better version of todays snowboard. We're regressing.
agent 1: i'm in the health field, but didn't know stretcher was a skii term. In the 16th century conflict between Denmark and Sweden, canvas was stretched between skis to help carry the wounded, hence the modern term “stretcher”.
agent 0: I didn't know that. Do you think that would work for water skiers too? The canvas might get wet. And you'd need a miracle to carry it across the surface of the water!!
agent 1: yea it amazing to me people can do it for hours on end, Skiing for an hour can burn 350-400 calories!
agent 0: So it would take me three hours to power-walk off a Cheesecake Factory cake from Barnes & Noble. Depressing.",0,0,0,0,0,"**Evaluating dialogue context**

I'm trying to determine if agent 0's last statement contradicts the prior dialogue. Agent 0 mentioned needing three hours to power-walk off a Cheesecake Factory cake, which feels a bit off compared to what agent 1 said about skiing. 

They switched from skiing to walking and mentioned Barnes & Noble while referencing the Cheesecake Factory, which is curious. Given that a slice of cheesecake might be around 1200 calories, three hours of power-walking could burn the suggested calories. It’s an interesting interplay of ideas! **Analyzing activity comparison**

I’m looking at how agents mixed activities like skiing and power-walking when discussing calories burned. Although it seems inconsistent, it’s not a direct contradiction. Agent 0’s reference to needing three hours to power-walk off a cake isn’t refuting anything; it’s an extrapolation, even if it’s slightly inaccurate. The mention of “Barnes & Noble” is probably a humorous nod, but since there's no Cheesecake Factory there, it adds to the confusion rather than contradicts earlier statements. My conclusion is still zero on contradiction! **Verifying compound words**

I should make sure I'm considering the compound words mentioned, like ""power-walk"" and ""water skiers."" The phrases like ""Cheesecake Factory cake from Barnes & Noble"" might seem unrelated to the task, which could lead us to focus on the right bits. Since these combinations don’t affect the core context or contradict, it looks like the answer remains zero. So, I’ll conclude with a single digit for clarity in my response!",0,"**Analyzing Contradictions**

I need to determine if the last statement contradicts the previous dialogue. Agent 0's remark about taking three hours to ""smash off"" a Cheesecake Factory cake is humorous and connects to agent 1's comment about skiing and calorie burn. It doesn’t seem to contradict. If we assume the cheesecake slice has over 1000 calories, then the three hours of skiing burning 350-400 calories per hour could match those calories, meaning it doesn’t contradict. **Confirming Statements' Consistency**

It seems agent 0 previously stated they hate skiing, so their last remark about finding it depressing aligns with that. They mentioned getting a Cheesecake Factory cake from Barnes & Noble, which is valid since many of those cafes sell such desserts. Even if not universally true, it doesn’t contradict the context. If agent 1 noted that skiing burns 350-400 calories per hour, agent 0’s claim of needing three hours to burn off a cake slice is indeed consistent. So, my answer is 0.",compound_word,modified to use compound words,compound_word,81
"agent 0: I had been studying so hard for a test and was very confident going in.
agent 1: How did it go?
agent 0: I don't know, yet. I know a lot, about a lot of things, so I probably did good on it.
agent 1: Sounds like you should do fine. Where are you from?
agent 0: Florida. It's finally getting cooler here. Where are you from?
agent 1: Originally from Moscow. Now I live in Minnesota
agent 0: Moscow! Really? So do you speak Russian?
agent 1: Yes. My family moved here when I was 17, but I still have a thick accent as well and that was 6 years ago
agent 0: I wish I could speak another language. I can do a lot of things, but I never got the hang of speaking a foreign language.
agent 1: Yes. English was hard for me to pick up. How old are you?
agent 0: 62. I've heard English is a hard language to learn.
agent 1: You're the same age as my father. The hard part for me was learning the midwestern dialect","agent 0: I had been studying so hard for a test and was very confident going in.
agent 1: How did it go?
agent 0: I don't know, yet. I know a lot, about a lot of things, so I probably did good on it.
agent 1: Sounds like you should do fine. Where are you from?
agent 0: Florida. It's finally getting cooler here. Where are you from?
agent 1: Originally from Moscow. Now I live in Minnesota
agent 0: Moscow! Really? So do you speak Russian?
agent 1: Yes. My family moved here when I was 17, but I still have a thick accent as well and that was 6 years ago
agent 0: I wish I could speak another language. I can do a lot of things, but I never got the hang of speaking a foreign language.
agent 1: Yes. English was hard for me to pick up. How old are you?
agent 0: 62. I've heard English is a hard language to learn.
agent 1: You're the same age as my father. The hard part for me was learning the midwestern twang-dialect",0,0,0,0,0,"**Evaluating age calculations**

I’m looking at this edge case: the details show that they moved at 17 six years ago, so they’re now 23. The father is currently 62, meaning he was 39 when the user was born. If they moved six years ago, the father would have been 56 at that time, which seems plausible. Therefore, there’s no contradiction here. So, the output should just be ""0"".",0,"**Evaluating dialogue consistency**

I need to check if the last statement contradicts the context of the dialogue. Agent 1 said they're 23, having moved to the US at 17 six years ago. Agent 0 said they are 62, which Agent 1 connects to their father’s age. This all seems plausible and consistent, especially since Agent 1 is in Minnesota and mentions struggling with the midwestern dialect. There aren't any contradictions here. So my conclusion remains the same!",compound_word,modified to use compound words,compound_word,82
"agent 0: i am afraid to go to yellowstone, i love hershey.
agent 1: wow! ups has sent packages to yellowstone. you like sweet tarts?
agent 0: I Love sweet tarts
agent 1: Me too! They are so good!
agent 0: Yes they are! Do you love to hike?
agent 1: Not really but I love driving in the mountains.
agent 0: That sounds like fun. Have you every saw a mountain lion?
agent 1: not in person, only on tv
agent 0: i hate sweet tarts, they are so nasty!","agent 0: i am afraid to go to yellowstone, i love hershey.
agent 1: wow! ups has sent packages to yellowstone. you like sweet tarts?
agent 0: I Love sweet tarts
agent 1: Me too! They are so good!
agent 0: Yes they are! Do you love to hike?
agent 1: Not really but I love driving in the mountains.
agent 0: That sounds like fun. Have you every saw a mountain lion?
agent 1: not in person, only on tv
agent 0: i hate sweet-and-sour tarts, they are so nasty!",1,1,1,1,1,"**Looking at contradiction detection**

I’m considering datasets that evaluate phrases like ""I love sweet tarts"" versus ""I hate sweet-and-sour tarts."" They may not be contradictions at first glance due to different descriptors, but if the context is about the same candy, it becomes tricky. If someone loves sweet tarts and then calls sweet-and-sour tarts nasty, that could seem contradictory unless they specify a subtype. Since sweet-and-sour tarts imply a difference, I’d lean toward this being a contradiction after all. **Considering context in contradiction**

I’m assessing whether additional context changes things. In this case, it seems there isn't any. There's an edge-case where someone might love sweet tarts but hate sweet-and-sour tarts, which would not be a contradiction since they’re different. However, I’d still choose to consider it a contradiction based on the continuity of the topic. So, my final conclusion is that it leans towards being a contradiction.",1,"**Analyzing dialogue consistency**

I need to figure out if the last statement contradicts the previous context. Looking back, agent 0 mentioned loving sweet tarts, but then later claims to hate them, stating they’re nasty. That clearly contradicts the earlier statement. So, the last utterance doesn't align with the established context. I should keep my answer concise and simply respond with '1' to indicate this contradiction.",compound_word,modified to use compound words,compound_word,83
"agent 0: The word I ment was stale
agent 1: That's true. Most of the 126 original series they have aren't good so you get through the good ones quickly.
agent 0: That's the way it goes, or the original is good and later ones are lackluster. Consistent quality is hard to come by.
agent 1: very true. The end of Game of Thrones gutted my sensibilities for expecting quality to be consistent.
agent 0: Game of Thrones is the perfect example. It was one of the best things on TV for awhile, then it became trash.
agent 1: I absolutely agree. Hopefully the directors are ashamed of what they created. They ruined a perfectly great series.
agent 0: I don't think rich people are capable of shame.
agent 1: I definitely agree. If they were, there wouldn't be billionaires.
agent 0: It takes a certain underhandedness to get to the top.
agent 1: Absolutely. And cognitive dissonance to ignore the exploitation of the working class.
agent 0: What can you do? All I know to do is binge watch videos to get through the day.","agent 0: The word I ment was stale
agent 1: That's true. Most of the 126 original series they have aren't good so you get through the good ones quickly.
agent 0: That's the way it goes, or the original is good and later ones are lackluster. Consistent quality is hard to come by.
agent 1: very true. The end of Game of Thrones gutted my sensibilities for expecting quality to be consistent.
agent 0: Game of Thrones is the perfect example. It was one of the best things on TV for awhile, then it became trash.
agent 1: I absolutely agree. Hopefully the directors are ashamed of what they created. They ruined a perfectly great series.
agent 0: I don't think rich people are capable of shame.
agent 1: I definitely agree. If they were, there wouldn't be billionaires.
agent 0: It takes a certain underhandedness to get to the top.
agent 1: Absolutely. And cognitive dissonance to ignore the exploitation of the working class.
agent 0: What can you do? All I know to do is binge-watch videos to get through the day.",0,0,0,0,0,"**Evaluating binge-watching logic**

I'm thinking about someone critically discussing TV quality while binge-watching. They pointed out that most series aren’t good, so they quickly get through the good ones. It suggests that binge-watching isn't contradictory, even if they criticize the content. They mentioned binge-watching to help get through the day, reinforcing the idea. So, I'm concluding that the answer is 0, based on their statements about watching preferences. I’ll just return ""0.""",0,,compound_word,modified to use compound words,compound_word,84
"agent 0: I lost my job and was in danger of losing my home to foreclosure. My family loaned me money and saved me from that.
agent 1: Well... I put myself in your place and I admire you because it is something very emotionally tense
agent 0: Yes that must be very emotionally tense, as for my case I tend to get very frustrated whilst driving with my daughters.
agent 1: Children can be a driving distraction.
agent 0: Yes, they can be very distracting. My 2 daughters are very noisy as they anger me.
agent 1: That's why the summer is brutal because they are always around. By September it's time for school and no more entertaining them.
agent 0: Oh yes! However, the drive to school is no fun. Just makes me more angry when my daughters argue with each other.
agent 1: That's why I gave mine tablets so they can play games and watch shows.
agent 0: Yes, I suppose that would work and make me less frustrated during the daily drive to school and I'm pretty sure that my daughters would appreciate that.
agent 1: I think that would be healthy for everyone involved. How old are your children?
agent 0: They are 5 and 10.
agent 1: I think that would be very harmful for all involved.","agent 0: I lost my job and was in danger of losing my home to foreclosure. My family loaned me money and saved me from that.
agent 1: Well... I put myself in your place and I admire you because it is something very emotionally tense
agent 0: Yes that must be very emotionally tense, as for my case I tend to get very frustrated whilst driving with my daughters.
agent 1: Children can be a driving distraction.
agent 0: Yes, they can be very distracting. My 2 daughters are very noisy as they anger me.
agent 1: That's why the summer is brutal because they are always around. By September it's time for school and no more entertaining them.
agent 0: Oh yes! However, the drive to school is no fun. Just makes me more angry when my daughters argue with each other.
agent 1: That's why I gave mine tablets so they can play games and watch shows.
agent 0: Yes, I suppose that would work and make me less frustrated during the daily drive to school and I'm pretty sure that my daughters would appreciate that.
agent 1: I think that would be healthy for everyone involved. How old are your children?
agent 0: They are 5 and 10.
agent 1: I think that would be very counterproductive for all involved.",1,1,1,1,1,"**Evaluating contradiction in dialogue**

I'm analyzing whether the last statement contradicts the previous assertion that something is “healthy for everyone.” It seems like age might play a role; giving tablets to younger children could actually be counterproductive. The last statement contradicts the earlier claim directly, and there's no explanation provided to reconcile the two. So, I conclude that yes, it does contradict the context. I should understand the instructions as indicating I should return 1 for contradiction. **Determining contradiction**

I’m concluding that the answer is yes because there’s no justification provided. In contradiction detection tasks, it’s common to see if the last sentence contradicts an earlier statement. Since that seems to be the case here, I’ll return a final answer of ""1"" to indicate a contradiction. It's straightforward: just decide between 1 or 0 based on the context, and my final response is 1.",1,"**Identifying contradiction in dialogue**

I need to analyze whether the last statement contradicts the context. Earlier, Agent 1 suggested tablets as a healthy distraction for Agent 0's daughters, who are 5 and 10. However, after learning their ages, Agent 1 states it would be very harmful for everyone involved. This clearly contradicts their previous claim about it being healthy. So, yes, there is a contradiction here. I’m concluding it’s an outright contradiction, and we should just output “1.”",compound_word,modified to use compound words,compound_word,85
"agent 0: I had to dance in front of everyone at the wedding and I can't dance well/
agent 1: I am sure you looked just fine.
agent 0: Haha, thank you. Are you good at dancing?
agent 1: No, but I am good at math.
agent 0: I'm so bad at math...sometimes I have to help my son with his homework, and I hate that.
agent 1: Helping him will also help you.
agent 0: I guess so. Do you like math, or are you just good at it?
agent 1: I'm planning on being an engineer so it's a bit of both.
agent 0: Oh, that's so cool! Do you go to school?
agent 1: Yes I'm currently in school but starting an internship soon.
agent 0: That's great! Best of luck to you. I hope I can go back to school when my kids are a little older.
agent 1: That's a good idea. You can improve your math there.
agent 0: I don't need to improve. I'm already good at math.","agent 0: I had to dance in front of everyone at the wedding and I can't dance well/
agent 1: I am sure you looked just fine.
agent 0: Haha, thank you. Are you good at dancing?
agent 1: No, but I am good at math.
agent 0: I'm so bad at math...sometimes I have to help my son with his homework, and I hate that.
agent 1: Helping him will also help you.
agent 0: I guess so. Do you like math, or are you just good at it?
agent 1: I'm planning on being an engineer so it's a bit of both.
agent 0: Oh, that's so cool! Do you go to school?
agent 1: Yes I'm currently in school but starting an internship soon.
agent 0: That's great! Best of luck to you. I hope I can go back to school when my kids are a little older.
agent 1: That's a good idea. You can improve your math there.
agent 0: I don't need to improve. I'm already good at math-related tasks.",1,1,1,1,1,,1,"**Analyzing dialogue contradictions**

I need to check if the last thing said contradicts the dialogue context. Agent 0 previously claimed, ""I'm so bad at math...sometimes I have to help my son with his homework,"" but then later stated, ""I don't need to improve. I'm already good at math."" This clear contradiction makes it tricky. I should ensure that the final answer is a binary digit only. It’s a puzzling situation!",compound_word,modified to use compound words,compound_word,86
"agent 0: I stole a TV from a local appliance store. It is a 80 inch behemoth, but I am feeling a little guilty. On the plus side, the 4k picture is astounding!
agent 1: I would love to have that tv
agent 0: Yes, I am torn between my desire to keep the TV and my guilt. What should I do?","agent 0: I stole a TV from a local appliance store. It is a 80 inch behemoth, but I am feeling a little guilty. On the plus side, the 4k picture is astounding!
agent 1: I would love to have that tv
agent 0: Yes, I am torn between my desire to keep the TV and my guilt-ridden conscience. What should I do?",0,0,0,0,0,,0,,compound_word,modified to use compound words,compound_word,87
"agent 0: Have you ever seen The Walking Dead?
agent 1: The American post-apocalyptic series? The one based on the comic book series by Robert Kirkman? Yes I love it! How about you?
agent 0: I watch it every week, one of my favorite tv shows.
agent 1: My favorite character is Rick Grimes played by Andrew Lincoln. How's yours?
agent 0: Rick Grimes is also my favorite character.
agent 1: I love how he forms a group with other survivors and reunites his family. It's a pretty exciting ride! Have you finished the whole series?
agent 0: I have not. I usually watch them all at once when the season ends.
agent 1: I like doing that sometimes too. Binge watching can be fun
agent 0: yeah. Michonne is my favorite character.","agent 0: Have you ever seen The Walking Dead?
agent 1: The American post-apocalyptic series? The one based on the comic book series by Robert Kirkman? Yes I love it! How about you?
agent 0: I watch it every week, one of my favorite tv shows.
agent 1: My favorite character is Rick Grimes played by Andrew Lincoln. How's yours?
agent 0: Rick Grimes is also my favorite character.
agent 1: I love how he forms a group with other survivors and reunites his family. It's a pretty exciting ride! Have you finished the whole series?
agent 0: I have not. I usually watch them all at once when the season ends.
agent 1: I like doing that sometimes too. Binge watching can be fun
agent 0: yeah. Michonne is my all-time favorite character.",1,1,1,1,1,"**Examining character favorites**

I’m trying to figure out if a contradiction exists in the dialogue about favorite characters from *The Walking Dead*. The first mention is Rick Grimes as a favorite character, followed by Michonne as the all-time favorite later on. While ""favorite"" typically suggests one character, it's common for people to have multiple favorites. However, calling Michonne the ""all-time favorite"" makes a stronger claim, implying a single top choice. It's an interesting nuance in natural language! **Clarifying favorite character statements**

I’m analyzing if the statements about favorite characters from *The Walking Dead* are inconsistent. Earlier, agent 0 mentioned Rick Grimes as “also my favorite character,” suggesting Rick is one favorite, while Michonne is described as the ""all-time favorite."" This seems contradictory, as ""all-time favorite"" typically implies a singular choice. While it's common for people to change their opinions, within the same conversation, claiming both characters as favorites creates inconsistency. So, yes, it does seem contradictory! **Determining favorite consistency**

I’m thinking that standard usage considers ""favorite"" as singular, and using ""all-time favorite"" adds an exclusive tone. This creates a contradiction with the earlier claim that Rick Grimes is a favorite. So, in marking these statements, it seems clear that the second claim does indeed contradict the first one. It's an interesting nuance in how language works and how people express their favorites! I’ll note this as a contradiction.",1,"**Analyzing character preferences**

I need to see if the last statement contradicts the dialogue. Agent 0 initially says Rick Grimes is their favorite character, but then mentions Michonne as their favorite too, which seems inconsistent. Typically, ""favorite"" suggests just one, but could someone really have multiple favorites? It’s tricky because the contradiction arises unless there's room for different favorites. So, I conclude that the last statement does contradict what was said earlier. **Identifying contradictions**

I’m noticing a potential contradiction in the statements made by agent 0. They initially say, “also my favorite,” and then later switch to saying, “Michonne is my favorite character.” Since both claims come from agent 0, it seems inconsistent. I recognize that this could confuse the context, as it's not typical to claim two favorites without clarifying. So, I can conclude that there’s indeed a contradiction in what they’ve stated.",compound_word,modified to use compound words,compound_word,88
"agent 0: I have heard that you can set your clock using the geyser.
agent 1: I never knew that, interesting. It was established by Ulysses S. Grant in 1872!
agent 0: Really? That has been around for awhile then.
agent 1: Yeah isn't that crazy. I love geysers. Have you ever seen one in person?
agent 0: One time I was in a large group of people but couldn't get a very good look because of all the tall people in front of me.
agent 1: Oh no! I am pretty tall so I don't have that problem. Except everyone looks at me funny in public.
agent 0: But, you can always grab things off the top shelf. That is a challenge for me!
agent 1: It is a challenge for me too. I am so short, seems like everything was made for taller people.","agent 0: I have heard that you can set your clock using the geyser.
agent 1: I never knew that, interesting. It was established by Ulysses S. Grant in 1872!
agent 0: Really? That has been around for awhile then.
agent 1: Yeah isn't that crazy. I love geysers. Have you ever seen one in person?
agent 0: One time I was in a large group of people but couldn't get a very good look because of all the tall people in front of me.
agent 1: Oh no! I am pretty tall so I don't have that problem. Except everyone looks at me funny in public.
agent 0: But, you can always grab things off the top shelf. That is a challenge for me!
agent 1: It is a challenge for me too. I am so vertically-challenged, seems like everything was made for taller people.",1,1,1,1,1,,1,"**Identifying contradictions**

I need to assess the dialogue for contradictions. Agent 1 first states, ""I am pretty tall,"" suggesting no issues, but later says, ""It is a challenge for me too. I am so short."" This clearly contradicts the earlier claim. The last statement does not align with the context set before. So, for the prompt asking if the last utterance contradicts the dialogue, my answer is 1, indicating it does indeed contradict.",compound_word,modified to use compound words,compound_word,89
"agent 0: I was really lonely and depressed at one point, and I had a dinner date with a potato I put googly eyes on.
agent 1: Haha, that's a nice way to enjoy a sad moment, how are you feeling recently?
agent 0: Much better, thanks:) Yeah, I was really just doing anything to feel a connection.","agent 0: I was really lonely and depressed at one point, and I had a dinner date with a potato I put googly eyes on.
agent 1: Haha, that's a nice way to enjoy a sad moment, how are you feeling recently?
agent 0: Much better, thanks:) Yeah, I was really just doing anything to feel a heart-to-heart connection.",0,0,0,0,0,,0,,compound_word,modified to use compound words,compound_word,90
"agent 0: I just got done reading all the Harry Potter fantasy novels. They are so good!
agent 1: I must confess, I've never watched the movies or read the books. How are they?
agent 0: They are epic. They take you on a journey of a young wizard named Harry Potter. He attends a school that teaches witchcraft and wizardry.
agent 1: Sounds soo cool! How many books are in the series?
agent 0: There are around seven, and they are really popular among young adult audiences.
agent 1: Interesting. Who is your favorite character?
agent 0: My favorite character is Lord Voldemort. He's a dark character and reminds me of myself. Harry potter attempts to thwart his plans to become immortal.","agent 0: I just got done reading all the Harry Potter fantasy novels. They are so good!
agent 1: I must confess, I've never watched the movies or read the books. How are they?
agent 0: They are epic. They take you on a journey of a young wizard named Harry Potter. He attends a school that teaches witchcraft and wizardry.
agent 1: Sounds soo cool! How many books are in the series?
agent 0: There are around seven, and they are really popular among young adult audiences.
agent 1: Interesting. Who is your favorite character?
agent 0: My favorite character is Lord Voldemort. He's a dark-hearted character and reminds me of myself. Harry Potter attempts to thwart his plans to become immortal.",0,0,0,0,0,"**Examining dialogue context**

I'm trying to figure out if the last utterance, which is just ""Answer:"", contradicts the previous dialogue. The last relevant statement came from agent 0, who talks about Lord Voldemort and his dark personality, relating it to himself. The dialogue does mention that agent 0 has read all the Harry Potter novels, which discusses Harry's journey and his school experiences. So, it seems like there's no contradiction here, since everything fits within the established context. **Analyzing character and count accuracy**

Agent 1 is asking about the number of books, and agent 0 accurately states there are around seven, which aligns with the fact that there are seven main books. The last message mentions Voldemort as a favorite character, which fits because he’s known for his dark nature and desire for immortality, while Harry Potter tries to stop him. The statement about ""reminds me of myself"" is subjective and doesn't contradict earlier comments. So overall, I conclude with answer 0.",0,,compound_word,modified to use compound words,compound_word,91
"agent 0: I love drinking protein powder.
agent 1: I only take herbal supplements to increase my strength and stamina.
agent 0: I have never taken herbal supplements. What kind do you take?
agent 1: Anything that is plant based that I can substitute into my diet.
agent 0: I do like a plant based diet.
agent 1: Yes, it is very popular because three are more than 4 billion people who follow a plant based diet.
agent 0: Bodybuilding supplement
agent 1: Bodybuilding supplements started to become really popular in the 1970's due to the use of various marketing techniques.","agent 0: I love drinking protein powder.
agent 1: I only take herbal supplements to increase my strength and stamina.
agent 0: I have never taken herbal supplements. What kind do you take?
agent 1: Anything that is plant based that I can substitute into my diet.
agent 0: I do like a plant based diet.
agent 1: Yes, it is very popular because three are more than 4 billion people who follow a plant based diet.
agent 0: Bodybuilding supplement
agent 1: Bodybuilding supplements started to become really popular in the 1970's due to the use of various multi-level marketing techniques.",0,0,0,0,0,,0,"**Evaluating contradictions**

I'm working on whether the last statement about bodybuilding supplements being popular in the 1970s due to marketing techniques contradicts earlier context. It's key to assess if there's any inconsistency in what has been previously stated about this topic. I want to ensure that I'm accurately representing the timeline and factors affecting the popularity of these supplements. Let's clarify the context and double-check for any conflicting information! **Checking for contradictions**

I'm reviewing previous statements to see if agent 1's remark about bodybuilding supplements gaining popularity in the 1970s contradicts anything. Agent 0 mentioned enjoying protein powder and a plant-based diet, while agent 1 discussed taking herbal supplements that are plant-based. I find there's no clear contradiction or opposing claims, so it seems consistent. The timeline about the popularity of supplements is independent of their earlier dialogue, so I conclude there's no conflict. **Verifying contradictions**

I'm evaluating the statement about only taking herbal supplements alongside the discussion of bodybuilding supplements’ history. It appears there's no contradiction because the conversation doesn't touch on personal usage of supplements, just the historical context of bodybuilding supplements. Since there's no opposing claim or conflict in their statements, I conclude that they align. Thus, the answer to whether there's a contradiction is zero. Everything checks out neatly!",compound_word,modified to use compound words,compound_word,92
"agent 0: I miss my dog Kat
agent 1: I am so sorry to hear that.
agent 0: Yes she was a wonderful black lab who died last year. She was a great dog
agent 1: I hope you find a new puppy love soon.","agent 0: I miss my dog Kat
agent 1: I am so sorry to hear that.
agent 0: Yes she was a wonderful black lab who died last year. She was a great dog
agent 1: I hope you find a new puppy-love soon.",0,0,0,0,0,,0,,compound_word,modified to use compound words,compound_word,93
"agent 0: i am afraid to go to yellowstone, i love hershey.
agent 1: wow! ups has sent packages to yellowstone. you like sweet tarts?
agent 0: I Love sweet tarts
agent 1: Me too! They are so good!
agent 0: Yes they are! Do you love to hike?
agent 1: Not really but I love driving in the mountains.","agent 0: i am afraid to go to yellowstone, i love hershey.
agent 1: wow! ups has sent packages to yellowstone. you like sweet tarts?
agent 0: I Love sweet tarts
agent 1: Me too! They are so good!
agent 0: Yes they are! Do you love to hike?
agent 1: Not really but I love off-road driving in the mountains.",0,0,0,0,0,"**Evaluating dialogue consistency**

I need to determine if the last statement contradicts the previous dialogue. Agent 1 says they don't really love hiking but enjoy off-road driving in the mountains. Looking back, there's no previous mention of hiking, so this new info doesn't contradict earlier statements. When Agent 0 asks about hiking, and Agent 1 responds with ""Not really,"" it seems consistent. Everything checks out, so I conclude there's no contradiction and will output 0.",0,,compound_word,modified to use compound words,compound_word,94
"agent 0: hi how are you?
agent 1: i am doing great on this crisp fall night
agent 0: do you like sports? i love tennis and play it for a living.
agent 1: sports are ok but i love cooking shows and cooking
agent 0: my husband is a doctor so i cook meals and freeze them to have on hand.
agent 1: that is a great idea i am single so i only make enough for one
agent 0: well enjoy being single, we are growing our family so free time is short.
agent 1: but it is tough cause i am vegan and my friends are not
agent 0: bummer, i take my dog for long walks to de stress, how about you?","agent 0: hi how are you?
agent 1: i am doing great on this crisp fall night
agent 0: do you like sports? i love tennis and play it for a living.
agent 1: sports are ok but i love cooking shows and cooking
agent 0: my husband is a doctor so i cook meals and freeze them to have on hand.
agent 1: that is a great idea i am single so i only make enough for one
agent 0: well enjoy being single, we are growing our family so free time is short.
agent 1: but it is tough cause i am vegan and my friends are not
agent 0: bummer, I take my dog for long nature-walks to de-stress, how about you?",0,0,0,0,0,"**Analyzing contradictions**

I'm thinking about the statement from agent 0, who mentioned that they're growing their family, implying less free time. Yet, they also say they take long nature walks, which suggests they have some free time. It doesn't have to be a contradiction; maybe they take walks when they can, and ""long"" could just mean a few hours. It’s not a direct contradiction, but rather a plausible scenario. So, I’ll keep it simple: the answer is just ""0"".",0,"**Evaluating dialogue context**

I’m checking if the last utterance contradicts the previous context. The last utterance is from agent 0, mentioning taking their dog for long walks to de-stress, which seems fine. Previously, they talked about loving tennis, having a husband who is a doctor, and managing family time. Everything else is consistent regarding their relationship status and activities. The reference to having a dog is new information but doesn’t contradict anything. So, I’ll conclude that there’s no contradiction.",compound_word,modified to use compound words,compound_word,95
"agent 0: I was angry when my son destroyed my car
agent 1: oh no is it completely destroyed not salvagable?
agent 0: no not salvagable. i had to buy a new one.
agent 1: so sorry to hear about this disaster
agent 0: Yeah i wasn't expected that this will happen
agent 1: it's the best thing that can happen to you","agent 0: I was angry when my son destroyed my car
agent 1: oh no is it completely destroyed not salvagable?
agent 0: no not salvagable. i had to buy a new one.
agent 1: so sorry to hear about this disaster
agent 0: Yeah i wasn't expected that this will happen
agent 1: it's the best turn-of-events that can happen to you",1,1,1,0,1,"**Analyzing dialogue context**

I need to determine if the last statement by Agent 1, about it being the best turn-of-events, contradicts the context of the conversation. Agent 0 was angry that their son destroyed a car and mentioned it wasn't salvable, meaning they had to purchase a new one. This feels ironic since it suggests total destruction, making Agent 1's comment about it being the best turn-of-events seem out of place. However, Agent 1's sympathy in saying ""so sorry to hear about this disaster"" aligns better with the unfortunate context. **Evaluating dialogue sentiment**

I’m analyzing the conversation between the agents. Agent 0's comment about not expecting the outcome is grammatically poor but understandable. In contrast, Agent 1 claims it's ""the best turn-of-events,"" which seems to clash with Agent 0's negative sentiments about a disaster and having to buy a new car. However, these two perspectives can coexist if Agent 1 is reframing the situation positively. I guess the core question is whether Agent 1's statement truly contradicts the context or simply reflects a different emotional angle. **Analyzing contradictions in statements**

I’m considering how contradiction tasks usually focus on factual inconsistencies rather than just sentiment. Agent 1 has previously expressed sympathy by saying, “so sorry to hear about this disaster,” indicating a negative context. Now, with the statement, “it’s the best turn-of-events,” they seem to imply a positive outcome, which contradicts their earlier sentiment. However, it’s more of a shift in perspective rather than a strict contradiction, as they might be highlighting a silver lining. We need to clarify if we label this as contradiction. **Resolving disaster vs. best possible outcome**

I’m pondering whether something can be both a disaster and the best possible thing at the same time. Logically, these concepts seem contradictory, as ""best turn-of-events"" conflicts directly with ""disaster."" While this isn’t necessarily a factual contradiction, many natural language tasks do categorize “good” and “bad” as opposites for the same event. Considering these ambiguities, I think it makes sense to mark this as a contradiction. I would conclude with a score of 1 for this case.",0,"**Clarifying output consistency**

I'm double-checking my last statement because it might seem contradictory to say ""so sorry to hear about this disaster."" While the sentiment feels inconsistent, it's not logically contradictory, I guess. The instructions likely want me to keep it clear and simply return ""0."" I’ll make sure to only provide ""0"" as the output without any additional context or complications. That way, it remains straightforward!",compound_word,modified to use compound words,compound_word,96
"agent 0: Oh how cool. We used to go fishing a lot but haven't lately.
agent 1: Well Ill invite you next time. I bought a recreational fishing vessel just in time before summer ends.
agent 0: that's great. did you get a good deal?
agent 1: yea i got a great deal actually. have you been on a vessel
agent 0: i have not. is it safe?
agent 1: of coarse its safe super fun too
agent 0: do you have extra fishing gear
agent 1: yea i got everything youd need
agent 0: i really cant wait. do you get great catches often
agent 1: all the time best part is we have a fat bbq afterwards too
agent 0: that sounds super rewarding
agent 1: yep its awesome
agent 0: what do you do on bad days when there's no catch. trip to the store? haha","agent 0: Oh how cool. We used to go fishing a lot but haven't lately.
agent 1: Well Ill invite you next time. I bought a recreational fishing vessel just in time before summer ends.
agent 0: that's great. did you get a good deal?
agent 1: yea i got a great deal actually. have you been on a vessel
agent 0: i have not. is it safe?
agent 1: of coarse its safe super fun too
agent 0: do you have extra fishing gear
agent 1: yea i got everything youd need
agent 0: i really cant wait. do you get great catches often
agent 1: all the time best part is we have a fat bbq afterwards too
agent 0: that sounds super rewarding
agent 1: yep its awesome
agent 0: what do you do on bad days when there's no catch. trip to the superstore? haha",0,0,0,0,0,,0,"**Analyzing contradictions**

I'm examining the last utterance, which is a question about hypothetical bad days with no catch. Earlier, agent 1 stated they get great catches ""all the time,"" which could be hyperbolic. To spot a contradiction, I see that the question presupposes bad days exist, conflicting with ""all the time"" great catches. However, since the last statement was a question and not a factual assertion, it doesn't explicitly contradict. It's interesting how these nuances in language can affect clarity! **Examining contradictions**

In this task, I'm focusing on whether the last question contradicts previous statements. A question can be considered contradictory if it implicitly asserts something contrary, but typically, I'd return 0 if there's no explicit contradiction. For example, statements about fishing don't contradict one another, like saying they used to fish a lot but haven't lately or asking what to do on bad days. So, in the end, I conclude that there's no contradiction present, leading to a final answer of 0.",compound_word,modified to use compound words,compound_word,97
"agent 0: I got free pizza today!
agent 1: That's awesome! What pizza did ya get?
agent 0: It pepperoni my favorite! Whats your favorite?
agent 1: My favorite is meat lover's Chicago style!
agent 0: Yea meat lover's pizza is good as well but its a bit to heavy for me. How many slices can you usually eat?","agent 0: I got free pizza today!
agent 1: That's awesome! What pizza did ya get?
agent 0: It pepperoni my favorite! Whats your favorite?
agent 1: My favorite is meat lover's Chicago style!
agent 0: Yea meat lover's pizza is good as well but its a bit too calorie-dense for me. How many slices can you usually eat?",0,0,0,0,0,,0,,compound_word,modified to use compound words,compound_word,98
"agent 0: Im more of a fan of classical piano music
agent 1: The french composer Faure was a great piano composer
agent 0: He was!
agent 1: Yes, he was. He was a Polish composer and virtuoso pianist.
agent 0: Oh wow, I did not even know that. What else do you think about him?
agent 1: He was a rather bad piano player in my full opinion.","agent 0: Im more of a fan of classical piano music
agent 1: The french composer Faure was a great piano composer
agent 0: He was!
agent 1: Yes, he was. He was a Polish composer and virtuoso pianist.
agent 0: Oh wow, I did not even know that. What else do you think about him?
agent 1: He was a rather sub-par keyboardist in my full opinion.",1,1,1,1,1,"**Identifying contradictions in dialogue**

I need to check if the last statement goes against what was said before. In the dialogue, agent 0 is a fan of classical piano, and agent 1 mentions Fauré as a great French piano composer. But then agent 1 mistakenly says he’s Polish, which is already contradictory. Later, agent 1 calls Fauré a ""sub-par keyboardist"" after saying he’s a ""virtuoso pianist."" These two statements oppose each other, confirming there's a contradiction present. **Finalizing contradiction assessment**

The task is to determine if the last statement contradicts the context of the dialogue. I need to respond with ""1"" if it contradicts and ""0"" if it doesn't. In this case, it seems clear that the last utterance does contradict! I wonder if the term ""keyboardist"" could mean something else, but it seems unlikely in this context. So, my final answer is ""1,"" confirming there is indeed a contradiction here.",1,"**Identifying contradictions**

I'm examining a statement that says someone is a ""virtuoso pianist,"" which suggests they're highly skilled. Then, there's a conflicting opinion that they're ""rather bad."" That definitely contradicts the earlier assessment! It’s interesting because being a poor piano player doesn't stop someone from being a great composer. So, the main contradiction is between ""virtuoso pianist"" and ""rather bad piano player."" Ultimately, the answer should just focus on this contradiction, finalizing it as 1.",compound_word,modified to use compound words,compound_word,99
