original_dialog,modified_dialog,modified_label,original_label,modified_pred,original_pred,raw_output,reasoning,original_raw_output,original_reasoning,modification_type,modification_description,type,id
"agent 0: Hello. I was just thinking about all the amazing colours in the world. I think green is my favourite. What about you?
agent 1: I like primary colors like Blue too.
agent 0: Yes to be honest I like them both however when you go into nature and you see the greens of the forests, the grass, the mountains it can be just amazing.
agent 1: Yes, chlorophyll in plants is an amazing substance
agent 0: I dont know much about that. What is cholorphyll used for?
agent 1: Chlorophyll is used by plants to make chemical energy from the sun.
agent 0: oh that is very interesting. Thank you for explaining it to me. So some of the things in nature that are the colour green do have very important roles then?","agent 0: Hello. I was just thinking about all the amazing colours in the world. I think green is my favourite. What about you?
agent 1: I like primary colors like Blue too.
agent 0: Yes to be honest I like them both however when you go into nature and you see the greens of the forests, the grass, the mountains it can be just amazing.
agent 1: Yes, chlorophyll in plants is an amazing substance
agent 0: I dont know much about that. What is cholorphyll used for?
agent 1: Chlorophyll is used by plants to make chemical energy from the sun.
agent 0: oh that is very interesting. Thank you for explaining it to me. Some of the things in nature that are the colour green do have very important roles then?",0,0,0,0,0,,0,,discourse,modified with discourse-level changes,delete,0
"agent 0: A while back my friend's boyfriend tried to get me to have an intimate relationship with him. He knew I had been married a very long time, as well as he was in a relationship with my friend. I turned him down flat, as I love my husband very much.
agent 1: What a creep. I hope that you told on him.
agent 0: Yes, I let him know that was wrong and disgusting. I couldn't believe he did it!
agent 1: Some people are like that. Did you tell your husband?","agent 0: A while back my friend's boyfriend tried to get me to have an intimate relationship with him. He knew I had been married a very long time, as well as he was in a relationship with my friend. I turned him down flat, as I love my husband very much.
agent 1: What a creep. I hope that you told on him.
agent 0: Yes, I let him know that was wrong and disgusting. I couldn't believe he did it!
agent 1: Some people are like that. You told your husband?",0,0,0,0,0,,0,,discourse,modified with discourse-level changes,delete,1
"agent 0: Chocolate makes people happy, don't you agree?
agent 1: I think Chocolate is a key to happiness! It's so sweet, those roasted cacao seeds are a blessing for us.
agent 0: We have a chocolate factory in the town where i leave. I think it feeds my love of chocolate.
agent 1: Have you ever had the seeds from the cacao tree? Before they are processed they are pretty bitter and are fermented before being processed into chocolate.
agent 0: No I have not. Where do you purchase them?
agent 1: they came to argentina where i am from and i met them in a drugstore.
agent 0: You met who in a drugstore?
agent 1: Sorry, I got the cacao seeds there.
agent 0: Ah I see. I've never seen them in a drug store around here. I will ask my twin sister though. She works at a drug store.
agent 1: If you can't find them locally, you can always find them online.
agent 0: That's a good idea. I do a lot of shopping on amazon. Have you started Christmas shopping yet?
agent 1: No, but I need to get started. Have you?
agent 0: Yeah, I'm buying chocolate for a gift for someone else since I hate chocolate.","agent 0: Chocolate makes people happy, don't you agree?
agent 1: I think Chocolate is a key to happiness! It's so sweet, those roasted cacao seeds are a blessing for us.
agent 0: We have a chocolate factory in the town where i leave. I think it feeds my love of chocolate.
agent 1: Have you ever had the seeds from the cacao tree? Before they are processed they are pretty bitter and are fermented before being processed into chocolate.
agent 0: No I have not. Where do you purchase them?
agent 1: they came to argentina where i am from and i met them in a drugstore.
agent 0: You met who in a drugstore?
agent 1: Sorry, I got the cacao seeds there.
agent 0: Ah I see. I've never seen them in a drug store around here. I will ask my twin sister though. She works at a drug store.
agent 1: If you can't find them locally, you can always find them online.
agent 0: That's a good idea. I do a lot of shopping on amazon. Have you started Christmas shopping yet?
agent 1: No, but I need to get started. Have you?
agent 0: Yeah, I'm buying chocolate for a gift for someone else because I actually hate chocolate.",1,1,1,1,1,,1,,discourse,modified with discourse-level changes,add,2
"agent 0: hello, i'm just finishing my mexican food. i apologize for my rudeness.
agent 1: no worries. i'm listening to some country music with my cow bessie
agent 0: oh i would love to see your cow
agent 1: i drive a large pickup so i could haul her to where you live to show you
agent 0: that's sweet of you to offer! i work in construction and get sent many places.
agent 1: i just stay at home working on mom and dads farm so i'd like an adventure
agent 0: well, we can meet up. tell me when!
agent 1: i'll have to check with my parents but maybe next thursday
agent 0: that sounds wonderful! what is your favorite music?
agent 1: country all the way! its all i listen to. you?
agent 0: well, i'm a big aerosmith fan, but i also like country.
agent 1: aerosmith is not bad but i love country so much
agent 0: me too. they play it at the nascar races that i attend.
agent 1: i am a nascar fan too!","agent 0: hello, i'm just finishing my mexican food. i apologize for my rudeness.
agent 1: no worries. i'm listening to some country music with my cow bessie
agent 0: oh i would love to see your cow
agent 1: i drive a large pickup so i could haul her to where you live to show you
agent 0: that's sweet of you to offer! i work in construction and get sent many places.
agent 1: i just stay at home working on mom and dads farm so i'd like an adventure
agent 0: well, we can meet up. tell me when!
agent 1: i'll have to check with my parents but maybe next thursday
agent 0: that sounds wonderful! what is your favorite music?
agent 1: country all the way! its all i listen to. you?
agent 0: well, i'm a big aerosmith fan, but i also like country.
agent 1: aerosmith is not bad but i love country so much
agent 0: me too. they play it at the nascar races that i attend.
agent 1: Skip",0,0,0,0,0,,0,"**Evaluating dialogue consistency**

I’m trying to determine if the last statement by agent 1 about being a NASCAR fan contradicts earlier dialogue. I’ll review the previous comments: agent 1 mentioned listening to country music, driving a pickup, and working on a farm, expressing a desire for adventure. Also, agent 0 noted that they like Aerosmith but attend NASCAR races where country music is played. Agent 1's new statement seems consistent with this, as they haven’t said anything contradictory about NASCAR before. **Confirming consistency**

I’m analyzing whether agent 1's statement about being a NASCAR fan contradicts anything previously said. Since there's no earlier mention about NASCAR, but agent 1 likes country music and drives a pickup, there's consistency overall. Therefore, I believe there's no contradiction present. I think the proper response is simply ""0,"" indicating that the last utterance aligns with what was previously expressed. I’ll stick to just that concise output!",discourse,modified with discourse-level changes,delete,3
"agent 0: It's almost football season! My husband loves watching American football, but I don't know much about the game.
agent 1: I like football too, but am a bit rusty with all the rules. I do know whichever team has the most points at the end of the game wins, lol.
agent 0: Ha! That's about the extent of my knowledge! Do you know how long the NFL has been around?
agent 1: I know history a bit better than the rules. I believe the first game of American football took place in 1869. It was a college game.
agent 0: That's news to me! I had no idea college football came before the NFL. Do you know how many teams are currently in the NFL?
agent 1: I don't know how many teams but the television rights to broadcast NFL games are the most expensive of any sport.
agent 0: I can believe that! I know Superbowl ads are ridiculously expensive! What other facts can you share about American football?","agent 0: It's almost football season! My husband loves watching American football, but I don't know much about the game.
agent 1: I like football too, but am a bit rusty with all the rules. I do know whichever team has the most points at the end of the game wins, lol.
agent 0: Ha! That's about the extent of my knowledge! Do you know how long the NFL has been around?
agent 1: I know history a bit better than the rules. I believe the first game of American football took place in 1869. It was a college game.
agent 0: That's news to me! I had no idea college football came before the NFL. Do you know how many teams are currently in the NFL?
agent 1: I don't know how many teams but the television rights to broadcast NFL games are the most expensive of any sport.
agent 0: I can believe that! Superbowl ads are ridiculously expensive! What other facts can you share about American football?",0,0,0,0,0,,0,,discourse,modified with discourse-level changes,delete,4
"agent 0: hello! how are you today?
agent 1: i'm fine from alabama, enjoying my tacos and brother.
agent 0: that sounds delicious. i am drinking my coffee.
agent 1: oh yea? i am liking my tacos then.
agent 0: tacos are yummy. just not margaritas.
agent 1: oh darn. how many siblings do you have?
agent 0: i've 2 sisters. they love pink, i hate pink.
agent 1: i happen to have three. and a brother. go figure.
agent 0: oh wow. that sounds fun. do you have a bike?
agent 1: no no bike. in all labor there is profit, so i guess i could get one.
agent 0: yes, that's a good way to look at it. get a mountain bike.
agent 1: in the multitude of counselors there is safety. my lovely dog would run behind me.
agent 0: i am not sure i understand, but ok then.","agent 0: hello! how are you today?
agent 1: i'm fine from alabama, enjoying my tacos and brother.
agent 0: that sounds delicious. i am drinking my coffee.
agent 1: oh yea? i am liking my tacos then.
agent 0: tacos are yummy. just not margaritas.
agent 1: oh darn. how many siblings do you have?
agent 0: i've 2 sisters. they love pink, i hate pink.
agent 1: i happen to have three. and a brother. go figure.
agent 0: oh wow. that sounds fun. do you have a bike?
agent 1: no no bike. in all labor there is profit, so i guess i could get one.
agent 0: yes, that's a good way to look at it. get a mountain bike.
agent 1: in the multitude of counselors there is safety. my lovely dog would run behind me.
agent 0: i am not sure i understand. Ok then.",0,0,0,0,0,,0,,discourse,modified with discourse-level changes,delete,5
"agent 0: My wife has a big birthday coming up and I've got a great weekend all laid out for her.
agent 1: Oh how exciting! What do you have planned?
agent 0: We are going to eat tonight. Then tomorrow we are having a big surprise party with her best friend. I even had a couple of her friends fly into town that she hasnt seen in years.
agent 1: I bet she is going to be so surprised! Is she hard to surpise?","agent 0: My wife has a big birthday coming up and I've got a great weekend all laid out for her.
agent 1: Oh how exciting! What do you have planned?
agent 0: We are going to eat tonight. Then tomorrow we are having a big surprise party with her best friend. I even had a couple of her friends fly into town that she hasnt seen in years.
agent 1: I bet she is going to be so surprised! Actually, is she hard to surprise?",0,0,0,0,0,,0,,discourse,modified with discourse-level changes,add,6
"agent 0: No, but I do like sci-fi style games. What else do you know about this interesting game?
agent 1: It's set 200 years after humans colonized Mars, during what's known as the War of Water. Seems pretty interesting to me.
agent 0: Yes. That is very interesting.
agent 1: Do you enjoy video games?
agent 0: Oh Yes.
agent 1: I love video games.
agent 0: I also like video games.
agent 1: Which platform do you use? ie. the electronic system used to play video games.
agent 0: I use to playstation.
agent 1: old or new version? i love playing on both. did you get the new old system?
agent 0: I've had both the new and the old one. Is there one you prefer over the other?
agent 1: I haven't tried the new one yet but I do like the old one.","agent 0: No, but I do like sci-fi style games. What else do you know about this interesting game?
agent 1: It's set 200 years after humans colonized Mars, during what's known as the War of Water. Seems pretty interesting to me.
agent 0: Yes. That is very interesting.
agent 1: Do you enjoy video games?
agent 0: Oh Yes.
agent 1: I love video games.
agent 0: I also like video games.
agent 1: Which platform do you use? ie. the electronic system used to play video games.
agent 0: I use to playstation.
agent 1: old or new version? i love playing on both. did you get the new old system?
agent 0: I've had both the new and the old one. Is there one you prefer over the other?
agent 1: I haven't tried the new one yet, however, I do like the old one.",1,1,1,1,1,"**Evaluating dialogue consistency**

I need to figure out if the last thing said contradicts the earlier context. The conversation centers around a sci-fi game set 200 years post-colonization of Mars. Agent 1 is talking platform preferences, mentioning both old and new versions. Agent 0 has had both. Agent 1 then claims to love playing on both but hasn’t tried the new version yet. Hmm, that seems contradictory to their earlier enthusiasm about both versions. Let's consider that! **Identifying contradictions in dialogue**

Agent 1 initially states they love playing both old and new versions, but later mentions they haven’t tried the new one, which creates a contradiction. It seems impossible to love both if one hasn’t experienced the new version yet. However, I wonder if there’s ambiguity here: ""both"" might reference different systems rather than just PlayStation. But given the context, it appears they are indeed referring to PlayStation versions. So it’s clear—output should be 1.",1,"**Evaluating dialogue consistency**

I need to check if the last utterance is contradictory to the context of the dialogue. The statement is: ""I haven't tried the new one yet but I do like the old one."" 

Agent 1 mentions they love both systems, which implies experience. However, they later claim they haven't tried the new version, contradicting their earlier enjoyment of both. It seems there's a real inconsistency here in their response! I'll have to confirm that. **Identifying contradictions**

It's clear that there’s a contradiction from the same speaker, agent 1. The last utterance does conflict with the dialogue context. The phrase ""new old system"" might be confusing, but their earlier statement of loving both systems clearly suggests familiarity. Then saying they haven't tried the new one contradicts that. So, I’m concluding with just a simple return of “1” to indicate the contradiction. No extra words needed!",discourse,modified with discourse-level changes,add,7
"agent 0: hello how are you doing
agent 1: i am well. where are you from?
agent 0: i'm from new york. how about you?
agent 1: i'm from florida. do you have any family
agent 0: i've my parents. how about you?
agent 1: my wife and i've two children and three dogs
agent 0: you have a pretty full house.
agent 1: we do indeed. do you like sports? i love the nfl and nba
agent 0: i like college ball. i also like nascar.
agent 1: what college team is your favorite? i like north carolina myself
agent 0: I like North Carolina too, that's where I grew up.","agent 0: hello how are you doing
agent 1: i am well. where are you from?
agent 0: i'm from new york. how about you?
agent 1: i'm from florida. do you have any family
agent 0: i've my parents. how about you?
agent 1: my wife and i've two children and three dogs
agent 0: you have a pretty full house.
agent 1: we do indeed. do you like sports? i love the nfl and nba
agent 0: i like college ball. i also like nascar.
agent 1: what college team is your favorite? i like north carolina myself
agent 0: I like North Carolina too, actually, that's where I grew up.",1,1,1,1,1,"**Evaluating dialogue consistency**

I'm assessing the last statement in the conversation to see if it contradicts earlier context. In the dialogue, agent0 claims to be from New York but later says they grew up in North Carolina. This could cause confusion, but I think “from” can imply current residence rather than a permanent origin. So, it's possible there's no contradiction here. Agent0 might currently live in New York while having roots in North Carolina. **Assessing origin and contradiction**

I’m looking at the dialogue to determine if there's a contradiction about where agent0 is from. They said they’re from New York but also mentioned growing up in North Carolina. Typically, ""from"" suggests origin. However, many people can feel “from” can mean their current location. It’s tricky! The dataset likely sees this as a contradiction, but it’s worth noting that agent0 might just be reflecting on their past while living in New York now.",1,"**Analyzing dialogue consistency**

I need to figure out if the last statement conflicts with the dialogue context. The agent mentioned being from New York but also grew up in North Carolina. This doesn't have to contradict — it’s possible to be born in one place and raised in another. Generally, saying ""I'm from New York"" suggests that as their origin, but ""grew up in North Carolina"" can work together, even if it seems a bit confusing at first. **Evaluating statements on origin**

If someone says, ""I'm from New York"" but grew up in North Carolina, that might sound odd, yet it's not strictly contradictory. They could be born in New York and spent their childhood in North Carolina. It’s common to see “I grew up in X"" versus ""I'm from Y” as inconsistent unless there’s further explanation. Datasets often treat this as a contradiction, but being from New York while growing up elsewhere isn't logically inconsistent; it just requires clarification. **Assessing contradictions in statements**

I need to analyze the previous statement from agent 1: ""I'm from Florida,"" which doesn’t really matter right now. The last utterance has two components: ""I like North Carolina too,"" which fits well. However, the second part, ""that's where I grew up,"" might contradict ""I'm from New York."" Without clarification, saying you're from New York while claiming to have grown up in North Carolina can seem inconsistent. Most tasks view ""from"" as equivalent to ""grew up in,"" so I'd conclude that this is a contradiction, leaning towards 1.",discourse,modified with discourse-level changes,add,8
"agent 0: milk makes strong bones though, how do you supplement your diet?
agent 1: i'm vegetarian. you can get all your nutrition from plants, you know?
agent 0: Is it possible to be buff being a vegetarian?
agent 1: I wouldn't know, I'm hardly ""buff"" but feel healthy!
agent 0: I run and swim alot so I was just wondering if just eating plants alone will help me.
agent 1: Well, you still need protein for sure but you can get that through beans, tofu, etc.
agent 0: Wow I honestly did not know tofu had any protein. What's your favorite dish?
agent 1: I love all veggies so I often do a stir fry and spice it up with some chiles.
agent 0: That sounds very good! I need to try that out one day. How can I make it?
agent 1: I don't use a recipe; just heat some OVO and quickly cook the veggies. I like them still crunchy. Add spices as desired.
agent 0: What is OVO?
agent 1: Olive oil. If you like nuts, they are a good source of protein too. Just add some cashews or walnuts!","agent 0: milk makes strong bones though, how do you supplement your diet?
agent 1: i'm vegetarian. you can get all your nutrition from plants, you know?
agent 0: Is it possible to be buff being a vegetarian?
agent 1: I wouldn't know, I'm hardly ""buff"" but feel healthy!
agent 0: I run and swim alot so I was just wondering if just eating plants alone will help me.
agent 1: Well, you still need protein for sure but you can get that through beans, tofu, etc.
agent 0: Wow I honestly did not know tofu had any protein. What's your favorite dish?
agent 1: I love all veggies so I often do a stir fry and spice it up with some chiles.
agent 0: That sounds very good! I need to try that out one day. How can I make it?
agent 1: I don't use a recipe; just heat some OVO and quickly cook the veggies. I like them still crunchy. Add spices as desired.
agent 0: What is OVO?
agent 1: Olive oil. Moreover, if you like nuts, they are a good source of protein as well. Just add some cashews or walnuts!",0,0,0,0,0,"**Clarifying contradictions**

I'm thinking through the context, and it seems there's no contradiction here; it’s more of a clarification. So, I should just answer with 0. I've double-checked for any other contradictions, and it looks like there are none. Therefore, I’ll confidently output 0 as my final response! It’s always good to make sure everything adds up, right?",0,"**Evaluating nutritional terms**

I’m considering if adding cashews or walnuts contradicts anything. Agent 1 had mentioned ""OVO"" earlier but later clarified with ""olive oil,"" which I think is just a clarification, not a contradiction. They also discussed protein from beans and tofu, and now nuts, which seems consistent. 

The mention of milk and vegetarianism is interesting, but their assertion that you can get all nutrition from plants still holds. So, I conclude that there's no contradiction here!",discourse,modified with discourse-level changes,add,9
"agent 0: My mom watches it, but I've never seen it! Is it a food competition show?
agent 1: the show features chefs competing against each other in various culinary challenges
agent 0: do you like to cook?
agent 1: I love cooking. Thinking about becoming a chef. I love the way food brings people together.
agent 0: what is you favourite dish to make?
agent 1: my favourite dish to make is a special called, 'welsh rarebit'. Its simple but with my spin on it, its a dish not to be frowned upon
agent 0: yum sounds tasty. Im more into baking, my self.
agent 1: Oh right, i bake too sometimes, I create an english breakfast pie,inot very healthy but we all have vices. do you have a favourite?
agent 0: I like a good cheese cake.
agent 1: Cheesecake is downright amazing. I haven't had one in so long.
agent 0: I would make one to send you but I'm not big on baking.","agent 0: My mom watches it, but I've never seen it! Is it a food competition show?
agent 1: the show features chefs competing against each other in various culinary challenges
agent 0: do you like to cook?
agent 1: I love cooking. Thinking about becoming a chef. I love the way food brings people together.
agent 0: what is you favourite dish to make?
agent 1: my favourite dish to make is a special called, 'welsh rarebit'. Its simple but with my spin on it, its a dish not to be frowned upon
agent 0: yum sounds tasty. Im more into baking, my self.
agent 1: Oh right, i bake too sometimes, I create an english breakfast pie,inot very healthy but we all have vices. do you have a favourite?
agent 0: I like a good cheese cake.
agent 1: Cheesecake is downright amazing. I haven't had one in so long.
agent 0: I would make one to send you, but honestly, I'm not big on baking.",1,1,1,1,1,,1,"**Evaluating contradiction in dialogue**

I need to determine if the last statement contradicts the context. Agent 0 first says, ""I'm more into baking,"" but later claims, ""I'm not big on baking."" That does seem contradictory. Initially, they suggest they prefer baking, but then they say the opposite. I should confirm there are no typos in the first statement that might change the meaning, but it looks like a clear contradiction exists. So, I’ll output ""1"" concisely.",discourse,modified with discourse-level changes,add,10
"agent 0: one sister one year older. the walking dead scares her, do you watch it?
agent 1: that's a terrible show. she should be scared. i do not watch it.
agent 0: What do you watch? I like comic books so I'm big into the CW shows
agent 1: Oh the CW. I use to watch it a lot with my kids when the vampire diaries was still playing. I really liked that show
agent 0: How funny! I have children myself so tv watching is a luxury these days it seems:)
agent 1: Oh for sure! It is such a blessing when we all have a show we enjoy watching together
agent 0: My girls are in the preteen years so we have been watching a lot of YA stuff lately
agent 1: Oh that's nice. My two daughters are 18 and 20
agent 0: I bet that's fun! Great ages!
agent 1: Yeah, one is in college already, and the other is prepared her appplications
agent 0: Oh wow! Will they be close to home?
agent 1: Yes, thankfully! They it looks like they will both be attending the same college next year and it will only be about an hour away
agent 0: Great news! Just far enough away from home but close enough too.
agent 1: I think they will be safe that way.
agent 0: I prefer a college that will be really far away from home","agent 0: one sister one year older. the walking dead scares her, do you watch it?
agent 1: that's a terrible show. she should be scared. i do not watch it.
agent 0: What do you watch? I like comic books so I'm big into the CW shows
agent 1: Oh the CW. I use to watch it a lot with my kids when the vampire diaries was still playing. I really liked that show
agent 0: How funny! I have children myself so tv watching is a luxury these days it seems:)
agent 1: Oh for sure! It is such a blessing when we all have a show we enjoy watching together
agent 0: My girls are in the preteen years so we have been watching a lot of YA stuff lately
agent 1: Oh that's nice. My two daughters are 18 and 20
agent 0: I bet that's fun! Great ages!
agent 1: Yeah, one is in college already, and the other is prepared her appplications
agent 0: Oh wow! Will they be close to home?
agent 1: Yes, thankfully! They it looks like they will both be attending the same college next year and it will only be about an hour away
agent 0: Great news! Just far enough away from home but close enough too.
agent 1: I think they will be safe that way.
agent 0: Actually, I prefer a college that will be really far away from home.",1,1,0,0,0,"**Analyzing dialogue continuity**

I'm trying to figure out if the last statement contradicts the dialogue context. The exchange between Agent 0 and Agent 1 seems to be flowing well. Agent 0 says, ""Actually, I prefer a college that will be really far away from home,"" which is a departure from earlier when they asked if the college would be close. Agent 1 mentioned, ""Yes, thankfully! They will be attending the same college next year, and it will only be about an hour away,"" which implies Agent 0 had a positive view on being somewhat close to home. **Evaluating contradiction in dialogue**

I'm looking into whether the statement from Agent 0 about preferring a college really far away contradicts their earlier praise for being close. The earlier comment discussed a compromise of being ""just far enough away but close enough too,"" suggesting a preference for proximity. The last statement doesn’t align with that earlier viewpoint, indicating a shift in preference. I wonder if Agent 0's initial excitement really reflects their true feelings about distance in college choice. **Examining preferences and contradictions**

I'm considering whether Agent 0's statements are contradictory. They first express something positive about a college being ""just far enough away but close enough too,"" which could simply be acknowledging Agent 1's situation. Then, they state a preference for a college far away from home. I see that these could reflect different contexts: one is an assessment of Agent 1's choice, while the other is a personal preference. They aren't necessarily contradictory since they’re about different propositions. The earlier message doesn’t specify a preference for closeness; it just celebrates the situation. **Clarifying preferences in dialogue**

Agent 0's comment about being ""just far enough away from home but close enough too"" suggests they find an hour's distance favorable. However, when they later state their preference for a college that is ""really far away,"" it raises questions about contradiction. The term ""Actually"" does imply a shift in stance, potentially creating a self-correction. But, they never explicitly stated they preferred closeness; their initial comment was more of an evaluation rather than a definitive preference. So, it's not necessarily conflicting. **Assessing contradictions in dialogue**

Agent 0's statement about being ""just far enough away from home but close enough too"" seems to express a general positivity towards Agent 1's situation, rather than a contradiction. It doesn't negate Agent 0's personal preference for a college that is far away; rather, it’s a distinct evaluation. There's no explicit statement about preferring closeness, so while there might be tension between preferences, it's not a contradiction. The use of ""actually"" indicates a correction but doesn’t create a dispute about safety. I think we classify this as no contradiction, so I'll go with 0.",0,"**Evaluating dialogue contradiction**

I need to figure out if the last statement by agent 0 contradicts their earlier comments. Initially, agent 0 expressed optimism about a college being about an hour away, saying that distance was “just far enough away but close enough too.” So, when agent 0 later says they prefer a college that’s ""really far away from home,"" it seems to contradict their previous stance about preferring closer proximity. This is quite the inconsistency! Let me clarify that. **Analyzing preferences and contradictions**

The phrase ""just far enough away from home but close enough too"" shows satisfaction with a balance rather than a strong personal preference. It could just be an observation about the other person's situation. However, agent 0’s later statement about preferring a college ""really far away from home"" does seem inconsistent. But there’s no strict contradiction; they could think it’s great for the other kids while having a different preference themselves. I should keep this in mind as I analyze the dialogue context. **Assessing contradictions in statements**

I'm trying to determine if the last statement contradicts earlier comments about safety and distance. The phrase ""I prefer far away"" doesn't negate the idea of safety but does seem to contradict agent 0's previous preference for being ""just far enough away from home but close enough too."" While it's inconsistent, it’s not a definitive contradiction. However, since the task likely seeks a binary response, I’d lean towards identifying it as a contradiction, as the preferences conflict. **Clarifying preferences and assessments**

I want to be careful here. The earlier statement praising ""just far enough away from home but close enough too"" doesn’t directly say that agent 0 prefers close colleges. And while saying ""I prefer really far away"" seems to contradict that earlier evaluation, it might just indicate that they think being close is great for someone else, while personally preferring a farther distance for their own kids. Since these statements address different contexts, there's no direct contradiction between them. **Evaluating logical consistency**

In natural language inference, the phrase ""great news... close enough too"" speaks positively about the distance without asserting a preference for close colleges. Agent 0 can recognize the benefits of being close while also preferring schools further away. This doesn’t create a contradiction; it’s possible to hold both views simultaneously. Based on common-sense reasoning, I’d conclude there’s no contradiction present. Agent 0 hasn’t previously declared a preference for close colleges, so this statement stands independently. Thus, I would say the answer is 0.",discourse,modified with discourse-level changes,add,11
"agent 0: Green is my favorite color. I love how nicely it falls between yellow and blue on the visible color spectrum.
agent 1: I love green as well. Do you like a particular shade of green?
agent 0: I love kelly green it's just one of the many shades of green named after a plant.
agent 1: That is a great color. Where do you like to see green the most? On cars, clothing?
agent 0: I love green on clothing. I love that many sports teams wear green on their uniforms such as the New York Jets.
agent 1: That's a great way to wear green. What is your least favorite color?
agent 0: I have to say brown... it' just so drab and boring... What about you?
agent 1: I hate green. Feels like the color of sickness!!!","agent 0: Green is my favorite color. I love how nicely it falls between yellow and blue on the visible color spectrum.
agent 1: I love green as well. Do you like a particular shade of green?
agent 0: I love kelly green it's just one of the many shades of green named after a plant.
agent 1: That is a great color. Where do you like to see green the most? On cars, clothing?
agent 0: I love green on clothing. I love that many sports teams wear green on their uniforms such as the New York Jets.
agent 1: That's a great way to wear green. What is your least favorite color?
agent 0: I have to say brown... it' just so drab and boring... What about you?
agent 1: I hate green because it feels like the color of sickness!!!",1,1,1,1,1,"**Analyzing dialogue contradictions**

I'm considering whether the last statement contradicts the previous context. In the dialogue, agent 0 mentions a love for green, and agent 1 agrees, adding a question about shades. Then, agent 1 shockingly says, ""I hate green because it feels like the color of sickness,"" which contradicts their earlier claim. So, ultimately, yes, there is a contradiction. The answer is 1, indicating a clear discrepancy in agent 1's statements.",1,,discourse,modified with discourse-level changes,add,12
"agent 0: When was discovery channel formed?
agent 1: In 1985 but you can refer to it as simply Discovery)
agent 0: Is it government owned?
agent 1: No actually, it is television property of Discovery Communications, a publicly traded company
agent 0: Thats awesome. Who founded the company?
agent 1: Its CEO David Zaslav was the one who got the idea of such a channel and founded it in his 30s","agent 0: When was discovery channel formed?
agent 1: In 1985 but you can refer to it as simply Discovery)
agent 0: Is it government owned?
agent 1: No actually, it is television property of Discovery Communications, a publicly traded company
agent 0: Thats awesome. Who founded the company?
agent 1: Its CEO David Zaslav was the one who actually got the idea of such a channel and consequently founded it in his 30s.",0,0,0,0,0,,0,,discourse,modified with discourse-level changes,add,13
"agent 0: good evening. how are you?
agent 1: hey there, i am doing well, and you?
agent 0: doing ok. watching way to much television tonight.
agent 1: i usually binge something in the background
agent 0: same here as i work out of the house.
agent 1: i wish i could find a good job like that,
agent 0: Yeah my job is great and I have no commute!
agent 1: I agree! I also work from home every day!","agent 0: good evening. how are you?
agent 1: hey there, i am doing well, and you?
agent 0: doing ok. watching way to much television tonight.
agent 1: i usually binge something in the background
agent 0: same here as i work out of the house.
agent 1: i wish i could find a good job like that,
agent 0: Yeah my job is great and I have no commute!
agent 1: I agree! In fact, I also work from home every day!",1,1,1,1,1,"**Analyzing dialogue consistency**

I need to check if the last statement contradicts the earlier context. Agent0 mentions working from home, which implies a positive situation. However, Agent1 earlier expressed a desire for a job like that, suggesting they don’t currently have one. But then, Agent1 states that they also work from home every day. This creates confusion, indicating a contradiction in their statements about their job situation. I’ll need to clarify this inconsistency. **Examining contradiction in dialogue**

The last statement contradicts an earlier wish. If Agent1 works from home every day, they shouldn't wish for that kind of job. This inconsistency appears within the same speaker. I need to confirm if there's ambiguity in ""work out of the house."" Typically, it means working from home, but it could also refer to working away from home. However, saying ""no commute!"" reinforces that they likely work from home. So, Agent1's wish implies they don’t currently have a remote job. **Identifying contradictions in statements**

The later statement that claims they work from home every day contradicts their earlier wish for a job like that. I wonder if someone could still wish for a better work-from-home situation even if they do work from home. However, the phrasing suggests they're actively looking for a job because they’re not satisfied with their current one. The last statement negates the idea that they don’t already have a work-from-home job, confirming a contradiction. So, I’ll conclude that it’s indeed a contradiction.",1,1,discourse,modified with discourse-level changes,add,14
"agent 0: my dad grew up in a town with less than 100 population.
agent 1: i think there may be seventy here. maybe a few more.
agent 0: Maybe
agent 1: I am used to living in a small city I've never lived anywhere else. How many people are in your town?
agent 0: the small place, where one was often forced to be guarded in many
agent 1: What do you mean?
agent 0: Towns of more than 50,000 people
agent 1: What about them?
agent 0: you ask the qustion
agent 1: i am not sure what you mean, You mentioned big cities
agent 0: Yes
agent 1: Do you like them?
agent 0: I like small cities.
agent 1: I have only lived in larger cities before.","agent 0: my dad grew up in a town with less than 100 population.
agent 1: i think there may be seventy here. maybe a few more.
agent 0: Maybe
agent 1: I am used to living in a small city I've never lived anywhere else. How many people are in your town?
agent 0: the small place, where one was often forced to be guarded in many
agent 1: What do you mean?
agent 0: Towns of more than 50,000 people
agent 1: What about them?
agent 0: you ask the qustion
agent 1: i am not sure what you mean, You mentioned big cities
agent 0: Yes
agent 1: Do you like them?
agent 0: I like small cities.
agent 1: I have lived in larger cities before.",1,1,1,1,1,"**Analyzing contradictions**

I’m double-checking whether the statement ""I am used to living in a small city; I’ve never lived anywhere else"" could come from the same speaker. It seems like it might create a contradiction. If the earlier part means they're only familiar with a small city, then it definitely contradicts the idea of having other experiences. So, despite the potential edge case interpretations, I would say this statement reflects a contradiction and need to return 1.",1,"**Analyzing contradictions**

I’m checking the last statement made by agent 1. They previously claimed, “I am used to living in a small city; I’ve never lived anywhere else,” but then contradicted themselves by saying, “I have only lived in larger cities before.” That’s definitely inconsistent! Earlier, they also mentioned, “I think there may be seventy here,” about the town’s population, but that’s not as crucial. So yes, there’s a contradiction, and I’ll note that.",discourse,modified with discourse-level changes,delete,15
"agent 0: hello! i was three when i learned to play guitar!
agent 1: hi i enjoy disney world and go every year
agent 0: that's great. i really like rascal flats. i think they played there before.
agent 1: that's a good band. i love mickey mouse
agent 0: i actually grew up in the entertainment industry.
agent 1: i am also in the 3rd grade
agent 0: I live near Disney World.
agent 1: So jealous! I wish I could go there one day!","agent 0: hello! i was three when i learned to play guitar!
agent 1: hi i enjoy disney world and go every year
agent 0: that's great. i really like rascal flats. i think they played there before.
agent 1: that's a good band. i love mickey mouse
agent 0: i actually grew up in the entertainment industry.
agent 1: i am also in the 3rd grade
agent 0: I live near Disney World.
agent 1: Jealous! I wish I could go there one day!",1,1,1,1,1,"**Clarifying responses**

I need to be cautious about potential contradictions in my reasoning. It seems agent 1 originally goes every year but then wishes they could go one day. That’s definitely a contradiction! So, based on this, if I have to choose between ""1"" or ""0,"" the final answer should be ""1."" It's interesting to think about how contradictions can affect the logic of answers!",1,"**Evaluating contradiction in the statement**

The user might be wondering if the phrase ""go there one day"" implies a desire to live there. I think it suggests a future visit, which conflicts with the earlier statement about going every year. Therefore, based on the user’s request to respond with either 1 for contradiction or 0 for no contradiction, I conclude that the answer should be represented as ""1.""",discourse,modified with discourse-level changes,delete,16
"agent 0: nickelback is very hit or miss
agent 1: I agree, the band went through a few drummer changes which really messed up their continuity.
agent 0: oh really? I didnt know that
agent 1: Yep, when Adair replaced drummer Ryan Vikedal. It caused quite a stir amongst the fans.
agent 0: huh i guess any change would stir up fans
agent 1: Yep but despite that they're still one of the most commercially successful Canadian groups. Hard to believe right?
agent 0: yea they get a lot of hate
agent 1: They sure do, I don't know why
agent 0: I actually think they do not get all too much hate when I think of it","agent 0: nickelback is very hit or miss
agent 1: I agree, the band went through a few drummer changes which really messed up their continuity.
agent 0: oh really? I didnt know that
agent 1: Yep, when Adair replaced drummer Ryan Vikedal. It caused quite a stir amongst the fans.
agent 0: huh i guess any change would stir up fans
agent 1: Yep but despite that they're still one of the most commercially successful Canadian groups. Hard to believe right?
agent 0: yea they get a lot of hate
agent 1: They sure do, I don't know why
agent 0: I actually think they do not get all too much hate",1,1,1,1,1,"**Evaluating dialogue consistency**

I'm analyzing whether the last statement contradicts the previous dialogue context. Agent 0 previously mentioned that ""they get a lot of hate,"" but then contradicted this by saying, ""I actually think they do not get all too much hate."" Agent 1 also supported the idea that they do get hate. So, yes, the last statement contradicts both previous claims. I conclude that the answer is 1. However, the text has undergone some discourse-level changes, but we'll just respond with that.",1,,discourse,modified with discourse-level changes,delete,17
"agent 0: Bought two pairs of shoes recently.
agent 1: What brand are they?
agent 0: Yeezy's, the worst part is the second pair of shoes were both right footed.","agent 0: Bought two pairs of shoes recently.
agent 1: What brand are they?
agent 0: Yeezy's, and the worst part is the second pair of shoes were both right footed.",0,0,0,0,0,"**Analyzing contradictions**

I see that there's a potential contradiction, specifically about the brand of shoes. The question asks for brands in plural, but replying with ""Yeezy's"" could refer to multiple pairs. However, nothing earlier specified the brand, so there's no contradiction there. Another point is that saying the ""second pair of shoes were both right-footed"" isn't contradictory either, as it makes sense contextually. Overall, I conclude there's no contradiction, so the answer is simply ""0.""",0,"**Clarifying shoe pairs**

I'm considering the grammar of the phrase ""second pair of shoes were both right footed."" It suggests that I have two right shoes in that pair, which aligns with having bought two pairs. There's no contradiction here. Therefore, the answer should be 0, indicating that the phrase isn't contradicted by anything. So, I'll just provide the output as ""0.""",discourse,modified with discourse-level changes,add,18
"agent 0: Do you have any children?
agent 1: I do not yet
agent 0: I have two children
agent 1: oh wow! Do you want anymore, my mom wanted a ton but she's also an osteopath
agent 0: I'm not sure, with childcare expenses these days it unfortunately becomes a business decision as well
agent 1: I completely agree, thats why I've watied so long. They said that a cost of one kid NOT including college is close to 200,000
agent 0: It is expensive for sure, but the quality of life you obtain through seeing the world through the eyes of children again is priceless. It keeps you young!
agent 1: But its the unconditional love. Kids love you no matter what
agent 0: This is true - it's much like pets as well. And, the ability to shape their minds and lives is a huge responsibility.
agent 1: Do you have any pets? I have two dogs.
agent 0: I have a dog and a cat - my kids like playing with them as well, and while they do it gives me a chance to relax and read
agent 1: Oh wow, and they get along good? I have always wanted a cat but scared about already having dogs.
agent 0: They do. My cat acts like a dog. And my kids chase them around the yard to burn out energy.
agent 1: My one cat is not like that. He is very lazy and obsessed with food.","agent 0: Do you have any children?
agent 1: I do not yet
agent 0: I have two children
agent 1: oh wow! Do you want anymore, my mom wanted a ton but she's also an osteopath
agent 0: I'm not sure, with childcare expenses these days it unfortunately becomes a business decision as well
agent 1: I completely agree, thats why I've watied so long. They said that a cost of one kid NOT including college is close to 200,000
agent 0: It is expensive for sure, but the quality of life you obtain through seeing the world through the eyes of children again is priceless. It keeps you young!
agent 1: But its the unconditional love. Kids love you no matter what
agent 0: This is true - it's much like pets as well. And, the ability to shape their minds and lives is a huge responsibility.
agent 1: Do you have any pets? I have two dogs.
agent 0: I have a dog and a cat - my kids like playing with them as well, and while they do it gives me a chance to relax and read
agent 1: Oh wow, and they get along good? I have always wanted a cat but scared about already having dogs.
agent 0: They do. My cat acts like a dog. And my kids chase them around the yard to burn out energy.
agent 1: My one cat is not like that, actually. He is very lazy and obsessed with food.",1,1,1,1,1,,1,"**Evaluating dialogue consistency**

I need to check if the last statement contradicts the dialogue context. Agent 1 mentioned having two dogs earlier, which implies they don’t have a cat. When they said, ""My one cat is not like that,"" it creates a mismatch. Initially, Agent 1 said they didn’t have children and later spoke about kids. Given these contradictions, it seems Agent 1's claim about having a cat does not align with their previous statements. **Checking agent dialogue consistency**

Agent 0 mentioned having a dog and a cat, and their kids enjoy playing with them. This gives Agent 0 time to relax and read. Then Agent 1 expresses wanting a cat but being scared since they have dogs, suggesting that Agent 1 doesn’t currently have a cat. However, Agent 1 later states, ""My one cat is not like that,"" which seems to contradict their earlier statement about wanting a cat. This inconsistency raises questions about their claims. **Determining contradiction in dialogue**

I’m trying to figure out if there’s a contradiction in the dialogue. Agent 1 has stated they have two dogs, and then they mention ""My one cat,"" which implies ownership of at least one cat. This creates a contradiction since earlier they said they had no cat. I wondered if they were talking about Agent 0’s cat, but since Agent 1 used ""my one cat,"" it suggests they own it. Based on this, I conclude it contradicts, so the final answer is 1.",discourse,modified with discourse-level changes,add,19
"agent 0: Skiing is one of my favorite pasttimes. I wish I could do it more.
agent 1: It is a lot of fun and has been around a long time. It goes back almost 5000 years!
agent 0: I wonder what they used for skiis back then.
agent 1: The word ski actually comes from skio. That is Old Norse for split piece of wood
agent 0: Now that is pretty cool. So they named it after the piece of wood they originally used.
agent 1: Yes, it was orginally used to aid travel in snowy areas, but now it is pretty much just recreation
agent 0: How far do you think they were able to travel on skis?
agent 1: Not very far and only downhill. Skis were only invented for travel in the desert.","agent 0: Skiing is one of my favorite pasttimes. I wish I could do it more.
agent 1: It is a lot of fun and has been around a long time. It goes back almost 5000 years!
agent 0: I wonder what they used for skiis back then.
agent 1: The word ski actually comes from skio. That is Old Norse for split piece of wood
agent 0: Now that is pretty cool. So they named it after the piece of wood they originally used.
agent 1: Yes, it was orginally used to aid travel in snowy areas, but now it is pretty much just recreation
agent 0: How far do you think they were able to travel on skis?
agent 1: Not very far, only downhill. Skis were only invented for travel in the desert.",1,1,1,1,1,,1,"**Identifying contradictions in dialogue**

I’m checking if the last utterance contradicts the dialogue. Agent 0 likes skiing and is curious about its history. They state the word comes from Old Norse and that skis were initially used for travel in snowy areas. But then Agent 1 claims skis were only for downhill travel in the desert, which contradicts the idea of using them for travel in snowy areas. So, I see a clear contradiction here in the claims about skiing!",discourse,modified with discourse-level changes,delete,20
"agent 0: I got the news that my girlfriend's mom passed away. I have to tell her the news myself since she has no other close family. I'm dreading having to actually say it to her.
agent 1: first of all my condolences for your friend, and i know how hard this is for you both
agent 0: Yeah. It's been really difficult. She's heartbroken. She's been depressed and sleeping alot.
agent 1: i'm sorry to hear that. i'm also struggling here watching my parents in their last moments.
agent 0: Losing a parent is never easy. Especially at a young age. Her mom was the only family she has left.
agent 1: Yeah. It is difficult when you lose someone you're close to.
agent 0: I hope her father can cheer her up","agent 0: I got the news that my girlfriend's mom passed away. I have to tell her the news myself since she has no other close family. I'm dreading having to actually say it to her.
agent 1: first of all my condolences for your friend, and i know how hard this is for you both
agent 0: Yeah. It's been really difficult. She's heartbroken. She's been depressed and sleeping alot.
agent 1: i'm sorry to hear that. i'm also struggling here watching my parents in their last moments.
agent 0: Losing a parent is never easy. Especially at a young age. Her mom was the only family she has left.
agent 1: Yeah. It is difficult when you lose someone you're close to.
agent 0: I hope that her father can cheer her up.",1,1,1,1,1,"**Analyzing dialogue consistency**

I'm trying to see if there's a contradiction in the dialogue context. Agent 0 says the girlfriend's mom has passed away, then later states that ""her mom was the only family she has left."" This suggests that having no other close family means the mom was all she had, but with her passing, she has none left. It gets confusing because his final statement mentions the father, implying he exists, which contradicts earlier claims. **Examining family dynamics**

I'm analyzing the implications in the dialogue about the girlfriend's family. If her mom was the only family left, it suggests there's no father involved. So, saying he hopes her father can cheer her up contradicts this. The earlier message, where it states she has no other close family except her mom, implies that the father is absent, perhaps due to death or estrangement. Ultimately, this all points to a contradiction regarding her father's presence.",1,"I'm considering whether ""mom was the only family she has left"" means she had no family left after her mom's death. If we mention the father, it seems to contradict that statement since it implies he exists. This makes me think a bit deeper about the implications of the wording. So I'm concluding that there’s a bit of complexity here that impacts the interpretation. It looks like the answer leans toward the first option I considered.",discourse,modified with discourse-level changes,reverse,21
"agent 0: You just can't trust people any more. My mechanic told me it was going to be $1000 to fix my Jeep.
agent 1: Wow that sounds pretty high to me. What was wrong with it?
agent 0: Turns out, nothing much at all. A guy down the street got it running for $100.
agent 1: Wow what a crook that other guy was!
agent 0: Yeah, I guess the real money is in repair shops.
agent 1: Well, $1000 dollars really isn't that much money.","agent 0: You just can't trust people any more. My mechanic told me it was going to be $1000 to fix my Jeep.
agent 1: Wow that sounds pretty high to me. What was wrong with it?
agent 0: Turns out, nothing much at all. A guy down the street got it running for $100.
agent 1: Wow what a crook that other guy was!
agent 0: Yeah, I guess the real money is in repair shops.
agent 1: Well, $1000 dollars isn't that much money.",1,1,1,1,1,1,1,"**Evaluating conversational consistency**

I'm trying to figure out if the last statement contradicts the dialogue context. The last thing agent 1 said was, ""$1000 really isn't that much money,"" but earlier, agent 1 had called $1000 ""pretty high"" and criticized another person. This shift in perspective seems contradictory. It suggests inconsistency within agent 1's own statements, as saying $1000 isn't much conflicts with their previous claim of it being high. So yes, it appears there's a contradiction here. **Analyzing dialogue contradiction**

I'm determining if the last statement contradicts the dialogue context. Agent 1 said that $1000 isn't much, but the context indicates that $1000 is high for a repair and implies someone is being called a crook for that charge. This suggests that the last statement contradicts earlier claims. 

Even considering edge cases, saying $1000 isn't much flips the perspective of the previous context, reinforcing the contradiction. So, the answer is clear: there is a contradiction here.",discourse,modified with discourse-level changes,delete,22
"agent 0: good afternoon? how are you?
agent 1: doing well, how are you?
agent 0: very well thank you. i'm fluent in several languages, what is your main language?
agent 1: my main language is english.
agent 0: wonderful, mine too although i speak french and spanish as well. what are your favorite colors?
agent 1: my favorite color is red. what is yours?
agent 0: red and silver, both colors that will match the apartment my boyfriend and i are moving into.
agent 1: red and silver are colors that look nice together.
agent 0: I can't wait to decorate our new apartment.
agent 1: You should use the color blue in your decorating. It's my favorite.","agent 0: good afternoon? how are you?
agent 1: doing well, how are you?
agent 0: very well thank you. i'm fluent in several languages, what is your main language?
agent 1: my main language is english.
agent 0: wonderful, mine too although i speak french and spanish as well. what are your favorite colors?
agent 1: my favorite color is red. what is yours?
agent 0: red and silver, both colors that will match the apartment my boyfriend and i are moving into.
agent 1: red and silver are colors that look nice together.
agent 0: I can't wait to decorate our new apartment.
agent 1: You should use the color blue in your decorating because it's my favorite.",1,1,1,1,1,,1,,discourse,modified with discourse-level changes,add,23
"agent 0: i love his movies, but not so much his books.
agent 1: i feel you. i'm bilingual... english and spanish. what about you?
agent 0: I only speak english
agent 1: what kind of music do you like? I listen to a lot of blues...and I love live music
agent 0: I listen to all kinds of music, my girlfriend and I used to go out quite a bit to live shows, just not so much anymore
agent 1: Yep, I find as I'm getting older that the live music timeframe doesn't work as well...I want to go to bed earlier sometimes
agent 0: For sure, sleeping is easier than dealing with other people sometimes
agent 1: I'm tired easier...and it's harder for me to sleep in. boo hoo. not like when I could easily sleep til 10!
agent 0: That's definitely a hard part of getting older!","agent 0: i love his movies, but not so much his books.
agent 1: i feel you. i'm bilingual... english and spanish. what about you?
agent 0: I only speak english
agent 1: what kind of music do you like? I listen to a lot of blues...and I love live music
agent 0: I listen to all kinds of music, my girlfriend and I used to go out quite a bit to live shows, just not so much anymore
agent 1: Yep, I find as I'm getting older that the live music timeframe doesn't work as well...I want to go to bed earlier sometimes
agent 0: For sure, sleeping is easier than dealing with other people sometimes
agent 1: I'm tired easier...and it's harder for me to sleep in. boo hoo. not like when I could easily sleep til 10!
agent 0: That's definitely a hard part of getting older, isn't it?",0,0,0,0,0,,0,,discourse,modified with discourse-level changes,add,24
"agent 0: I lost my job and was in danger of losing my home to foreclosure. My family loaned me money and saved me from that.
agent 1: Well... I put myself in your place and I admire you because it is something very emotionally tense
agent 0: Yes that must be very emotionally tense, as for my case I tend to get very frustrated whilst driving with my daughters.
agent 1: Children can be a driving distraction.
agent 0: Yes, they can be very distracting. My 2 daughters are very noisy as they anger me.
agent 1: That's why the summer is brutal because they are always around. By September it's time for school and no more entertaining them.
agent 0: Oh yes! However, the drive to school is no fun. Just makes me more angry when my daughters argue with each other.
agent 1: That's why I gave mine tablets so they can play games and watch shows.
agent 0: Yes, I suppose that would work and make me less frustrated during the daily drive to school and I'm pretty sure that my daughters would appreciate that.
agent 1: I think that would be healthy for everyone involved. How old are your children?
agent 0: They are 5 and 10.
agent 1: I think that would be very harmful for all involved.","agent 0: I lost my job and was in danger of losing my home to foreclosure. My family loaned me money and saved me from that.
agent 1: Well... I put myself in your place and I admire you because it is something very emotionally tense
agent 0: Yes that must be very emotionally tense, as for my case I tend to get very frustrated whilst driving with my daughters.
agent 1: Children can be a driving distraction.
agent 0: Yes, they can be very distracting. My 2 daughters are very noisy as they anger me.
agent 1: That's why the summer is brutal because they are always around. By September it's time for school and no more entertaining them.
agent 0: Oh yes! However, the drive to school is no fun. Just makes me more angry when my daughters argue with each other.
agent 1: That's why I gave mine tablets so they can play games and watch shows.
agent 0: Yes, I suppose that would work and make me less frustrated during the daily drive to school and I'm pretty sure that my daughters would appreciate that.
agent 1: I think that would be healthy for everyone involved. How old are your children?
agent 0: They are 5 and 10.
agent 1: Actually, I think that would be very harmful for all involved.",1,1,1,1,1,"**Analyzing potential contradictions**

I need to determine if the last statement contradicts the prior dialogue. Agent 1 initially suggested giving tablets would be beneficial and then inquired about ages, mentioning children aged 5 and 10. However, the recent comment shifts to saying it would be harmful for all involved. This seems to reverse their prior stance, but I need to consider if it's actually a contradiction or just a change in perspective based on more information about the children's ages. **Assessing contradictions in dialogue**

I’m trying to determine if the last statement contradicts the previous context. The key question is whether saying something is harmful clashes with the earlier assertion that it was healthy. There seems to be a contradiction, but the phrase ""actually"" suggests some reconsideration may be happening. However, this doesn’t eliminate the contradiction entirely. Ultimately, I think the task expects me to recognize that a contradiction does exist in this case. So, the answer is one!",1,"**Identifying contradiction in dialogue**

I need to analyze whether the last statement contradicts the context. Earlier, Agent 1 suggested tablets as a healthy distraction for Agent 0's daughters, who are 5 and 10. However, after learning their ages, Agent 1 states it would be very harmful for everyone involved. This clearly contradicts their previous claim about it being healthy. So, yes, there is a contradiction here. I’m concluding it’s an outright contradiction, and we should just output “1.”",discourse,modified with discourse-level changes,add,25
"agent 0: a nissan z she's second love of my life outside my dog lucky
agent 1: that's great. i am glad for you.
agent 0: I'm sorry if it sounds like I'm bragging, it's just that I've been given a second chance at life and really want to enjoy it!
agent 1: ok, how so?
agent 0: I'm in remission from cancer; I don't make a ton of money but if there's something I want to enjoy I go for it!
agent 1: Im sorry to hear that. I heard there is 100 different types of cancer. its good to know that your a survivour
agent 0: It's something you learn to live with, the possibility of it returning. But it's made me more thankful and appreciative of all I've been given!
agent 1: oh that's wonderful! i'm so glad for people like you, what do you do to help you cope with it?
agent 0: Just keep my regular doctor visits and thank God - prayer and thankfulness have become a huge part of my life.
agent 1: Well ti is great that you have such a positive outlook on things and realize life could be worse.
agent 0: That is very true some people are very unlucky in life like those who get cancer, thank god that has not happened to me.","agent 0: a nissan z she's second love of my life outside my dog lucky
agent 1: that's great. i am glad for you.
agent 0: I'm sorry if it sounds like I'm bragging, it's just that I've been given a second chance at life and really want to enjoy it!
agent 1: ok, how so?
agent 0: I'm in remission from cancer; I don't make a ton of money but if there's something I want to enjoy I go for it!
agent 1: Im sorry to hear that. I heard there is 100 different types of cancer. its good to know that your a survivour
agent 0: It's something you learn to live with, the possibility of it returning. But it's made me more thankful and appreciative of all I've been given!
agent 1: oh that's wonderful! i'm so glad for people like you, what do you do to help you cope with it?
agent 0: Just keep my regular doctor visits and thank God - prayer and thankfulness have become a huge part of my life.
agent 1: Well ti is great that you have such a positive outlook on things and realize life could be worse.
agent 0: That is very true some people are very unlucky in life, those who get cancer, thank goodness that has not happened to me.",1,1,1,1,1,"**Analyzing dialogue context**

I need to check if the last utterance contradicts the dialogue context. Agent 0 had previously said, ""I'm in remission from cancer."" So, is agent 0 speaking last? Yes, they are! The last line states, ""thank goodness that has not happened to me,"" which contradicts their earlier statement about being in remission. It implies they haven't had cancer at all, which doesn't match what was previously said. Therefore, the final answer must be 1.",1,,discourse,modified with discourse-level changes,delete,26
"agent 0: hi how are you?
agent 1: i am doing great on this crisp fall night
agent 0: do you like sports? i love tennis and play it for a living.
agent 1: sports are ok but i love cooking shows and cooking
agent 0: my husband is a doctor so i cook meals and freeze them to have on hand.
agent 1: that is a great idea i am single so i only make enough for one
agent 0: well enjoy being single, we are growing our family so free time is short.
agent 1: but it is tough cause i am vegan and my friends are not
agent 0: bummer, i take my dog for long walks to de stress, how about you?","agent 0: hi how are you?
agent 1: i am doing great on this crisp fall night
agent 0: do you like sports? i love tennis and play it for a living.
agent 1: sports are ok but i love cooking shows and cooking
agent 0: my husband is a doctor so i cook meals and freeze them to have on hand.
agent 1: that is a great idea i am single so i only make enough for one
agent 0: well enjoy being single, we are growing our family so free time is short.
agent 1: but it is tough cause i am vegan and my friends are not
agent 0: bummer, so I take my dog for long walks to de-stress, how about you?",0,0,0,0,0,"**Clarifying contradictions**

I'm thinking about how it's not a contradiction for people with limited free time to still be able to take walks. So, if that's the case, it seems that the answer to the task is simply 0. The instructions also say to return just a single digit—either 0 or 1. Since I confirmed there’s no contradiction, my final answer will be 0.",0,"**Evaluating dialogue context**

I’m checking if the last utterance contradicts the previous context. The last utterance is from agent 0, mentioning taking their dog for long walks to de-stress, which seems fine. Previously, they talked about loving tennis, having a husband who is a doctor, and managing family time. Everything else is consistent regarding their relationship status and activities. The reference to having a dog is new information but doesn’t contradict anything. So, I’ll conclude that there’s no contradiction.",discourse,modified with discourse-level changes,add,27
"agent 0: it can be tough. got to stay strong though.
agent 1: i couldn't figure it out. math is just to hard.
agent 0: I agree! Math is way too hard. If you need help you can always ask though!
agent 1: That's true. What are you studying math for?
agent 0: I had to take some math classes to finish my nursing degree. I only took them because they were mandatory though. Why are you studying math?
agent 1: I'm hoping to go into engineering. So I better improve my math! Don't want to be serving tables forever.
agent 0: You can do it! I'm more of an athlete. I have travelled lots for competitions which was great. Have you travelled anywhere?
agent 1: Last year, I went to Belarus. It was really interesting, the country is almost lost in time. Have you ever been to Eastern Europe?
agent 0: Yes i were there last year
agent 1: oh great i would also go there I'd never been there","agent 0: it can be tough. got to stay strong though.
agent 1: i couldn't figure it out. math is just to hard.
agent 0: I agree! Math is way too hard. If you need help you can always ask though!
agent 1: That's true. What are you studying math for?
agent 0: I had to take some math classes to finish my nursing degree. I only took them because they were mandatory though. Why are you studying math?
agent 1: I'm hoping to go into engineering. So I better improve my math! Don't want to be serving tables forever.
agent 0: You can do it! I'm more of an athlete. I have travelled lots for competitions which was great. Have you travelled anywhere?
agent 1: Last year, I went to Belarus. It was really interesting, the country is almost lost in time. Have you ever been to Eastern Europe?
agent 0: Yes i were there last year
agent 1: oh great, I would also go there although I've never been there.",1,1,1,1,1,,1,,discourse,modified with discourse-level changes,reverse,28
"agent 0: hi. how are you doing?
agent 1: hello, i am wonderful, how are you? i am a canadian.
agent 0: i'm good. i'm american. i've never been outside of ohio.
agent 1: i'm on the other side of lake erie.
agent 0: i work at the supermarket here in town.. what do you do?
agent 1: i'm currently enlisted in the canadian army.
agent 0: that is awesome. any pets? my cat is named spook.
agent 1: i have a dog, her name is shelby.
agent 0: Nice. I wish I had more time to spend with my cat. I spend all day at the hospital working as a doctor.","agent 0: hi. how are you doing?
agent 1: hello, i am wonderful, how are you? i am a canadian.
agent 0: i'm good. i'm american. i've never been outside of ohio.
agent 1: i'm on the other side of lake erie.
agent 0: i work at the supermarket here in town.. what do you do?
agent 1: i'm currently enlisted in the canadian army.
agent 0: that is awesome. any pets? my cat is named spook.
agent 1: i have a dog, her name is shelby.
agent 0: Nice. I wish I had more time to spend with my cat, because I spend all day at the hospital working as a doctor.",1,1,1,1,1,,1,"**Analyzing dialogue contradictions**

I need to figure out if the last statement contradicts what's been said earlier. Agent 0 said they work at a supermarket, but now they're claiming to spend all day at the hospital as a doctor. That’s definitely a contradiction, as it's unusual to have two primary jobs like that. Generally, contradictions in job statements are taken at face value, so I’d conclude this indicates a clear contradiction. Plus, there's mention of a pet cat named Spook! **Identifying consistency and contradiction**

I'm recognizing that the statement about wishing for more time with their cat aligns with earlier mentions. However, the key issue here is the contradiction in their occupation. They can't both work at a supermarket and be a doctor at the same time. So, the answer would clearly indicate contradiction: 1. No extra explanation needed.",discourse,modified with discourse-level changes,add,29
"agent 0: i find Green to be a very interesting color, Green is the color between blue and yellow
agent 1: I like green too! I like that there are so many shades! I like an emerald green, what's your favorite?
agent 0: I love the Green on jade, It is evoked by light which has a dominant wavelength of roughly 495570 nm
agent 1: That's so interesting! What else can you tell me about green?
agent 0: It is really interesting that By far the largest contributor to green in nature is chlorophyll, the chemical by which plants photosynthesize
agent 1: I never knew that! Green is such an interesting color! Do you know where it falls on the spectrum of visible light?
agent 0: im not sure but Several minerals have a green color and they look really nice on jewelery
agent 1: That sounds interesting, I will do my research on the color green
agent 0: You might find it boring, I do not find the color interesting","agent 0: i find Green to be a very interesting color, Green is the color between blue and yellow
agent 1: I like green too! I like that there are so many shades! I like an emerald green, what's your favorite?
agent 0: I love the Green on jade, It is evoked by light which has a dominant wavelength of roughly 495570 nm
agent 1: That's so interesting! What else can you tell me about green?
agent 0: It is really interesting that By far the largest contributor to green in nature is chlorophyll, the chemical by which plants photosynthesize
agent 1: I never knew that! Green is such an interesting color! Do you know where it falls on the spectrum of visible light?
agent 0: im not sure but Several minerals have a green color and they look really nice on jewelery
agent 1: That sounds interesting, I will do my research on the color green
agent 0: You might find it boring, but I do not find the color interesting",1,1,1,1,1,,1,,discourse,modified with discourse-level changes,add,30
"agent 0: I saw a huge spider in my car yesterday. I scared me so!
agent 1: That is frightening! especially if you didn't know whether it was a harmful spider or not! What did you do?
agent 0: I stopped the car and got out and ushered it out of the car.
agent 1: Oh, so you were able to get that spider away from you! Good job, hopefully that won't have to happen to you again!
agent 0: Yeah it sucked!
agent 1: It would be funny if it happened to you agin though lol","agent 0: I saw a huge spider in my car yesterday. I scared me so!
agent 1: That is frightening! especially if you didn't know whether it was a harmful spider or not! What did you do?
agent 0: I stopped the car and got out and ushered it out of the car.
agent 1: Oh, so you were able to get that spider away from you! Good job, hopefully that won't have to happen to you again!
agent 0: Yeah it sucked!
agent 1: It would be funny if it happened to you again lol",1,1,1,0,1,"**Analyzing dialogue contradictions**

I need to assess whether the last statement contradicts earlier comments in the dialogue. Agent 0 shares a scary spider experience, and Agent 1 shows empathy, hoping it doesn't happen again. However, later, Agent 1 says, ""It would be funny if it happened to you again."" This feels contradictory because while one expresses hope against a repeat event, the other finds humor in the possibility. So yes, the last utterance does contradict the earlier statements. **Determining contradiction validity**

The content isn't factual, but I need to focus on whether the statements conflict. Initially, there was a hope that the scary experience wouldn’t repeat, but then it was suggested it would be funny if it did happen again. These two statements reflect an inconsistent stance, though they’re not directly incompatible. Usually, such tasks treat these as a contradiction, so I’ll conclude that there is a contradiction and simply output 1.",0,"**Analyzing contradictory statements**

I noticed someone said, ""hopefully that won't happen again"" and then added, ""It would be funny if it happened to you again though lol."" At first glance, these seem contradictory, but I’m not sure they truly are. You can hope for one outcome while acknowledging another possibility as amusing. The sentiments may feel inconsistent rather than logically contradictory. I really should consider if the last statement contradicts the dialogue context due to its humorous framing, even with a typo. **Evaluating statement consistency**

In the context of the conversation, the phrase ""hopefully that won't have to happen to you again!"" alongside ""it would be funny if it happened to you again though"" isn't a contradiction; I see it more as differing viewpoints. There's no factual contradiction here since one statement hopes for a positive outcome while the other acknowledges a humorous perspective. So, I think the answer is 0. It’s a matter of interpreting sentiment rather than facts.",discourse,modified with discourse-level changes,delete,31
"agent 0: When my wife and I had to move for her to go to school, we had a lot of trouble finding a place to live until my parents were nice enough to cosign on a loan.
agent 1: You must be so thankful!
agent 0: We are. They've helped a lot during my life, but this might have been the biggest one.","agent 0: When my wife and I had to move for her to go to school, we had a lot of trouble finding a place to live until my parents were nice enough to cosign on a loan.
agent 1: You must be so thankful!
agent 0: We are. They've helped a lot during my life, and yet this might have been the biggest one.",0,0,0,0,0,,0,"**Assessing conversation consistency**

I need to check if the ""last utterance"" contradicts the prior dialogue context. There are three lines before the ""Answer:"" prompt, so the last utterance is actually the final line spoken. I see that agent0 is thankful for help, which aligns with earlier statements about moving for a wife's schooling and needing assistance from their parents. It seems consistent, with no contradictions, so I can confidently return a 0 as the answer.",discourse,modified with discourse-level changes,add,32
"agent 0: Oh wow lol! That must of been quite the time, My family lives near the capital there, I think the place they live is pretty crowded though, I forget whats the population of Alabama?
agent 1: Not sure about the numbers, but I do know it's 24th in the US as far as population goes. So, it's not overcrowded, at least!
agent 0: yes, I remember reading about that in history class. dogs are smart!
agent 1: Oh, very cool. High school? College? I loved history classes.","agent 0: Oh wow lol! That must of been quite the time, My family lives near the capital there, I think the place they live is pretty crowded though, I forget whats the population of Alabama?
agent 1: Not sure about the numbers, but I do know it's 24th in the US as far as population goes. So, it's not overcrowded, at least!
agent 0: yes, I remember reading about that in history class. dogs are smart!
agent 1: Oh, very cool. Was it in high school or college? Because I loved history classes.",0,0,0,0,0,,0,,discourse,modified with discourse-level changes,add,33
"agent 0: It makes me think of the good old days when I was a kid when I listen to the music in my aunts car
agent 1: What does? Were you in a car ride with your aunt?
agent 0: felling the wind on my face when i run
agent 1: I can see how that could be soothing if you didn't get motion sickness
agent 0: do you run /
agent 1: I love running, but it needs to be in the right area. You?
agent 0: it's my enjoyment, my stress reliever.
agent 1: That is a great stress reliever. How far do you normally run?
agent 0: bout 4 miles easy, i like to run when its cool and windy
agent 1: Wow. I only make it about a mile, mile and a half. When I have time.
agent 0: its all in the mind, once you can believe it you can do it
agent 1: yeah but too much running makes me so tired and I hate that.
agent 0: I like to run when its very warm to get sweaty.","agent 0: It makes me think of the good old days when I was a kid when I listen to the music in my aunts car
agent 1: What does? Were you in a car ride with your aunt?
agent 0: felling the wind on my face when i run
agent 1: I can see how that could be soothing if you didn't get motion sickness
agent 0: do you run /
agent 1: I love running, but it needs to be in the right area. You?
agent 0: it's my enjoyment, my stress reliever.
agent 1: That is a great stress reliever. How far do you normally run?
agent 0: bout 4 miles easy, i like to run when its cool and windy
agent 1: Wow. I only make it about a mile, mile and a half. When I have time.
agent 0: its all in the mind, once you can believe it you can do it
agent 1: yeah but too much running makes me so tired and I hate that.
agent 0: I like to run when it's very warm because it helps me to get sweaty.",1,1,1,1,1,"**Evaluating potential contradictions**

I need to figure out if the last statement contradicts what was previously said. Agent 0 mentioned liking to run when it's warm but earlier stated they enjoy running when it's cool and windy. That's an apparent contradiction since those preferences seem opposite. But could they really like both conditions? It's possible to appreciate running in both situations, so it's not necessarily contradictory; they may just have different preferences for different times. **Analyzing running preferences**

The last statement mentions liking to run when it's very warm, which doesn’t explicitly reject the previous claim of liking to run when it’s cool and windy. Both preferences could exist simultaneously. However, since these conditions are often seen as opposites, stating that one prefers ""cool and windy"" and later ""very warm"" can appear contradictory. Therefore, I’d conclude that yes, it seems to contradict the earlier claim about enjoying running in cool and windy conditions. **Clarifying running preferences**

The statement says, ""I like to run when it's very warm"" but doesn’t outright deny liking to run in cooler, windier conditions. Still, it seems inconsistent when contrasting ""cool and windy"" with ""very warm."" Many datasets would label this as a contradiction since both preferences can't hold true at the same time. However, preferences could coexist under different conditions. In binary terms, datasets often treat these statements as contradictory even though they reflect unique preferences, as “very warm” and “cool and windy” are indeed opposites. **Assessing contradictory preferences**

In the knowledge base, ""warm"" versus ""cool and windy"" are seen as contradictory preferences in running conditions. While they may not inherently contradict one another, they're likely to be flagged as such. Given the instruction to determine if the last statement contradicts prior claims, and since agent 0 previously stated they enjoy running when it's cool and windy, I conclude that saying they also like running when it’s very warm does present contradictory preferences. So, I'll go with answer 1.",1,"**Analyzing preferences for running**

I need to consider whether the last statement about running in warm weather contradicts earlier dialogue. The first statement indicated a preference for cool and windy conditions, while the latest suggests enjoyment of running in very warm weather to get sweaty. That seems contradictory at first glance, but it's possible someone appreciates both. However, the phrasing in the last utterance doesn't negate the preference for cool and windy unless exclusivity is implied, which typically suggests conflicting preferences. **Identifying contradictions**

In contradiction detection, if someone says ""I like X"" and later states ""I like not-X,"" that's clearly a contradiction. Here, ""cool and windy"" and ""very warm"" are quite incompatible conditions, so I would classify that as a contradiction. However, in the earlier dialogue, one statement about listening to music in an aunt's car and another about feeling the wind while running aren't relevant to this contradiction. So, the answer remains straightforward: ""1.""",discourse,modified with discourse-level changes,reverse,34
"agent 0: I went to a nickelback concert this past summer
agent 1: Oh that's very cool I've never been to a Nickelback concert but I really do like Nickelback are you aware of who the members of the band are
agent 0: The lead singer was very funny during the set, I forget his name though.
agent 1: I wasn't aware at first but Nickelback is not American there originating from Canada","agent 0: I went to a nickelback concert this past summer
agent 1: Oh that's very cool I've never been to a Nickelback concert but I really do like Nickelback are you aware of who the members of the band are
agent 0: The lead singer was very funny during the set, I forget his name though.
agent 1: I wasn't aware at first Nickelback is not American; they're originating from Canada.",0,0,0,0,0,,0,,discourse,modified with discourse-level changes,delete,35
"agent 0: I stole a TV from a local appliance store. It is a 80 inch behemoth, but I am feeling a little guilty. On the plus side, the 4k picture is astounding!
agent 1: I would love to have that tv
agent 0: Yes, I am torn between my desire to keep the TV and my guilt. What should I do?","agent 0: I stole a TV from a local appliance store. It is a 80 inch behemoth, but I am feeling a little guilty. On the plus side, the 4k picture is astounding!
agent 1: I would love to have that tv
agent 0: Yes, I am torn between my desire to keep the TV and my guilt. What should I do?",0,0,0,0,0,,0,,discourse,modified with discourse-level changes,delete,36
"agent 0: Green is a beautiful color often seen in nature. Do you like the color green?
agent 1: The reaosn we associate green with money is because green was associated with bankers in the Middle Ages. It was the color of the banker class.
agent 0: I never heard that before. Why was green associated with the banker class?
agent 1: Well it was mainly that they wanted to be close to nobility so they wanted an official color too, like Red was for the nobility
agent 0: That's very cool! What else can you share with me about the color green?
agent 1: It's obviously a color associated with Ireland. They do love their green.
agent 0: I always wear my green on St. Patrick's Day! lol
agent 1: I wear red, but Red isn't associated with any class in Ireland.","agent 0: Green is a beautiful color often seen in nature. Do you like the color green?
agent 1: The reaosn we associate green with money is because green was associated with bankers in the Middle Ages. It was the color of the banker class.
agent 0: I never heard that before. Why was green associated with the banker class?
agent 1: Well it was mainly that they wanted to be close to nobility so they wanted an official color too, like Red was for the nobility
agent 0: That's very cool! What else can you share with me about the color green?
agent 1: It's obviously a color associated with Ireland. They do love their green.
agent 0: I always wear my green on St. Patrick's Day! lol
agent 1: I wear red. Red isn't associated with any class in Ireland.",1,1,0,0,0,"**Analyzing color associations**

I’m considering the idea that red isn’t tied to any specific class in Ireland. This seems to contradict previous mentions where red could be linked to nobility and class in Europe. However, the earlier statements weren’t focused solely on Ireland, so I need to keep that in mind. The earlier association of green with Ireland doesn't contradict the notion of red being neutral. I'm thinking through the logical connections and trying to ensure my understanding aligns with the conversation. **Evaluating dialogue consistency**

I’m looking at this conversation where agent 0 mentions wearing green on St. Patrick's Day, while agent 1 says they wear red, claiming it’s class-neutral in Ireland. I’m trying to make sure there’s no contradiction here. The earlier point about red being for nobility wasn’t region-specific, so it seems like agent 1 is making a valid exception. I’m concluding that there’s no real contradiction based on the context of their statements. So the answer remains as zero.",0,"**Evaluating dialogue consistency**

I need to check if the last statement contradicts the previous context. The final utterance says, ""I wear red, but Red isn't associated with any class in Ireland."" 

So, let’s unpack the dialogue. Earlier, there was mention of red associating with the nobility, especially in the Middle Ages, while green was linked to money. However, the recent claim about wearing red in relation to Ireland complicates things. The speaker seems to switch the meaning of red, which might cause some confusion about consistency. **Analyzing potential contradictions**

I’m trying to see if there's a contradiction in earlier statements. They initially claimed red was for the nobility in general, but later stated, ""Red isn't associated with any class in Ireland."" These aren't directly contradictory since the first claim didn't specify Ireland—it implied nobility generally. The focus shifts to Ireland in the later claim, which doesn’t necessarily conflict. However, there's a consideration about associating colors with Ireland, especially with the mention of green, but again, no conflict arises. **Determining consistency in statements**

The new statement says, ""I wear red, but Red isn't associated with any class in Ireland."" There was no previous claim linking red to any class specifically in Ireland, which means there's no contradiction here. I need to double-check the dialogue for consistency. The earlier mention of red being for the nobility might suggest a broader European context, but since the latest statement specifies Ireland, I see no direct conflict. So, I'm concluding that the answer should be 0.",discourse,modified with discourse-level changes,delete,37
"agent 0: My boyfriend's best friend is a female.
agent 1: Does that bother you?
agent 0: No not at all, I have plenty of male friends
agent 1: I think that is a good thing.
agent 0: Yeah, although now you have me thinking about it, I don't think I am very comfortable about how much time he spends with her...
agent 1: I can see why that would bother you.
agent 0: haha yeah, so how about you, do you have a partner?
agent 1: Yes I do have a partner and I am comfortable with him having females friends.
agent 0: That's great to hear. What's your favorite activity to do with him?
agent 1: We enjoy watching movies together.
agent 0: That sounds nice. I wish I had a partner to watch movies with.","agent 0: My boyfriend's best friend is a female.
agent 1: Does that bother you?
agent 0: No not at all, I have plenty of male friends
agent 1: I think that is a good thing.
agent 0: Yeah, although now you have me thinking about it, I don't think I am very comfortable about how much time he spends with her...
agent 1: I can see why that would bother you.
agent 0: haha yeah, so how about you, do you have a partner?
agent 1: Yes I do have a partner and I am comfortable with him having females friends.
agent 0: That's great to hear. What's your favorite activity to do with him?
agent 1: We enjoy watching movies together.
agent 0: That sounds nice. Actually, I wish I had a partner to watch movies with.",1,1,1,1,1,,1,,discourse,modified with discourse-level changes,add,38
"agent 0: I miss my dad. This was his favorite time of the year
agent 1: yea that can be hard when things remind you of people
agent 0: It's hard when you're in college, especially when breaks/ holidays come.
agent 1: It is. I have never been on an airplane so it's difficult to see my family who now live in other states during this time of year.
agent 0: Oh, you know planes are not that scary, you get used to it.
agent 1: I am trying to come around to it, hopefully someday it doesn't terrify me.
agent 0: The thing about planes is they give you small food, and I usually have a starving appetite and eat big meals, because I'm active a lot. Lol.
agent 1: That makes sense! especially longer trips!
agent 0: I'm sorry you don't get to visit family much. I like to video chat with family I can't see often.
agent 1: That's a great way to stay connected for sure! I should do that a little more often with my family!","agent 0: I miss my dad. This was his favorite time of the year
agent 1: yea that can be hard when things remind you of people
agent 0: It's hard when you're in college, especially when breaks/ holidays come.
agent 1: It is. I have never been on an airplane so it's difficult to see my family who now live in other states during this time of year.
agent 0: Oh, you know planes are not that scary, you get used to it.
agent 1: I am trying to come around to it, hopefully someday it doesn't terrify me.
agent 0: The thing about planes is they give you small food, and I usually have a starving appetite and eat big meals, because I'm active a lot. Lol.
agent 1: That makes sense! especially longer trips!
agent 0: I'm sorry you don't get to visit family much. I like to video chat with family I can't see often.
agent 1: That's a great way to stay connected! I should do that a little more often with my family!",0,0,0,0,0,,0,"**Checking for contradictions**

I need to see if the last statement contradicts previous context. Agent 1 said, ""That's a great way to stay connected!"" They mentioned not having flown before, making it hard to visit family. Since they didn't mention already video chatting, suggesting they should do it more often doesn’t contradict anything—it’s consistent. I’ll double-check for other contradictions: they mentioned a hope about flying someday, which fits with their earlier statement. Overall, there are no contradictions. So, the answer is 0.",discourse,modified with discourse-level changes,delete,39
"agent 0: Hi, apparently I'm an accountant
agent 1: Oh hey there! I like Hi-5?
agent 0: What's that?
agent 1: It' an Australian children musical team from 1998! What all do you do?
agent 0: I suppose accounting. Such different topics!
agent 1: Its pretty much all the same:) I love Australian TV. Especially Play School.
agent 0: Is that like the equivalent of Barney in the US?
agent 1: Yes except there are all adults singing children's songs
agent 0: I work as a teacher so I know a lot of children's song","agent 0: Hi, apparently I'm an accountant
agent 1: Oh hey there! I like Hi-5?
agent 0: What's that?
agent 1: It' an Australian children musical team from 1998! What all do you do?
agent 0: I suppose accounting. Such different topics!
agent 1: Its pretty much all the same:) I love Australian TV. Especially Play School.
agent 0: Is that like the equivalent of Barney in the US?
agent 1: Yes except there are all adults singing children's songs
agent 0: I work as a teacher. I know a lot of children's songs.",1,1,1,1,1,"**Analyzing contradiction**

I'm working to determine if the last statement contradicts prior dialogue. The last utterance from agent 0 states they work as a teacher, but before that, they said they were an accountant. This appears contradictory since it's unusual to hold two professions like that without clarification in such a short conversation. The user has asked if there is a contradiction, and since there is one, my answer should be 1. **Determining brevity and context**

I need to be concise and go with just ""1"" for the answer regarding contradiction. I’ll double-check the context: agent 1 mentioned ""Play School"" and noted adults singing children’s songs. Despite agent 0 claiming to be an accountant earlier, their statement ""I work as a teacher"" seems to contradict the earlier context about accounting. Since it contradicts, my answer is clearly 1.",1,"**Evaluating dialogue consistency**

I need to check if the last statement contradicts what was previously established in the dialogue. Agent 0 first claimed to be an accountant, and then stated, ""I work as a teacher."" This seems contradictory unless they are a part-time teacher, which wasn't mentioned. However, it looks more like a contradiction, especially with the minor grammar issue of “song” versus “songs.” I conclude that the last utterance contradicts the earlier information, so my final answer is 1.",discourse,modified with discourse-level changes,delete,40
"agent 0: My last relationship seemed to going so well until she basically flat out ghosted me.
agent 1: Sorry dude, thats rough. Do you know why she did that?
agent 0: No idea. I didn't deserve that.
agent 1: No one deserves that for no reason. How are you dealing with it?
agent 0: I'll get over it. I keep busy. Like soon, I have to go pick up my little sister. She's in the first grade.
agent 1: Kids are a great way to keep your mind off of things! Little sisters can be company to go out and adventure with.
agent 0: Yeah, I wish I had a little sister to help me cope and support me.","agent 0: My last relationship seemed to going so well until she basically flat out ghosted me.
agent 1: Sorry dude, thats rough. Do you know why she did that?
agent 0: No idea. I didn't deserve that.
agent 1: No one deserves that for no reason. How are you dealing with it?
agent 0: I'll get over it. I keep busy. Like soon, I have to go pick up my little sister. She's in the first grade.
agent 1: Kids are a great way to keep your mind off of things! Little sisters can be company to go out and adventure with.
agent 0: Yeah, I wish I had a little sister to help me cope, support me.",1,1,1,1,1,,1,,discourse,modified with discourse-level changes,delete,41
"agent 0: I was surprised to find I loved The Walking Dead. Not my style, usually. Do you watch?
agent 1: I tried a few times but found it wasn't for me. I like zombie games though. How about you? I play on the PS4.
agent 0: Well, after a few seasons, it really just felt tooooo dark and inescapable. I guess zombies will do that to you...! What's your favorite game?
agent 1: I enjoy strategy games the most. One of my favorites is Plants Vs. Zombies. Have you played that one? It's about homeowners that use plants to try and stop zombies from invading.
agent 0: I haven't -- but know lots of people who love that one. It's had some longevity too, hasn't it? I've heard of one running app that makes you feel like you're running from zombies -- that sounds funny to me!
agent 1: That's true. It has been around for a while. It's made it through iOS, PS3, PS4, etc. Lots of places to play that game. I think that you can even play it on the IPad!
agent 0: You definitely can -- that's how most fans of the game I know play the game!","agent 0: I was surprised to find I loved The Walking Dead. Not my style, usually. Do you watch?
agent 1: I tried a few times but found it wasn't for me. I like zombie games though. How about you? I play on the PS4.
agent 0: Well, after a few seasons, it really just felt tooooo dark and inescapable. I guess zombies will do that to you...! What's your favorite game?
agent 1: I enjoy strategy games the most. One of my favorites is Plants Vs. Zombies. Have you played that one? It's about homeowners that use plants to try and stop zombies from invading.
agent 0: I haven't -- but know lots of people who love that one. It's had some longevity too, hasn't it? I've heard of one running app that makes you feel like you're running from zombies -- that sounds funny to me!
agent 1: That's true. It has been around for a while. It's made it through iOS, PS3, PS4, etc. Lots of places to play that game. I think that you can even play it on the IPad!
agent 0: You definitely can -- in fact, that's how most fans of the game I know actually play the game!",0,0,0,0,0,"**Evaluating game platforms**

I'm checking for subtlety in the conversation. Agent 1 mentioned ""PS3, PS4"" regarding Plants vs Zombies, and I'm wondering if that's questionable since the original Plants vs Zombies is available on those platforms. Garden Warfare is different but is also on PS3 and PS4. Agent 0 didn't contradict that; they confirmed iPad. So overall, it seems plausible, and I believe the response points to answer 0.",0,"**Evaluating dialogue consistency**

I need to check if the last statement contradicts the context of the conversation. Agent 0 initially expresses surprise about The Walking Dead, mentioning it gets dark after a few seasons. Then, Agent 1, who likes zombie games and plays on PS4, contributes about its longevity and availability. When Agent 0 agrees that many fans play on iPads, it's clear there’s no contradiction. Instead, it supports Agent 1's point. So, it all aligns smoothly! **Checking dialogue consistency**

I’m looking at some edge cases here. Agent 1 mentions iOS and then even the iPad, and Agent 0 confirms that it’s definitely possible—so that’s consistent! Next, Agent 1 plays on PS4, and Plants vs. Zombies is available there, which is all good. Agent 0 hasn’t played but still recognizes that fans love to play it on iPad, keeping everything consistent. Therefore, there are no contradictions, and I'll return just 0.",discourse,modified with discourse-level changes,add,42
"agent 0: Hi there, know of any good Guns N Roses songs?
agent 1: I love WElcome to the Jungel. How about you?
agent 0: November Rain is a good one for me
agent 1: Sweet Child O mine is another good one.
agent 0: Can you believe that song makes Slash sick? or at least that's what he said in 1990
agent 1: That's crazy! What is Slash's favorite song?
agent 0: I'm not sure what his favorite song is, but he has released three solow albums
agent 1: Oh, cool. Which one is your favorite?
agent 0: His fourth solo album is definitely the best.","agent 0: Hi there, know of any good Guns N Roses songs?
agent 1: I love WElcome to the Jungel. How about you?
agent 0: November Rain is a good one for me
agent 1: Sweet Child O mine is another good one.
agent 0: Can you believe that song makes Slash sick? or at least that's what he said in 1990
agent 1: That's crazy! What is Slash's favorite song?
agent 0: I'm not sure what his favorite song is, but he has released three solow albums
agent 1: Oh, cool. Which one is your favorite?
agent 0: His fourth solo album is the best.",1,1,1,1,1,"**Judging contradictions**

I need to assess whether the last statement contradicts the context about Guns N' Roses. In an earlier turn, Agent 0 mentioned three solo albums, but then referred to a ""fourth"" album. This creates a contradiction since if only three albums have been released, there can't be a fourth. However, it’s possible that the fourth could be forthcoming. I'm also double-checking for spelling errors like “solow” and “WElcome... Jungel.” So yes, there’s a contradiction.",1,,discourse,modified with discourse-level changes,delete,43
"agent 0: What do you think about the band nickelback?
agent 1: Nickelback is a Canadian rock band formed in 1995 that is not very good.
agent 0: oh so you are not a fan? I think the music is ok. I only mentioned them because they have sentimental value to me as I met my wife at their concert. I was given free tickets in work and decided to go and accidently met the woman I later fell in love with.
agent 1: Rock music of Canada is a wide and diverse part of the general music of Canada
agent 0: Im sure it is. You say your not a fan but is there any songs you like of theirs? Even rockstar?
agent 1: Nickelback is one of the most commercially successful Canadian groups, and I don't know why.
agent 0: Well there must be some reason
agent 1: Perhaps it is guitarist and lead vocalist Chad Kroeger
agent 0: Yes he seems to be a popular guy
agent 1: Who is he exactly? I've never heard of Nickelback.
agent 0: Yeah I don't think he's very popular really so that makes sense.","agent 0: What do you think about the band nickelback?
agent 1: Nickelback is a Canadian rock band formed in 1995 that is not very good.
agent 0: oh so you are not a fan? I think the music is ok. I only mentioned them because they have sentimental value to me as I met my wife at their concert. I was given free tickets in work and decided to go and accidently met the woman I later fell in love with.
agent 1: Rock music of Canada is a wide and diverse part of the general music of Canada
agent 0: Im sure it is. You say your not a fan but is there any songs you like of theirs? Even rockstar?
agent 1: Nickelback is one of the most commercially successful Canadian groups, and I don't know why.
agent 0: Well there must be some reason
agent 1: Perhaps it is guitarist and lead vocalist Chad Kroeger
agent 0: Yes he seems to be a popular guy
agent 1: Who is he exactly? I've never heard of Nickelback.
agent 0: Yeah, I don't think he's very popular really, that makes sense.",1,1,1,1,1,"**Evaluating popularity context**

I'm interpreting that the answer is 1. But what about the statement, ""he's not very popular really, that makes sense,"" after agent 1's comment about Nickelback? Maybe it could fit if agent 0 adjusts their perspective. Still, contradiction detection isn’t about personal beliefs; it’s about conflicting propositions. The dialogue mentions that ""he seems to be a popular guy"" and discusses Nickelback as ""most commercially successful,"" suggesting popularity. So, yes, it’s a contradiction. The answer remains 1.",1,"**Assessing dialogue consistency**

I'm looking at whether the last statement fits into the context of the conversation. It appears to be from agent 0, commenting on someone's popularity by saying, ""Yeah I don't think he's very popular really so that makes sense."" Now, I need to evaluate if this view is at odds with what was said earlier in the dialogue. It's important to clarify that it aligns with or contradicts previous statements for coherence. **Analyzing dialogue contradictions**

I'm looking at this conversation closely. Agent 0 asks about Nickelback, and agent 1 initially shares some opinions about their quality, then acknowledges them as a successful Canadian group. However, agent 1 later questions who Chad Kroeger is, claiming they’ve never heard of Nickelback. This seems contradictory since they've already acknowledged their existence and discussed their background. I need to highlight this inconsistency in the dialogue for a clearer understanding. **Identifying contradictions**

I'm focusing on whether the last statement made by agent 0 contradicts earlier comments in the dialogue context. Agent 0 originally stated, ""Yes, he seems to be a popular guy,"" suggesting popularity. However, the last utterance contradicts this by saying, ""I don't think he's very popular really."" This inconsistency within agent 0's statements raises the question of whether it truly counts as a contradiction. Overall, it does conflict with their previous claim, making it clear that there's a contradiction here. **Clarifying contradictions**

I'm analyzing the dialogue between agents. Agent 1 claims they’ve never heard of Nickelback, and agent 0 responds by saying, ""so that makes sense,"" implying that if Nickelback isn’t popular, it’s plausible agent 1 hasn't heard of him. However, this directly conflicts with agent 0’s earlier claim that ""he seems to be a popular guy."" This inconsistency counts as a contradiction within the context. So, according to the task instructions, the answer is clearly 1 for contradiction.",discourse,modified with discourse-level changes,delete,44
"agent 0: No! I sure haven't! What the public affairs industry?
agent 1: Ok, it is the building and development of relations between an organization and politicians, governments and other decision-makers.
agent 0: Sounds like a cool job. Do you like it?
agent 1: I like it well enough. what do you do?
agent 0: I am a scientist that works in the pharmaceutical industry.
agent 1: that's pretty interesting. Do you work on formulating new medications?
agent 0: Yes, and testing current medications for quality assurance purposes.
agent 1: That sounds cool and interesting. What did you study in school?
agent 0: Pharmaceutical sciences and Chemistry
agent 1: Cool. what do you like to do for fun?
agent 0: I love playing guitar. What about you?
agent 1: I don't like working in the public affairs industry.
agent 0: Oh wow, yeah I don't like my job either, I don't get to do any quality assurance.","agent 0: No! I sure haven't! What the public affairs industry?
agent 1: Ok, it is the building and development of relations between an organization and politicians, governments and other decision-makers.
agent 0: Sounds like a cool job. Do you like it?
agent 1: I like it well enough. what do you do?
agent 0: I am a scientist that works in the pharmaceutical industry.
agent 1: that's pretty interesting. Do you work on formulating new medications?
agent 0: Yes, and testing current medications for quality assurance purposes.
agent 1: That sounds cool and interesting. What did you study in school?
agent 0: Pharmaceutical sciences and Chemistry
agent 1: Cool. what do you like to do for fun?
agent 0: I love playing guitar. What about you?
agent 1: I don't like working in the public affairs industry.
agent 0: Oh wow, yeah, I don't like my job either, since I don't get to do any quality assurance.",1,1,1,1,1,"**Deciding on contradictions**

I'm analyzing the situation where there's a contradiction related to agent 1. The task is to determine if the last utterance conflicts with the dialogue context. Since agent 0's last statement does contradict the context as noted, I conclude that the answer is 1. I think it's essential to make this clear and straightforward, so I'll go ahead and output that response.",1,"**Analyzing dialogue consistency**

I need to assess whether the last statement contradicts the previous context in the dialogue. 

Agent 0 asked about the public affairs industry, and agent 1 provided a definition, then said they liked their job ""well enough."" However, later, agent 1 stated they don't like working in that industry, which seems contradictory.

But hold on! The last remark is from agent 0, not agent 1. So, it seems I need to adjust my focus on who's speaking in the dialogue context. **Evaluating contradiction in dialogue**

I'm checking if agent 0's last utterance contradicts what was said earlier. The last statement was, ""Oh wow, yeah I don't like my job either, I don't get to do any quality assurance."" But before, agent 0 mentioned doing testing for quality assurance. This last comment suggests they don't get to do that, which clearly contradicts the previous statement. So, it makes sense to conclude that the last utterance contradicts the dialogue context. I should respond with ""1"" only.",discourse,modified with discourse-level changes,reverse,45
"agent 0: Do you like Elvis Presley? I like the old movies he was in.
agent 1: yes, Elvis Aron Presley, the American singer, actor and musician is a favorite of mine.
agent 0: He was born in Tupel, Miss, where I am from, but he moved to Memphis, Tenn. when he was thirteen.
agent 1: Cool. He was referred to as the ""king of Rock"", or just ""The King"" when he was alive.
agent 0: Extremely popular musician. He was born in 1935, so he would be 83 now if he was still alive
agent 1: Wow he would be an old man. he began recording at Sun records with producer Sam Phillips in 1954. That seems like a long time ago now.
agent 0: Elvis had some of the greatest hits of our time.
agent 1: I really dislike all of Elvis Presley's music. It hurts my ears.","agent 0: Do you like Elvis Presley? I like the old movies he was in.
agent 1: yes, Elvis Aron Presley, the American singer, actor and musician is a favorite of mine.
agent 0: He was born in Tupel, Miss, where I am from, but he moved to Memphis, Tenn. when he was thirteen.
agent 1: Cool. He was referred to as the ""king of Rock"", or just ""The King"" when he was alive.
agent 0: Extremely popular musician. He was born in 1935, so he would be 83 now if he was still alive
agent 1: Wow he would be an old man. he began recording at Sun records with producer Sam Phillips in 1954. That seems like a long time ago now.
agent 0: Elvis had some of the greatest hits of our time.
agent 1: I really dislike all of Elvis Presley's music because it hurts my ears.",1,1,1,1,1,,1,"**Determining contradictions**

I need to assess the contradiction in the dialogue. Agent 1 starts by saying, ""yes, Elvis Aron Presley is a favorite of mine,"" but then states, ""I really dislike all of Elvis Presley's music. It hurts my ears."" This clearly contradicts their earlier claim about him being a favorite. So yes, it does reflect a contradiction, and I need to remember to ensure the numeric output is correct too.",discourse,modified with discourse-level changes,reverse,46
"agent 0: Harry Potter books have attracted adult and young readers, and they helped young readers learn to enjoy reading.
agent 1: I actually read those books in Middle School. I enjoyed them.
agent 0: I am not a fantasy fiction lover, but I work with people who are part of the Harry Potter fandom. they engage in Harry Potter role playing games and such! Do you
agent 1: No, I'm not. Although, I do think that it is fun to dress up and pretend.
agent 0: I guess it's like make blieve, where you get to do something fun and creative, not a chore.
agent 1: True. It gives people a chance to break out their normal routines and engage in their own worlds of fantasy.
agent 0: Yes. I feel it's kind of like dressing up for Comic-Con which is an event I'd love to go to.
agent 1: I don't think I'd like a place like that. Dressing up in strange costumes that don't resemble normal clothing is weird to me.","agent 0: Harry Potter books have attracted adult and young readers, and they helped young readers learn to enjoy reading.
agent 1: I actually read those books in Middle School. I enjoyed them.
agent 0: I am not a fantasy fiction lover, but I work with people who are part of the Harry Potter fandom. they engage in Harry Potter role playing games and such! Do you
agent 1: No, I'm not. Although, I do think that it is fun to dress up and pretend.
agent 0: I guess it's like make blieve, where you get to do something fun and creative, not a chore.
agent 1: True. It gives people a chance to break out their normal routines and engage in their own worlds of fantasy.
agent 0: Yes. I feel it's kind of like dressing up for Comic-Con which is an event I'd love to go to.
agent 1: I don't think I'd like a place like that because dressing up in strange costumes that don't resemble normal clothing is weird to me.",1,1,0,0,0,"**Analyzing dialogue consistency**

I need to determine if the last statement contradicts the prior conversation. Agent 1 mentioned not liking a place where dressing up in strange costumes is involved, despite previously saying they enjoy pretending and dressing up for fun. Initially, they expressed interest in dressing up, but now they find it weird. I’m considering whether these statements are contradictory or if there's nuance in how Agent 1 views different contexts. It seems like there’s a contradiction here. **Examining conflicting views**

It's interesting to see how one can enjoy dressing up and pretending while also finding strange costumes weird. Initially, they said dressing up is fun, but later expressed a dislike for costumes that don’t resemble normal clothing. This could indicate a contradiction between their enjoyment and their preference. Maybe they were considering others' perspectives when they mentioned fun. So while they enjoy the act, they might not appreciate all forms of costume. It's a complex view! **Clarifying mixed opinions**

It seems their stance is that dressing up can be fun, possibly for others, but they personally find it weird. This creates a bit of inconsistency since one can view something as simultaneously fun and weird. However, they express disinterest in places centered around costumes, suggesting a lack of personal enjoyment. The contradiction lies in their earlier statement about finding dressing up fun versus their later admission about considering it weird. It looks like, ultimately, they don’t find it fun for themselves. **Analyzing perspectives on dressing up**

Earlier, they mentioned that ""it is fun to dress up and pretend,"" which might reflect a general opinion rather than a personal inclination. It’s possible to enjoy the fun of dressing up but still find certain events, like Comic-Con, weird, leading to a personal preference against attending. Their response about not being part of the Harry Potter fandom shows consistency, as they can enjoy dressing up while not engaging in that specific culture. I don't see a contradiction here; they appreciate dressing up while having reservations about specific contexts. **Evaluating agent 1's statements**

Agent 1 expressed a dislike for places where dressing up in strange costumes happens, but I don’t see this as a contradiction to their earlier positive comments about the fun of dress-up. They appreciated the chance to engage in fantasy, which shows general enjoyment; however, their dislike is more personal. Just because they think dressing up is fun doesn’t mean they want to participate in every setting. It’s totally normal to hold these mixed feelings! So, I think the answer is safe at 0.",0,"**Assessing contradictions**

I'm trying to figure out if the last statement contradicts what was said before. Agent 1 mentioned earlier that they enjoy dressing up and pretending, but then they describe dressing in strange costumes as weird. I see a potential contradiction here. On one hand, they think it’s fun to dress up, but then they find these particular costumes weird. It's interesting to ponder how one can enjoy dressing up while simultaneously finding some costumes odd. **Exploring potential inconsistencies**

I think it’s possible for both statements to be true. They might enjoy dressing up in general but find the strange costumes at Comic-Con weird, which leads them to think they wouldn’t like it there. The earlier comment suggests they enjoy dressing up, while the later one indicates discomfort with extreme costumes. It might be an inconsistency rather than a contradiction, as ""weird"" doesn’t always mean ""not fun."" Despite the tension, they're not strictly contradicting themselves. **Analyzing compatibility of statements**

I'm considering the user's statements. They mentioned that they think dressing up is fun, but then say that strange costumes are weird to them. If we view ""fun"" and ""weird"" as compatible, then that’s not really a contradiction. Additionally, Agent 0 loves the idea of Comic-Con, while Agent 1 doesn’t, which also doesn’t contradict their earlier claims besides the dressing up aspect. I double-checked, and Agent 1's response about not being part of the fandom aligns too. So, I’ll conclude there’s no contradiction here.",discourse,modified with discourse-level changes,add,47
"agent 0: I agree! I love to spend an afternoon with a novel and a cup of tea. What else do you know about reading?
agent 1: Yes! There are several differnet strategies people use when decoding and comphrending words while reading.
agent 0: Ooo, exciting. Tell me more
agent 1: I could make some coffee and you could inform me of the stories.
agent 0: That sounds like an excellent plan.
agent 1: So I am ready whenever you are
agent 0: Sounds good. Maybe we can meet up later.
agent 1: Sounds great. What kind of tea do you like?
agent 0: I can't stand tea. I love coffee though.","agent 0: I agree! I love to spend an afternoon with a novel and a cup of tea. What else do you know about reading?
agent 1: Yes! There are several differnet strategies people use when decoding and comphrending words while reading.
agent 0: Ooo, exciting. Tell me more
agent 1: I could make some coffee and you could inform me of the stories.
agent 0: That sounds like an excellent plan.
agent 1: So I am ready whenever you are
agent 0: Sounds good. Maybe we can meet up later.
agent 1: Sounds great. What kind of tea do you like?
agent 0: I can't stand tea, but I love coffee though.",1,1,1,1,1,"**Identifying dialogue contradictions**

I'm checking if the last statement contradicts the dialogue context. Agent 0 initially says they love spending an afternoon with a novel and a cup of tea, which means they enjoy tea. But then they claim, ""I can't stand tea."" That definitely contradicts their earlier statement. So, the answer is ""1"" because it's inconsistent. I’ll just output ""1"" as the final response.",1,"**Evaluating contradiction in dialogue**

I need to check if the last statement contradicts the earlier context. The last utterance is from agent 0, who first said they love spending an afternoon with a novel and a cup of tea, indicating a love for tea. Then, they later claimed they can’t stand tea, which is a contradiction. Since there’s this inconsistency in their statements, I'll conclude that the answer is 1.",discourse,modified with discourse-level changes,add,48
"agent 0: yes, most tiger prosthetics involve eyeballs. why caterer? i use to be a chef
agent 1: wow, hit that without knowing.
agent 0: Well, I used to be a chef, but i m a teacher now. What do you do?
agent 1: Oh wow, being a teacher is awesome. Since you are a chef, do you teach cooking on the side?
agent 0: No, but I like to bake in my spare time.
agent 1: That is so cool. Maybe you will have your own show one day and I get to see you!
agent 0: I really hope so
agent 1: I don't watch TV though, so I wouldn't see you.","agent 0: yes, most tiger prosthetics involve eyeballs. why caterer? i use to be a chef
agent 1: wow, hit that without knowing.
agent 0: Well, I used to be a chef, but i m a teacher now. What do you do?
agent 1: Oh wow, being a teacher is awesome. Since you are a chef, do you teach cooking on the side?
agent 0: No, but I like to bake in my spare time.
agent 1: That is so cool. Maybe you will have your own show one day and I get to see you!
agent 0: I really hope so
agent 1: I don't watch TV though, I wouldn't see you.",1,1,1,1,1,"**Analyzing contradictions**

I'm trying to figure out if the last utterance contradicts the dialogue context. Agent 1 previously said, ""Maybe you will have your own show one day and I get to see you!"" implying they’d see the chef on TV. But then they say, ""I don't watch TV though, I wouldn't see you."" This is more of a retraction of their earlier hopeful statement. So the last utterance clarifies that they don’t watch TV and wouldn’t see them, which doesn't contradict the previous statement. **Determining contradiction**

I see that the phrase ""get to see you"" is inconsistent with the later statement, but since the earlier comment was hypothetical, it complicates things. Typically, contradictions are identified when one statement conflicts with past remarks. Here, the last utterance seems to directly contradict the earlier hopeful expression. Since ""I don't watch TV though, I wouldn't see you"" does conflict with ""Maybe you will have your own show one day and I get to see you,"" it should be marked as a contradiction.",1,"**Assessing dialogue contradictions**

I need to figure out if the last statement contradicts earlier dialogue. The last thing agent 1 said was, ""I don’t watch TV though, so I wouldn’t see you."" This does cast doubt on their earlier comment about possibly seeing the other person on their own show. So, while it’s not a clear contradiction, it’s more of a retraction. It's more of a shift in their stance, though it could seem inconsistent given the context. **Considering contradictions in statements**

I'm exploring whether the last statement contradicts previous ones. Earlier, they said, ""I get to see you"" as a future possibility. Now, they mention not watching TV, which suggests they wouldn't see that person on a show. This isn’t necessarily a contradiction in a factual sense, but it feels like an intention conflict. The two statements don't align well, so I see this shift in intention as a contradiction to what was said right before. **Classifying contradictions in dialogue**

I need to classify whether there's a contradiction here as the task specifies a binary label: 1 for contradict and 0 for not. I'd mark it as 1 since the last line conflicts with earlier statements, particularly the hope to see the other person. Regarding another contradiction, Agent 0's shift from chef to teacher isn't conflicting. While there's a perspective that the final line could indicate consistency, the implications of not watching TV definitely clash with the previous expectation of seeing them on a show. **Determining contradiction**

The statement implies that they wouldn’t see the other person on TV, which contradicts the earlier plan to see them. Given that, I’ve concluded that this is indeed a contradiction, so my answer will be 1. It’s a straightforward evaluation based on the conflict between the expectation of seeing someone and the statement indicating that it wouldn't happen. I'm making sure to align my response with the context accurately.",discourse,modified with discourse-level changes,delete,49
"agent 0: hello my name is katrina and i deliver babies, i'm a nurse.
agent 1: awesome. my babies are due in three months
agent 0: what? that is awesome so are you having twins or triplets?
agent 1: triplets!!! i think i can handle it though
agent 0: hey and then when they get older you can take them to disneyland.
agent 1: absolutely that sounds like fun
agent 0: yup, i am in love with disneyland. its just so packed in the summer.
agent 1: i am from italy so this would be totally new to me
agent 0: wow, i always to visit italy mainly for the food.
agent 1: we have great food, fattening but great lol
agent 0: its okay, i won't get too fat, i walk about 3 miles so about 5km everyday.
agent 1: that is good exercise. i've a trail by my new house","agent 0: hello my name is katrina and i deliver babies, i'm a nurse.
agent 1: awesome. my babies are due in three months
agent 0: what? that is awesome so are you having twins or triplets?
agent 1: triplets!!! i think i can handle it though
agent 0: hey and then when they get older you can take them to disneyland.
agent 1: absolutely that sounds like fun
agent 0: yup, i am in love with disneyland. its just so packed in the summer.
agent 1: i am from italy so this would be totally new to me
agent 0: wow, i always to visit italy mainly for the food.
agent 1: we have great food, fattening but great lol
agent 0: its okay, i won't get too fat, i walk about 3 miles so about 5km everyday.
agent 1: that is good exercise. I've a trail by my new house.",0,0,0,0,0,,0,"**Analyzing statements for consistency**

I’m looking at ""my babies are due in three months"" and ""I think I can handle it,"" and it seems like there’s no contradiction there. So I’m thinking that the answer could be 0. Then there’s ""agent 1: I've a trail by my new house,"" which sounds a bit off grammatically, but the content itself seems fine. So again, it looks like the answer is 0.",discourse,modified with discourse-level changes,delete,50
"agent 0: hello! how are you today?
agent 1: oh i feel as if i could live forever! i'm quite strong for an old broad!
agent 0: live forever? what is making you feel that way?
agent 1: i could just dance and sip wine by the light of the moon!
agent 0: very cool. i can eat ice creams by the gallon
agent 1: Impressive! What flavor of ice cream can you eat the most of in a sitting?
agent 0: I'm actually allergic to ice cream, sorry! I can eat yogurt though, which is strange when you think about it.","agent 0: hello! how are you today?
agent 1: oh i feel as if i could live forever! i'm quite strong for an old broad!
agent 0: live forever? what is making you feel that way?
agent 1: i could just dance and sip wine by the light of the moon!
agent 0: very cool. i can eat ice creams by the gallon
agent 1: Impressive! What flavor of ice cream can you eat the most of in a sitting?
agent 0: I'm actually allergic to ice cream, sorry! I can eat yogurt, which is strange when you think about it.",1,1,1,1,1,1,1,,discourse,modified with discourse-level changes,delete,51
"agent 0: hello! do you have to work today? i do not. the usps is closed.
agent 1: hi. how are you? i do since i work for myself walking dogs
agent 0: i'm doing well. barnaby, my shepherd, and i came back from a long walk.
agent 1: oh you have a dog too. i've three.
agent 0: only one. i work a lot. and, we have scorpions. we are both afraid of them.
agent 1: wow that is scary. what do you like to do for fun?
agent 0: i like to attend nascar races, my daddy was a driver.
agent 1: that is cool. my dad was a door to door salesman.
agent 0: my mom sold avon. they had the pretties grey eye shadow.
agent 1: i'm not into makeup much
agent 0: Neither am I. My mom and I don't use make up. It's something we really believe in.
agent 1: That's weird. I love make up.","agent 0: hello! do you have to work today? i do not. the usps is closed.
agent 1: hi. how are you? i do since i work for myself walking dogs
agent 0: i'm doing well. barnaby, my shepherd, and i came back from a long walk.
agent 1: oh you have a dog too. i've three.
agent 0: only one. i work a lot. and, we have scorpions. we are both afraid of them.
agent 1: wow that is scary. what do you like to do for fun?
agent 0: i like to attend nascar races, my daddy was a driver.
agent 1: that is cool. my dad was a door to door salesman.
agent 0: my mom sold avon. they had the pretties grey eye shadow.
agent 1: i'm not into makeup much
agent 0: Neither am I. My mom and I don't use make up. It's something we really believe in.
agent 1: That's weird. Actually, I love make up.",1,1,1,1,1,,1,,discourse,modified with discourse-level changes,add,52
"agent 0: When I got my first car I thought I'd finally be able to have a cool social life. But I was dissapointed quickly.
agent 1: oh sorry to hear that.. why didn't it work out?
agent 0: I spent my first night out at a Whataburger, eating alone.","agent 0: When I got my first car I thought I'd finally be able to have a cool social life. But I was dissapointed quickly.
agent 1: oh sorry to hear that.. why didn't it work out?
agent 0: I spent my first night out at a Whataburger, consequently eating alone.",0,0,0,0,0,,0,,discourse,modified with discourse-level changes,add,53
"agent 0: do you have some asperger i know i do
agent 1: no, i don't. i'm a weightlifter, like my mother.
agent 0: That's cool! What was the heaviest weight you lifted?
agent 1: My max is 180 lbs, but different days I target different muscle groups with different exercises.
agent 0: Excellent, thank's for letting me know. I remember taking protein supplements back in the day, they were sorta good. Do you take any?
agent 1: Yes, I enjoy the peanut butter protein powder a few times a week. I also like to eat clean and meal prep. Do you meal prep?
agent 0: Cool. I enjoy cocoa and milk as a source of protein. I used to meal prep often before going to class.
agent 1: its almost the hollidays. You're combination reminds me of hot chocolate. I just drink the protein shake before working out. What did you study?
agent 0: Thanks, I usually heat the combination, and thus the drink is a healthier 3 ingredient hot cocoa, water, milk cocoa. I studied math and art.
agent 1: That's awesome. I was terribel at math.
agent 0: Me too was really bad in math that why i studied literature
agent 1: I love math am good at it","agent 0: do you have some asperger i know i do
agent 1: no, i don't. i'm a weightlifter, like my mother.
agent 0: That's cool! What was the heaviest weight you lifted?
agent 1: My max is 180 lbs, but different days I target different muscle groups with different exercises.
agent 0: Excellent, thank's for letting me know. I remember taking protein supplements back in the day, they were sorta good. Do you take any?
agent 1: Yes, I enjoy the peanut butter protein powder a few times a week. I also like to eat clean and meal prep. Do you meal prep?
agent 0: Cool. I enjoy cocoa and milk as a source of protein. I used to meal prep often before going to class.
agent 1: its almost the hollidays. You're combination reminds me of hot chocolate. I just drink the protein shake before working out. What did you study?
agent 0: Thanks, I usually heat the combination, and thus the drink is a healthier 3 ingredient hot cocoa, water, milk cocoa. I studied math and art.
agent 1: That's awesome. I was terribel at math.
agent 0: Me too was really bad in math that why i studied literature
agent 1: I love math good at it.",1,1,1,1,1,"**Detecting contradictions in dialogue**

I need to determine if the last statements contradict previous ones. Agent 1 claims, ""I love math; I'm good at it,"" which contradicts their earlier statement of being ""terrible at math."" Similarly, Agent 0 mentions studying math but then says they were ""really bad at math,"" contradicting their previous claim. So, yes, Agent 1's last utterance contradicts their earlier statement. The answer is indeed a contradiction, but it’s worth noting that the system has noted discourse-level changes.",1,"**Evaluating contradictions**

I see there's a contradiction with agent 0’s statements. Agent 1's last utterance indeed contradicts their earlier claim of being terrible at math. But I wonder if there could be some nuance—like agent 1 might have improved since then, so maybe the past and present statements aren't strictly contradictory. 

However, in examining the context, it seems those nuances don't come through. Therefore, I conclude that it’s still a contradiction based on general understanding.",discourse,modified with discourse-level changes,delete,54
"agent 0: haha yeah same here lol
agent 1: thanks for chatting with me you seem very interesting..
agent 0: You too. Do you like sweets? I'm a fan of chocolate myself.
agent 1: Chocolate lover, hu/ What's your favorite?
agent 0: I really like twix. Do you have a favorite?
agent 1: I love twix. They are the first recorded candy bar dating back all the way to 1847.
agent 0: Wow, that's interesting. I had no idea. Do you have any hobbies?
agent 1: i love playing video games.
agent 0: I love video games as well. Do you have any favorites?
agent 1: I don't have a personal favorite, I like a lot. What about you?","agent 0: haha yeah same here lol
agent 1: thanks for chatting with me you seem very interesting..
agent 0: You too. Do you like sweets? I'm a fan of chocolate myself.
agent 1: Chocolate lover, hu/ What's your favorite?
agent 0: I really like twix. Do you have a favorite?
agent 1: I love twix. They are the first recorded candy bar dating back all the way to 1847.
agent 0: Wow, that's interesting. I had no idea. Do you have any hobbies?
agent 1: i love playing video games.
agent 0: I love video games as well. Do you have any favorites?
agent 1: I don't have a personal favorite; instead, I like a lot. What about you?",0,0,0,0,0,,0,,discourse,modified with discourse-level changes,add,55
"agent 0: Be aggressive! Be Be aggressive! That's my favorite cheer!
agent 1: Haha! That is pretty cool. I think I would be good at chanting slogans, but not the intense physical activity!
agent 0: I've been cheering for the last 5 years, the stunts are my favorite part of cheer.
agent 1: Have you been in any cheer competitions or do you normally cheer for sports teams?
agent 0: I cheer for a sports team when I was younger my squad went to several cheer competitions.
agent 1: That is cool! My niece went to Cheer Athletics in TX. It is the largest cheerleading program in the US. I was very proud of her.
agent 0: Wow that's awesome, kudos to her!","agent 0: Be aggressive! Be Be aggressive! That's my favorite cheer!
agent 1: Haha! That is pretty cool. I think I would be good at chanting slogans, but not the intense physical activity!
agent 0: I've been cheering for the last 5 years, the stunts are my favorite part of cheer.
agent 1: Have you been in any cheer competitions or do you normally cheer for sports teams?
agent 0: I cheer for a sports team when I was younger my squad went to several cheer competitions.
agent 1: That is cool! My niece went to Cheer Athletics in TX. It is the largest cheerleading program in the US. I was very proud of her.
agent 0: Wow, that's really awesome; indeed, kudos to her!",0,0,0,0,0,,0,"**Evaluating dialogue consistency**

I need to determine if the last statement contradicts the dialogue context. The latest comment was ""Wow that's awesome, kudos to her!"" referring to agent 1's niece. It’s a positive reaction, which fits in well, so there’s no contradiction. Agent 0 previously mentioned cheering for five years and being part of competitions. The wording is a little strange, but it seems consistent overall. Therefore, I conclude with an answer of ""0"".",discourse,modified with discourse-level changes,add,56
"agent 0: Do you watch American football?
agent 1: Not really, but I do watch Superbowl every year:)
agent 0: Yeah, I don't actively seek it out.
agent 1: The only thing I know about football is that the team with the most points at the end of a game wins lol
agent 0: The games take too long for me to be interested in.
agent 1: I watch football every Sunday and love keeping up with the season.","agent 0: Do you watch American football?
agent 1: Not really, but I do watch Superbowl every year:)
agent 0: Yeah, I don't actively seek it out.
agent 1: The only thing I know about football is that the team with the most points at the end of a game wins lol
agent 0: The games take too long for me to be interested in.
agent 1: I watch football every Sunday, love keeping up with the season.",1,1,1,1,1,"**Analyzing dialogue contradictions**

I'm looking to see if there's a contradiction in the dialogue. Agent 1 mentions not really watching football but enjoys the Super Bowl each year, indicating some interest. Then, the statement about only knowing the scoring rule reflects limited knowledge. However, later, agent 1 claims to watch football every Sunday and keeps up with the season. This seems inconsistent since you can’t both have limited knowledge and watch regularly. I’ll need to clarify this contradiction! **Identifying contradiction in dialogue**

Agent 1 states they watch football every Sunday and follow the season, which conflicts with their earlier statements of not really watching football and having limited knowledge. I'm seeing clear contradictions here, as you can't genuinely keep up with a sport and simultaneously claim such limited understanding. It’s definitely inconsistent. To answer the task, I just need to mark it as a contradiction without needing further explanation—so that’s a straightforward “1” for yes!",1,1,discourse,modified with discourse-level changes,delete,57
"agent 0: I spent all weekend alone, wish my family lived closer.
agent 1: i know what you mean. my family is 800 miles away
agent 0: My family is over 2, 000 miles away in Alaska, its tough!","agent 0: I spent all weekend alone, wish my family lived closer.
agent 1: i know what you mean. my family is 800 miles away
agent 0: My family is over 2,000 miles away in Alaska. It's tough!",0,0,0,0,0,,0,,discourse,modified with discourse-level changes,delete,58
"agent 0: hello, how are you doing today?
agent 1: i am good. you? my family goes to disney world yearly. you sing?
agent 0: i do. have you ever seen the movie frozen?
agent 1: yes! frozen songs are my fave. i'm in third grade. what grade you in?
agent 0: i am kind of a psychic. do you love mickey mouse?
agent 1: get out! i love mickey. my friend and i sing frozen songs during playground time.
agent 0: i know. like i said. psychic...
agent 1: great! okay tell me what i am thinking now? go!
agent 0: You are thinking you are glad you met a cool new friend like me.
agent 1: Wow. That's pretty close. I haven't met anyone as cool as you since I got in the fourth grade.","agent 0: hello, how are you doing today?
agent 1: i am good. you? my family goes to disney world yearly. you sing?
agent 0: i do. have you ever seen the movie frozen?
agent 1: yes! frozen songs are my fave. i'm in third grade. what grade you in?
agent 0: i am kind of a psychic. do you love mickey mouse?
agent 1: get out! i love mickey. my friend and i sing frozen songs during playground time.
agent 0: i know. like i said. psychic...
agent 1: great! okay tell me what i am thinking now? go!
agent 0: You are thinking you are glad you met a cool new friend like me.
agent 1: Wow. That's pretty close. Actually, I haven't met anyone as cool as you since I got in the fourth grade.",1,1,1,1,1,"**Analyzing dialogue contradiction**

I need to check if the last statement contradicts previous dialogue. Agent 1 said, ""I'm in third grade,"" but later claims, ""since I got in the fourth grade."" This looks contradictory. It sounds like they were once in third grade but are now saying they’re in fourth. It’s unlikely time has passed during the conversation, so it seems I’ve identified a contradiction in the narrative flow. **Evaluating grade contradictions**

I’m considering whether ""since I got in the fourth grade"" refers to the past or future. It seems to indicate they are in fourth grade now, but earlier they claimed they were in third grade, which is inconsistent. If they’re truly in third grade, that statement doesn’t make sense, making it odd. So, since they're inconsistent—that contradiction feels clear. I think I’ve determined it’s a contradiction, so the conclusion is straightforward: I should output “1.”",1,"**Analyzing dialogue context**

I'm trying to figure out if the last statement contradicts what was said earlier in the conversation. Agent 1 previously mentioned being in third grade, but then refers to having met someone cool since getting into fourth grade. It suggests an inconsistency unless some time has passed. This could definitely be seen as contradictory, since the earlier statement and the last one don’t align. It's interesting to consider how language and context affect understanding! **Evaluating the contradiction**

The phrase ""since I got in the fourth grade"" suggests that the speaker is currently in fourth grade. This contradicts their earlier statement of being in third grade. There’s a possibility they meant it in the future context, but that doesn’t fit well. It really seems like a contradiction. I think the best answer is to confirm this contradiction exists. So, I conclude it’s indeed inconsistent and should respond with ""1.""",discourse,modified with discourse-level changes,add,59
"agent 0: I went to a minor league ball game last night and I saw a pitcher throw over 101 miles per hour! It was amazing to see in real life
agent 1: Wowza! That's impressive. I wonder how long until he's called up.
agent 0: It is truly amazing when you see that in person.
agent 1: I'm really jealous. I can't go to ball games because I'm always looking after the kids.
agent 0: Maybe you can have a nanny take care of the kids and we'll go to the ball game together.
agent 1: Haha that's a good idea! Do you know a good nanny?
agent 0: Yes. I would recommend my nanny to you. She helps when with my kids when I'm in school.
agent 1: Ahh great thank you! Ah I need to save up money so I can afford to go to the gym, I've gained a lot of weight recently!
agent 0: I need to train too. I've only been at work and school for writing recently.
agent 1: What sort of writing do you hope to do in the future?","agent 0: I went to a minor league ball game last night and I saw a pitcher throw over 101 miles per hour! It was amazing to see in real life
agent 1: Wowza! That's impressive. I wonder how long until he's called up.
agent 0: It is truly amazing when you see that in person.
agent 1: I'm really jealous. I can't go to ball games because I'm always looking after the kids.
agent 0: Maybe you can have a nanny take care of the kids and we'll go to the ball game together.
agent 1: Haha that's a good idea! Do you know a good nanny?
agent 0: Yes. I would recommend my nanny to you. She helps when with my kids when I'm in school.
agent 1: Ahh great thank you! Ah I need to save up money so I can afford to go to the gym, I've gained a lot of weight recently!
agent 0: I need to train too. I've only been at work and school for writing recently.
agent 1: I'm curious, what sort of writing do you hope to do in the future?",0,0,0,0,0,"**Evaluating contradictions**

I need to be cautious when assessing statements for contradictions. For example, if agent 1 previously mentioned having kids to care for, any follow-up question about a nanny should feel normal and consistent. It's important to ensure that there are no conflicting details in their statements. In this case, it looks like there aren’t any contradictions, leading to a score of 0 for inconsistency.",0,,discourse,modified with discourse-level changes,add,60
"agent 0: Hey there! I really love the color green. You?
agent 1: Yes green is my favorite color! It's between blue and yellow on the visible spectrum.
agent 0: Haha, very true. My favorite shade would have to be forest green because it's such a rich color.
agent 1: Yes forest green is lovely. There are so many varieties of green that differ in hue or tone.
agent 0: Yeah, for sure. My least favorite shade would have to be olive green. I had a really ugly chair that color when I was growing up. What shade do you think is the worst?
agent 1: I like Olive green. Many shades of green are named after plants! Probably the one I don't like the most is sea foam green.
agent 0: Yeah I think that one is pretty horrible too. It just doesn't appeal to me at all. What is your favorite shade?
agent 1: My favorite would have to be sea foam green. I've always thought it was such a pretty color.","agent 0: Hey there! I really love the color green. You?
agent 1: Yes green is my favorite color! It's between blue and yellow on the visible spectrum.
agent 0: Haha, very true. My favorite shade would have to be forest green because it's such a rich color.
agent 1: Yes forest green is lovely. There are so many varieties of green that differ in hue or tone.
agent 0: Yeah, for sure. My least favorite shade would have to be olive green. I had a really ugly chair that color when I was growing up. What shade do you think is the worst?
agent 1: I like Olive green. Many shades of green are named after plants! Probably the one I don't like the most is sea foam green.
agent 0: Yeah I think that one is pretty horrible too. It just doesn't appeal to me at all. What is your favorite shade?
agent 1: My favorite would have to be sea foam green, as I've always thought it was such a pretty color.",1,1,1,1,1,"**Evaluating contradictions in dialogue**

I need to determine if the last statement from agent 1 contradicts previous comments. The last statement claims that sea foam green is their favorite, while earlier they said it's their least favorite. That's a clear contradiction since agent 1 can't have both a favorite and least favorite color at the same time. So, I'll conclude that it does contradict, marking it with a 1. There's no need for further explanation; I just need to output that.",1,"**Evaluating dialogue consistency**

I need to check if the last statement contradicts what was said earlier. Agent 1 mentioned that their favorite color is sea foam green, but they also stated earlier that it’s the one they dislike the most. That’s clearly a contradiction! It means they can’t like a color that they previously claimed to dislike. So, I’ll mark the response as inconsistent, and simply output ""1"" as the final answer.",discourse,modified with discourse-level changes,reverse,61
"agent 0: Genghis Khan was on of the greatest leaders of all time.
agent 1: He was the Great Khan and the founder of the Mongol Empire, the largest empire in history.
agent 0: I actually know a lot about him. I have a masters in History. Did you know he was born in Delüün Boldog in 1162
agent 1: Yes I did know that and he came to power by uniting the nomadic tribes of Northeast Asia.
agent 0: He would have never been able to take over the world. The celts in Scotland at the time would have smashed him. Interesting fact he had 13 kids.
agent 1: How many wives?
agent 0: I am not sure. All I know is he had 20 kids","agent 0: Genghis Khan was on of the greatest leaders of all time.
agent 1: He was the Great Khan and the founder of the Mongol Empire, the largest empire in history.
agent 0: I actually know a lot about him. I have a masters in History. Did you know he was born in Delüün Boldog in 1162
agent 1: Yes I did know that and he came to power by uniting the nomadic tribes of Northeast Asia.
agent 0: He would have never been able to take over the world. The celts in Scotland at the time would have smashed him. Interesting fact he had 13 kids.
agent 1: How many wives?
agent 0: I am not sure. All I know is he had 20 kids.",1,1,1,1,1,,1,,discourse,modified with discourse-level changes,delete,62
"agent 0: I put in a job application for a new job. I am fairly certain that my credentials are enough to get me the job.
agent 1: Thats awesome! Have you been scheduled for an interview yet?
agent 0: I was, I go in next Tuesday. I am pretty excited for them to give me the job.
agent 1: I would be too! I hope everything goes well with it!
agent 0: Thanks. I'm ready to go to work right now!
agent 1: I bet you don't get it.","agent 0: I put in a job application for a new job. I am fairly certain that my credentials are enough to get me the job.
agent 1: Thats awesome! Have you been scheduled for an interview yet?
agent 0: I was, I go in next Tuesday. I am pretty excited for them to give me the job.
agent 1: I would be too! I hope everything goes well with it!
agent 0: Thanks. I'm ready to go to work right now!
agent 1: Honestly, I bet you don't get it.",1,1,0,0,0,"**Analyzing contradiction in context**

When reviewing datasets, I'm prompted to identify contradictions, similar to natural language inference, but in this case, I see the last statement predictions about agent 0 not getting it. Earlier, there was confidence expressed alongside plans, but there's no solid fact that they will get it; hence, ""I bet you don't get it"" doesn't directly contradict any facts. It's more about agent 1's encouragement. I realize that both can be true, so it’s not a contradiction. Thus, I'll mark it as answer 0.",0,"**Evaluating dialogue consistency**

I need to figure out if agent 1's last statement contradicts the conversation context. Agent 0 applied for a job and is feeling excited and confident about it. Earlier, agent 1 was supportive, wishing agent 0 well. However, agent 1 then says, ""I bet you don't get it."" This doesn’t contradict the context because it’s just a negative prediction rather than a fact. It feels inconsistent given their earlier support, but it’s not a contradiction, so I’ll label it 0. **Analyzing contradictions**

I’m considering if the phrase ""I bet you don't get it"" contradicts the earlier supportive comment, ""I hope everything goes well."" These two attitudes reflect different sentiments; hoping for a good outcome and betting against it can coexist, even if they seem conflicting. Since there’s no earlier claim that guarantees agent 0 will get the job—just anticipation—there’s no logical contradiction here. So, I’ll return 0.",discourse,modified with discourse-level changes,add,63
"agent 0: hello. how are you? tell me about yourself.
agent 1: hi, i make thirty dollars an hour walking dogs. you read alot? i do.
agent 0: no. i'm a piano teacher, so i spend most of my time playing music
agent 1: sorry. i was painting my kayak. you sing or dance. i do both.
agent 0: what do you do in your free time?
agent 1: what is free time? my mom and dad were street walkers.
agent 0: i personally give back by volunteering at the homeless shelter.
agent 1: great! my family lived in a shelter before. we learned to survive there.
agent 0: what is a street walker? does it mean homeless? survival is key
agent 1: they were sex workers. i read psychology journals sometimes. do you?","agent 0: hello. how are you? tell me about yourself.
agent 1: hi, i make thirty dollars an hour walking dogs. you read alot? i do.
agent 0: no. i'm a piano teacher, so i spend most of my time playing music
agent 1: sorry. i was painting my kayak. you sing or dance. i do both.
agent 0: what do you do in your free time?
agent 1: what is free time? my mom and dad were street walkers.
agent 0: i personally give back by volunteering at the homeless shelter.
agent 1: great! my family lived in a shelter before. we learned to survive there.
agent 0: what is a street walker? does it mean homeless? survival is key
agent 1: They were sex workers. Additionally, I read psychology journals sometimes. Do you?",0,0,0,0,0,,0,,discourse,modified with discourse-level changes,add,64
"agent 0: 5
agent 1: 8
agent 0: Opps. Ok, i mean that I was sad the other day because a friend is moving.
agent 1: Is it far away_
agent 0: not to far, but it's still sad to see her go.
agent 1: It's always sad when a friend moves away.
agent 0: I am happy she is moving. I didn't like her anyway.","agent 0: 5
agent 1: 8
agent 0: Opps. Ok, i mean that I was sad the other day because a friend is moving.
agent 1: Is it far away_
agent 0: not to far, but it's still sad to see her go.
agent 1: It's always sad when a friend moves away.
agent 0: I am happy she is moving, because I didn't like her anyway.",1,1,1,1,1,,1,"**Assessing dialogue contradiction**

I need to check if the last statement contradicts previous context in the dialogue. Agent 0 said they were sad about a friend moving, stating it was still sad to see her go. However, they then claimed they were happy about her moving and didn’t like her anyway. This is indeed a contradiction—feeling sad versus feeling happy about the same situation. While it's possible to feel both, in this case, it seems directly contradictory. 1",discourse,modified with discourse-level changes,add,65
"agent 0: Yeah, it has religious links, but I tell most of my students that it's mainly for low impact exercise. I'm not running a church here, heh.
agent 1: The way I see it is a spiritual oneness with the self and the world around you. Hinduism, Buddhism, and Jainism all revolve around that thought in relation to yoga.
agent 0: Whatever works for you!
agent 1: I can't say it has worked for me though. I have believed myself a ruler of the world but still live in this box.
agent 0: I think we all feel that way at some point.
agent 1: Right! But the difference with me is I just think about myself and no one else really. People consider it a social and cultural problem.
agent 0: I can't say I relate to that. How do you feel about it?
agent 1: At first I didn't like it, but honestly as time and the years go by, I feel like we are more and more cohesive.
agent 0: Who is we? I thought you only cared about yourself.
agent 1: Sorry, I call myself we when I had one too many drinks. I have the ability to care for others on occasion.
agent 0: LOL. Sort of like the Royal We. What are you drinking?
agent 1: Yes, the Royal we! I am drinking Modelo because thats what my coworkers at roofing inc. drink.
agent 0: I hope they don't drink while doing the Roofing!!","agent 0: Yeah, it has religious links, but I tell most of my students that it's mainly for low impact exercise. I'm not running a church here, heh.
agent 1: The way I see it is a spiritual oneness with the self and the world around you. Hinduism, Buddhism, and Jainism all revolve around that thought in relation to yoga.
agent 0: Whatever works for you!
agent 1: I can't say it has worked for me though. I have believed myself a ruler of the world but still live in this box.
agent 0: I think we all feel that way at some point.
agent 1: Right! But the difference with me is I just think about myself and no one else really. People consider it a social and cultural problem.
agent 0: I can't say I relate to that. How do you feel about it?
agent 1: At first I didn't like it, but honestly as time and the years go by, I feel like we are more and more cohesive.
agent 0: Who is we? I thought you only cared about yourself.
agent 1: Sorry, I call myself we when I had one too many drinks. I have the ability to care for others on occasion.
agent 0: LOL. Sort of like the Royal We. What are you drinking?
agent 1: Yes, the Royal we! I am drinking Modelo because thats what my coworkers at roofing inc. drink.
agent 0: They don't drink while doing the Roofing!!",0,0,0,0,0,"**Evaluating contradictions**

I need to determine if there's a contradiction in the statements. The output should be 1 for contradictions and 0 if not. It looks like the answer should be 0. I considered whether ""They don't drink while doing the Roofing"" conflicts with ""I am drinking... because that's what my coworkers at roofing inc. drink."" However, this phrasing really points to brand preference rather than suggesting it's happening during work hours. So I’m confident the output is 0.",0,,discourse,modified with discourse-level changes,delete,66
"agent 0: My husband woke up with his face swollen and a terrible toothache
agent 1: That's horrible. Did he get to go to the dentist yet?
agent 0: Not yet, but I was his bedside nurse all day. Anything he needed I was sure to get.","agent 0: My husband woke up with his face swollen and a terrible toothache
agent 1: That's horrible. Did he get to go to the dentist yet?
agent 0: Not yet. I was his bedside nurse all day. Anything he needed I was sure to get.",0,0,0,0,0,,0,"**Checking for contradictions**

I'm checking if the last statement contradicts the dialogue context. Agent 0 says, ""Not yet,"" which aligns with the previous comment about the husband waking up with swelling and toothache. When agent 1 asks if he went to the dentist, the answer ""Not yet"" fits perfectly. Also, the statement about being his bedside nurse all day makes sense within this context. There's no implicit contradiction here, so I’ll output 0.",discourse,modified with discourse-level changes,delete,67
"agent 0: I went to the store for sodas and it ended up being a rough trip.
agent 1: Ut oh.. what happened?
agent 0: I dropped my money while my hands were full, ran into the door, and the bag busted sending a 2 liter bouncing through the parking lot. And of course there were a lot of people that saw.","agent 0: I went to the store for sodas and it ended up being a rough trip.
agent 1: Ut oh.. what happened?
agent 0: I dropped my money while my hands were full, ran into the door, and the bag busted sending a 2 liter bouncing through the parking lot. There were a lot of people that saw.",0,0,0,0,0,,0,,discourse,modified with discourse-level changes,delete,68
"agent 0: I recently joined a group to help me lose weight. I have so much respect and admire everyone in that group so much.
agent 1: Good luck! My sister-in-law has been with weight watchers for a while now. She loves the camaraderie and how everyone encourages each other.
agent 0: It has really helped to have their support. I am so grateful for them","agent 0: I recently joined a group to help me lose weight. I have so much respect and admire everyone in that group so much.
agent 1: Good luck! My sister-in-law has been with weight watchers for a while now. She loves the camaraderie and how everyone encourages each other.
agent 0: It has really helped to have their support, and I am so grateful for them.",0,0,0,0,0,,0,,discourse,modified with discourse-level changes,add,69
"agent 0: Green is my favorite color. Do you like green?
agent 1: I love green, Green is the color between blue and yellow
agent 0: Yes! Green is also one of the main colors in the RGB color model I believe. It is also a great shirt color.
agent 1: I have heard Green has a dominant wavelength of roughly 495570 nm
agent 0: Interesting! Has green always been common throughout history? I wonder if it was on cave paintings.
agent 1: it was! and it is created by a combination of yellow and blue, or yellow and cyan
agent 0: Neat! Yes it is fun to paint with yellow and blue to create green.
agent 1: You can get so many different beautiful shades by mixing those colors.
agent 0: Yeah, but I don't really care for green. Some of the shades can be a bit ugly.","agent 0: Green is my favorite color. Do you like green?
agent 1: I love green, Green is the color between blue and yellow
agent 0: Yes! Green is also one of the main colors in the RGB color model I believe. It is also a great shirt color.
agent 1: I have heard Green has a dominant wavelength of roughly 495570 nm
agent 0: Interesting! Has green always been common throughout history? I wonder if it was on cave paintings.
agent 1: it was! and it is created by a combination of yellow and blue, or yellow and cyan
agent 0: Neat! Yes it is fun to paint with yellow and blue to create green.
agent 1: You can get so many different beautiful shades by mixing those colors.
agent 0: Yeah, I don't really care for green. Some of the shades can be a bit ugly.",1,1,1,1,1,"**Analyzing contradictions**

I'm recognizing that the last utterance contradicts the dialogue context. I need to consider that it could be a shift in attitude or maybe sarcasm, but ultimately, the task here is to determine if there's a contradiction. And the answer is yes. So, based on that, I'll return ""1"" to indicate the contradiction clearly. It's a straightforward resolution, focusing on keeping it concise and clear!",1,"**Determining contradictions in dialogue**

I need to check if the last statement contradicts what was said earlier. Agent 0 first says, ""Green is my favorite color,"" which indicates a liking for green. Later, they contradict this by saying, ""I don't really care for green."" This is a clear contradiction by the same speaker. I’m thinking it might be a change of opinion, but generally, a contradiction means inconsistency with previous claims, so I conclude the answer must be 1.",discourse,modified with discourse-level changes,delete,70
"agent 0: my little boy learned how to count to ten eeven know he is super young
agent 1: ohhh cute!! i am so happy for you, smart boy!
agent 0: yeah i was so proud of him as well i thought i would have to wait months till he got to that point
agent 1: a rare one, i hope he goes a long way and maybe even be the next Einstein we need
agent 0: Thanks! I definitely think he might be a genius in the making.
agent 1: I don't think he's that smart, not like he's going to become the next Einstein","agent 0: my little boy learned how to count to ten eeven know he is super young
agent 1: ohhh cute!! i am so happy for you, smart boy!
agent 0: yeah i was so proud of him as well i thought i would have to wait months till he got to that point
agent 1: a rare one, i hope he goes a long way and maybe even be the next Einstein we need
agent 0: Thanks! I definitely think he might be a genius in the making.
agent 1: I don't think he's that smart, because it's not like he's going to become the next Einstein.",1,1,1,1,1,"**Evaluating dialogue consistency**

I need to see if the last statement contradicts the earlier dialogue context. The conversation suggests a supportive tone about the boy's counting skills, with Agent 1 initially expressing hope for the boy’s potential, even mentioning Einstein positively. However, the last line from Agent 1 seems to dismiss that earlier optimism. It contrasts with their earlier expression of hope, as they now say he’s unlikely to become the next Einstein. So, yes, it is contradictory. **Analyzing contradiction in dialogue**

The last statement, ""I don't think he's that smart,"" contradicts agent 1's earlier sentiment where they expressed optimism, suggesting the boy might be the next Einstein. This doesn't directly contradict facts, but it conflicts with the earlier hopeful tone. The change from a possibility of greatness to a definitive assertion that he won’t achieve it represents a contradiction. The earlier statement was open-ended, while the latter one dismisses that hope entirely. So, yes, it contradicts agent 1's previous statement. **Determining contradiction**

In this case, I'm considering whether the last statement contradicts the context provided by the other party in the dialogue. The instructions specify that I'm looking for contradictions in the entire context, including earlier utterances by any agent. Since the last utterance indeed contradicts those earlier sentiments, I'm concluding that it does represent a contradiction. So, I’ll provide an answer of 1 to indicate that.",1,"**Evaluating contradiction vs. change**

I'm figuring out whether this is a contradiction or just a change of opinion. The earlier statement expressed hope that he might be the next Einstein, while now it says he’s not that smart. So, it feels contradictory to say ""he's a rare one"" and then ""I don't think he's that smart."" I'm trying to analyze if this last comment contradicts the earlier context. I think it does contradict the prior sentiment about possibility. **Determining contradiction**

I believe there's a contradiction between the earlier statement from agent 1, which expressed hope about his intelligence and described him as ""rare"" and ""smart."" Initially, agent 1 congratulated him and called him a smart boy, but now they’re saying he’s not that smart. This does seem contradictory. One could argue that hope doesn’t assert truth, so it might not be a strict contradiction, but saying ""I don't think he's that smart"" feels like a reversal. So, I'll mark it as 1.",discourse,modified with discourse-level changes,add,71
"agent 0: i am afraid to go to yellowstone, i love hershey.
agent 1: wow! ups has sent packages to yellowstone. you like sweet tarts?
agent 0: I Love sweet tarts
agent 1: Me too! They are so good!
agent 0: Yes they are! Do you love to hike?
agent 1: Not really but I love driving in the mountains.
agent 0: That sounds like fun. Have you every saw a mountain lion?
agent 1: not in person, only on tv
agent 0: i hate sweet tarts, they are so nasty!","agent 0: i am afraid to go to yellowstone, i love hershey.
agent 1: wow! ups has sent packages to yellowstone. you like sweet tarts?
agent 0: I Love sweet tarts
agent 1: Me too! They are so good!
agent 0: Yes they are! Do you love to hike?
agent 1: Not really but I love driving in the mountains.
agent 0: That sounds like fun. Have you every saw a mountain lion?
agent 1: not in person, only on tv
agent 0: Actually, I hate sweet tarts, they are so nasty!",1,1,1,1,1,,1,"**Analyzing dialogue consistency**

I need to figure out if the last statement contradicts the previous context. Looking back, agent 0 mentioned loving sweet tarts, but then later claims to hate them, stating they’re nasty. That clearly contradicts the earlier statement. So, the last utterance doesn't align with the established context. I should keep my answer concise and simply respond with '1' to indicate this contradiction.",discourse,modified with discourse-level changes,add,72
"agent 0: Elvis Presley's iconic dance moves made his image.
agent 1: I agree. He's a well known cultural icon. One of my favorite singers, the king!
agent 0: Do you know if his hair was a natural jet black?
agent 1: Oh wow, I would have thought it was dyed that color. He definitely made himself known as the lead person of rock and roll!
agent 0: Yes he did! His natural hair color was brown.
agent 1: That's so cool! I would have never known otherwise. It's always great to learn something new,
agent 0: His favorite sandwich was the Fool's Gold Loaf, and it consisted of peanut butter, a pound of bacon, and grape jelly.","agent 0: Elvis Presley's iconic dance moves made his image.
agent 1: I agree. He's a well known cultural icon. One of my favorite singers, the king!
agent 0: Do you know if his hair was a natural jet black?
agent 1: Oh wow, I would have thought it was dyed that color. He definitely made himself known as the lead person of rock and roll!
agent 0: Yes he did! His natural hair color was brown.
agent 1: That's so cool! I would have never known otherwise. It's always great to learn something new,
agent 0: Interestingly, his favorite sandwich was the Fool's Gold Loaf, which consisted of peanut butter, a pound of bacon, and grape jelly.",0,0,0,0,0,"**Analyzing dialogue consistency**

I’m assessing whether the last statement conflicts with prior dialogue. The last line talks about the Fool's Gold Loaf being Elvis's favorite sandwich, which is an interesting addition. Earlier, the conversation focused on his dance moves and hair color, noting that Agent 1 thought Elvis's hair was dyed, but it turns out it was naturally brown. Since there were no earlier claims about the sandwich, this new information doesn’t contradict anything. It adds a fun fact about Elvis! 0",0,,discourse,modified with discourse-level changes,add,73
"agent 0: I had planned to get my wife flowers for her birthday but I completly forgot. I feel very upset about having forgotten and think she'll hate me.
agent 1: Is there still time to get one? You can if you hurry!
agent 0: Her birthday was yesterday and I was too busy with work. She was upset that I forgot her birthday.
agent 1: Well you can always get more flowers, so it'll be okay! Try making it up by bringing her food!
agent 0: I have a dinner date at a fancy place she loves planned tonight. So I hope it goes well. How are you?
agent 1: its going okay. I have a few dates a month. trying to take it slow to be honest. No one seems different though.
agent 0: Well keep at it. You will find someone for you. What are your hobbies?
agent 1: I love acting. It's always been my dream to play the big roles in films.
agent 0: That is really cool! What is your favorite type of acting?
agent 1: I usually like fantasy movies. You know I get enough of the real world, so I'd like to see something fantastical to dive into people's imaginations.","agent 0: I had planned to get my wife flowers for her birthday but I completly forgot. I feel very upset about having forgotten and think she'll hate me.
agent 1: Is there still time to get one? You can if you hurry!
agent 0: Her birthday was yesterday and I was too busy with work. She was upset that I forgot her birthday.
agent 1: Well you can always get more flowers, so it'll be okay! Try making it up by bringing her food!
agent 0: I have a dinner date at a fancy place she loves planned tonight. So I hope it goes well. How are you?
agent 1: its going okay. I have a few dates a month. trying to take it slow to be honest. No one seems different though.
agent 0: Well keep at it. You will find someone for you. What are your hobbies?
agent 1: I love acting. It's always been my dream to play the big roles in films.
agent 0: That is really cool! What is your favorite type of acting?
agent 1: I usually like fantasy movies. You know I get enough of the real world, therefore I'd like to see something fantastical to dive into people's imaginations.",0,0,0,0,0,"**Analyzing dialogue consistency**

I'm looking at whether the last comment contradicts the dialogue context. Agent 1 mentioned they enjoy fantasy movies, which aligns with their earlier statement about loving acting. So, it seems there isn't a true contradiction; instead, there's just a slight mismatch since the question asked specifically about acting types. The response about favorite movies is more about watching rather than acting style. In summary, I can confidently say there are no contradictions here.",0,"I see that the last thought indicates a preference for fantasy and advises against conflict. It seems straightforward: I can only return either 0 or 1 based on this preference. Since the clear answer is 0, that's what I'll go with. This kind of binary decision-making can be interesting, right? In many ways, it highlights how distinct preferences can guide responses effectively! So, in this case, my conclusion is simply to answer with 0.",discourse,modified with discourse-level changes,reverse,74
"agent 0: watching football is one of my favorite things to do.
agent 1: I'm not a huge fan of American football, or the gridiron.
agent 0: I really just like watching my local team.
agent 1: American football actually originated from rugby football.
agent 0: OH really? I didn't know that!
agent 1: Yes! And the first match was played in 1869 between 2 college teams.
agent 0: Wow I didn't realize how far back the sport went.
agent 1: Yes, its been around for quite a while. SInce the mid 19th century in Britain
agent 0: I guess they had to figure out stuff to do to keep them entertained.","agent 0: watching football is one of my favorite things to do.
agent 1: I'm not a huge fan of American football, or the gridiron.
agent 0: I really just like watching my local team.
agent 1: American football actually originated from rugby football.
agent 0: OH really? I didn't know that!
agent 1: Yes! And the first match was played in 1869 between 2 college teams.
agent 0: Wow I didn't realize how far back the sport went.
agent 1: Yes, its been around for quite a while. SInce the mid 19th century in Britain
agent 0: They had to figure out stuff to do to keep them entertained.",0,0,0,0,0,"**Analyzing dialogue context**

I need to check if the last statement contradicts the ongoing dialogue. In the last exchange, Agent 0 mentioned they had to find things to keep themselves entertained, while Agent 1 expressed a dislike for American football. Agent 1 also pointed out that American football has roots in rugby. However, there's a slight inaccuracy in one statement about the sport's history in Britain. It seems I need to clarify if this discrepancy conflicts with the dialogue context. **Evaluating contradictions in dialogue**

I’m looking at the last statement: ""They had to figure out stuff to do to keep them entertained."" I need to determine if this contradicts earlier dialogue. It suggests that people invented sports for entertainment, which isn't contradictory because nothing indicated they didn’t need entertainment. So, I lean towards answering 0. However, I have to consider the discourse changes mentioned. Despite that, it doesn’t seem to contradict earlier points about the sport's history in Britain. Therefore, it feels safe to conclude 0 again. **Checking for internal contradictions**

I need to confirm if there are any contradictions in the statement: ""watching football is one of my favorite things... I'm not a huge fan..."" It seems fine because the last line serves as a general commentary. So I think there aren’t any inconsistencies here. I’m comfortable deciding that the answer is simply ""0"".",0,,discourse,modified with discourse-level changes,delete,75
"agent 0: I am interested in the lifestyle. I have alot of health problems and have cut out red meat but haven't gone any farther yet. do you recommend it?
agent 1: I would recommend vegetarianism. For me it is more about how animals are treated. I do not like how our food is processed. So i went vegan. i do love steak though.
agent 0: How are you able to resist steak if you love it so much?
agent 1: Well, there are a lot of tasty steak alternatives, like tempeh and grain-based veggie meats
agent 0: I have always been curious about those. Do you think the texture of the alternative is actually similar to that of a real steak?
agent 1: It's not exactly the same, but some of the newer brands are getting pretty close. What do you like to eat?
agent 0: Everything, pretty much. I love animals in general, but I also love food, so it's pretty difficult. Fruit is my favorite snack.
agent 1: Fruit is perfect jumping off point for eating better, actually.
agent 0: Yeah too bad I can't stand to eat any.","agent 0: I am interested in the lifestyle. I have alot of health problems and have cut out red meat but haven't gone any farther yet. do you recommend it?
agent 1: I would recommend vegetarianism. For me it is more about how animals are treated. I do not like how our food is processed. So i went vegan. i do love steak though.
agent 0: How are you able to resist steak if you love it so much?
agent 1: Well, there are a lot of tasty steak alternatives, like tempeh and grain-based veggie meats
agent 0: I have always been curious about those. Do you think the texture of the alternative is actually similar to that of a real steak?
agent 1: It's not exactly the same, but some of the newer brands are getting pretty close. What do you like to eat?
agent 0: Everything, pretty much. I love animals in general, but I also love food, so it's pretty difficult. Fruit is my favorite snack.
agent 1: Fruit is perfect jumping off point for eating better, actually.
agent 0: Yeah I can't stand to eat any.",1,1,1,1,1,,1,"**Evaluating contradiction in dialogue**

I need to check if the last statement from agent 0 contradicts their earlier comments. They said, ""Fruit is my favorite snack,"" but then claimed they ""can't stand to eat any,"" which clearly contradicts their earlier preference. It suggests a dislike for fruit rather than a potential intolerance. Even though people might have preferences but not be able to eat certain foods, in this case, the phrasing indicates they dislike eating fruit. **Deciding on contradiction response**

Even if agent 0 claims they can't stand fruit, it contradicts their earlier statement about it being their favorite snack. Therefore, I determine that the answer must be either 1 or 0 to reflect this contradiction clearly. In this case, it seems the provided answer should be 1 since there is a conflicting statement regarding their preference for fruit. It's all about ensuring clarity in these conversations!",discourse,modified with discourse-level changes,delete,76
"agent 0: i could eat pasta everyday, and i love chicken too
agent 1: cool! what do you do for a living again?
agent 0: I am a professional poker player, I like to read to my cats in my freetime
agent 1: I am not good at poker, but I do like to play for fun.
agent 0: I like to use my poker winnings to buy tuna. It's my favorite food.
agent 1: That's interesting! I wish I could have tuna, but I'm allergic. What else do you buy?
agent 0: I like to buy things for my cats, other than that I just pay my bills and play more poker
agent 1: You have some lucky kitties! Have cat food prices gone up? Dog food prices are ridiculous!
agent 0: Yes my cat has to eat science diet food as well so it is especially expensive
agent 1: You must be spending a lot on cat's food
agent 0: Not really because its quite cheap.","agent 0: i could eat pasta everyday, and i love chicken too
agent 1: cool! what do you do for a living again?
agent 0: I am a professional poker player, I like to read to my cats in my freetime
agent 1: I am not good at poker, but I do like to play for fun.
agent 0: I like to use my poker winnings to buy tuna. It's my favorite food.
agent 1: That's interesting! I wish I could have tuna, but I'm allergic. What else do you buy?
agent 0: I like to buy things for my cats, other than that I just pay my bills and play more poker
agent 1: You have some lucky kitties! Have cat food prices gone up? Dog food prices are ridiculous!
agent 0: Yes my cat has to eat science diet food as well so it is especially expensive
agent 1: You must be spending a lot on cat's food
agent 0: Not really, it's quite cheap.",1,1,1,1,1,"**Evaluating dialogue consistency**

I need to determine if the last utterance contradicts earlier context. Agent 0 previously mentioned their cat food as ""especially expensive"" but then says it’s ""quite cheap."" This creates a clear contradiction in their statements. Therefore, I can affirm that there's a contradiction. The conclusion is that the evaluation indicates a contradiction in the dialogue. I need to finalize the answer as ""1"" and ensure there are no tricks or misunderstandings in this assessment.",1,"**Identifying contradictions**

I need to check if the last statement contradicts the previous context in the dialogue. Agent 0 previously mentioned that their cat's food is ""especially expensive,"" while agent 1 responds by highlighting the potential cost. However, agent 0 later claims that it’s ""not really"" expensive. That definitely contradicts the earlier statement. So, I conclude that there’s a clear contradiction here, labelling it as output 1. The edge between the two statements clarifies the inconsistency.",discourse,modified with discourse-level changes,delete,77
"agent 0: I was angry when my son destroyed my car
agent 1: oh no is it completely destroyed not salvagable?
agent 0: no not salvagable. i had to buy a new one.
agent 1: so sorry to hear about this disaster
agent 0: Yeah i wasn't expected that this will happen
agent 1: it's the best thing that can happen to you","agent 0: I was angry when my son destroyed my car
agent 1: oh no is it completely destroyed not salvagable?
agent 0: no not salvagable. i had to buy a new one.
agent 1: so sorry to hear about this disaster
agent 0: Yeah i wasn't expected that this will happen
agent 1: Actually, it's the best thing that can happen to you.",1,1,1,0,1,"**Analyzing contradiction in dialogue**

I'm reflecting on the contradiction presented by an agent's two statements: one claims something is a disaster, while the other says it's the best thing that can happen. That feels like a contradiction based on changing opinions. The final statement, though, conflicts with the earlier one, so I think it should be marked as contradictory. However, I also need to consider that it might be subjective instead of objective. Still, I lean toward marking it as a contradiction. **Identifying inconsistency in statements**

I’m noticing that the last line doesn't mention anything about salvageability. Instead, it claims something is the best, which clashes with earlier tones. This inconsistency reflects a contradiction within the conversation from the same agent. It seems clear to me that I should mark this as a contradiction. Therefore, I'll return ""1"" to indicate this conclusion. It appears the agent is changing their stance, which is important to recognize.",0,"**Clarifying output consistency**

I'm double-checking my last statement because it might seem contradictory to say ""so sorry to hear about this disaster."" While the sentiment feels inconsistent, it's not logically contradictory, I guess. The instructions likely want me to keep it clear and simply return ""0."" I’ll make sure to only provide ""0"" as the output without any additional context or complications. That way, it remains straightforward!",discourse,modified with discourse-level changes,reverse,78
"agent 0: well that sucks. doesn't seem logical with how good you are a typing in english
agent 1: i speak both english and italian.
agent 0: i speak english only","agent 0: well that sucks. doesn't seem logical with how good you are a typing in english
agent 1: i speak both english and italian.
agent 0: Actually, I speak English only.",0,0,0,0,0,,0,,discourse,modified with discourse-level changes,add,79
"agent 0: I heard John Grisham is a good author. What kind of books does he write?
agent 1: Mostly about criminal law.
agent 0: Does he have any best sellers?
agent 1: Yes he does. His first novel, ""A Time to Kill,"" was published in June 1989, and went on sell 2 million copies!
agent 0: That's sounds like a good one to start with. Have any of his books been made into movies?
agent 1: Yes actually, his book the ""Firm"", was adapted into a 1993 feature film of the same name, starring Tom Cruise!
agent 0: I love Tom Cruise movies! I wonder if he is still writing?
agent 1: Yes he is I think, but after after the events of the film and novel he prefer spending time with his family.
agent 0: Oh that's good! I'm glad he's able to spend time with his family.
agent 1: Yeah, but he's really busy now so he doesn't really get to spend time with his family.","agent 0: I heard John Grisham is a good author. What kind of books does he write?
agent 1: Mostly about criminal law.
agent 0: Does he have any best sellers?
agent 1: Yes he does. His first novel, ""A Time to Kill,"" was published in June 1989, and went on sell 2 million copies!
agent 0: That's sounds like a good one to start with. Have any of his books been made into movies?
agent 1: Yes actually, his book the ""Firm"", was adapted into a 1993 feature film of the same name, starring Tom Cruise!
agent 0: I love Tom Cruise movies! I wonder if he is still writing?
agent 1: Yes he is I think, but after after the events of the film and novel he prefer spending time with his family.
agent 0: Oh that's good! I'm glad he's able to spend time with his family.
agent 1: Yeah, but he's really busy now, he doesn't really get to spend time with his family.",1,1,1,1,1,"**Analyzing dialogue contradictions**

I need to figure out if the last thing said contradicts the dialogue context. Agent 1 previously mentioned that someone is busy and doesn’t spend time with family, while agent 0 expressed gladness that he can spend time with family. This creates a contradiction: one statement suggests he prefers family time, but the latest line implies he can't actually spend that time. Even with preferences, it conflicts with agent 0's sentiment about him spending time with family. **Identifying contradictions**

I need to see if the last statement contradicts the previous dialogue. It definitely contradicts the earlier claim that he prefers spending time with family, along with the user expressing gladness that he can do so. The latest statement says the opposite, which means there’s a clear contradiction. So, my answer should be straightforward: just output a 1 or 0 for yes or no, without adding any extra commentary.",1,,discourse,modified with discourse-level changes,delete,80
"agent 0: yes, i have a zoo. dog, cat, mice, chickens, and quail.
agent 1: that's cool. i have two dogs. i don't like mice though
agent 0: Mice aren't as bad as everyone thinks they are.
agent 1: I've got a fear of rodents, I don't like them in general. But why do you think that mice aren't as bad?
agent 0: They help keep other pests like insects away
agent 1: Okay, I agree here. To keep the biodiversity, mice are necessary. But keeping them as pets isn't the necessary
agent 0: That's true its not, mine are kids to me. We watch Dr.Who together.
agent 1: You watch Dr.Who with mice? Haha, interesting. And have you read Dr.Who books?
agent 0: I can't have books, the mice eat the pages.
agent 1: That's a shame. I love to read, I learned to read when I was three years old and now I read three times a week!
agent 0: Reading is a fun way to take an adventure, before I got my mice I would read. What are your favorite types of books?
agent 1: I love reading academic books and books about history! Books about Chinese, Russian and French history are fascinating!","agent 0: yes, i have a zoo. dog, cat, mice, chickens, and quail.
agent 1: that's cool. i have two dogs. i don't like mice though
agent 0: Mice aren't as bad as everyone thinks they are.
agent 1: I've got a fear of rodents, I don't like them in general. But why do you think that mice aren't as bad?
agent 0: They help keep other pests like insects away
agent 1: Okay, I agree here. To keep the biodiversity, mice are necessary. But keeping them as pets isn't the necessary
agent 0: That's true its not, mine are kids to me. We watch Dr.Who together.
agent 1: You watch Dr.Who with mice? Haha, interesting. And have you read Dr.Who books?
agent 0: I can't have books, the mice eat the pages.
agent 1: That's a shame. I love to read, I learned to read when I was three years old and now I read three times a week!
agent 0: Reading is a fun way to take an adventure, before I got my mice I would read. What are your favorite types of books?
agent 1: I love reading academic books and books about history! In particular, books about Chinese, Russian and French history are fascinating!",0,0,0,0,0,,0,"**Evaluating dialogue consistency**

I need to determine if the last statement from agent 1 contradicts earlier context. Agent 1 loves reading academic and historical books, which matches their previously stated habits of reading three times a week and learning to read early. There’s no contradiction there. While agent 1 expressed a dislike for mice, that doesn’t relate to their reading preferences. I’ll confirm that the answer is consistent with what has been previously communicated. **Clarifying reading context**

I’m revisiting the earlier question about whether agent 0 has read the Dr Who books. Given that agent 0 can’t have books, it seems consistent with what has been established. Meanwhile, agent 1's love for reading supports this, so I feel pretty confident saying there’s no contradiction. My conclusion is to return “0” based on this consistency. It's all lining up, and I think I’ve got it right!",discourse,modified with discourse-level changes,add,81
"agent 0: A man followed me as I was walking home last night. I walked really fast to avoid him catching up with me.
agent 1: That is really scary. Did he ever catch up with you?
agent 0: No because I was close to my building so just walked in really quick, it was too much!
agent 1: well I'm glad he didn't catch up to you. Who knows what would have happened
agent 0: I know right! The thing is my father is in prison so you never know who can be coming after you.
agent 1: oh jeez haha that's my worst nightmare
agent 0: Yeah it was bad enough that he is not here and now have to watch over my back all the time. Listening to creed helps out with that stress.
agent 1: creed is a great rock band
agent 0: Tell me about it. Listen to them all day.
agent 1: they are so much fun!! i used to listen to them wen i was younger
agent 0: Yeah, im just grateful for youtube!","agent 0: A man followed me as I was walking home last night. I walked really fast to avoid him catching up with me.
agent 1: That is really scary. Did he ever catch up with you?
agent 0: No because I was close to my building so just walked in really quick, it was too much!
agent 1: well I'm glad he didn't catch up to you. Who knows what would have happened
agent 0: I know right! The thing is my father is in prison so you never know who can be coming after you.
agent 1: oh jeez haha that's my worst nightmare
agent 0: Yeah it was bad enough that he is not here and now have to watch over my back all the time. Listening to creed helps out with that stress.
agent 1: creed is a great rock band
agent 0: Tell me about it. Listen to them all day.
agent 1: they are so much fun!! i used to listen to them wen i was younger
agent 0: Yeah, in fact, I'm just grateful for youtube!",0,0,0,0,0,,0,,discourse,modified with discourse-level changes,reverse,82
"agent 0: Man I love me some good elvis music the american singer!
agent 1: Oh yea, you can't go wrong with the King! Some people even thing he is alive still.
agent 0: Yeah well I can get with that even though Elvis died on August 16, 1977 he still lives in my heart.
agent 1: Yes, it is so sad, and speaking of heart it is said that he died from a heart attack.
agent 0: Well he was into a lot of drugs I mean he had been singing since 1954 recording for Sun Records so I'm sure he was partying for at least 2 decades
agent 1: Yeah, the King still lives on for many fans.
agent 0: My Grandma was an Elvis fan but I can't stand his music.","agent 0: Man I love me some good elvis music the american singer!
agent 1: Oh yea, you can't go wrong with the King! Some people even thing he is alive still.
agent 0: Yeah well I can get with that even though Elvis died on August 16, 1977 he still lives in my heart.
agent 1: Yes, it is so sad, and speaking of heart it is said that he died from a heart attack.
agent 0: Well he was into a lot of drugs I mean he had been singing since 1954 recording for Sun Records so I'm sure he was partying for at least 2 decades
agent 1: Yeah, the King still lives on for many fans.
agent 0: My Grandma was an Elvis fan. I can't stand his music.",1,1,1,1,1,"**Analyzing dialogue contradictions**

I need to check if the last statement in this conversation contradicts earlier comments. It starts with Agent 0 expressing love for Elvis music, which sounds positive. However, later, Agent 0 mentions they can't stand his music, contradicting their previous statements. The transition from admiring Elvis to suddenly claiming a dislike creates a conflict. It seems like Agent 0’s feelings may be mixed, but the later statement definitely contradicts their earlier affection. **Confirming contradiction in dialogue**

I’m assessing whether the last statement contradicts the earlier context in the conversation. The task requires me to decide if it contradicts or not, using 1 for a contradiction and 0 if it doesn't. After double-checking, I see that modifications noted for discourse-level changes can indeed lead to contradictions. So, I conclude that there is a contradiction present, and I’ll answer with 1.",1,,discourse,modified with discourse-level changes,delete,83
"agent 0: hello i'm a 56 year old lady with two children.
agent 1: that's cool i'm a male i have no kids.
agent 0: i wish my children would visit more often.
agent 1: i bet so. i used to drink alot.
agent 0: that is okay. i want to take over the world in my dreams!
agent 1: my medicine makes me act weird sometimes.
agent 0: i used to paint and would need to stop taking my meds to do a big job.
agent 1: i understand. i like the city.
agent 0: i am currently a cleaning lady and do alot of work in the city.
agent 1: that sounds fun and interesting.
agent 0: it is. what do you do?
agent 1: i work on construction right now.","agent 0: hello i'm a 56 year old lady with two children.
agent 1: that's cool i'm a male i have no kids.
agent 0: i wish my children would visit more often.
agent 1: i bet so. i used to drink alot.
agent 0: that is okay. i want to take over the world in my dreams!
agent 1: my medicine makes me act weird sometimes.
agent 0: i used to paint and would need to stop taking my meds to do a big job.
agent 1: i understand. i like the city.
agent 0: i am currently a cleaning lady and do alot of work in the city.
agent 1: that sounds fun and interesting.
agent 0: it is. what do you do?
agent 1: Actually, I work on construction right now.",0,0,0,0,0,"**Analyzing dialogue context**

I'm looking at a dialogue where two agents talk about their lives. Agent 0 is a 56-year-old lady with children, while Agent 1 is a male with no kids. They share their experiences, like Agent 0's wish for her children to visit and Agent 1 discussing his work in construction. Now, I'm considering if the last statement from Agent 1 contradicts his earlier statements. It seems like it aligns with his character and doesn't contradict anything from before. So the answer should be 0. **Evaluating dialogue statements**

I've been going through the earlier statements from agent 1, who mentioned being male, having no kids, and liking the city. He didn’t mention a job before, but now says he works in construction. This new information doesn't contradict what he said earlier; it all seems plausible. Even his comments about medicine and drinking don’t conflict with having a job in construction. So, I’ll conclude the answer is 0.",0,,discourse,modified with discourse-level changes,add,84
"agent 0: Do you have a favorite color? Mine is green, it's a combination of blue and yellow
agent 1: Yes I have mine is green too
agent 0: I find that it's a soothing color. Do you have any other favorite colors?
agent 1: Yes I do is red
agent 0: My other one is purple, red doesn't look good with my skin tone. Red used to be the color of nobility though!
agent 1: Yell me more purple
agent 0: I'm sorry, I don't understand what you meant?
agent 1: I meant that I like purple almost as much as green.
agent 0: Oh, I don't like green or purple. My favorite color is red.","agent 0: Do you have a favorite color? Mine is green, it's a combination of blue and yellow
agent 1: Yes I have mine is green too
agent 0: I find that it's a soothing color. Do you have any other favorite colors?
agent 1: Yes I do is red
agent 0: My other one is purple, red doesn't look good with my skin tone. Red used to be the color of nobility though!
agent 1: Yell me more purple
agent 0: I'm sorry, I don't understand what you meant?
agent 1: I meant that I like purple almost as much as green.
agent 0: Oh, I don't like green or purple, but my favorite color is red.",1,1,1,1,1,,1,"**Analyzing color preference contradictions**

I'm considering whether my favorite color being red contradicts what ""agent 0"" previously said. Earlier, they mentioned liking green and purple, but now they say they don't like those colors anymore. This presents a contradiction. I need to double-check: can someone really change their mind like that? But, I think it's still a contradiction regardless of changing opinions. So, I conclude that the answer should be labeled as 1 for contradiction.",discourse,modified with discourse-level changes,add,85
"agent 0: I'm interested in account. What's it about?
agent 1: YOu must love numbers! yuck,not me... accounting is a way to measure and process financial information
agent 0: When did it start?
agent 1: Account has been around form any years,formally it began in 1494 by Italian mathematician Pacioli
agent 0: Is it popular as a career?
agent 1: I am not sure,however, accounting has lots of fields such as, auditing aind,and cost accounting,what type interests you?
agent 0: What about computer science?
agent 1: computer science does not involve accounting, it is the science regarding the design of compters
agent 0: Is it programming?","agent 0: I'm interested in account. What's it about?
agent 1: YOu must love numbers! yuck,not me... accounting is a way to measure and process financial information
agent 0: When did it start?
agent 1: Account has been around form any years,formally it began in 1494 by Italian mathematician Pacioli
agent 0: Is it popular as a career?
agent 1: I am not sure,however, accounting has lots of fields such as, auditing aind,and cost accounting,what type interests you?
agent 0: What about computer science?
agent 1: computer science does not involve accounting, it is the science regarding the design of compters
agent 0: Is it related to programming?",0,0,0,0,0,"**Evaluating contradiction in dialogue**

I've got to analyze the task: it's about determining if the last utterance contradicts the dialogue context, focusing on a snippet where agent 0 asks, ""Is it related to programming?"" This question doesn't assert anything contradicting what was said before. Prior statements clarify that computer science isn't about accounting but concerns computer design. The question asks about the relationship, so it doesn’t contradict—I'm feeling confident that I should answer with 0. But I wonder if ""it"" could refer to computer science? **Determining contradiction in context**

The prior statement explains that computer science focuses on the design of computers. Now, there’s the question, “Is it related to programming?” which seems possible and aligns with prior content. It doesn’t contradict anything that was mentioned earlier. So, I’m feeling confident that the answer should just be 0. It looks like everything checks out nicely!",0,"**Evaluating questions and contradictions**

I need to determine if the last question contradicts the previous dialogue context, which started with accounting. The user shifted the topic to computer science, and an agent clarified that it relates to computer design. The query about programming doesn't contradict earlier statements but is just seeking clarification on computer science. It's important to note that a question alone can't be deemed contradictory to prior content, so I'm concluding there's no contradiction here.",discourse,modified with discourse-level changes,add,86
