,BERT,BERT,BERT,GPT2,GPT2,GPT2,T5,T5,T5,gpt4o,gpt4o,gpt4o,claude,claude,claude,llama,llama,llama
,original,modified,diff,original,modified,diff,original,modified,diff,original,modified,diff,original,modified,diff,original,modified,diff
verbal,0.6247914550435558,0.5745713670083418,-8.037896105943556,0.5129701880752301,0.5141956782713085,0.2389008610182043,0.5324823868941516,0.5497952444381016,3.2513483957529385,0.522750766973456,0.5055249372476263,-3.295228015744727,0.478391356542617,0.4648526077097505,-2.830057158789897,0.5213180726836188,0.5170612184267646,-0.8165560489666204
lexical,0.5790794424278587,0.5936775893789469,2.5209230170360977,0.4627774186597717,0.4252693385046326,-8.104993597951351,0.5038371758959994,0.5094322344322344,1.11048942077071,0.5176632191338073,0.5353205617911501,3.4109710724451965,0.4818573583279465,0.4501831501831501,-6.573357778473382,0.5145330160036042,0.5159316174022056,0.2718195635849297
double,0.6477991196478591,0.6377651060424169,-1.548939061679592,0.5602140856342537,0.524499799919968,-6.375113841318593,0.5381673881673882,0.4473356009070294,-16.877980579549163,0.4870181405895691,0.5703514739229025,17.110930043068333,0.438095238095238,0.4698412698412698,7.246376811594215,0.457312925170068,0.4819160997732426,5.379942977562916
approximate,0.6566457352171637,0.6328362114076399,-3.625931386221465,0.5727891156462585,0.5744897959183675,0.2969121140142812,0.5737116058544629,0.5538267288267288,-3.46600571172312,0.4957482993197278,0.5302721088435374,6.963979416809604,0.438095238095238,0.4857142857142856,10.869565217391305,0.4882653061224489,0.4144557823129252,-15.116684082201306
absolute,0.6003016591251885,0.5534413765506203,-7.806122448979577,0.491031412565026,0.5334133653461385,8.631210080780711,0.5404188948306595,0.5719581772102781,5.836080618443478,0.4999616513271975,0.4461402742915347,-10.76510106180917,0.4627450980392157,0.4617246898759504,-0.2205119335869967,0.4937670522754556,0.4897653000594177,-0.8104534714490216
